station,year,severity,collision,road_type,lat,lng
Adugodi,2016,Grievous Injury,Head on,City or Town Road,12.924586,77.632458
Adugodi,2016,Fatal,Head on,City or Town Road,12.941109,77.608659
Adugodi,2017,Damage Only,Rear end,City or Town Road,12.942224,77.602416
Adugodi,2017,Grievous Injury,Rear end,City or Town Road,12.929348,77.615997
Adugodi,2017,Grievous Injury,Right Turn Collision,City or Town Road,12.941165,77.602436
Adugodi,2017,Grievous Injury,Hit and Run,City or Town Road,12.941168,77.602353
Adugodi,2017,Grievous Injury,Right Turn Collision,City or Town Road,12.933431,77.623248
Adugodi,2017,Damage Only,Overturning,City or Town Road,12.935014,77.629078
Adugodi,2017,Simple Injury,Hit pedestrian,City or Town Road,12.948302,77.62087
Adugodi,2017,Grievous Injury,Hit pedestrian,City or Town Road,12.924914,77.633949
Adugodi,2017,Damage Only,Rear end,City or Town Road,12.926759,77.637684
Adugodi,2017,Damage Only,Hit and Run,City or Town Road,12.737221,77.626898
Adugodi,2017,Grievous Injury,Hit and Run,City or Town Road,12.928964,77.617589
Adugodi,2017,Grievous Injury,Others,City or Town Road,12.927382,77.621085
Adugodi,2017,Simple Injury,Hit pedestrian,City or Town Road,12.935365,77.614217
Adugodi,2017,Simple Injury,Hit pedestrian,City or Town Road,12.940022,77.624708
Adugodi,2017,Grievous Injury,Hit pedestrian,Others,12.934462,77.629644
Adugodi,2017,Simple Injury,Side impact or Right angle,Residential Street,12.9259102,77.6375508
Adugodi,2017,Grievous Injury,Hit pedestrian,City or Town Road,12.948848,77.620113
Adugodi,2017,Simple Injury,Head on,City or Town Road,12.9424663,77.6143973
Adugodi,2017,Simple Injury,Hit pedestrian,City or Town Road,12.940432,77.601248
Adugodi,2017,Fatal,Hit pedestrian,City or Town Road,12.939119,77.602125
Adugodi,2017,Grievous Injury,Head on,City or Town Road,12.936978,77.6265
Adugodi,2017,Grievous Injury,Hit pedestrian,City or Town Road,12.93635,77.627844
Adugodi,2017,Damage Only,Head on,City or Town Road,12.924606,77.6328
Adugodi,2017,Damage Only,Right Turn Collision,City or Town Road,12.937241,77.626898
Adugodi,2017,Fatal,Hit pedestrian,City or Town Road,12.948534,77.606388
Adugodi,2017,Fatal,Hit and Run,City or Town Road,12.927495,77.621067
Adugodi,2017,Grievous Injury,Hit and Run,City or Town Road,12.941111,77.602437
Adugodi,2018,Simple Injury,Others,City or Town Road,12.9501199,77.6033422
Adugodi,2019,Grievous Injury,Hit pedestrian,Two way,12.939946,77.609407
Adugodi,2019,Not Applicable,Vehicle to Vehicle,Two way,12.938836,77.609986
Adugodi,2019,Grievous Injury,Vehicle to Vehicle,Others,12.924315,77.630004
Adugodi,2019,Grievous Injury,Hit pedestrian,Two way,12.939923,77.609454
Adugodi,2019,Grievous Injury,Vehicle to Vehicle,Others,12.948711,77.606227
Adugodi,2019,Grievous Injury,Hit pedestrian,Two way,12.941566,77.608427
Adugodi,2019,Grievous Injury,Vehicle to Vehicle,Two way,12.927475,77.620893
Adugodi,2019,Grievous Injury,Hit pedestrian,Others,12.933329,77.627283
Adugodi,2019,Damage Only,Vehicle to Vehicle,One way,12.935055,77.623007
Adugodi,2019,Simple Injury,Vehicle to Vehicle,Others,12.944371,77.602831
Adugodi,2019,Grievous Injury,Not Applicable,Two way,12.943954,77.607559
Adugodi,2019,Simple Injury,Vehicle to Vehicle,Two way,12.938576,77.602022
Adugodi,2019,Grievous Injury,Vehicle to Vehicle,Two way,12.94024,77.625186
Adugodi,2019,Grievous Injury,Vehicle to Vehicle,Two way,12.948474,77.606253
Adugodi,2019,Grievous Injury,Hit pedestrian,Others,12.943991,77.607922
Adugodi,2019,Grievous Injury,Vehicle to Vehicle,Others,12.9512,77.618551
Adugodi,2019,Simple Injury,Vehicle to Vehicle,Two way,12.941982,77.608357
Adugodi,2019,Grievous Injury,Hit pedestrian,Two way,12.924889,77.634091
Adugodi,2019,Grievous Injury,Vehicle to Vehicle,Others,12.930324,77.63051
Adugodi,2019,Grievous Injury,Vehicle to Vehicle,Others,12.924828,77.634028
Adugodi,2019,Grievous Injury,Hit bicyclist,Others,12.933732,77.619722
Adugodi,2019,Damage Only,Vehicle to Vehicle,Others,12.943156,77.602884
Adugodi,2019,Grievous Injury,Hit pedestrian,Two way,12.93569,77.615093
Adugodi,2019,Fatal,Hit pedestrian,One way,12.942198,77.602597
Adugodi,2019,Fatal,Hit pedestrian,Two way,12.939609,77.609482
Adugodi,2019,Grievous Injury,Vehicle to Vehicle,Two way,12.937236,77.626986
Adugodi,2019,Grievous Injury,Vehicle to Vehicle,Others,12.941391,77.602548
Adugodi,2019,Grievous Injury,Hit pedestrian,Two way,12.946432,77.606862
Adugodi,2019,Grievous Injury,Vehicle to Vehicle,Others,12.942436,77.602747
Adugodi,2019,Grievous Injury,Vehicle to Vehicle,Two way,12.935021,77.624731
Adugodi,2019,Grievous Injury,Hit pedestrian,Two way,12.939089,77.609882
Adugodi,2019,Grievous Injury,Vehicle to Vehicle,Two way,12.941826,77.608321
Adugodi,2019,Damage Only,Vehicle to Vehicle,Others,12.925141,77.626672
Adugodi,2019,Grievous Injury,Vehicle to Vehicle,Two way,12.94168,77.602594
Adugodi,2019,Grievous Injury,Vehicle to Vehicle,Two way,12.942157,77.602609
Adugodi,2019,Damage Only,Vehicle to Vehicle,Two way,12.940864,77.602372
Adugodi,2019,Grievous Injury,Vehicle to Vehicle,Two way,12.938865,77.609804
Adugodi,2019,Grievous Injury,Hit pedestrian,Two way,12.925355,77.633637
Adugodi,2019,Grievous Injury,Vehicle to Vehicle,Two way,12.935292,77.621036
Adugodi,2020,Grievous Injury,Vehicle to Vehicle,Two way,12.92747,77.621042
Adugodi,2020,Simple Injury,Vehicle to Vehicle,Two way,12.940502,77.620214
Adugodi,2020,Grievous Injury,Hit pedestrian,Others,12.946772,77.618646
Adugodi,2020,Damage Only,Vehicle to Vehicle,Two way,12.924855,77.633574
Adugodi,2020,Grievous Injury,Vehicle to Vehicle,Two way,12.9275253,77.6208927
Adugodi,2021,Grievous Injury,Vehicle to Vehicle,Two way,12.940455,77.620258
Adugodi,2021,Grievous Injury,Hit pedestrian,Two way,12.926926,77.63367
Adugodi,2021,Grievous Injury,Vehicle to Vehicle,Two way,12.946206,77.607014
Adugodi,2021,Grievous Injury,Vehicle to Vehicle,Others,12.937089,77.607982
Adugodi,2021,Grievous Injury,Not Applicable,Two way,12.935863,77.625139
Adugodi,2022,Grievous Injury,Vehicle to Vehicle,Two way,13.093267,77.56204
Adugodi,2022,Fatal,Vehicle to Vehicle,Minor District Road,12.927551,77.621047
Adugodi,2022,Grievous Injury,Vehicle to Vehicle,Two way,12.939212,77.625754
Adugodi,2022,Grievous Injury,Hit pedestrian,Arterial,12.928894,77.617294
Adugodi,2022,Fatal,Hit pedestrian,Arterial,12.943619,77.607686
Adugodi,2022,Simple Injury,Vehicle to Vehicle,Two way,12.946777,77.606786
Adugodi,2022,Damage Only,Vehicle to Vehicle,Others,12.928819,77.617435
Adugodi,2022,Grievous Injury,Hit pedestrian,Major District Road,12.928814,77.617617
Adugodi,2022,Grievous Injury,Not Applicable,Minor District Road,12.929531,77.615819
Adugodi,2022,Grievous Injury,Hit bicyclist,Two way,12.930531,77.626293
Adugodi,2023,Grievous Injury,Vehicle to Vehicle,Major District Road,12.931473,77.622572
Adugodi,2023,Damage Only,Vehicle to Vehicle,Others,12.940121,77.603274
Adugodi,2023,Grievous Injury,Hit pedestrian,Arterial,12.932391,77.613466
Adugodi,2023,Grievous Injury,Hit pedestrian,Arterial,12.928911,77.617475
Adugodi,2023,Damage Only,Vehicle to Vehicle,Arterial,12.94144,77.62072
Adugodi,2023,Grievous Injury,Hit pedestrian,Major District Road,12.93535,77.628738
Adugodi,2023,Grievous Injury,Vehicle to Vehicle,Major District Road,12.936839,77.627022
Adugodi,2023,Grievous Injury,Hit pedestrian,Two way,12.925082,77.63398
Adugodi,2023,Grievous Injury,Vehicle to Vehicle,Two way,12.946139,77.602489
Adugodi,2023,Grievous Injury,Hit pedestrian,Arterial,12.931935,77.632306
Adugodi,2023,Fatal,Hit pedestrian,Arterial,12.929133,77.616604
Adugodi,2023,Fatal,Vehicle to Vehicle,Major District Road,12.927567,77.62091
Adugodi,2023,Grievous Injury,Hit pedestrian,Arterial,12.924496,77.638649
Adugodi,2023,Grievous Injury,Vehicle to Vehicle,Two way,12.940703,77.626854
Adugodi,2023,Grievous Injury,Vehicle to Vehicle,Major District Road,12.935277,77.62442
Adugodi,2023,Simple Injury,Vehicle to Vehicle,Two way,12.937786,77.627892
Adugodi,2023,Grievous Injury,Hit pedestrian,Arterial,12.937419,77.626825
Adugodi,2023,Grievous Injury,Hit pedestrian,Major District Road,12.948392,77.606295
Adugodi,2023,Grievous Injury,Hit pedestrian,Major District Road,12.924845,77.637935
Adugodi,2023,Simple Injury,Vehicle to Vehicle,Others,12.937835,77.627854
Adugodi,2023,Grievous Injury,Vehicle to Vehicle,Major District Road,12.935353,77.628738
Adugodi,2023,Grievous Injury,Hit pedestrian,Two way,12.933309,77.62547
Airport,2016,Grievous Injury,Head on,Others,12.943187,77.697475
Airport,2016,Grievous Injury,Hit pedestrian,Others,12.955785,77.69196
Airport,2016,Fatal,Hit pedestrian,Others,12.955218,77.687984
Airport,2016,Fatal,Hit pedestrian,Others,12.95925,77.662351
Airport,2017,Simple Injury,Hit pedestrian,Arterial,12.95688,77.70063
Airport,2017,Grievous Injury,Hit and Run,Arterial,12.95987,77.66746
Airport,2017,Not Applicable,Hit and Run,Arterial,12.94307,77.69218
Airport,2017,Grievous Injury,Head on,Others,12.929788,77.68449
Airport,2017,Simple Injury,Hit pedestrian,Arterial,12.95977,77.7016
Airport,2017,Grievous Injury,Hit pedestrian,Others,12.93341,77.69136
Airport,2018,Fatal,Hit pedestrian,Others,12.951115,77.699668
Airport,2018,Fatal,Hit and Run,City or Town Road,12.9350036,77.6906
Airport,2018,Damage Only,Overturning,Two way,12.956117,77.711939
Airport,2018,Fatal,Others,Others,12.965281,77.692442
Airport,2018,Fatal,Not Applicable,City or Town Road,12.948329,77.699114
Airport,2018,Fatal,Hit pedestrian,Others,12.947558,77.698964
Airport,2018,Fatal,Hit and Run,City or Town Road,12.95597,77.692816
Airport,2018,Fatal,Others,City or Town Road,12.955965,77.713268
Airport,2018,Damage Only,Head on,Others,12.934922,77.690536
Airport,2019,Fatal,Hit pedestrian,State Highway,12.96312,77.701758
Airport,2019,Fatal,Hit pedestrian,Others,12.957718,77.672524
Airport,2019,Fatal,Head on,Residential Street,12.964465,77.675596
Airport,2019,Fatal,Hit pedestrian,Others,12.937458,77.693193
Airport,2019,Simple Injury,Others,City or Town Road,12.971651,77.693701
Airport,2020,Fatal,Vehicle to Vehicle,One way,12.956556,77.705754
Airport,2020,Grievous Injury,Vehicle to Vehicle,Two way,12.956622,77.697924
Airport,2021,Grievous Injury,Vehicle to Vehicle,One way,12.937446,77.693259
Airport,2022,Grievous Injury,Hit pedestrian,Two way,12.928805,77.682394
Airport,2022,Damage Only,Hit pedestrian,Two way,12.964001,77.663841
Airport,2023,Grievous Injury,Hit bicyclist,Others,12.958857,77.667531
Airport,2023,Simple Injury,Vehicle to Vehicle,Two way,12.955249,77.688148
Airport,2023,Grievous Injury,Not Applicable,Two way,12.956874,77.701385
Airport,2023,Damage Only,Vehicle to Vehicle,Others,12.965341,77.662685
Airport,2023,Grievous Injury,Vehicle to Vehicle,Two way,12.974345,77.68114
Airport,2023,Grievous Injury,Hit pedestrian,Not Applicable,12.964966,77.678457
Airport,2023,Grievous Injury,Vehicle to Vehicle,Two way,12.956978,77.701282
Airport,2023,Fatal,Hit pedestrian,Two way,12.956756,77.704023
Airport,2023,Grievous Injury,Vehicle to Vehicle,Two way,12.956393,77.674848
Airport,2023,Grievous Injury,Vehicle to Vehicle,Others,12.962596,77.701646
Airport,2023,Grievous Injury,Vehicle to Vehicle,Others,12.972011,77.711758
Airport,2023,Grievous Injury,Vehicle to Vehicle,Others,12.965458,77.662578
Airport,2023,Grievous Injury,Not Applicable,Others,12.955724,77.688135
Airport,2023,Grievous Injury,Vehicle to Vehicle,Two way,12.958857,77.667531
Airport,2023,Grievous Injury,Hit pedestrian,Others,12.928742,77.694818
Airport,2023,Grievous Injury,Not Applicable,Others,12.968876,77.712993
Airport,2023,Grievous Injury,Vehicle to Vehicle,Residential Street,12.949358,77.70992
Airport,2023,Fatal,Vehicle to Vehicle,Service Road,12.946571,77.698783
Airport,2023,Grievous Injury,Hit pedestrian,Two way,12.94215,77.696965
Airport,2023,Fatal,Hit pedestrian,Two way,12.964851,77.71839
Airport,2023,Grievous Injury,Vehicle to Vehicle,Service Road,12.934756,77.690187
Airport,2023,Damage Only,Vehicle to Vehicle,Others,12.929954,77.685225
Airport,2023,Grievous Injury,Hit bicyclist,Others,12.957041,77.673833
Airport,2023,Simple Injury,Vehicle to Vehicle,Two way,12.958857,77.667531
Airport,2023,Fatal,Vehicle to Vehicle,Two way,12.956508,77.696481
Airport,2023,Fatal,Not Applicable,Two way,12.957473,77.701027
Airport,2023,Damage Only,Vehicle to Vehicle,Others,12.954859,77.686639
Airport,2023,Grievous Injury,Vehicle to Vehicle,Two way,12.971093,77.681772
Airport,2023,Grievous Injury,Hit pedestrian,Others,12.955467,77.715096
Airport,2023,Grievous Injury,Vehicle to Vehicle,Not Applicable,12.929733,77.685241
Ashokanagar,2016,Damage Only,Rear end,City or Town Road,12.974022,77.611511
Ashokanagar,2016,Simple Injury,Hit pedestrian,City or Town Road,12.975095,77.607995
Ashokanagar,2016,Grievous Injury,Rear end,City or Town Road,12.967694,77.606634
Ashokanagar,2016,Fatal,Hit pedestrian,City or Town Road,12.974971,77.608114
Ashokanagar,2016,Grievous Injury,Rear end,City or Town Road,12.967695,77.600009
Ashokanagar,2016,Grievous Injury,Hit and Run,City or Town Road,12.951451,77.622132
Ashokanagar,2016,Grievous Injury,Head on,City or Town Road,12.962105,77.597093
Ashokanagar,2016,Damage Only,Rear end,City or Town Road,12.97092,77.604893
Ashokanagar,2016,Damage Only,Others,City or Town Road,12.952687,77.605238
Ashokanagar,2016,Grievous Injury,Others,Residential Street,12.963145,77.60134
Ashokanagar,2016,Grievous Injury,Hit bicyclist,City or Town Road,12.9645,77.614461
Ashokanagar,2016,Simple Injury,Hit bicyclist,City or Town Road,12.96086,77.600533
Ashokanagar,2016,Simple Injury,Others,One way,12.97092,77.604893
Ashokanagar,2016,Simple Injury,Hit and Run,Two way,12.965118,77.606947
Ashokanagar,2016,Fatal,Hit bicyclist,Two way,12.958174,77.621251
Ashokanagar,2016,Fatal,Skidding or Self accident,City or Town Road,12.965845,77.597857
Ashokanagar,2016,Grievous Injury,Hit pedestrian,City or Town Road,12.966948,77.60787
Ashokanagar,2016,Damage Only,Hit and Run,One way,12.970744,77.604505
Ashokanagar,2019,Grievous Injury,Hit and Run,Two way,12.943508,77.630421
Ashokanagar,2019,Fatal,Vehicle to Vehicle,Two way,12.9669498,77.6065976
Ashokanagar,2020,Grievous Injury,Vehicle to Vehicle,Two way,12.956077,77.605637
Ashokanagar,2020,Simple Injury,Vehicle to Vehicle,Two way,12.952709,77.605162
Ashokanagar,2022,Not Applicable,Vehicle to Vehicle,One way,12.974798,77.607746
Ashokanagar,2022,Simple Injury,Vehicle to Vehicle,One way,12.966182,77.598169
Ashokanagar,2022,Fatal,Hit pedestrian,Sub Arterial,12.957067,77.615238
Ashokanagar,2022,Grievous Injury,Vehicle to Vehicle,Two way,12.960269,77.606468
Ashokanagar,2022,Grievous Injury,Vehicle to Vehicle,Two way,12.951718,77.610091
Ashokanagar,2022,Grievous Injury,Vehicle to Vehicle,Two way,12.970068,77.61028
Ashokanagar,2022,Grievous Injury,Vehicle to Vehicle,Two way,12.975006,77.608249
Ashokanagar,2023,Grievous Injury,Not Applicable,One way,12.968,77.600324
Ashokanagar,2023,Grievous Injury,Not Applicable,One way,12.970448,77.604978
Ashokanagar,2023,Grievous Injury,Vehicle to Vehicle,Two way,12.955846,77.620866
Ashokanagar,2023,Fatal,Hit pedestrian,Two way,12.965708,77.609466
Ashokanagar,2023,Grievous Injury,Vehicle to Vehicle,One way,12.934719,77.630314
Ashokanagar,2023,Grievous Injury,Not Applicable,Two way,12.96159,77.613061
Ashokanagar,2023,Damage Only,Vehicle to Vehicle,Two way,12.974199,77.61211
Ashokanagar,2023,Grievous Injury,Vehicle to Vehicle,One way,12.967072,77.610883
Ashokanagar,2023,Damage Only,Vehicle to Vehicle,Two way,12.974029,77.611792
Ashokanagar,2023,Grievous Injury,Vehicle to Vehicle,Two way,12.934719,77.630314
Ashokanagar,2023,Grievous Injury,Hit pedestrian,Two way,12.973069,77.609204
Ashokanagar,2023,Grievous Injury,Vehicle to Vehicle,One way,12.971883,77.607072
Ashokanagar,2023,Grievous Injury,Vehicle to Vehicle,Two way,12.961606,77.612738
Ashokanagar,2023,Grievous Injury,Not Applicable,Two way,12.958826,77.612131
Ashokanagar,2023,Grievous Injury,Vehicle to Vehicle,Two way,12.964707,77.6037
Ashokanagar,2023,Grievous Injury,Vehicle to Vehicle,Two way,12.975078,77.607968
Ashokanagar,2023,Grievous Injury,Vehicle to Vehicle,Two way,12.974046,77.610166
Ashokanagar,2023,Fatal,Vehicle to Vehicle,Two way,12.961492,77.599314
Banasawadi,2017,Fatal,Hit fixed object,City or Town Road,13.008571,77.632392
Banasawadi,2017,Fatal,Others,City or Town Road,13.048648,77.645404
Banasawadi,2018,Fatal,Vehicle to Vehicle,Two way,13.019494,77.654324
Banasawadi,2018,Grievous Injury,Hit pedestrian,City or Town Road,13.02815,77.631887
Banasawadi,2019,Fatal,Hit and Run,City or Town Road,13.010377,77.645086
Banasawadi,2019,Grievous Injury,Vehicle to Vehicle,Two way,13.014104,77.638143
Banasawadi,2019,Fatal,Hit pedestrian,City or Town Road,13.02625,77.637241
Banasawadi,2020,Grievous Injury,Vehicle to Vehicle,Two way,13.006819,77.6394049
Banasawadi,2022,Grievous Injury,Not Applicable,Arterial,13.03405,77.63835
Banasawadi,2022,Grievous Injury,Vehicle to Vehicle,Two way,13.0218,77.6405
Banasawadi,2022,Grievous Injury,Vehicle to Vehicle,Others,13.039713,77.639111
Banasawadi,2022,Grievous Injury,Vehicle to Vehicle,Arterial,13.0188775,77.6299484
Banasawadi,2022,Damage Only,Vehicle to Vehicle,Two way,13.0203,77.6542
Banasawadi,2022,Grievous Injury,Hit pedestrian,Two way,13.028005,77.639969
Banasawadi,2022,Fatal,Vehicle to Vehicle,Others,13.02981,77.63109
Banasawadi,2022,Simple Injury,Vehicle to Vehicle,Others,13.02689,77.6365465
Banasawadi,2022,Grievous Injury,Vehicle to Vehicle,Others,13.053703,77.645427
Banasawadi,2022,Grievous Injury,Vehicle to Vehicle,Sub Arterial,13.034256,77.632675
Banasawadi,2022,Fatal,Hit pedestrian,Two way,13.0129191,77.6258461
Banasawadi,2022,Grievous Injury,Hit pedestrian,Arterial,13.0366438,77.627695
Banasawadi,2022,Grievous Injury,Vehicle to Vehicle,Two way,13.0306,77.5514
Banasawadi,2022,Grievous Injury,Hit pedestrian,Two way,13.022072,77.629694
Banasawadi,2022,Grievous Injury,Not Applicable,Two way,13.0224057,77.6469518
Banasawadi,2022,Grievous Injury,Vehicle to Vehicle,Others,13.0347435,77.6651497
Banasawadi,2022,Grievous Injury,Vehicle to Vehicle,Others,13.0452646,77.626882
Banasawadi,2023,Simple Injury,Not Applicable,Residential Street,13.124711,77.542351
Banasawadi,2023,Simple Injury,Vehicle to Vehicle,Residential Street,13.02274,77.637191
Banasawadi,2023,Grievous Injury,Vehicle to Vehicle,Others,13.022379,77.648663
Banasawadi,2023,Grievous Injury,Vehicle to Vehicle,Others,13.016946,77.643156
Banasawadi,2023,Grievous Injury,Vehicle to Vehicle,Two way,13.019465,77.640025
Banasawadi,2023,Grievous Injury,Vehicle to Vehicle,Two way,13.019483,77.640075
Banasawadi,2023,Grievous Injury,Vehicle to Vehicle,Two way,13.019474,77.640004
Banasawadi,2023,Grievous Injury,Vehicle to Vehicle,Two way,13.014925,77.653369
Banasawadi,2023,Simple Injury,Vehicle to Vehicle,Two way,13.019465,77.640025
Banasawadi,2023,Grievous Injury,Not Applicable,Others,13.019432,77.640025
Banasawadi,2023,Fatal,Vehicle to Vehicle,Two way,13.019465,77.632622
Banasawadi,2023,Fatal,Not Applicable,Sub Arterial,12.996741,77.642259
Banasawadi,2023,Grievous Injury,Vehicle to Vehicle,Two way,13.019465,77.640044
Banasawadi,2023,Grievous Injury,Not Applicable,One way,13.019465,77.640025
Banasawadi,2023,Damage Only,Vehicle to Vehicle,Service Road,13.020947,77.650928
Banasawadi,2023,Grievous Injury,Hit pedestrian,Two way,13.011028,77.624954
Banasawadi,2023,Grievous Injury,Vehicle to Vehicle,Two way,13.019466,77.640068
Banasawadi,2023,Damage Only,Vehicle to Vehicle,Two way,13.005318,77.635478
Banasawadi,2023,Grievous Injury,Vehicle to Vehicle,Two way,13.011028,77.624954
Banasawadi,2023,Damage Only,Vehicle to Vehicle,Service Road,13.022379,77.640025
Banasawadi,2023,Grievous Injury,Vehicle to Vehicle,Not Applicable,13.027652,77.632645
Banasawadi,2023,Grievous Injury,Not Applicable,Two way,13.018455,77.632133
Banasawadi,2023,Grievous Injury,Vehicle to Vehicle,Two way,13.016066,77.629238
Banasawadi,2023,Damage Only,Vehicle to Vehicle,Two way,13.020316,77.643196
Banashankari,2016,Damage Only,Head on,City or Town Road,12.93532,77.53602
Banashankari,2016,Simple Injury,Others,City or Town Road,12.912643,77.552666
Banashankari,2016,Simple Injury,Not Applicable,City or Town Road,12.932786,77.575568
Banashankari,2016,Simple Injury,Others,City or Town Road,12.94065,77.54632
Banashankari,2017,Grievous Injury,Hit and Run,City or Town Road,12.93892,77.54515
Banashankari,2017,Simple Injury,Others,Two way,12.924218,77.568919
Banashankari,2017,Simple Injury,Hit and Run,City or Town Road,12.936883,77.55257
Banashankari,2017,Simple Injury,Right Turn Collision,City or Town Road,12.926951,77.544387
Banashankari,2017,Simple Injury,Not Applicable,Two way,12.923293,77.561214
Banashankari,2017,Simple Injury,Hit and Run,City or Town Road,12.920904,77.573839
Banashankari,2017,Damage Only,Not Applicable,Two way,12.929534,77.576478
Banashankari,2017,Simple Injury,Not Applicable,City or Town Road,12.93475,77.562044
Banashankari,2017,Simple Injury,Hit and Run,City or Town Road,12.92514,77.55017
Banashankari,2017,Simple Injury,Not Applicable,Two way,12.920954,77.561862
Banashankari,2017,Simple Injury,Hit and Run,City or Town Road,12.933165,77.543488
Banashankari,2017,Simple Injury,Not Applicable,Two way,12.921877,77.560394
Banashankari,2017,Simple Injury,Not Applicable,Two way,12.923899,77.553746
Banashankari,2017,Simple Injury,Hit pedestrian,City or Town Road,12.930016,77.535855
Banashankari,2017,Simple Injury,Not Applicable,Two way,12.927973,77.5519
Banashankari,2017,Simple Injury,Head on,City or Town Road,12.92474,77.56062
Banashankari,2017,Simple Injury,Hit pedestrian,City or Town Road,12.92198,77.56974
Banashankari,2017,Simple Injury,Others,Two way,12.94032,77.548408
Banashankari,2017,Damage Only,Not Applicable,Two way,12.928818,77.566189
Banashankari,2017,Simple Injury,Others,Two way,12.93003,77.567041
Banashankari,2017,Simple Injury,Not Applicable,Two way,12.934493,77.537523
Banashankari,2017,Simple Injury,Hit parked vehicle,City or Town Road,12.915678,77.565378
Banashankari,2017,Simple Injury,Others,Two way,12.9425369,77.5460194
Banashankari,2017,Grievous Injury,Others,Two way,12.914542,77.562918
Banashankari,2017,Simple Injury,Others,City or Town Road,12.9193081,77.5691122
Banashankari,2017,Simple Injury,Not Applicable,Two way,12.916735,77.574036
Banashankari,2017,Simple Injury,Not Applicable,Two way,12.934717,77.573803
Banashankari,2017,Damage Only,Not Applicable,City or Town Road,12.921659,77.560385
Banashankari,2017,Simple Injury,Hit pedestrian,Two way,12.922855,77.570241
Banashankari,2017,Fatal,Hit and Run,City or Town Road,12.934192,77.54664
Banashankari,2017,Simple Injury,Hit and Run,City or Town Road,12.9219169,77.5597482
Banashankari,2017,Damage Only,Hit parked vehicle,Residential Street,12.915397,77.567266
Banashankari,2017,Simple Injury,Not Applicable,One way,12.925127,77.565751
Banashankari,2017,Damage Only,Side swipe,Two way,12.937199,77.533969
Banashankari,2017,Simple Injury,Hit and Run,City or Town Road,12.926903,77.568279
Banashankari,2017,Simple Injury,Others,Two way,12.930499,77.543528
Banashankari,2017,Simple Injury,Not Applicable,One way,12.919461,77.543871
Banashankari,2017,Simple Injury,Not Applicable,Two way,12.927901,77.555802
Banashankari,2017,Simple Injury,Hit and Run,City or Town Road,12.9292002,77.5701998
Banashankari,2017,Simple Injury,Not Applicable,Two way,12.930789,77.567015
Banashankari,2017,Simple Injury,Others,Two way,12.919115,77.56435
Banashankari,2017,Simple Injury,Not Applicable,Two way,12.921404,77.560333
Banashankari,2017,Fatal,Right Turn Collision,Two way,12.930331,77.57646
Banashankari,2017,Grievous Injury,Not Applicable,Two way,12.9379998,77.533704
Banashankari,2017,Fatal,Not Applicable,Two way,12.926708,77.57358
Banashankari,2017,Simple Injury,Right Turn Collision,City or Town Road,12.925331,77.565815
Banashankari,2017,Grievous Injury,Not Applicable,One way,12.92229,77.560365
Banashankari,2017,Simple Injury,Not Applicable,Two way,12.919412,77.562751
Banashankari,2017,Simple Injury,Hit and Run,City or Town Road,12.936826,77.533905
Banashankari,2017,Simple Injury,Not Applicable,Sub Arterial,12.934249,77.541787
Banashankari,2017,Fatal,Others,Two way,12.930561,77.543499
Banashankari,2017,Simple Injury,Others,Two way,12.935152,77.561438
Banashankari,2017,Simple Injury,Not Applicable,Two way,12.932206,77.541118
Banashankari,2017,Simple Injury,Not Applicable,One way,12.940634,77.547753
Banashankari,2017,Simple Injury,Not Applicable,Two way,12.91649,77.573684
Banashankari,2017,Simple Injury,Hit pedestrian,City or Town Road,12.927862,77.573752
Banashankari,2017,Simple Injury,Hit pedestrian,City or Town Road,12.93736,77.576376
Banashankari,2017,Damage Only,Not Applicable,Two way,12.915592,77.573597
Banashankari,2017,Simple Injury,Not Applicable,One way,12.922201,77.560335
Banashankari,2017,Simple Injury,Not Applicable,Two way,12.947297,77.54901
Banashankari,2017,Simple Injury,Not Applicable,Two way,12.926556,77.552828
Banashankari,2017,Simple Injury,Hit and Run,City or Town Road,12.929019,77.567835
Banashankari,2017,Damage Only,Others,Others,12.932109,77.541195
Banashankari,2017,Grievous Injury,Not Applicable,Two way,12.915084,77.569211
Banashankari,2017,Simple Injury,Not Applicable,City or Town Road,12.925757,77.556285
Banashankari,2017,Fatal,Hit and Run,City or Town Road,12.935225,77.536294
Banashankari,2017,Simple Injury,Hit and Run,City or Town Road,12.928727,77.567954
Banashankari,2018,Simple Injury,Not Applicable,Two way,12.931386,77.575957
Banashankari,2018,Fatal,Not Applicable,Two way,12.933949,77.538896
Banashankari,2018,Simple Injury,Hit and Run,City or Town Road,12.92307,77.545872
Banashankari,2018,Simple Injury,Overturning,City or Town Road,12.932341,77.541042
Banashankari,2018,Simple Injury,Others,City or Town Road,12.925033,77.553394
Banashankari,2018,Fatal,Others,Two way,12.921713,77.543403
Banashankari,2018,Simple Injury,Right Turn Collision,City or Town Road,12.933634,77.57372
Banashankari,2018,Simple Injury,Others,City or Town Road,12.921928,77.560224
Banashankari,2018,Simple Injury,Not Applicable,Two way,12.92939,77.573672
Banashankari,2018,Simple Injury,Side impact or Right angle,City or Town Road,12.928011,77.567905
Banashankari,2018,Simple Injury,Hit and Run,City or Town Road,12.935253,77.536675
Banashankari,2018,Simple Injury,Hit pedestrian,City or Town Road,12.931543,77.555206
Banashankari,2018,Simple Injury,Not Applicable,Two way,12.925688,77.573486
Banashankari,2018,Simple Injury,Not Applicable,Two way,12.939612,77.54378
Banashankari,2018,Simple Injury,Overturning,Two way,12.929621,77.572551
Banashankari,2018,Simple Injury,Others,City or Town Road,12.92532,77.549994
Banashankari,2018,Simple Injury,Hit pedestrian,City or Town Road,12.922831,77.543466
Banashankari,2018,Simple Injury,Overturning,Two way,12.94322,77.544904
Banashankari,2018,Fatal,Hit pedestrian,City or Town Road,12.935059,77.547289
Banashankari,2018,Simple Injury,Overturning,Two way,12.921757,77.560205
Banashankari,2018,Simple Injury,Hit and Run,City or Town Road,12.922259,77.544934
Banashankari,2018,Simple Injury,Hit pedestrian,City or Town Road,12.932798,77.608484
Banashankari,2018,Simple Injury,Right Turn Collision,City or Town Road,12.933587,77.542094
Banashankari,2018,Simple Injury,Hit pedestrian,City or Town Road,12.926159,77.548727
Banashankari,2018,Simple Injury,Hit and Run,City or Town Road,12.917835,77.56447
Banashankari,2018,Simple Injury,Not Applicable,Two way,12.930523,77.543662
Banashankari,2018,Simple Injury,Not Applicable,Two way,12.928872,77.573659
Banashankari,2018,Simple Injury,Not Applicable,City or Town Road,12.93426,77.573855
Banashankari,2018,Simple Injury,Not Applicable,Two way,12.933355,77.53971
Banashankari,2018,Simple Injury,Others,City or Town Road,12.933407,77.566477
Banashankari,2018,Simple Injury,Not Applicable,Two way,12.916584,77.564977
Banashankari,2018,Damage Only,Not Applicable,City or Town Road,12.926929,77.565749
Banashankari,2018,Simple Injury,Not Applicable,Two way,12.939646,77.541658
Banashankari,2018,Simple Injury,Not Applicable,Two way,12.923958,77.553307
Banashankari,2018,Simple Injury,Others,Two way,12.930595,77.547169
Banashankari,2018,Damage Only,Not Applicable,Two way,12.929527,77.573063
Banashankari,2018,Simple Injury,Others,City or Town Road,12.922233,77.560256
Banashankari,2018,Simple Injury,Others,City or Town Road,12.938488,77.550499
Banashankari,2018,Simple Injury,Others,City or Town Road,12.917103,77.573478
Banashankari,2018,Simple Injury,Not Applicable,Two way,12.930576,77.543543
Banashankari,2018,Simple Injury,Others,Not Applicable,12.92936,77.539951
Banashankari,2018,Simple Injury,Not Applicable,Two way,12.927218,77.576188
Banashankari,2018,Simple Injury,Not Applicable,One way,12.917602,77.557839
Banashankari,2018,Simple Injury,Not Applicable,City or Town Road,12.928333,77.573591
Banashankari,2018,Simple Injury,Hit pedestrian,City or Town Road,12.927257,77.536766
Banashankari,2018,Fatal,Hit pedestrian,City or Town Road,12.917626,77.5642
Banashankari,2018,Simple Injury,Others,Two way,12.940592,77.54765
Banashankari,2018,Fatal,Hit bicyclist,Two way,12.919812,77.562834
Banashankari,2018,Simple Injury,Hit and Run,Two way,12.925693,77.560907
Banashankari,2018,Damage Only,Others,City or Town Road,12.923605,77.573568
Banashankari,2018,Simple Injury,Hit pedestrian,City or Town Road,12.942511,77.547504
Banashankari,2018,Damage Only,Not Applicable,Two way,12.927911,77.55084
Banashankari,2018,Simple Injury,Not Applicable,Two way,12.939681,77.547765
Banashankari,2018,Simple Injury,Not Applicable,Two way,12.938013,77.533921
Banashankari,2018,Damage Only,Hit and Run,Two way,12.91491,77.565707
Banashankari,2018,Simple Injury,Others,City or Town Road,12.91408,77.566184
Banashankari,2018,Simple Injury,Not Applicable,Two way,12.924216,77.566197
Banashankari,2018,Simple Injury,Not Applicable,Two way,12.917238,77.564654
Banashankari,2018,Not Applicable,Not Applicable,Two way,12.92859,77.567882
Banashankari,2018,Simple Injury,Hit pedestrian,City or Town Road,12.919972,77.562344
Banashankari,2018,Simple Injury,Hit pedestrian,City or Town Road,12.935074,77.559113
Banashankari,2018,Simple Injury,Hit pedestrian,City or Town Road,12.935347,77.54755
Banashankari,2018,Not Applicable,Hit animal,City or Town Road,12.92089,77.539985
Banashankari,2018,Simple Injury,Others,City or Town Road,12.91515,77.565387
Banashankari,2018,Simple Injury,Hit and Run,Two way,12.934234,77.562226
Banashankari,2018,Simple Injury,Not Applicable,Two way,12.934462,77.559611
Banashankari,2018,Damage Only,Not Applicable,Two way,12.924651,77.551222
Banashankari,2018,Simple Injury,Others,City or Town Road,12.938485,77.550526
Banashankari,2018,Simple Injury,Hit and Run,City or Town Road,12.92994,77.566688
Banashankari,2018,Simple Injury,Not Applicable,City or Town Road,12.929134,77.554106
Banashankari,2018,Simple Injury,Not Applicable,Two way,12.925564,77.565411
Banashankari,2018,Simple Injury,Not Applicable,Two way,12.912264,77.567283
Banashankari,2018,Simple Injury,Hit and Run,Two way,12.926658,77.549939
Banashankari,2019,Grievous Injury,Hit bicyclist,Others,12.938082,77.533802
Banashankari,2019,Damage Only,Vehicle to Vehicle,Two way,12.922708,77.560448
Banashankari,2019,Grievous Injury,Vehicle to Vehicle,Others,12.929533,77.534755
Banashankari,2019,Grievous Injury,Vehicle to Vehicle,Others,12.938791,77.54876
Banashankari,2019,Grievous Injury,Vehicle to Vehicle,Two way,12.934436,77.546802
Banashankari,2019,Fatal,Vehicle to Vehicle,Others,12.925368,77.546193
Banashankari,2019,Grievous Injury,Vehicle to Vehicle,Others,12.930862,77.554192
Banashankari,2019,Grievous Injury,Hit pedestrian,Residential Street,12.936465,77.534469
Banashankari,2019,Grievous Injury,Vehicle to Vehicle,Others,12.929792,77.571647
Banashankari,2019,Fatal,Hit pedestrian,Others,12.924135,77.55291
Banashankari,2019,Grievous Injury,Vehicle to Vehicle,Others,12.930443,77.543394
Banashankari,2019,Grievous Injury,Vehicle to Vehicle,Residential Street,12.928622,77.557515
Banashankari,2019,Grievous Injury,Vehicle to Vehicle,Others,12.930911,77.573637
Banashankari,2019,Grievous Injury,Vehicle to Vehicle,Two way,12.918613,77.564118
Banashankari,2019,Grievous Injury,Vehicle to Vehicle,Others,12.936391,77.539713
Banashankari,2019,Grievous Injury,Hit pedestrian,Others,12.918398,77.555341
Banashankari,2019,Grievous Injury,Vehicle to Vehicle,Others,12.922278,77.563436
Banashankari,2019,Grievous Injury,Vehicle to Vehicle,Others,12.929914,77.548009
Banashankari,2019,Grievous Injury,Vehicle to Vehicle,Others,12.918524,77.556261
Banashankari,2019,Grievous Injury,Vehicle to Vehicle,Two way,12.934202,77.538217
Banashankari,2019,Grievous Injury,Hit pedestrian,Two way,12.91889,77.555255
Banashankari,2019,Grievous Injury,Vehicle to Vehicle,Others,12.943154,77.544405
Banashankari,2019,Simple Injury,Hit pedestrian,Others,12.920643,77.559969
Banashankari,2019,Simple Injury,Vehicle to Vehicle,Residential Street,12.92099,77.573587
Banashankari,2019,Fatal,Hit pedestrian,Two way,12.925364,77.560785
Banashankari,2019,Grievous Injury,Hit pedestrian,Others,12.934337,77.538201
Banashankari,2019,Grievous Injury,Vehicle to Vehicle,Others,12.939816,77.53901
Banashankari,2019,Grievous Injury,Vehicle to Vehicle,Others,12.934433,77.539838
Banashankari,2019,Fatal,Not Applicable,Two way,12.926273,77.57353
Banashankari,2019,Grievous Injury,Hit pedestrian,Residential Street,12.930436,77.547075
Banashankari,2019,Grievous Injury,Hit pedestrian,Others,12.935075,77.536976
Banashankari,2019,Grievous Injury,Vehicle to Vehicle,Others,12.931386,77.54233
Banashankari,2019,Simple Injury,Vehicle to Vehicle,Two way,12.923546,77.543477
Banashankari,2019,Grievous Injury,Vehicle to Vehicle,Others,12.930212,77.547658
Banashankari,2019,Grievous Injury,Hit pedestrian,Two way,12.925379,77.57362
Banashankari,2019,Grievous Injury,Vehicle to Vehicle,Others,12.927338,77.548239
Banashankari,2019,Damage Only,Vehicle to Vehicle,Others,12.915509,77.569517
Banashankari,2019,Grievous Injury,Hit pedestrian,Two way,12.920109,77.562315
Banashankari,2019,Grievous Injury,Vehicle to Vehicle,Two way,12.920908,77.543043
Banashankari,2019,Simple Injury,Hit pedestrian,Two way,12.933428,77.566068
Banashankari,2019,Grievous Injury,Vehicle to Vehicle,Two way,12.938832,77.539161
Banashankari,2019,Grievous Injury,Vehicle to Vehicle,Two way,12.92943,77.560273
Banashankari,2019,Grievous Injury,Hit pedestrian,Two way,12.940552,77.547763
Banashankari,2019,Simple Injury,Hit pedestrian,Two way,12.930305,77.545839
Banashankari,2019,Grievous Injury,Hit pedestrian,Others,12.935265,77.558597
Banashankari,2019,Fatal,Vehicle to Vehicle,Others,12.924337,77.551956
Banashankari,2019,Grievous Injury,Vehicle to Vehicle,Others,12.928885,77.566307
Banashankari,2019,Grievous Injury,Hit pedestrian,Service Road,12.926341,77.548382
Banashankari,2019,Grievous Injury,Vehicle to Vehicle,Others,12.928311,77.559263
Banashankari,2019,Grievous Injury,Hit pedestrian,Others,12.92232,77.558507
Banashankari,2019,Grievous Injury,Vehicle to Vehicle,Residential Street,12.929822,77.571145
Banashankari,2019,Grievous Injury,Hit pedestrian,Others,12.917674,77.564545
Banashankari,2019,Grievous Injury,Hit pedestrian,Two way,12.923248,77.552883
Banashankari,2019,Grievous Injury,Vehicle to Vehicle,Service Road,12.93214,77.540051
Banashankari,2019,Grievous Injury,Hit pedestrian,Residential Street,12.929921,77.569491
Banashankari,2019,Grievous Injury,Hit pedestrian,Residential Street,12.935296,77.536602
Banashankari,2019,Grievous Injury,Vehicle to Vehicle,Service Road,12.921884,77.560159
Banashankari,2019,Simple Injury,Hit pedestrian,Others,12.921127,77.569561
Banashankari,2019,Grievous Injury,Vehicle to Vehicle,Others,12.929724,77.572045
Banashankari,2019,Grievous Injury,Hit pedestrian,Residential Street,12.928555,77.562349
Banashankari,2019,Grievous Injury,Hit pedestrian,Residential Street,12.929762,77.563933
Banashankari,2019,Grievous Injury,Hit pedestrian,Residential Street,12.937977,77.545377
Banashankari,2020,Grievous Injury,Vehicle to Vehicle,Two way,12.9238,77.553888
Banashankari,2020,Grievous Injury,Vehicle to Vehicle,Others,12.939532,77.552255
Banashankari,2020,Fatal,Vehicle to Vehicle,Others,12.94068,77.546948
Banashankari,2020,Grievous Injury,Vehicle to Vehicle,Others,12.926171,77.548698
Banashankari,2020,Grievous Injury,Vehicle to Vehicle,Two way,12.925288,77.549987
Banashankari,2020,Simple Injury,Hit pedestrian,Two way,12.92307,77.556145
Banashankari,2020,Grievous Injury,Vehicle to Vehicle,Two way,12.924578,77.54079
Banashankari,2020,Grievous Injury,Vehicle to Vehicle,Two way,12.929973,77.568085
Banashankari,2020,Simple Injury,Vehicle to Vehicle,Others,12.92308,77.563125
Banashankari,2020,Grievous Injury,Hit pedestrian,Two way,12.938721,77.550682
Banashankari,2020,Grievous Injury,Hit pedestrian,Two way,12.923568,77.55427
Banashankari,2020,Simple Injury,Vehicle to Vehicle,Two way,12.925691,77.560914
Banashankari,2020,Damage Only,Vehicle to Vehicle,Others,12.923901,77.553319
Banashankari,2020,Grievous Injury,Vehicle to Vehicle,Others,12.928496,77.573598
Banashankari,2020,Fatal,Not Applicable,Others,12.918027,77.56427
Banashankari,2020,Fatal,Not Applicable,Others,12.936192,77.534766
Banashankari,2020,Grievous Injury,Vehicle to Vehicle,Others,12.928861,77.566252
Banashankari,2020,Grievous Injury,Vehicle to Vehicle,Two way,12.932541,77.540958
Banashankari,2020,Damage Only,Vehicle to Vehicle,Others,12.925368,77.549959
Banashankari,2020,Fatal,Not Applicable,Others,12.921374,77.561711
Banashankari,2020,Grievous Injury,Vehicle to Vehicle,Others,12.92537,77.550013
Banashankari,2020,Grievous Injury,Hit pedestrian,Others,12.932453,77.567795
Banashankari,2020,Grievous Injury,Hit pedestrian,Two way,12.940856,77.546589
Banashankari,2020,Grievous Injury,Vehicle to Vehicle,Others,12.930334,77.561307
Banashankari,2020,Grievous Injury,Vehicle to Vehicle,Two way,12.94142,77.547377
Banashankari,2020,Fatal,Hit pedestrian,Others,12.925268,77.573543
Banashankari,2020,Grievous Injury,Vehicle to Vehicle,Others,12.927347,77.567994
Banashankari,2020,Grievous Injury,Hit pedestrian,Two way,12.933916,77.546342
Banashankari,2020,Grievous Injury,Vehicle to Vehicle,Two way,12.921897,77.569852
Banashankari,2020,Fatal,Vehicle to Vehicle,Others,12.928151,77.53169
Banashankari,2020,Simple Injury,Vehicle to Vehicle,Two way,12.933941,77.53869
Banashankari,2020,Damage Only,Vehicle to Vehicle,Service Road,12.931288,77.542532
Banashankari,2020,Grievous Injury,Hit pedestrian,Others,12.919786,77.558326
Banashankari,2020,Grievous Injury,Hit pedestrian,Others,12.929012,77.549305
Banashankari,2020,Grievous Injury,Vehicle to Vehicle,Two way,12.927677,77.551408
Banashankari,2020,Fatal,Vehicle to Vehicle,Others,12.933988,77.539006
Banashankari,2020,Grievous Injury,Vehicle to Vehicle,Others,12.928103,77.546248
Banashankari,2020,Damage Only,Vehicle to Vehicle,Two way,12.917351,77.568782
Banashankari,2020,Grievous Injury,Vehicle to Vehicle,Others,12.937172,77.5422
Banashankari,2020,Grievous Injury,Hit pedestrian,Others,12.929648,77.538621
Banashankari,2020,Fatal,Not Applicable,Others,12.919762,77.558353
Banashankari,2020,Grievous Injury,Hit pedestrian,Two way,12.964063,77.57397
Banashankari,2020,Grievous Injury,Hit pedestrian,Others,12.924796,77.543931
Banashankari,2020,Grievous Injury,Not Applicable,Others,12.934191,77.541786
Banashankari,2020,Grievous Injury,Vehicle to Vehicle,Others,12.933956,77.538705
Banashankari,2020,Damage Only,Vehicle to Vehicle,Others,12.926749,77.553519
Banashankari,2020,Fatal,Not Applicable,Others,12.935628,77.535542
Banashankari,2020,Grievous Injury,Vehicle to Vehicle,Others,12.931338,77.542567
Banashankari,2021,Grievous Injury,Vehicle to Vehicle,Others,12.928232,77.550625
Banashankari,2021,Grievous Injury,Vehicle to Vehicle,Others,12.930942,77.560088
Banashankari,2021,Simple Injury,Vehicle to Vehicle,Others,12.920506,77.562091
Banashankari,2021,Grievous Injury,Vehicle to Vehicle,Others,12.930062,77.544112
Banashankari,2021,Damage Only,Not Applicable,Others,12.924687,77.557112
Banashankari,2021,Damage Only,Vehicle to Vehicle,Others,12.931104,77.573646
Banashankari,2021,Simple Injury,Vehicle to Vehicle,Others,12.916978,77.564676
Banashankari,2021,Grievous Injury,Vehicle to Vehicle,Others,12.929992,77.567736
Banashankari,2021,Simple Injury,Hit pedestrian,Service Road,12.924053,77.543803
Banashankari,2021,Simple Injury,Hit bicyclist,Two way,12.923979,77.553327
Banashankari,2021,Grievous Injury,Vehicle to Vehicle,Others,12.937727,77.533933
Banashankari,2021,Grievous Injury,Not Applicable,Others,12.922912,77.560367
Banashankari,2021,Damage Only,Not Applicable,Others,12.923492,77.570121
Banashankari,2021,Simple Injury,Hit pedestrian,Others,12.92533,77.540638
Banashankari,2021,Fatal,Not Applicable,Others,12.937327,77.545243
Banashankari,2021,Fatal,Not Applicable,Two way,12.917225,77.559497
Banashankari,2021,Grievous Injury,Hit pedestrian,Others,12.929581,77.572909
Banashankari,2021,Simple Injury,Not Applicable,Others,12.921934,77.542306
Banashankari,2021,Grievous Injury,Vehicle to Vehicle,Residential Street,12.916305,77.570452
Banashankari,2021,Fatal,Not Applicable,Two way,12.932392,77.556037
Banashankari,2021,Damage Only,Vehicle to Vehicle,Others,12.92576,77.564521
Banashankari,2021,Grievous Injury,Vehicle to Vehicle,Others,12.923789,77.553893
Banashankari,2021,Grievous Injury,Vehicle to Vehicle,Others,12.928844,77.566255
Banashankari,2021,Simple Injury,Hit pedestrian,Others,12.933232,77.557577
Banashankari,2021,Grievous Injury,Vehicle to Vehicle,Others,12.936302,77.53475
Banashankari,2021,Simple Injury,Hit pedestrian,Others,12.924153,77.542213
Banashankari,2021,Simple Injury,Not Applicable,Two way,12.918964,77.55873
Banashankari,2021,Fatal,Not Applicable,Service Road,12.933598,77.53946
Banashankari,2021,Grievous Injury,Vehicle to Vehicle,Two way,12.932633,77.545132
Banashankari,2021,Grievous Injury,Hit pedestrian,Others,12.916019,77.565072
Banashankari,2021,Simple Injury,Hit pedestrian,Others,12.920897,77.573846
Banashankari,2021,Simple Injury,Vehicle to Vehicle,Service Road,12.929563,77.544287
Banashankari,2021,Grievous Injury,Vehicle to Vehicle,Others,12.920774,77.562002
Banashankari,2021,Damage Only,Vehicle to Vehicle,Others,12.922195,77.56006
Banashankari,2021,Simple Injury,Vehicle to Vehicle,Others,12.91434,77.567908
Banashankari,2021,Grievous Injury,Vehicle to Vehicle,Others,12.934326,77.538104
Banashankari,2021,Simple Injury,Vehicle to Vehicle,Others,12.941701,77.545994
Banashankari,2021,Damage Only,Vehicle to Vehicle,Others,12.93484,77.560693
Banashankari,2021,Not Applicable,Hit animal,Others,12.932611,77.571383
Banashankari,2021,Grievous Injury,Vehicle to Vehicle,Residential Street,12.91461,77.568279
Banashankari,2021,Simple Injury,Vehicle to Vehicle,Others,12.919326,77.558517
Banashankari,2021,Fatal,Hit bicyclist,Others,12.925004,77.550763
Banashankari,2021,Fatal,Not Applicable,Others,12.933876,77.539016
Banashankari,2021,Fatal,Hit pedestrian,Others,12.925351,77.550038
Banashankari,2021,Fatal,Not Applicable,Others,12.93437,77.55955
Banashankari,2021,Grievous Injury,Vehicle to Vehicle,Others,12.923552,77.573575
Banashankari,2021,Grievous Injury,Not Applicable,Two way,12.922006,77.559867
Banashankari,2021,Grievous Injury,Vehicle to Vehicle,Others,12.92884,77.566252
Banashankari,2021,Grievous Injury,Hit pedestrian,Others,12.923829,77.553751
Banashankari,2021,Grievous Injury,Not Applicable,Others,12.923455,77.570218
Banashankari,2021,Simple Injury,Hit pedestrian,Two way,12.926054,77.562983
Banashankari,2022,Grievous Injury,Hit pedestrian,Others,12.993392,77.569581
Banashankari,2022,Simple Injury,Hit pedestrian,Others,12.930916,77.546507
Banashankari,2022,Simple Injury,Vehicle to Vehicle,Others,12.928573,77.540126
Banashankari,2022,Grievous Injury,Vehicle to Vehicle,Two way,12.929981,77.568396
Banashankari,2022,Simple Injury,Vehicle to Vehicle,One way,12.925697,77.560852
Banashankari,2022,Simple Injury,Hit pedestrian,Residential Street,12.929774,77.563929
Banashankari,2022,Grievous Injury,Hit pedestrian,Residential Street,12.92809643,77.54613722
Banashankari,2022,Fatal,Not Applicable,One way,12.935511,77.547643
Banashankari,2022,Simple Injury,Vehicle to Vehicle,Residential Street,12.940661,77.545745
Banashankari,2022,Simple Injury,Vehicle to Vehicle,Two way,12.921152,77.543151
Banashankari,2022,Simple Injury,Vehicle to Vehicle,Residential Street,12.92098581,77.57394187
Banashankari,2022,Fatal,Not Applicable,Two way,12.933464,77.542507
Banashankari,2022,Simple Injury,Vehicle to Vehicle,Minor District Road,12.929345,77.551036
Banashankari,2022,Simple Injury,Not Applicable,One way,12.9194229,77.542228
Banashankari,2022,Grievous Injury,Vehicle to Vehicle,Mixed,12.93738128,77.54926415
Banashankari,2022,Grievous Injury,Hit pedestrian,Residential Street,12.94224727,77.54909833
Banashankari,2022,Grievous Injury,Vehicle to Vehicle,Others,12.914272,77.565738
Banashankari,2022,Grievous Injury,Not Applicable,One way,12.928935,77.545135
Banashankari,2022,Grievous Injury,Vehicle to Vehicle,Two way,12.94095321,77.54126269
Banashankari,2022,Fatal,Not Applicable,One way,12.920184,77.56228
Banashankari,2022,Simple Injury,Vehicle to Vehicle,Others,12.916558,77.571042
Banashankari,2022,Grievous Injury,Vehicle to Vehicle,One way,12.94194,77.56414
Banashankari,2022,Simple Injury,Vehicle to Vehicle,Two way,12.916206,77.570311
Banashankari,2022,Simple Injury,Vehicle to Vehicle,One way,12.938915,77.551176
Banashankari,2022,Fatal,Not Applicable,Two way,12.929933,77.569597
Banashankari,2022,Damage Only,Vehicle to Vehicle,Residential Street,12.92937,77.55693
Banashankari,2022,Simple Injury,Hit pedestrian,Others,12.930264,77.553042
Banashankari,2022,Grievous Injury,Hit pedestrian,Residential Street,12.922525,77.557877
Banashankari,2022,Grievous Injury,Hit pedestrian,Others,12.942509,77.549461
Banashankari,2022,Grievous Injury,Vehicle to Vehicle,Residential Street,12.930937,77.574076
Banashankari,2022,Damage Only,Vehicle to Vehicle,Two way,12.92466,77.56435
Banashankari,2022,Grievous Injury,Vehicle to Vehicle,One way,12.938991,77.551473
Banashankari,2022,Simple Injury,Vehicle to Vehicle,One way,12.923618,77.574083
Banashankari,2022,Grievous Injury,Not Applicable,Two way,12.921648,77.570859
Banashankari,2022,Simple Injury,Vehicle to Vehicle,One way,12.916686,77.564933
Banashankari,2022,Fatal,Vehicle to Vehicle,Others,12.922274,77.558405
Banashankari,2022,Fatal,Not Applicable,Others,12.926318,77.553958
Banashankari,2022,Damage Only,Vehicle to Vehicle,Major District Road,12.928689,77.545395
Banashankari,2022,Simple Injury,Vehicle to Vehicle,Two way,12.913964,77.567451
Banashankari,2022,Simple Injury,Vehicle to Vehicle,One way,12.932891,77.540501
Banashankari,2022,Simple Injury,Hit pedestrian,One way,12.938724,77.54908
Banashankari,2022,Fatal,Hit pedestrian,Others,12.916724,77.572982
Banashankari,2022,Grievous Injury,Vehicle to Vehicle,Residential Street,12.940835,77.548724
Banashankari,2022,Simple Injury,Vehicle to Vehicle,Two way,12.928106,77.546351
Banashankari,2022,Fatal,Not Applicable,Others,12.936522,77.534429
Banashankari,2022,Damage Only,Vehicle to Vehicle,Others,12.924207,77.566142
Banashankari,2022,Fatal,Not Applicable,Others,12.919504,77.563498
Banashankari,2022,Grievous Injury,Hit pedestrian,Others,12.914069,77.558515
Banashankari,2022,Damage Only,Vehicle to Vehicle,Others,12.917014,77.559435
Banashankari,2022,Fatal,Vehicle to Vehicle,Two way,12.92817227,77.53232704
Banashankari,2022,Fatal,Not Applicable,Two way,12.915795,77.569455
Banashankari,2022,Damage Only,Vehicle to Vehicle,Residential Street,12.920704,77.562167
Banashankari,2022,Grievous Injury,Vehicle to Vehicle,Not Applicable,12.91386,77.56622
Banashankari,2022,Grievous Injury,Vehicle to Vehicle,One way,12.92603,77.565476
Banashankari,2022,Fatal,Not Applicable,Major District Road,12.9335268,77.54217671
Banashankari,2022,Grievous Injury,Hit pedestrian,Residential Street,12.921387,77.572294
Banashankari,2022,Grievous Injury,Vehicle to Vehicle,Two way,12.913947,77.566192
Banashankari,2022,Fatal,Vehicle to Vehicle,Not Applicable,12.91683528,77.56473539
Banashankari,2022,Grievous Injury,Hit pedestrian,Others,12.9155335,77.56526155
Banashankari,2023,Grievous Injury,Vehicle to Vehicle,Residential Street,12.930607,77.562547
Banashankari,2023,Fatal,Vehicle to Vehicle,Two way,12.92396517,77.56796575
Banashankari,2023,Damage Only,Vehicle to Vehicle,Two way,12.92375658,77.571704
Banashankari,2023,Grievous Injury,Not Applicable,Residential Street,12.94225967,77.54122799
Banashankari,2023,Grievous Injury,Vehicle to Vehicle,One way,12.937988,77.54975
Banashankari,2023,Grievous Injury,Vehicle to Vehicle,Others,12.929355,77.544914
Banashankari,2023,Grievous Injury,Vehicle to Vehicle,Two way,12.920563,77.559768
Banashankari,2023,Grievous Injury,Vehicle to Vehicle,Two way,12.928102,77.546281
Banashankari,2023,Grievous Injury,Vehicle to Vehicle,Others,12.933586,77.54204
Banashankari,2023,Grievous Injury,Hit pedestrian,Two way,12.920485,77.552241
Banashankari,2023,Grievous Injury,Hit pedestrian,Others,12.92295,77.556543
Banashankari,2023,Grievous Injury,Vehicle to Vehicle,One way,12.935402,77.536412
Banashankari,2023,Grievous Injury,Vehicle to Vehicle,Two way,12.93344,77.56087
Banashankari,2023,Grievous Injury,Vehicle to Vehicle,Others,12.925335,77.550093
Banashankari,2023,Damage Only,Vehicle to Vehicle,One way,12.9185688,77.5419877
Banashankari,2023,Grievous Injury,Vehicle to Vehicle,Two way,12.930572,77.543517
Banashankari,2023,Damage Only,Vehicle to Vehicle,Service Road,12.92192,77.56051
Banashankari,2023,Grievous Injury,Hit pedestrian,Two way,12.922739,77.55739
Banashankari,2023,Fatal,Hit pedestrian,Two way,12.923068,77.54345
Banashankari,2023,Grievous Injury,Hit pedestrian,One way,12.937988,77.54975
Banashankari,2023,Grievous Injury,Vehicle to Vehicle,Two way,12.918004,77.556662
Banashankari,2023,Grievous Injury,Hit pedestrian,Two way,12.942388,77.548375
Banashankari,2023,Grievous Injury,Hit pedestrian,Two way,12.932126,77.567655
Banashankari,2023,Fatal,Vehicle to Vehicle,Two way,12.929912,77.568765
Banashankari,2023,Grievous Injury,Vehicle to Vehicle,Two way,12.938393,77.544471
Banashankari,2023,Simple Injury,Vehicle to Vehicle,Others,12.92274,77.545256
Banashankari,2023,Grievous Injury,Vehicle to Vehicle,One way,12.927839,77.551439
Banashankari,2023,Damage Only,Vehicle to Vehicle,Two way,12.922336,77.561331
Banashankari,2023,Grievous Injury,Hit pedestrian,Two way,12.926463,77.540321
Banashankari,2023,Fatal,Hit pedestrian,One way,12.932388,77.563202
Banashankari,2023,Grievous Injury,Vehicle to Vehicle,Others,12.92399518,77.57615664
Banashankari,2023,Grievous Injury,Vehicle to Vehicle,Two way,12.92538,77.549867
Banashankari,2023,Grievous Injury,Hit pedestrian,Two way,12.917247,77.573329
Banashankari,2023,Damage Only,Vehicle to Vehicle,Others,12.943813,77.573669
Banashankari,2023,Grievous Injury,Vehicle to Vehicle,Two way,12.91740417,77.5548799
Banashankari,2023,Grievous Injury,Vehicle to Vehicle,Two way,12.94084,77.54276
Banashankari,2023,Fatal,Not Applicable,Two way,12.934753,77.537156
Banashankari,2023,Fatal,Vehicle to Vehicle,Two way,12.916095,77.570205
Banashankari,2023,Simple Injury,Vehicle to Vehicle,Two way,12.94268578,77.53870917
Banashankari,2023,Fatal,Vehicle to Vehicle,One way,12.934042,77.538495
Banashankari,2023,Fatal,Hit bicyclist,One way,12.91996197,77.56257559
Banashankari,2023,Grievous Injury,Vehicle to Vehicle,Residential Street,12.937955,77.545422
Banashankari,2023,Grievous Injury,Vehicle to Vehicle,Two way,12.928155,77.51343
Banashankari,2023,Grievous Injury,Hit pedestrian,Two way,12.916748,77.560323
Banashankari,2023,Grievous Injury,Vehicle to Vehicle,Two way,12.9185,77.55539
Banashankari,2023,Fatal,Hit pedestrian,Two way,12.93413048,77.53693797
Banashankari,2023,Fatal,Vehicle to Vehicle,Two way,12.9180639,77.5597068
Banashankari,2023,Grievous Injury,Vehicle to Vehicle,Residential Street,12.930514,77.561503
Banashankari,2023,Damage Only,Vehicle to Vehicle,Two way,12.920458,77.570011
Banashankari,2023,Simple Injury,Vehicle to Vehicle,One way,12.9391,77.5513
Banashankari,2023,Grievous Injury,Vehicle to Vehicle,One way,12.931737,77.544591
Banashankari,2023,Grievous Injury,Hit pedestrian,One way,12.924542,77.573543
Banashankari,2023,Grievous Injury,Vehicle to Vehicle,Others,12.923927,77.55309
Banashankari,2023,Grievous Injury,Hit pedestrian,Major District Road,12.919902,77.563018
Banashankari,2023,Simple Injury,Vehicle to Vehicle,One way,12.92487,77.56624
Banashankari,2023,Grievous Injury,Vehicle to Vehicle,Two way,12.921803,77.560215
Banashankari,2023,Damage Only,Vehicle to Vehicle,Two way,12.934545,77.556464
Banashankari,2023,Grievous Injury,Vehicle to Vehicle,Others,12.923927,77.55309
Banashankari,2023,Grievous Injury,Hit pedestrian,Two way,12.932994,77.555119
Banashankari,2023,Grievous Injury,Vehicle to Vehicle,Two way,12.92415118,77.5665262
Banashankari,2023,Grievous Injury,Vehicle to Vehicle,One way,12.932388,77.563202
Banashankari,2023,Damage Only,Vehicle to Vehicle,Others,12.924063,77.553199
Banashankari,2023,Fatal,Vehicle to Vehicle,Two way,12.921479,77.561799
Banashankari,2023,Grievous Injury,Vehicle to Vehicle,State Highway,12.923926,77.553325
Banashankari,2023,Grievous Injury,Vehicle to Vehicle,Two way,12.926751,77.55305
Banashankari,2023,Fatal,Hit pedestrian,Two way,12.91568847,77.56516673
Banashankari,2023,Damage Only,Vehicle to Vehicle,Sub Arterial,12.915602,77.569773
Banashankari,2023,Fatal,Not Applicable,Two way,12.935759,77.536029
Banashankari,2023,Damage Only,Vehicle to Vehicle,Two way,12.925335,77.550093
Banashankari,2023,Grievous Injury,Vehicle to Vehicle,One way,12.931626,77.544495
Banashankari,2023,Grievous Injury,Hit pedestrian,Two way,12.93006044,77.53929604
Banashankari,2023,Grievous Injury,Vehicle to Vehicle,Others,12.92149,77.57219
Banashankari,2023,Grievous Injury,Vehicle to Vehicle,One way,12.921199,77.541746
Banashankari,2023,Damage Only,Vehicle to Vehicle,One way,12.921096,77.540415
Banashankari,2023,Grievous Injury,Vehicle to Vehicle,Two way,12.914924,77.568541
Banashankari,2023,Grievous Injury,Hit pedestrian,One way,12.931865,77.567392
Banashankari,2023,Fatal,Hit pedestrian,Two way,12.916962,77.564866
Banashankari,2023,Damage Only,Vehicle to Vehicle,Two way,12.93874,77.53921
Banashankari,2023,Grievous Injury,Vehicle to Vehicle,Two way,12.92424,77.543466
Banashankari,2023,Grievous Injury,Hit pedestrian,One way,12.932632,77.540693
Banashankari,2023,Grievous Injury,Hit pedestrian,One way,12.925335,77.550093
Banashankari,2023,Grievous Injury,Vehicle to Vehicle,Others,12.919779,77.569186
Basavanagudi,2016,Simple Injury,Others,City or Town Road,12.9455888,77.5712556
Basavanagudi,2016,Simple Injury,Others,Others,12.943508,77.566615
Basavanagudi,2016,Grievous Injury,Others,City or Town Road,12.95493,77.55722
Basavanagudi,2016,Simple Injury,Hit and Run,City or Town Road,12.9413754,77.5737642
Basavanagudi,2016,Simple Injury,Hit pedestrian,City or Town Road,12.9479768,77.5680795
Basavanagudi,2016,Simple Injury,Others,Others,12.94543339,77.5713203
Basavanagudi,2016,Simple Injury,Others,City or Town Road,12.9416976,77.5615415
Basavanagudi,2016,Simple Injury,Others,City or Town Road,12.957005,77.563849
Basavanagudi,2016,Not Applicable,Others,City or Town Road,12.9416976,77.5615415
Basavanagudi,2016,Simple Injury,Others,City or Town Road,12.9421813,77.5721231
Basavanagudi,2016,Simple Injury,Others,City or Town Road,12.93589,77.56016
Basavanagudi,2016,Simple Injury,Others,City or Town Road,12.9715987,77.5945627
Basavanagudi,2016,Simple Injury,Others,Others,12.9510339,77.5713793
Basavanagudi,2016,Not Applicable,Others,Others,12.9520115,77.5642994
Basavanagudi,2017,Fatal,Head on,Others,12.938302,77.556697
Basavanagudi,2017,Fatal,Hit and Run,Others,12.948587,77.577187
Basavanagudi,2017,Damage Only,Run Off Road,Others,12.943649,77.579447
Basavanagudi,2017,Grievous Injury,Right Turn Collision,Others,12.943498,77.56586
Basavanagudi,2017,Grievous Injury,Head on,Others,12.948264,77.573741
Basavanagudi,2017,Simple Injury,Rear end,Others,12.931021,77.585556
Basavanagudi,2017,Fatal,Others,City or Town Road,12.948187,77.57555
Basavanagudi,2017,Fatal,Hit and Run,Residential Street,12.943637,77.570314
Basavanagudi,2017,Simple Injury,Rear end,Others,12.934429,77.577767
Basavanagudi,2017,Grievous Injury,Rear end,Others,12.937802,77.565042
Basavanagudi,2017,Damage Only,Side swipe,Others,12.9493184,77.5631367
Basavanagudi,2017,Fatal,Hit pedestrian,Others,12.936631,77.56213
Basavanagudi,2017,Grievous Injury,Others,Others,12.937675,77.573952
Basavanagudi,2017,Grievous Injury,Side swipe,Others,12.939555,77.572283
Basavanagudi,2017,Damage Only,Hit parked vehicle,Others,12.9416079,77.566883
Basavanagudi,2017,Grievous Injury,Others,Others,12.939137,77.571522
Basavanagudi,2017,Grievous Injury,Others,Others,12.942412,77.57412
Basavanagudi,2017,Damage Only,Others,Others,12.9486779,77.5723765
Basavanagudi,2017,Fatal,Skidding or Self accident,Others,12.944172,77.576898
Basavanagudi,2017,Fatal,Side impact or Right angle,City or Town Road,12.9385896,77.5755635
Basavanagudi,2017,Grievous Injury,Hit pedestrian,Others,12.9445922,77.563165
Basavanagudi,2017,Grievous Injury,Others,Others,12.937711,77.565987
Basavanagudi,2017,Grievous Injury,Others,Others,12.939038,77.57386
Basavanagudi,2017,Fatal,Others,City or Town Road,12.9418762,77.5738973
Basavanagudi,2017,Grievous Injury,Others,City or Town Road,12.943388,77.568184
Basavanagudi,2017,Grievous Injury,Others,Others,12.948313,77.551894
Basavanagudi,2017,Grievous Injury,Hit pedestrian,City or Town Road,12.9300696,77.5524612
Basavanagudi,2017,Grievous Injury,Head on,Others,12.946604,77.574669
Basavanagudi,2017,Simple Injury,Rear end,Others,12.941625,77.558021
Basavanagudi,2017,Simple Injury,Hit and Run,Others,12.936945,77.578056
Basavanagudi,2017,Grievous Injury,Others,Others,12.973233,77.646818
Basavanagudi,2017,Simple Injury,Hit and Run,Others,12.945435,77.57132
Basavanagudi,2017,Grievous Injury,Hit pedestrian,Others,12.9435429,77.5600077
Basavanagudi,2017,Damage Only,Others,Others,12.94844,77.567477
Basavanagudi,2017,Grievous Injury,Hit pedestrian,City or Town Road,12.948107,77.570239
Basavanagudi,2017,Grievous Injury,Others,City or Town Road,12.9379903,77.5686827
Basavanagudi,2017,Simple Injury,Hit and Run,Others,12.945252,77.576809
Basavanagudi,2017,Grievous Injury,Hit and Run,Others,12.942394,77.576853
Basavanagudi,2017,Grievous Injury,Head on,Others,12.952337,77.556008
Basavanagudi,2017,Grievous Injury,Others,Others,12.956982,77.565873
Basavanagudi,2017,Grievous Injury,Hit pedestrian,Others,12.9547518,77.5655761
Basavanagudi,2017,Grievous Injury,Hit pedestrian,Others,12.943635,77.57073
Basavanagudi,2018,Grievous Injury,Hit and Run,Others,12.940012,77.564415
Basavanagudi,2018,Damage Only,Hit parked vehicle,Others,12.941744,77.563254
Basavanagudi,2018,Grievous Injury,Others,Two way,12.954094,77.563588
Basavanagudi,2018,Simple Injury,Hit and Run,Two way,12.947614,77.579586
Basavanagudi,2018,Simple Injury,Others,City or Town Road,12.944491,77.558168
Basavanagudi,2018,Grievous Injury,Hit pedestrian,Two way,12.936528,77.567367
Basavanagudi,2018,Simple Injury,Others,Others,12.94365,77.57114
Basavanagudi,2018,Grievous Injury,Hit and Run,Two way,12.940715,77.554593
Basavanagudi,2018,Simple Injury,Head on,City or Town Road,12.945452,77.571314
Basavanagudi,2018,Grievous Injury,Hit and Run,Two way,12.941743,77.543329
Basavanagudi,2018,Simple Injury,Hit pedestrian,City or Town Road,12.948459,77.580075
Basavanagudi,2018,Simple Injury,Hit and Run,City or Town Road,12.945017,77.567807
Basavanagudi,2018,Grievous Injury,Others,Two way,12.938161,77.56285
Basavanagudi,2018,Simple Injury,Hit and Run,Two way,12.945018,77.56783
Basavanagudi,2018,Grievous Injury,Hit pedestrian,City or Town Road,12.93942,77.580083
Basavanagudi,2018,Grievous Injury,Hit pedestrian,Others,12.936826,77.576837
Basavanagudi,2018,Grievous Injury,Hit and Run,Others,12.94508,77.567965
Basavanagudi,2018,Simple Injury,Others,Two way,12.937176,77.563958
Basavanagudi,2018,Grievous Injury,Hit and Run,City or Town Road,12.942097,77.553866
Basavanagudi,2018,Grievous Injury,Others,City or Town Road,12.941553,77.55783
Basavanagudi,2018,Fatal,Hit and Run,City or Town Road,12.938382,77.578814
Basavanagudi,2018,Simple Injury,Hit and Run,City or Town Road,12.946225,77.550455
Basavanagudi,2018,Simple Injury,Hit pedestrian,City or Town Road,12.948353,77.552511
Basavanagudi,2018,Grievous Injury,Others,Others,12.938323,77.561535
Basavanagudi,2018,Grievous Injury,Others,Two way,12.938454,77.564529
Basavanagudi,2018,Damage Only,Others,Two way,12.937548,77.547539
Basavanagudi,2018,Simple Injury,Hit pedestrian,Others,12.944706,77.577691
Basavanagudi,2018,Grievous Injury,Rear end,Others,12.939329,77.571617
Basavanagudi,2018,Grievous Injury,Hit and Run,City or Town Road,12.940037,77.572925
Basavanagudi,2018,Grievous Injury,Hit and Run,City or Town Road,12.94051,77.573023
Basavanagudi,2018,Grievous Injury,Others,City or Town Road,12.943868,77.562535
Basavanagudi,2018,Grievous Injury,Hit and Run,Two way,12.942547,77.562576
Basavanagudi,2018,Simple Injury,Others,Residential Street,12.946579,77.575258
Basavanagudi,2018,Grievous Injury,Hit and Run,Others,12.952474,77.543627
Basavanagudi,2018,Grievous Injury,Others,City or Town Road,12.943652,77.580099
Basavanagudi,2018,Damage Only,Right Turn Collision,Two way,12.946032,77.566612
Basavanagudi,2018,Fatal,Hit and Run,One way,12.9435647,77.565783
Basavanagudi,2018,Fatal,Hit pedestrian,City or Town Road,12.948346,77.576719
Basavanagudi,2018,Simple Injury,Others,Residential Street,12.939631,77.542974
Basavanagudi,2018,Simple Injury,Head on,City or Town Road,12.943658,77.576917
Basavanagudi,2018,Grievous Injury,Hit pedestrian,Others,12.936703,77.579137
Basavanagudi,2018,Damage Only,Hit parked vehicle,Others,12.948744,77.56681
Basavanagudi,2018,Grievous Injury,Hit pedestrian,Others,12.948099,77.562987
Basavanagudi,2018,Simple Injury,Hit and Run,Residential Street,12.949418,77.563868
Basavanagudi,2018,Grievous Injury,Head on,Others,12.93905,77.57151588
Basavanagudi,2018,Grievous Injury,Hit and Run,One way,12.945032,77.571077
Basavanagudi,2018,Grievous Injury,Others,Residential Street,12.948728,77.554189
Basavanagudi,2018,Simple Injury,Hit and Run,City or Town Road,12.946609,77.573658
Basavanagudi,2018,Grievous Injury,Others,Others,12.943651,77.579971
Basavanagudi,2018,Damage Only,Hit fixed object,Others,12.936148,77.568452
Basavanagudi,2018,Damage Only,Rear end,Two way,12.945994,77.57857
Basavanagudi,2018,Grievous Injury,Others,City or Town Road,12.940171,77.566669
Basavanagudi,2018,Simple Injury,Others,Two way,12.939435,77.557543
Basavanagudi,2018,Simple Injury,Head on,Two way,12.941537,77.553636
Basavanagudi,2018,Simple Injury,Hit pedestrian,City or Town Road,12.941696,77.55792
Basavanagudi,2018,Grievous Injury,Side swipe,City or Town Road,12.94073,77.554551
Basavanagudi,2018,Grievous Injury,Hit and Run,Residential Street,12.94094,77.556017
Basavanagudi,2018,Grievous Injury,Others,City or Town Road,12.940648,77.576899
Basavanagudi,2018,Simple Injury,Hit and Run,City or Town Road,12.937877,77.568358
Basavanagudi,2018,Grievous Injury,Hit and Run,City or Town Road,12.948571,77.552851
Basavanagudi,2018,Grievous Injury,Hit pedestrian,City or Town Road,12.948054,77.56976
Basavanagudi,2018,Damage Only,Others,City or Town Road,12.939347,77.566669
Basavanagudi,2019,Grievous Injury,Vehicle to Vehicle,One way,12.939875,77.564334
Basavanagudi,2019,Grievous Injury,Hit and Run,City or Town Road,12.935205,77.56075
Basavanagudi,2019,Grievous Injury,Rear end,City or Town Road,12.948205,77.570116
Basavanagudi,2019,Grievous Injury,Side impact or Right angle,City or Town Road,12.939031,77.573868
Basavanagudi,2019,Grievous Injury,Vehicle to Vehicle,Two way,12.948259,77.573686
Basavanagudi,2019,Grievous Injury,Not Applicable,Two way,12.94056,77.580116
Basavanagudi,2019,Grievous Injury,Vehicle to Vehicle,One way,12.948231,77.571347
Basavanagudi,2019,Grievous Injury,Hit pedestrian,City or Town Road,12.943582,77.577775
Basavanagudi,2019,Grievous Injury,Vehicle to Vehicle,Two way,12.939689,77.57538
Basavanagudi,2019,Grievous Injury,Vehicle to Vehicle,Others,12.936037,77.561494
Basavanagudi,2019,Grievous Injury,Vehicle to Vehicle,Two way,12.938527,77.553888
Basavanagudi,2019,Grievous Injury,Skidding or Self accident,City or Town Road,12.948341,77.57154
Basavanagudi,2019,Grievous Injury,Hit pedestrian,Others,12.941649,77.557687
Basavanagudi,2019,Grievous Injury,Skidding or Self accident,City or Town Road,12.943578,77.564261
Basavanagudi,2019,Grievous Injury,Vehicle to Vehicle,Two way,12.945159,77.568041
Basavanagudi,2019,Grievous Injury,Vehicle to Vehicle,Two way,12.938188,77.569981
Basavanagudi,2019,Grievous Injury,Rear end,City or Town Road,12.948268,77.579915
Basavanagudi,2019,Grievous Injury,Hit pedestrian,Two way,12.93804,77.578941
Basavanagudi,2019,Grievous Injury,Vehicle to Vehicle,Two way,12.936878,77.573846
Basavanagudi,2019,Grievous Injury,Vehicle to Vehicle,Others,12.947802,77.562623
Basavanagudi,2019,Grievous Injury,Hit pedestrian,Others,12.948192,77.57156
Basavanagudi,2019,Simple Injury,Vehicle to Vehicle,Two way,12.941776,77.553652
Basavanagudi,2019,Fatal,Hit pedestrian,Two way,12.946568,77.573675
Basavanagudi,2019,Fatal,Vehicle to Vehicle,Two way,12.94199,77.552322
Basavanagudi,2019,Grievous Injury,Overturning,City or Town Road,12.948403,77.575878
Basavanagudi,2019,Simple Injury,Hit and Run,City or Town Road,12.947288,77.568643
Basavanagudi,2019,Damage Only,Vehicle to Vehicle,One way,12.941695,77.564568
Basavanagudi,2019,Simple Injury,Others,City or Town Road,12.944125,77.57763
Basavanagudi,2019,Damage Only,Others,City or Town Road,12.939344,77.566649
Basavanagudi,2019,Grievous Injury,Vehicle to Vehicle,Others,12.938202,77.576767
Basavanagudi,2019,Grievous Injury,Vehicle to Vehicle,Two way,12.948357,77.579959
Basavanagudi,2019,Fatal,Hit pedestrian,Others,12.943432,77.558307
Basavanagudi,2019,Simple Injury,Side impact or Right angle,City or Town Road,12.948259,77.573686
Basavanagudi,2019,Grievous Injury,Vehicle to Vehicle,Residential Street,12.946018,77.567497
Basavanagudi,2019,Simple Injury,Vehicle to Vehicle,Two way,12.938132,77.556869
Basavanagudi,2019,Grievous Injury,Hit pedestrian,Others,12.9451,77.558524
Basavanagudi,2019,Fatal,Vehicle to Vehicle,Residential Street,12.97711,77.49586
Basavanagudi,2019,Grievous Injury,Right Turn Collision,City or Town Road,12.935964,77.556995
Basavanagudi,2019,Simple Injury,Side swipe,City or Town Road,12.946546,77.571551
Basavanagudi,2019,Grievous Injury,Others,City or Town Road,12.936427,77.561261
Basavanagudi,2019,Grievous Injury,Vehicle to Vehicle,Residential Street,12.948668,77.563706
Basavanagudi,2020,Fatal,Vehicle to Vehicle,Two way,12.9348541,77.5752713
Basavanagudi,2020,Simple Injury,Vehicle to Vehicle,One way,12.943652,77.580099
Basavanagudi,2020,Simple Injury,Vehicle to Vehicle,Residential Street,12.940606,77.577756
Basavanagudi,2020,Simple Injury,Hit pedestrian,Others,12.944755,77.57388
Basavanagudi,2020,Fatal,Vehicle to Vehicle,Others,12.948282,77.579973
Basavanagudi,2020,Damage Only,Vehicle to Vehicle,Two way,12.939703,77.572499
Basavanagudi,2020,Grievous Injury,Vehicle to Vehicle,Two way,12.935526,77.559624
Basavanagudi,2020,Grievous Injury,Vehicle to Vehicle,Two way,12.948306,77.579945
Basavanagudi,2020,Grievous Injury,Vehicle to Vehicle,Residential Street,12.9466776,77.5752632
Basavanagudi,2020,Grievous Injury,Vehicle to Vehicle,One way,12.940923,77.579892
Basavanagudi,2020,Grievous Injury,Vehicle to Vehicle,Two way,12.957032,77.564401
Basavanagudi,2020,Grievous Injury,Vehicle to Vehicle,Others,12.939934,77.573627
Basavanagudi,2021,Grievous Injury,Hit pedestrian,Two way,12.957049,77.565252
Basavanagudi,2021,Grievous Injury,Hit pedestrian,Residential Street,12.947226,77.550663
Basavanagudi,2021,Grievous Injury,Vehicle to Vehicle,Residential Street,12.9365276,77.5538571
Basavanagudi,2021,Grievous Injury,Hit pedestrian,One way,12.936753,77.577454
Basavanagudi,2021,Grievous Injury,Vehicle to Vehicle,Two way,12.948224,77.57679
Basavanagudi,2021,Damage Only,Vehicle to Vehicle,Others,12.948175,77.573748
Basavanagudi,2022,Simple Injury,Hit pedestrian,Residential Street,12.94331,77.57384
Basavanagudi,2022,Simple Injury,Vehicle to Vehicle,Others,12.940029,77.5737
Basavanagudi,2022,Simple Injury,Vehicle to Vehicle,Residential Street,12.942155,77.579197
Basavanagudi,2022,Fatal,Vehicle to Vehicle,Two way,12.9479805,77.5677204
Basavanagudi,2022,Grievous Injury,Vehicle to Vehicle,Two way,12.942155,77.579197
Basavanagudi,2022,Simple Injury,Vehicle to Vehicle,Two way,12.940646,77.573788
Basavanagudi,2023,Grievous Injury,Not Applicable,Two way,12.957046,77.562353
Basavanagudi,2023,Grievous Injury,Vehicle to Vehicle,Others,12.946831,77.555608
Basavanagudi,2023,Grievous Injury,Hit pedestrian,Two way,12.938562,77.553868
Basavanagudi,2023,Grievous Injury,Vehicle to Vehicle,Two way,12.934197,77.558996
Basavanagudi,2023,Simple Injury,Vehicle to Vehicle,One way,12.939336,77.580153
Basavanagudi,2023,Simple Injury,Vehicle to Vehicle,Two way,12.957779,77.560632
Basavanagudi,2023,Fatal,Hit pedestrian,Others,12.944956,77.567814
Basavanagudi,2023,Damage Only,Vehicle to Vehicle,Others,12.942878,77.551041
Basavanagudi,2023,Damage Only,Vehicle to Vehicle,Others,12.941974,77.561034
Basavanagudi,2023,Damage Only,Vehicle to Vehicle,One way,12.947024,77.580023
Basavanagudi,2023,Grievous Injury,Vehicle to Vehicle,Others,12.94792,77.580315
Basavanagudi,2023,Simple Injury,Vehicle to Vehicle,Two way,12.943002,77.553616
Basavanagudi,2023,Grievous Injury,Vehicle to Vehicle,Two way,12.943667,77.579505
Basavanagudi,2023,Grievous Injury,Vehicle to Vehicle,Others,12.938357,77.573789
Basavanagudi,2023,Grievous Injury,Vehicle to Vehicle,Others,12.944796,77.556701
Basavanagudi,2023,Grievous Injury,Vehicle to Vehicle,Others,12.936811,77.572877
Basavanagudi,2023,Grievous Injury,Vehicle to Vehicle,Residential Street,12.941775,77.556926
Basavanagudi,2023,Grievous Injury,Not Applicable,One way,12.944393,77.579659
Basavanagudi,2023,Fatal,Vehicle to Vehicle,Not Applicable,12.946948,77.573314
Basavanagudi,2023,Simple Injury,Vehicle to Vehicle,Others,12.951019,77.573879
Basavanagudi,2023,Simple Injury,Vehicle to Vehicle,Others,12.942231,77.556248
Basavanagudi,2023,Simple Injury,Vehicle to Vehicle,Others,12.949224,77.562469
Basavanagudi,2023,Fatal,Vehicle to Vehicle,Two way,12.942395,77.551017
Basavanagudi,2023,Grievous Injury,Not Applicable,Two way,12.938333,77.556973
Basavanagudi,2023,Simple Injury,Vehicle to Vehicle,Others,12.950842,77.573494
Basavanagudi,2023,Not Applicable,Vehicle to Vehicle,Others,12.94146,77.525317
Basavanagudi,2023,Damage Only,Vehicle to Vehicle,Two way,12.93882,77.57385
Basavanagudi,2023,Grievous Injury,Vehicle to Vehicle,Two way,12.948463,77.572209
Basavanagudi,2023,Grievous Injury,Vehicle to Vehicle,Others,12.951246,77.549543
Basavanagudi,2023,Grievous Injury,Vehicle to Vehicle,Two way,12.94462,77.564507
Basavanagudi,2023,Simple Injury,Vehicle to Vehicle,Others,12.9459,77.562253
Basavanagudi,2023,Grievous Injury,Vehicle to Vehicle,Others,12.947799,77.580014
Basavanagudi,2023,Grievous Injury,Vehicle to Vehicle,Others,12.943631,77.568758
Basavanagudi,2023,Grievous Injury,Hit pedestrian,Others,12.946282,77.552291
Basavanagudi,2023,Grievous Injury,Vehicle to Vehicle,Residential Street,12.935692,77.566773
Basavanagudi,2023,Grievous Injury,Vehicle to Vehicle,Others,12.939427,77.580149
Basavanagudi,2023,Grievous Injury,Hit pedestrian,Two way,12.937444,77.560326
Basavanagudi,2023,Grievous Injury,Vehicle to Vehicle,State Highway,12.933677,77.586407
Basavanagudi,2023,Grievous Injury,Vehicle to Vehicle,One way,12.932857,77.546942
Basavanagudi,2023,Grievous Injury,Hit pedestrian,Residential Street,12.941511,77.58091
Basavanagudi,2023,Damage Only,Vehicle to Vehicle,Others,12.9459,77.562253
Basavanagudi,2023,Damage Only,Vehicle to Vehicle,Others,12.93614,77.571732
Basavanagudi,2023,Damage Only,Vehicle to Vehicle,Others,12.944124,77.57902
Basavanagudi,2023,Grievous Injury,Vehicle to Vehicle,Others,12.941854,77.561058
Basavanagudi,2023,Grievous Injury,Vehicle to Vehicle,Others,12.940798,77.565956
Basavanagudi,2023,Simple Injury,Vehicle to Vehicle,Two way,12.943595,77.579289
Basavanagudi,2023,Simple Injury,Hit pedestrian,Others,12.945886,77.556415
Basavanagudi,2023,Damage Only,Vehicle to Vehicle,Two way,12.936658,77.574008
Basavanagudi,2023,Damage Only,Vehicle to Vehicle,Others,12.942314,77.578624
Bellanduru,2023,Grievous Injury,Hit pedestrian,Two way,12.900226,77.6754306
Bellanduru,2023,Grievous Injury,Not Applicable,Others,12.9044709,77.6767701
Bellanduru,2023,Fatal,Vehicle to Vehicle,Two way,12.916242,77.667734
Bellanduru,2023,Grievous Injury,Hit pedestrian,Others,12.919324,77.668156
Bellanduru,2023,Grievous Injury,Hit pedestrian,Others,12.907904,77.693394
Bellanduru,2023,Grievous Injury,Vehicle to Vehicle,Others,12.909856,77.696974
Bellanduru,2023,Grievous Injury,Vehicle to Vehicle,Two way,12.906534,77.697851
Bellanduru,2023,Grievous Injury,Hit pedestrian,Two way,12.889573,77.673161
Bellanduru,2023,Grievous Injury,Hit pedestrian,Residential Street,12.917463,77.66842
Bellanduru,2023,Fatal,Hit pedestrian,Others,12.905846,77.699715
Bellanduru,2023,Grievous Injury,Vehicle to Vehicle,Others,12.922652,77.656297
Bellanduru,2023,Fatal,Vehicle to Vehicle,Others,12.897472,77.675031
Bellanduru,2023,Grievous Injury,Vehicle to Vehicle,Others,12.922652,77.656297
Bellanduru,2023,Grievous Injury,Not Applicable,Two way,12.918379,77.670565
Bellanduru,2023,Not Applicable,Vehicle to Vehicle,Two way,12.893392,77.673992
Bellanduru,2023,Grievous Injury,Vehicle to Vehicle,Others,12.926811,77.669748
Bellanduru,2023,Grievous Injury,Hit pedestrian,Others,12.907367,77.695523
Bellanduru,2023,Grievous Injury,Vehicle to Vehicle,Others,12.923417,77.65656
Bellanduru,2023,Grievous Injury,Hit pedestrian,Two way,12.911452,77.676597
Bellanduru,2023,Damage Only,Vehicle to Vehicle,Others,12.925124,77.674414
Bellanduru,2023,Grievous Injury,Hit pedestrian,Others,12.908717,77.689938
Bellanduru,2023,Fatal,Not Applicable,Two way,12.909503,77.663933
Bellanduru,2023,Fatal,Vehicle to Vehicle,Others,12.922913,77.669182
Bellanduru,2023,Fatal,Vehicle to Vehicle,Others,12.923557,77.655429
Bellanduru,2023,Grievous Injury,Not Applicable,Residential Street,12.924161,77.669553
Bellanduru,2023,Grievous Injury,Vehicle to Vehicle,Two way,12.92313,77.695309
Bellanduru,2023,Grievous Injury,Hit pedestrian,Others,12.912338,77.681273
Bellanduru,2023,Fatal,Hit pedestrian,Others,12.901253,77.676555
Bellanduru,2023,Grievous Injury,Vehicle to Vehicle,Others,12.927285,77.680123
Bellanduru,2023,Grievous Injury,Vehicle to Vehicle,Others,12.921043,77.665806
Bellanduru,2023,Grievous Injury,Hit bicyclist,Others,12.922077,77.66756
Bellanduru,2023,Grievous Injury,Vehicle to Vehicle,Others,12.919516,77.69663
Jnanabharathi,2020,Grievous Injury,Not Applicable,Two way,12.97811,77.48748
Jnanabharathi,2020,Simple Injury,Hit pedestrian,State Highway,12.98586,77.48006
Jnanabharathi,2020,Grievous Injury,Not Applicable,Others,12.98566,77.47957
Jnanabharathi,2020,Damage Only,Vehicle to Vehicle,Others,12.95642,77.47144
Jnanabharathi,2020,Damage Only,Not Applicable,One way,12.97797,77.57947
Jnanabharathi,2022,Grievous Injury,Hit pedestrian,Not Applicable,12.988773,77.472259
Jnanabharathi,2022,Grievous Injury,Hit pedestrian,Not Applicable,12.986201,77.477931
Jnanabharathi,2022,Grievous Injury,Vehicle to Vehicle,Residential Street,13.01045,77.494691
Jnanabharathi,2022,Fatal,Vehicle to Vehicle,Major District Road,12.985513,77.479761
Jnanabharathi,2022,Grievous Injury,Vehicle to Vehicle,Residential Street,12.988583,77.485004
Jnanabharathi,2022,Grievous Injury,Vehicle to Vehicle,State Highway,12.986517,77.47147
Jnanabharathi,2022,Grievous Injury,Hit pedestrian,State Highway,12.985889,77.478381
Bytarayanapura,2016,Simple Injury,Others,Others,12.9368329,77.5317378
Bytarayanapura,2016,Fatal,Hit pedestrian,Two way,12.9522473,77.5370219
Bytarayanapura,2018,Fatal,Hit and Run,One way,12.94014,77.533196
Bytarayanapura,2018,Simple Injury,Hit pedestrian,Two way,12.947324,77.52422
Bytarayanapura,2018,Fatal,Rear end,State Highway,12.956952,77.550265
Bytarayanapura,2018,Grievous Injury,Rear end,Two way,12.939333,77.532917
Bytarayanapura,2018,Grievous Injury,Hit pedestrian,City or Town Road,12.943562,77.538721
Bytarayanapura,2018,Grievous Injury,Hit pedestrian,Two way,12.95771,77.547832
Bytarayanapura,2018,Fatal,Hit pedestrian,State Highway,12.940679,77.524575
Bytarayanapura,2018,Grievous Injury,Hit pedestrian,Residential Street,12.958194,77.540356
Bytarayanapura,2018,Grievous Injury,Others,Two way,12.95994,77.532519
Bytarayanapura,2018,Grievous Injury,Hit and Run,City or Town Road,12.958497,77.525798
Bytarayanapura,2018,Simple Injury,Right Turn Collision,State Highway,12.947574,77.533762
Bytarayanapura,2018,Grievous Injury,Hit and Run,State Highway,12.947705,77.533738
Bytarayanapura,2018,Damage Only,Rear end,Two way,12.936306,77.518615
Bytarayanapura,2018,Grievous Injury,Rear end,City or Town Road,12.94602,77.526953
Bytarayanapura,2018,Grievous Injury,Hit and Run,State Highway,12.954341,77.543948
Bytarayanapura,2018,Grievous Injury,Rear end,City or Town Road,12.95222,77.516145
Bytarayanapura,2018,Grievous Injury,Right Turn Collision,Two way,12.94618,77.52938
Bytarayanapura,2018,Grievous Injury,Rear end,Others,12.943921,77.53008
Bytarayanapura,2018,Grievous Injury,Hit pedestrian,Two way,12.944477,77.541132
Bytarayanapura,2018,Simple Injury,Others,Two way,12.958565,77.52592
Bytarayanapura,2018,Damage Only,Rear end,Others,12.936012,77.514018
Bytarayanapura,2018,Damage Only,Hit fixed object,One way,12.95285,77.541061
Bytarayanapura,2018,Grievous Injury,Hit pedestrian,City or Town Road,12.927713,77.545994
Bytarayanapura,2018,Grievous Injury,Hit pedestrian,Two way,12.95881,77.517251
Bytarayanapura,2018,Simple Injury,Rear end,Two way,12.951408,77.5214
Bytarayanapura,2018,Simple Injury,Head on,Two way,12.959029,77.524132
Bytarayanapura,2018,Grievous Injury,Hit and Run,One way,12.945798,77.527007
Bytarayanapura,2018,Fatal,Hit and Run,City or Town Road,12.953327,77.519966
Bytarayanapura,2018,Simple Injury,Hit pedestrian,State Highway,12.956642,77.548157
Bytarayanapura,2018,Damage Only,Rear end,City or Town Road,12.940621,77.532192
Bytarayanapura,2018,Grievous Injury,Others,Two way,12.948134,77.523847
Bytarayanapura,2018,Grievous Injury,Hit and Run,Residential Street,12.948601,77.539992
Bytarayanapura,2018,Fatal,Hit pedestrian,Two way,12.958363,77.526306
Bytarayanapura,2018,Grievous Injury,Others,City or Town Road,12.969148,77.517696
Bytarayanapura,2018,Fatal,Rear end,Two way,13.043742,77.474974
Bytarayanapura,2019,Grievous Injury,Vehicle to Vehicle,State Highway,12.957103,77.551004
Bytarayanapura,2019,Fatal,Hit pedestrian,Two way,12.943233,77.542747
Bytarayanapura,2019,Fatal,Hit pedestrian,Others,12.95709248,77.54546817
Bytarayanapura,2019,Grievous Injury,Hit pedestrian,State Highway,12.957264,77.551951
Bytarayanapura,2020,Grievous Injury,Hit pedestrian,Two way,12.948789,77.548768
Bytarayanapura,2020,Grievous Injury,Vehicle to Vehicle,Two way,12.943226,77.54334
Bytarayanapura,2020,Damage Only,Vehicle to Vehicle,Two way,12.950677,77.528551
Bytarayanapura,2020,Fatal,Not Applicable,State Highway,12.952514,77.541231
Bytarayanapura,2020,Damage Only,Vehicle to Vehicle,State Highway,12.949819,77.536863
Bytarayanapura,2020,Damage Only,Vehicle to Vehicle,State Highway,12.952505,77.541236
Bytarayanapura,2020,Simple Injury,Hit pedestrian,Two way,12.959426,77.533167
Bytarayanapura,2020,Fatal,Vehicle to Vehicle,Two way,12.946027,77.526535
Bytarayanapura,2020,Grievous Injury,Vehicle to Vehicle,Two way,12.956987,77.532711
Bytarayanapura,2020,Grievous Injury,Vehicle to Vehicle,One way,12.953891,77.546269
Bytarayanapura,2020,Fatal,Not Applicable,Two way,12.940469,77.53208
Bytarayanapura,2020,Grievous Injury,Vehicle to Vehicle,One way,12.952884,77.540516
Bytarayanapura,2020,Grievous Injury,Vehicle to Vehicle,Two way,12.94392,77.530073
Bytarayanapura,2020,Grievous Injury,Hit pedestrian,Two way,12.968967,77.51886
Bytarayanapura,2020,Grievous Injury,Not Applicable,Two way,12.936103,77.531135
Bytarayanapura,2020,Grievous Injury,Hit pedestrian,One way,12.95319,77.536732
Bytarayanapura,2020,Fatal,Vehicle to Vehicle,Two way,12.970782,77.524932
Bytarayanapura,2020,Grievous Injury,Vehicle to Vehicle,Two way,12.958218,77.518851
Bytarayanapura,2020,Grievous Injury,Hit pedestrian,Others,12.953442,77.542999
Bytarayanapura,2020,Grievous Injury,Hit pedestrian,Two way,12.952553,77.520221
Bytarayanapura,2020,Grievous Injury,Vehicle to Vehicle,State Highway,12.936285,77.518253
Bytarayanapura,2020,Grievous Injury,Vehicle to Vehicle,State Highway,12.948001,77.534617
Bytarayanapura,2020,Damage Only,Vehicle to Vehicle,State Highway,12.945463,77.528368
Bytarayanapura,2020,Simple Injury,Not Applicable,Two way,12.95522,77.549264
Bytarayanapura,2020,Fatal,Vehicle to Vehicle,State Highway,12.947518,77.53308
Bytarayanapura,2020,Grievous Injury,Vehicle to Vehicle,Two way,12.945133,77.528349
Bytarayanapura,2020,Damage Only,Vehicle to Vehicle,Two way,12.969087,77.524558
Bytarayanapura,2020,Grievous Injury,Hit pedestrian,State Highway,12.936505,77.51912
Bytarayanapura,2020,Fatal,Not Applicable,State Highway,12.945016,77.527832
Bytarayanapura,2020,Damage Only,Vehicle to Vehicle,State Highway,12.954338,77.544118
Bytarayanapura,2020,Grievous Injury,Hit pedestrian,Two way,12.957243,77.531876
Bytarayanapura,2020,Damage Only,Vehicle to Vehicle,Others,12.94146,77.538856
Bytarayanapura,2020,Grievous Injury,Hit pedestrian,State Highway,12.938414,77.522454
Bytarayanapura,2020,Fatal,Hit pedestrian,Two way,12.941437,77.531464
Bytarayanapura,2020,Grievous Injury,Vehicle to Vehicle,Two way,12.960141,77.525842
Bytarayanapura,2020,Grievous Injury,Not Applicable,Two way,12.943936,77.530093
Bytarayanapura,2020,Fatal,Not Applicable,Two way,12.966429,77.51886
Bytarayanapura,2020,Grievous Injury,Vehicle to Vehicle,State Highway,12.954341,77.544098
Bytarayanapura,2020,Grievous Injury,Vehicle to Vehicle,Two way,12.957765,77.53429
Bytarayanapura,2020,Grievous Injury,Vehicle to Vehicle,Two way,12.94622,77.525807
Bytarayanapura,2020,Grievous Injury,Vehicle to Vehicle,State Highway,12.952525,77.541247
Bytarayanapura,2020,Damage Only,Vehicle to Vehicle,State Highway,12.952941,77.541657
Bytarayanapura,2021,Simple Injury,Hit pedestrian,One way,12.950543,77.53741
Bytarayanapura,2021,Grievous Injury,Hit pedestrian,Residential Street,12.968107,77.520662
Bytarayanapura,2021,Simple Injury,Hit pedestrian,State Highway,12.945023,77.527712
Bytarayanapura,2021,Fatal,Vehicle to Vehicle,State Highway,12.953676,77.542907
Bytarayanapura,2021,Grievous Injury,Vehicle to Vehicle,Two way,12.943508,77.538687
Bytarayanapura,2021,Simple Injury,Vehicle to Vehicle,State Highway,12.953207,77.538373
Bytarayanapura,2021,Simple Injury,Vehicle to Vehicle,State Highway,12.945591,77.52807
Bytarayanapura,2021,Grievous Injury,Not Applicable,Two way,12.947939,77.523987
Bytarayanapura,2021,Fatal,Hit pedestrian,Two way,12.940989,77.524709
Bytarayanapura,2021,Damage Only,Vehicle to Vehicle,State Highway,12.954355,77.544117
Bytarayanapura,2021,Grievous Injury,Vehicle to Vehicle,Two way,12.943239,77.52612
Bytarayanapura,2021,Grievous Injury,Not Applicable,Major District Road,12.944058,77.530153
Bytarayanapura,2021,Grievous Injury,Hit pedestrian,Two way,12.946923,77.531769
Bytarayanapura,2021,Grievous Injury,Hit pedestrian,State Highway,12.954405,77.544019
Bytarayanapura,2021,Grievous Injury,Hit pedestrian,Two way,12.943261,77.542754
Bytarayanapura,2021,Grievous Injury,Vehicle to Vehicle,Two way,12.957972,77.518784
Bytarayanapura,2021,Grievous Injury,Hit pedestrian,Others,12.960902,77.527901
Bytarayanapura,2021,Fatal,Hit pedestrian,Two way,12.959454,77.515711
Bytarayanapura,2021,Grievous Injury,Hit pedestrian,Two way,12.940857,77.531971
Bytarayanapura,2021,Grievous Injury,Hit pedestrian,Two way,12.943505,77.538356
Bytarayanapura,2021,Grievous Injury,Hit pedestrian,Two way,12.945015,77.54626
Bytarayanapura,2021,Grievous Injury,Vehicle to Vehicle,Two way,12.959047,77.523651
Bytarayanapura,2021,Grievous Injury,Vehicle to Vehicle,Others,12.951242,77.537374
Bytarayanapura,2021,Grievous Injury,Hit pedestrian,Others,12.951794,77.521031
Bytarayanapura,2021,Fatal,Vehicle to Vehicle,State Highway,12.945329,77.528189
Bytarayanapura,2021,Simple Injury,Not Applicable,Others,12.953207,77.541043
Bytarayanapura,2021,Simple Injury,Hit pedestrian,One way,12.954846,77.534931
Bytarayanapura,2021,Fatal,Vehicle to Vehicle,State Highway,12.954345,77.544132
Bytarayanapura,2021,Damage Only,Vehicle to Vehicle,Service Road,12.94755,77.524291
Bytarayanapura,2021,Grievous Injury,Hit pedestrian,State Highway,12.950974,77.538668
Bytarayanapura,2021,Fatal,Vehicle to Vehicle,State Highway,12.950982,77.538743
Bytarayanapura,2021,Fatal,Hit pedestrian,Others,12.942833,77.530858
Bytarayanapura,2021,Grievous Injury,Vehicle to Vehicle,One way,12.953226,77.538434
Bytarayanapura,2021,Simple Injury,Vehicle to Vehicle,One way,12.95258,77.541312
Bytarayanapura,2021,Not Applicable,Vehicle to Vehicle,One way,12.95899,77.516715
Bytarayanapura,2021,Grievous Injury,Vehicle to Vehicle,Two way,12.951723,77.520796
Bytarayanapura,2021,Grievous Injury,Vehicle to Vehicle,One way,12.940168,77.533089
Bytarayanapura,2021,Grievous Injury,Vehicle to Vehicle,Two way,12.938302,77.533341
Bytarayanapura,2021,Fatal,Hit pedestrian,One way,12.952503,77.541236
Bytarayanapura,2021,Damage Only,Vehicle to Vehicle,One way,12.952965,77.541476
Bytarayanapura,2021,Fatal,Hit pedestrian,Two way,12.947553,77.524255
Bytarayanapura,2021,Not Applicable,Vehicle to Vehicle,Others,12.938299,77.521705
Bytarayanapura,2021,Grievous Injury,Hit pedestrian,Two way,12.9425,77.52576
Bytarayanapura,2021,Simple Injury,Vehicle to Vehicle,State Highway,12.946276,77.530014
Bytarayanapura,2021,Fatal,Hit pedestrian,Service Road,12.959429,77.51606
Bytarayanapura,2021,Fatal,Vehicle to Vehicle,Two way,12.950228,77.522201
Bytarayanapura,2021,Damage Only,Vehicle to Vehicle,Service Road,12.951817,77.520999
Bytarayanapura,2021,Grievous Injury,Vehicle to Vehicle,Two way,12.934868,77.532812
Bytarayanapura,2021,Grievous Injury,Vehicle to Vehicle,Two way,12.953719,77.522186
Bytarayanapura,2021,Grievous Injury,Vehicle to Vehicle,One way,12.938624,77.532549
Bytarayanapura,2021,Damage Only,Not Applicable,Others,12.949474,77.543624
Bytarayanapura,2021,Grievous Injury,Vehicle to Vehicle,One way,12.938282,77.522001
Bytarayanapura,2021,Grievous Injury,Hit pedestrian,Two way,12.94097,77.531736
Bytarayanapura,2021,Grievous Injury,Vehicle to Vehicle,Two way,12.945322,77.528007
Bytarayanapura,2021,Simple Injury,Hit pedestrian,One way,12.938414,77.53204
Bytarayanapura,2021,Grievous Injury,Not Applicable,Two way,12.95823,77.518813
Bytarayanapura,2021,Grievous Injury,Hit pedestrian,State Highway,12.941124,77.524676
Bytarayanapura,2021,Grievous Injury,Vehicle to Vehicle,Two way,12.951099,77.539127
Bytarayanapura,2021,Grievous Injury,Not Applicable,Two way,12.943259,77.542891
Bytarayanapura,2021,Grievous Injury,Vehicle to Vehicle,Two way,12.950006,77.522186
Bytarayanapura,2021,Grievous Injury,Vehicle to Vehicle,Two way,12.959777,77.519471
Bytarayanapura,2021,Grievous Injury,Hit pedestrian,Two way,12.943255,77.542861
Bytarayanapura,2021,Grievous Injury,Vehicle to Vehicle,Two way,12.93841,77.533494
Bytarayanapura,2021,Damage Only,Vehicle to Vehicle,State Highway,12.954404,77.543995
Bytarayanapura,2021,Simple Injury,Hit pedestrian,State Highway,12.954412,77.54398
Bytarayanapura,2021,Grievous Injury,Hit pedestrian,One way,12.935797,77.514098
Bytarayanapura,2021,Simple Injury,Hit pedestrian,Two way,12.960063,77.519775
Bytarayanapura,2021,Grievous Injury,Vehicle to Vehicle,Two way,12.956229,77.546528
Bytarayanapura,2021,Not Applicable,Vehicle to Vehicle,State Highway,12.945098,77.527674
Bytarayanapura,2021,Grievous Injury,Vehicle to Vehicle,State Highway,12.95618,77.54667
Bytarayanapura,2021,Fatal,Vehicle to Vehicle,State Highway,12.950551,77.537809
Bytarayanapura,2021,Grievous Injury,Hit pedestrian,State Highway,12.93645,77.518647
Bytarayanapura,2021,Simple Injury,Hit pedestrian,State Highway,12.948223,77.535059
Bytarayanapura,2021,Fatal,Not Applicable,Two way,12.959673,77.515544
Bytarayanapura,2021,Damage Only,Not Applicable,Others,12.946006,77.528843
Bytarayanapura,2021,Grievous Injury,Hit pedestrian,Two way,12.944042,77.546147
Bytarayanapura,2021,Simple Injury,Vehicle to Vehicle,Others,12.957925,77.527232
Bytarayanapura,2021,Grievous Injury,Hit pedestrian,State Highway,12.94632,77.53037
Bytarayanapura,2021,Simple Injury,Hit pedestrian,Two way,12.960876,77.5204
Bytarayanapura,2021,Grievous Injury,Vehicle to Vehicle,Two way,12.947682,77.523964
Bytarayanapura,2021,Damage Only,Vehicle to Vehicle,Two way,12.958114,77.518742
Bytarayanapura,2021,Grievous Injury,Hit pedestrian,State Highway,12.94741,77.533095
Bytarayanapura,2021,Simple Injury,Vehicle to Vehicle,Two way,12.959931,77.531511
Bytarayanapura,2021,Grievous Injury,Hit pedestrian,Two way,12.943526,77.538671
Bytarayanapura,2021,Simple Injury,Vehicle to Vehicle,Others,12.936424,77.51778
Bytarayanapura,2021,Simple Injury,Hit pedestrian,Two way,12.940098,77.524055
Bytarayanapura,2021,Simple Injury,Vehicle to Vehicle,State Highway,12.957134,77.551324
Bytarayanapura,2021,Fatal,Hit pedestrian,Two way,12.957788,77.519125
Bytarayanapura,2021,Simple Injury,Vehicle to Vehicle,Two way,12.938477,77.533455
Bytarayanapura,2021,Grievous Injury,Not Applicable,Two way,12.944411,77.543169
Bytarayanapura,2021,Grievous Injury,Not Applicable,Not Applicable,12.947228,77.532571
Bytarayanapura,2021,Simple Injury,Hit pedestrian,State Highway,12.94643,77.530586
Bytarayanapura,2021,Grievous Injury,Vehicle to Vehicle,Two way,12.949958,77.52101
Bytarayanapura,2021,Grievous Injury,Hit pedestrian,Two way,12.959179,77.516694
Bytarayanapura,2021,Fatal,Not Applicable,State Highway,12.956104,77.546582
Bytarayanapura,2021,Damage Only,Vehicle to Vehicle,State Highway,12.955288,77.545191
Bytarayanapura,2021,Grievous Injury,Vehicle to Vehicle,Two way,12.954721,77.517839
Bytarayanapura,2021,Damage Only,Vehicle to Vehicle,Two way,12.965919,77.524777
Bytarayanapura,2021,Damage Only,Vehicle to Vehicle,State Highway,12.936367,77.516543
Bytarayanapura,2021,Grievous Injury,Vehicle to Vehicle,State Highway,12.956268,77.546991
Bytarayanapura,2021,Not Applicable,Vehicle to Vehicle,State Highway,12.93589,77.51391
Bytarayanapura,2021,Simple Injury,Hit pedestrian,Two way,12.940763,77.531879
Bytarayanapura,2021,Fatal,Not Applicable,State Highway,12.948331,77.535195
Bytarayanapura,2021,Grievous Injury,Vehicle to Vehicle,Two way,12.956932,77.528691
Bytarayanapura,2021,Fatal,Hit pedestrian,Two way,12.947144,77.525356
Bytarayanapura,2021,Grievous Injury,Hit pedestrian,State Highway,12.94106,77.524777
Bytarayanapura,2021,Simple Injury,Vehicle to Vehicle,Others,12.945998,77.526889
Bytarayanapura,2021,Simple Injury,Not Applicable,Others,12.946005,77.526777
Bytarayanapura,2021,Simple Injury,Vehicle to Vehicle,State Highway,12.956153,77.546429
Bytarayanapura,2022,Simple Injury,Hit pedestrian,Residential Street,12.951635,77.527169
Bytarayanapura,2022,Simple Injury,Vehicle to Vehicle,State Highway,12.936259,77.518281
Bytarayanapura,2022,Grievous Injury,Vehicle to Vehicle,State Highway,12.956086,77.546324
Bytarayanapura,2022,Grievous Injury,Hit pedestrian,Others,12.963064,77.523467
Bytarayanapura,2022,Simple Injury,Hit pedestrian,Sub Arterial,12.95049,77.52105
Bytarayanapura,2022,Simple Injury,Not Applicable,Residential Street,12.948685,77.539673
Bytarayanapura,2022,Not Applicable,Not Applicable,Others,12.945585,77.528088
Bytarayanapura,2022,Grievous Injury,Vehicle to Vehicle,Sub Arterial,12.953273,77.544396
Bytarayanapura,2022,Simple Injury,Hit pedestrian,Sub Arterial,12.943873,77.542464
Bytarayanapura,2022,Grievous Injury,Vehicle to Vehicle,Two way,12.951747,77.521075
Bytarayanapura,2022,Fatal,Hit pedestrian,State Highway,12.94291,77.526015
Bytarayanapura,2022,Grievous Injury,Not Applicable,Sub Arterial,12.951585,77.546204
Bytarayanapura,2022,Simple Injury,Hit pedestrian,Others,12.957033,77.532351
Bytarayanapura,2022,Grievous Injury,Hit pedestrian,State Highway,12.936373,77.516457
Bytarayanapura,2022,Grievous Injury,Not Applicable,Two way,12.946684,77.530361
Bytarayanapura,2022,Grievous Injury,Hit pedestrian,Others,12.959714,77.533257
Bytarayanapura,2022,Simple Injury,Not Applicable,Others,12.943251,77.542567
Bytarayanapura,2022,Simple Injury,Vehicle to Vehicle,State Highway,12.94701,77.531826
Bytarayanapura,2022,Simple Injury,Hit pedestrian,State Highway,12.952421,77.541126
Bytarayanapura,2022,Simple Injury,Vehicle to Vehicle,Sub Arterial,12.946325,77.525484
Bytarayanapura,2022,Simple Injury,Not Applicable,Two way,12.957851,77.534071
Bytarayanapura,2022,Grievous Injury,Vehicle to Vehicle,Service Road,12.959038,77.516632
Bytarayanapura,2022,Grievous Injury,Hit pedestrian,Others,12.967363,77.523774
Bytarayanapura,2022,Simple Injury,Vehicle to Vehicle,Others,12.944037,77.530169
Bytarayanapura,2022,Simple Injury,Vehicle to Vehicle,Service Road,12.954439,77.54629
Bytarayanapura,2022,Fatal,Vehicle to Vehicle,Sub Arterial,12.959868,77.519592
Bytarayanapura,2022,Grievous Injury,Hit pedestrian,Two way,12.950791,77.539182
Bytarayanapura,2022,Simple Injury,Vehicle to Vehicle,Sub Arterial,12.953341,77.544918
Bytarayanapura,2022,Simple Injury,Hit pedestrian,Sub Arterial,12.956909,77.545206
Bytarayanapura,2022,Grievous Injury,Hit pedestrian,Residential Street,12.954363,77.523033
Bytarayanapura,2022,Fatal,Not Applicable,Sub Arterial,12.952297,77.54451
Bytarayanapura,2022,Fatal,Hit pedestrian,Others,12.951954,77.544415
Bytarayanapura,2022,Simple Injury,Vehicle to Vehicle,Others,12.946883,77.524974
Bytarayanapura,2022,Fatal,Hit pedestrian,Not Applicable,12.952208,77.543799
Bytarayanapura,2022,Simple Injury,Vehicle to Vehicle,State Highway,12.936259,77.518118
Bytarayanapura,2022,Fatal,Hit pedestrian,State Highway,12.949496,77.536563
Bytarayanapura,2022,Grievous Injury,Vehicle to Vehicle,Service Road,12.958117,77.519129
Bytarayanapura,2022,Fatal,Vehicle to Vehicle,State Highway,12.953737,77.542977
Bytarayanapura,2022,Fatal,Vehicle to Vehicle,Sub Arterial,12.958422,77.518828
Bytarayanapura,2022,Fatal,Vehicle to Vehicle,Others,12.942461,77.525717
Bytarayanapura,2022,Fatal,Not Applicable,Others,12.95077,77.521944
Bytarayanapura,2022,Simple Injury,Not Applicable,Service Road,12.970291,77.524817
Bytarayanapura,2022,Simple Injury,Hit pedestrian,State Highway,12.935658,77.518428
Bytarayanapura,2022,Grievous Injury,Hit pedestrian,Two way,12.946982,77.524704
Bytarayanapura,2022,Fatal,Not Applicable,Sub Arterial,12.957064,77.519314
Bytarayanapura,2022,Simple Injury,Hit pedestrian,State Highway,12.947336,77.532975
Bytarayanapura,2022,Simple Injury,Vehicle to Vehicle,State Highway,12.956417,77.547019
Bytarayanapura,2022,Simple Injury,Vehicle to Vehicle,Sub Arterial,12.959127,77.516385
Bytarayanapura,2022,Grievous Injury,Vehicle to Vehicle,Service Road,12.958186,77.51888
Bytarayanapura,2022,Grievous Injury,Vehicle to Vehicle,Others,12.950481,77.540665
Bytarayanapura,2022,Grievous Injury,Hit pedestrian,Others,12.956464,77.518534
Bytarayanapura,2022,Grievous Injury,Vehicle to Vehicle,One way,12.955353,77.546327
Bytarayanapura,2022,Simple Injury,Not Applicable,Others,12.967688,77.523732
Bytarayanapura,2022,Damage Only,Vehicle to Vehicle,State Highway,12.953732,77.543082
Bytarayanapura,2022,Fatal,Not Applicable,State Highway,12.945089,77.52785
Bytarayanapura,2022,Simple Injury,Hit pedestrian,State Highway,12.93677,77.51966
Bytarayanapura,2022,Grievous Injury,Vehicle to Vehicle,One way,12.953098,77.544409
Bytarayanapura,2022,Grievous Injury,Vehicle to Vehicle,Sub Arterial,12.959127,77.516385
Bytarayanapura,2022,Simple Injury,Vehicle to Vehicle,State Highway,12.944636,77.527516
Bytarayanapura,2022,Damage Only,Vehicle to Vehicle,Others,12.946031,77.526841
Bytarayanapura,2022,Simple Injury,Not Applicable,Others,12.943323,77.530412
Bytarayanapura,2022,Simple Injury,Vehicle to Vehicle,State Highway,12.957327,77.552072
Bytarayanapura,2022,Grievous Injury,Not Applicable,Others,12.960022,77.519711
Bytarayanapura,2022,Simple Injury,Vehicle to Vehicle,One way,12.945724,77.527843
Bytarayanapura,2022,Damage Only,Vehicle to Vehicle,State Highway,12.95034,77.537536
Bytarayanapura,2022,Fatal,Vehicle to Vehicle,Sub Arterial,12.946672,77.525474
Bytarayanapura,2022,Fatal,Vehicle to Vehicle,Service Road,12.940253,77.532874
Bytarayanapura,2022,Grievous Injury,Vehicle to Vehicle,Others,12.954444,77.517555
Bytarayanapura,2022,Fatal,Hit pedestrian,Residential Street,12.958308,77.532342
Bytarayanapura,2022,Grievous Injury,Hit pedestrian,Others,12.949304,77.538826
Bytarayanapura,2022,Fatal,Hit pedestrian,One way,12.957541,77.534056
Bytarayanapura,2022,Simple Injury,Vehicle to Vehicle,Others,12.959584,77.526808
Bytarayanapura,2022,Grievous Injury,Hit pedestrian,State Highway,12.957344,77.552118
Bytarayanapura,2022,Simple Injury,Vehicle to Vehicle,Two way,12.958295,77.526316
Bytarayanapura,2022,Simple Injury,Not Applicable,Others,12.943519,77.538471
Bytarayanapura,2022,Simple Injury,Vehicle to Vehicle,State Highway,12.94138,77.525057
Bytarayanapura,2022,Grievous Injury,Vehicle to Vehicle,Others,12.943452,77.540258
Bytarayanapura,2022,Fatal,Hit pedestrian,State Highway,12.94653,77.530636
Bytarayanapura,2022,Fatal,Vehicle to Vehicle,Two way,12.958438,77.518704
Bytarayanapura,2022,Grievous Injury,Vehicle to Vehicle,Arterial,12.940226,77.532318
Bytarayanapura,2022,Fatal,Not Applicable,Two way,12.958299,77.51841
Bytarayanapura,2022,Simple Injury,Vehicle to Vehicle,Others,12.936289,77.518105
Bytarayanapura,2022,Damage Only,Vehicle to Vehicle,Others,12.945709,77.527672
Bytarayanapura,2022,Damage Only,Vehicle to Vehicle,Sub Arterial,12.945189,77.528222
Bytarayanapura,2022,Grievous Injury,Vehicle to Vehicle,Two way,12.943262,77.542333
Bytarayanapura,2023,Fatal,Hit pedestrian,State Highway,12.93834,77.522078
Bytarayanapura,2023,Damage Only,Vehicle to Vehicle,Not Applicable,12.954394,77.544189
Bytarayanapura,2023,Grievous Injury,Vehicle to Vehicle,Others,12.953832,77.546261
Bytarayanapura,2023,Grievous Injury,Hit pedestrian,Others,12.953311,77.538407
Bytarayanapura,2023,Simple Injury,Vehicle to Vehicle,Not Applicable,12.947177,77.524363
Bytarayanapura,2023,Simple Injury,Vehicle to Vehicle,Others,12.942765,77.536399
Bytarayanapura,2023,Damage Only,Not Applicable,Others,12.945411,77.528321
Bytarayanapura,2023,Fatal,Hit pedestrian,Others,12.939697,77.523744
Bytarayanapura,2023,Damage Only,Vehicle to Vehicle,Not Applicable,12.960016,77.532985
Bytarayanapura,2023,Grievous Injury,Hit pedestrian,State Highway,12.950034,77.537173
Bytarayanapura,2023,Simple Injury,Hit pedestrian,Others,12.957942,77.526988
Bytarayanapura,2023,Damage Only,Vehicle to Vehicle,State Highway,12.949226,77.523076
Bytarayanapura,2023,Grievous Injury,Vehicle to Vehicle,Others,12.958884,77.517782
Bytarayanapura,2023,Grievous Injury,Vehicle to Vehicle,Major District Road,12.939635,77.532742
Bytarayanapura,2023,Grievous Injury,Vehicle to Vehicle,Not Applicable,12.95905,77.516446
Bytarayanapura,2023,Simple Injury,Vehicle to Vehicle,Others,12.945333,77.528595
Bytarayanapura,2023,Damage Only,Vehicle to Vehicle,Two way,12.968647,77.524409
Bytarayanapura,2023,Damage Only,Vehicle to Vehicle,Others,12.958201,77.518549
Bytarayanapura,2023,Simple Injury,Vehicle to Vehicle,Others,12.96784,77.523979
Bytarayanapura,2023,Simple Injury,Hit pedestrian,Others,12.95139,77.521068
Bytarayanapura,2023,Simple Injury,Hit pedestrian,State Highway,12.957061,77.515344
Bytarayanapura,2023,Grievous Injury,Vehicle to Vehicle,Others,12.952024,77.520825
Bytarayanapura,2023,Grievous Injury,Vehicle to Vehicle,One way,12.945357,77.527962
Bytarayanapura,2023,Grievous Injury,Hit pedestrian,Others,12.956447,77.54713
Bytarayanapura,2023,Damage Only,Vehicle to Vehicle,Others,12.958812,77.518205
Bytarayanapura,2023,Grievous Injury,Vehicle to Vehicle,Others,12.958919,77.516625
Bytarayanapura,2023,Damage Only,Vehicle to Vehicle,Not Applicable,12.951798,77.521051
Bytarayanapura,2023,Damage Only,Vehicle to Vehicle,Not Applicable,12.943491,77.539522
Bytarayanapura,2023,Simple Injury,Vehicle to Vehicle,Others,12.943305,77.542115
Bytarayanapura,2023,Simple Injury,Not Applicable,Others,12.959286,77.516735
Bytarayanapura,2023,Damage Only,Vehicle to Vehicle,Not Applicable,12.956041,77.546523
Bytarayanapura,2023,Damage Only,Vehicle to Vehicle,Not Applicable,12.937192,77.520527
Bytarayanapura,2023,Simple Injury,Not Applicable,State Highway,12.938793,77.522693
Bytarayanapura,2023,Simple Injury,Hit pedestrian,Not Applicable,12.950759,77.537531
Bytarayanapura,2023,Damage Only,Vehicle to Vehicle,Residential Street,12.95131,77.52183
Bytarayanapura,2023,Damage Only,Vehicle to Vehicle,Others,12.951878,77.521155
Bytarayanapura,2023,Damage Only,Vehicle to Vehicle,State Highway,12.945851,77.528843
Bytarayanapura,2023,Simple Injury,Not Applicable,Others,12.954162,77.543877
Bytarayanapura,2023,Simple Injury,Not Applicable,Others,12.954319,77.544123
Bytarayanapura,2023,Simple Injury,Hit pedestrian,Others,12.938353,77.533629
Bytarayanapura,2023,Simple Injury,Hit pedestrian,State Highway,12.945374,77.528302
Bytarayanapura,2023,Grievous Injury,Vehicle to Vehicle,Not Applicable,12.958492,77.517883
Bytarayanapura,2023,Simple Injury,Not Applicable,One way,12.961934,77.529625
Bytarayanapura,2023,Grievous Injury,Hit pedestrian,State Highway,12.94614,77.529987
Bytarayanapura,2023,Simple Injury,Hit pedestrian,Others,12.951601,77.539869
Bytarayanapura,2023,Simple Injury,Not Applicable,State Highway,12.954292,77.54402
Bytarayanapura,2023,Fatal,Not Applicable,Others,12.941331,77.534758
Bytarayanapura,2023,Fatal,Hit pedestrian,Others,12.957799,77.516282
Bytarayanapura,2023,Fatal,Vehicle to Vehicle,State Highway,12.94586169,77.52838099
Bytarayanapura,2023,Damage Only,Vehicle to Vehicle,State Highway,12.954395,77.544046
Bytarayanapura,2023,Simple Injury,Not Applicable,Others,12.943523,77.538654
Bytarayanapura,2023,Simple Injury,Vehicle to Vehicle,Others,12.954353,77.54414
Bytarayanapura,2023,Grievous Injury,Hit pedestrian,Others,12.814305,77.683994
Bytarayanapura,2023,Simple Injury,Vehicle to Vehicle,Others,12.943917,77.53008
Chickpet,2017,Simple Injury,Others,Others,12.965401,77.573756
Chickpet,2017,Damage Only,Head on,City or Town Road,12.957913,77.563369
Chickpet,2017,Simple Injury,Not Applicable,City or Town Road,12.966488,77.574924
Chickpet,2017,Simple Injury,Hit pedestrian,City or Town Road,12.961192,77.561991
Chickpet,2017,Fatal,Head on,City or Town Road,12.980232,77.571175
Chickpet,2017,Simple Injury,Hit and Run,City or Town Road,12.969672,77.570238
Chickpet,2017,Fatal,Hit pedestrian,City or Town Road,12.958519,77.578261
Chickpet,2017,Simple Injury,Hit and Run,City or Town Road,12.960476,77.568575
Chickpet,2017,Simple Injury,Others,Others,12.979074,77.570922
Chickpet,2017,Damage Only,Hit and Run,City or Town Road,12.980593,77.570724
Chickpet,2017,Simple Injury,Not Applicable,City or Town Road,12.959352,77.555655
Chickpet,2017,Simple Injury,Not Applicable,City or Town Road,12.960111,77.556691
Chickpet,2017,Simple Injury,Skidding or Self accident,City or Town Road,12.964257,77.570743
Chickpet,2017,Fatal,Hit and Run,City or Town Road,12.961083,77.560715
Chickpet,2017,Simple Injury,Hit and Run,One way,12.973174,77.569273
Chickpet,2017,Simple Injury,Others,Not Applicable,12.973174,77.569273
Chickpet,2017,Simple Injury,Not Applicable,City or Town Road,12.970426,77.56603
Chickpet,2017,Simple Injury,Others,City or Town Road,12.9606,77.55755
Chickpet,2017,Simple Injury,Hit pedestrian,City or Town Road,12.96519,77.564549
Chickpet,2017,Fatal,Head on,City or Town Road,12.974398,77.570461
Chickpet,2017,Simple Injury,Not Applicable,City or Town Road,12.961325,77.559571
Chickpet,2017,Fatal,Hit and Run,City or Town Road,12.963927,77.572798
Chickpet,2017,Simple Injury,Hit and Run,City or Town Road,12.974715,77.57044
Chickpet,2017,Grievous Injury,Others,City or Town Road,12.978082,77.570794
Chickpet,2017,Fatal,Head on,City or Town Road,12.979647,77.57101
Chickpet,2017,Simple Injury,Not Applicable,City or Town Road,12.970716,77.566572
Chickpet,2017,Fatal,Hit and Run,City or Town Road,12.963339,77.570216
Chickpet,2017,Simple Injury,Not Applicable,City or Town Road,12.9612,77.559743
Chickpet,2017,Simple Injury,Others,City or Town Road,12.97506,77.570901
Chickpet,2017,Damage Only,Not Applicable,City or Town Road,12.961949,77.565472
Chickpet,2018,Simple Injury,Hit and Run,City or Town Road,12.959599,77.563627
Chickpet,2018,Simple Injury,Head on,City or Town Road,12.962395,77.56463
Chickpet,2018,Simple Injury,Hit and Run,City or Town Road,12.966037,77.562699
Chickpet,2018,Simple Injury,Head on,City or Town Road,12.960451,77.564255
Chickpet,2018,Fatal,Head on,City or Town Road,12.964604,77.573609
Chickpet,2018,Damage Only,Hit and Run,City or Town Road,12.967643,77.56993
Chickpet,2018,Simple Injury,Hit and Run,City or Town Road,12.980521,77.570901
Chickpet,2018,Simple Injury,Hit parked vehicle,City or Town Road,12.960281,77.56199
Chickpet,2018,Simple Injury,Head on,City or Town Road,12.96986,77.565374
Chickpet,2018,Fatal,Head on,City or Town Road,12.959966,77.556223
Chickpet,2018,Simple Injury,Hit and Run,City or Town Road,12.969052,77.56493
Chickpet,2018,Simple Injury,Hit and Run,City or Town Road,12.965756,77.56242
Chickpet,2018,Simple Injury,Hit and Run,City or Town Road,12.962902,77.566524
Chickpet,2018,Grievous Injury,Head on,City or Town Road,12.959675,77.556016
Chickpet,2018,Grievous Injury,Hit and Run,City or Town Road,12.957664,77.557861
Chickpet,2018,Damage Only,Not Applicable,City or Town Road,12.964099,77.569705
Chickpet,2018,Simple Injury,Head on,City or Town Road,12.966992,77.568153
Chickpet,2018,Simple Injury,Hit and Run,City or Town Road,12.968882,77.570213
Chickpet,2018,Fatal,Head on,City or Town Road,12.96425,77.570422
Chickpet,2018,Simple Injury,Head on,City or Town Road,12.978214,77.571057
Chickpet,2018,Simple Injury,Head on,City or Town Road,12.964896,77.56824
Chickpet,2018,Grievous Injury,Hit and Run,City or Town Road,12.953237,77.550806
Chickpet,2018,Fatal,Hit and Run,City or Town Road,12.961275,77.559821
Chickpet,2018,Simple Injury,Hit pedestrian,City or Town Road,12.964798,77.573737
Chickpet,2018,Simple Injury,Not Applicable,NH,12.962902,77.566524
Chickpet,2018,Grievous Injury,Not Applicable,City or Town Road,12.960205,77.558319
Chickpet,2018,Damage Only,Hit and Run,City or Town Road,12.959503,77.555847
Chickpet,2018,Simple Injury,Head on,City or Town Road,12.961143,77.558933
Chickpet,2018,Simple Injury,Head on,City or Town Road,12.962711,77.560303
Chickpet,2018,Grievous Injury,Hit and Run,City or Town Road,12.965869,77.56853
Chickpet,2018,Simple Injury,Hit and Run,City or Town Road,12.957805,77.560832
Chickpet,2018,Grievous Injury,Hit bicyclist,City or Town Road,12.964489,77.572371
Chickpet,2018,Simple Injury,Head on,City or Town Road,12.96986,77.565374
Chickpet,2018,Simple Injury,Head on,City or Town Road,12.959793,77.559239
Chickpet,2018,Simple Injury,Hit and Run,City or Town Road,12.964463,77.573708
Chickpet,2018,Simple Injury,Hit and Run,City or Town Road,12.959941,77.556417
Chickpet,2018,Simple Injury,Hit and Run,City or Town Road,12.969677,77.565461
Chickpet,2018,Fatal,Hit and Run,City or Town Road,12.978279,77.57084
Chickpet,2018,Simple Injury,Not Applicable,City or Town Road,12.928511,77.595009
Chickpet,2018,Simple Injury,Hit and Run,City or Town Road,12.964276,77.57097
Chickpet,2018,Simple Injury,Hit and Run,City or Town Road,12.961256,77.559201
Chickpet,2018,Simple Injury,Head on,City or Town Road,12.975182,77.570686
Chickpet,2018,Simple Injury,Hit and Run,City or Town Road,12.961092,77.562041
Chickpet,2018,Simple Injury,Head on,City or Town Road,12.964281,77.569978
Chickpet,2018,Fatal,Head on,City or Town Road,12.960185,77.557076
Chickpet,2018,Simple Injury,Head on,City or Town Road,12.957468,77.565954
Chickpet,2018,Simple Injury,Hit pedestrian,City or Town Road,12.960495,77.557351
Chickpet,2018,Grievous Injury,Hit pedestrian,City or Town Road,12.961303,77.559185
Chickpet,2018,Fatal,Head on,City or Town Road,12.957537,77.552406
Chickpet,2018,Simple Injury,Hit pedestrian,City or Town Road,12.965322,77.562445
Chickpet,2019,Grievous Injury,Vehicle to Vehicle,Not Applicable,12.960758,77.55775
Chickpet,2019,Simple Injury,Hit pedestrian,Not Applicable,12.97472,77.57036
Chickpet,2019,Simple Injury,Hit pedestrian,Not Applicable,12.965307,77.567182
Chickpet,2019,Simple Injury,Vehicle to Vehicle,Not Applicable,12.96612,77.562856
Chickpet,2019,Grievous Injury,Not Applicable,Not Applicable,12.960024,77.56729
Chickpet,2019,Simple Injury,Head on,City or Town Road,12.96289,77.56656
Chickpet,2019,Damage Only,Not Applicable,Not Applicable,12.95798,77.567414
Chickpet,2019,Grievous Injury,Not Applicable,Not Applicable,12.97074,77.5665
Chickpet,2019,Simple Injury,Hit pedestrian,Not Applicable,12.97607,77.571003
Chickpet,2019,Damage Only,Hit and Run,City or Town Road,12.966407,77.563003
Chickpet,2019,Simple Injury,Hit pedestrian,Residential Street,12.9538264,77.5659103
Chickpet,2019,Simple Injury,Vehicle to Vehicle,Expressway,12.9605,77.55727
Chickpet,2019,Grievous Injury,Hit pedestrian,Others,12.96108,77.558517
Chickpet,2019,Grievous Injury,Vehicle to Vehicle,Residential Street,12.95866,77.564378
Chickpet,2019,Simple Injury,Hit and Run,City or Town Road,12.979949,77.571019
Chickpet,2019,Damage Only,Vehicle to Vehicle,Not Applicable,12.95798,77.567414
Chickpet,2019,Grievous Injury,Vehicle to Vehicle,Residential Street,12.9577,77.562125
Chickpet,2019,Simple Injury,Not Applicable,Others,12.960354,77.563323
Chickpet,2019,Grievous Injury,Vehicle to Vehicle,Not Applicable,12.96129,77.559317
Chickpet,2019,Simple Injury,Not Applicable,Not Applicable,12.961081,77.558654
Chickpet,2019,Grievous Injury,Not Applicable,Not Applicable,12.963283,77.56719
Chickpet,2019,Grievous Injury,Not Applicable,Not Applicable,12.963045,77.5665
Chickpet,2019,Simple Injury,Hit and Run,City or Town Road,12.963767,77.56807
Chickpet,2019,Simple Injury,Hit and Run,City or Town Road,12.96428,77.568194
Chickpet,2019,Grievous Injury,Hit pedestrian,Two way,12.968,77.56391
Chickpet,2019,Simple Injury,Hit pedestrian,Not Applicable,12.97049,77.566282
Chickpet,2019,Grievous Injury,Vehicle to Vehicle,Not Applicable,12.95943,77.56438
Chickpet,2019,Simple Injury,Hit pedestrian,One way,12.97744,77.57091
Chickpet,2019,Simple Injury,Vehicle to Vehicle,Not Applicable,12.959169,77.56731
Chickpet,2019,Fatal,Head on,City or Town Road,12.961911,77.562994
Chickpet,2019,Fatal,Head on,City or Town Road,12.962132,77.56381
Chickpet,2019,Grievous Injury,Hit pedestrian,Not Applicable,12.965277,77.568162
Chickpet,2019,Fatal,Not Applicable,Not Applicable,12.961187,77.56325
Chickpet,2019,Fatal,Hit pedestrian,Not Applicable,12.95773,77.560864
Chickpet,2019,Fatal,Hit and Run,City or Town Road,12.965729,77.567856
Chickpet,2019,Grievous Injury,Not Applicable,Not Applicable,12.965622,77.562565
Chickpet,2019,Grievous Injury,Vehicle to Vehicle,Residential Street,12.95783,77.564457
Chickpet,2019,Grievous Injury,Not Applicable,Not Applicable,12.96128,77.559207
Chickpet,2019,Simple Injury,Vehicle to Vehicle,Others,12.9757,77.57086
Chickpet,2019,Simple Injury,Vehicle to Vehicle,Expressway,12.96086,77.557544
Chickpet,2019,Damage Only,Vehicle to Vehicle,Not Applicable,12.95341,77.554429
Chickpet,2019,Grievous Injury,Hit pedestrian,Major District Road,12.96303,77.566518
Chickpet,2019,Fatal,Not Applicable,Not Applicable,12.961911,77.56299
Chickpet,2019,Simple Injury,Hit pedestrian,Not Applicable,12.96128,77.559207
Chickpet,2019,Grievous Injury,Vehicle to Vehicle,Not Applicable,12.94374,77.558419
Chickpet,2019,Simple Injury,Hit pedestrian,Others,12.95766,77.55938
Chickpet,2019,Grievous Injury,Vehicle to Vehicle,Expressway,12.96001,77.56525
Chickpet,2019,Simple Injury,Hit and Run,City or Town Road,12.961911,77.562994
Chickpet,2019,Fatal,Hit and Run,City or Town Road,12.960832,77.557826
Chickpet,2019,Grievous Injury,Vehicle to Vehicle,Residential Street,12.9651,77.568289
Chickpet,2019,Simple Injury,Hit pedestrian,Not Applicable,12.96431,77.571115
Chickpet,2019,Fatal,Hit and Run,City or Town Road,12.960388,77.564444
Chickpet,2019,Simple Injury,Vehicle to Vehicle,State Highway,12.97062,77.566547
Chickpet,2019,Grievous Injury,Vehicle to Vehicle,NH,12.95961,77.555828
Chickpet,2019,Grievous Injury,Hit pedestrian,One way,12.97318,77.569154
Chickpet,2019,Grievous Injury,Hit pedestrian,Not Applicable,12.967092,77.572185
Chickpet,2019,Grievous Injury,Vehicle to Vehicle,Not Applicable,12.96382,77.568341
Chickpet,2019,Simple Injury,Vehicle to Vehicle,Not Applicable,12.95957,77.55577
Chickpet,2020,Grievous Injury,Vehicle to Vehicle,Not Applicable,12.9614,77.562031
Chickpet,2020,Simple Injury,Vehicle to Vehicle,Not Applicable,12.95749,77.56593
Chickpet,2020,Not Applicable,Hit animal,Others,12.9593175,77.5557018
Chickpet,2020,Fatal,Hit pedestrian,One way,12.97607,77.571003
Chickpet,2020,Simple Injury,Vehicle to Vehicle,Minor District Road,12.957321,77.55926
Chickpet,2020,Grievous Injury,Vehicle to Vehicle,Others,12.96879,77.568073
Chickpet,2020,Grievous Injury,Not Applicable,Not Applicable,12.9706,77.566497
Chickpet,2020,Simple Injury,Vehicle to Vehicle,One way,12.97234,77.568857
Chickpet,2020,Simple Injury,Hit pedestrian,One way,12.96878,77.56808
Chickpet,2020,Fatal,Hit pedestrian,One way,12.96707,77.568117
Chickpet,2020,Simple Injury,Vehicle to Vehicle,Two way,12.96879,77.56807
Chickpet,2020,Fatal,Hit pedestrian,Others,12.964312,77.570904
Chickpet,2020,Grievous Injury,Vehicle to Vehicle,Expressway,12.96195,77.56337
Chickpet,2020,Fatal,Hit pedestrian,One way,12.96878,77.568083
Chickpet,2020,Grievous Injury,Hit pedestrian,Major District Road,12.9653613,77.562863
Chickpet,2020,Simple Injury,Hit pedestrian,Residential Street,12.95995,77.565839
Chickpet,2020,Grievous Injury,Hit pedestrian,Others,12.95876,77.566764
Chickpet,2020,Grievous Injury,Hit bicyclist,Residential Street,12.95944,77.562128
Chickpet,2020,Grievous Injury,Not Applicable,Others,12.95697,77.559255
Chickpet,2020,Simple Injury,Hit pedestrian,NH,12.96414,77.569785
Chickpet,2020,Grievous Injury,Vehicle to Vehicle,Not Applicable,12.96027,77.56073
Chickpet,2021,Fatal,Vehicle to Vehicle,Major District Road,12.98011,77.5711
Chickpet,2022,Damage Only,Vehicle to Vehicle,Others,12.96112925,77.5606342
Chickpet,2022,Grievous Injury,Hit pedestrian,Minor District Road,12.963939,77.569528
Chickpet,2022,Fatal,Hit bicyclist,Major District Road,12.960424,77.55718
Chickpet,2023,Simple Injury,Vehicle to Vehicle,Others,12.962887,77.566005
Chickpet,2023,Fatal,Vehicle to Vehicle,Major District Road,12.96125,77.55963
Chickpet,2023,Grievous Injury,Not Applicable,One way,12.96635,77.56827
Chickpet,2023,Grievous Injury,Hit pedestrian,One way,12.96035,77.562265
Chickpet,2023,Grievous Injury,Not Applicable,Others,12.970703,77.566586
Chickpet,2023,Fatal,Not Applicable,Minor District Road,12.97472,77.569997
Chickpet,2023,Grievous Injury,Hit pedestrian,Two way,12.963192,77.566852
Chickpet,2023,Fatal,Not Applicable,One way,12.962222,77.564263
Chickpet,2023,Simple Injury,Vehicle to Vehicle,Minor District Road,12.959526,77.565515
Chickpet,2023,Grievous Injury,Vehicle to Vehicle,Two way,12.956423,77.556923
Chickpet,2023,Fatal,Vehicle to Vehicle,State Highway,12.957782,77.553196
Chickpet,2023,Grievous Injury,Hit pedestrian,One way,12.963191,77.566851
Chickpet,2023,Fatal,Hit pedestrian,Minor District Road,12.972228,77.570304
Chickpet,2023,Grievous Injury,Vehicle to Vehicle,One way,12.960914,77.558145
Chickpet,2023,Simple Injury,Vehicle to Vehicle,One way,12.962169,77.563606
Chickpet,2023,Fatal,Vehicle to Vehicle,Others,12.979849,77.571155
Chikkajala,2016,Fatal,Hit pedestrian,NH,13.155128,77.621498
Chikkajala,2016,Simple Injury,Hit pedestrian,NH,13.152078,77.620275
Chikkajala,2016,Simple Injury,Rear end,NH,12.971599,77.594563
Chikkajala,2016,Fatal,Hit pedestrian,NH,12.971599,77.594563
Chikkajala,2016,Grievous Injury,Head on,NH,13.168688,77.631862
Chikkajala,2016,Simple Injury,Rear end,City or Town Road,12.971599,77.594563
Chikkajala,2016,Fatal,Skidding or Self accident,City or Town Road,12.979074,77.562658
Chikkajala,2016,Simple Injury,Head on,City or Town Road,13.070968,77.618607
Chikkajala,2016,Grievous Injury,Hit pedestrian,City or Town Road,13.100142,77.595951
Chikkajala,2016,Simple Injury,Hit pedestrian,City or Town Road,13.010966,77.66854
Chikkajala,2018,Simple Injury,Others,Others,13.07161,77.61885
Chikkajala,2018,Simple Injury,Hit and Run,City or Town Road,13.04125,77.61768
Chikkajala,2018,Simple Injury,Hit and Run,Expressway,13.185191,77.642459
Chikkajala,2020,Damage Only,Vehicle to Vehicle,Service Road,13.16831,77.631158
Chikkajala,2022,Simple Injury,Vehicle to Vehicle,Two way,13.06553,77.6332239
Chikkajala,2022,Fatal,Not Applicable,Two way,13.117563,77.633891
Chikkajala,2022,Simple Injury,Vehicle to Vehicle,Two way,13.160857,77.688088
Chikkajala,2022,Simple Injury,Vehicle to Vehicle,Two way,13.068694,77.633706
Chikkajala,2022,Grievous Injury,Hit pedestrian,Two way,13.081068,77.628497
Chikkajala,2022,Fatal,Not Applicable,Two way,13.097763,77.65185
Chikkajala,2022,Damage Only,Vehicle to Vehicle,Two way,13.28458,77.721398
Chikkajala,2022,Simple Injury,Vehicle to Vehicle,Two way,13.079794,77.633787
Chikkajala,2022,Simple Injury,Vehicle to Vehicle,Two way,13.101949,77.634591
Chikkajala,2022,Grievous Injury,Not Applicable,Two way,13.182039,77.694883
Chikkajala,2022,Simple Injury,Vehicle to Vehicle,Two way,13.11915,77.6329359
Chikkajala,2023,Fatal,Vehicle to Vehicle,NH,13.163135,77.632853
Chikkajala,2023,Grievous Injury,Hit pedestrian,NH,13.138936,77.617416
Chikkajala,2023,Simple Injury,Vehicle to Vehicle,NH,13.14433,77.616397
Chikkajala,2023,Grievous Injury,Hit pedestrian,NH,13.151995,77.620324
Chikkajala,2023,Fatal,Hit pedestrian,Expressway,13.167845,77.63129
Chikkajala,2023,Grievous Injury,Vehicle to Vehicle,Two way,13.139379,77.590013
Chikkajala,2023,Simple Injury,Hit pedestrian,NH,13.186129,77.642663
Chikkajala,2023,Grievous Injury,Vehicle to Vehicle,NH,13.196887,77.654446
Chikkajala,2023,Simple Injury,Hit bicyclist,Expressway,13.19077,77.646117
Chikkajala,2023,Fatal,Hit pedestrian,NH,13.13883,77.617504
Chikkajala,2023,Simple Injury,Vehicle to Vehicle,NH,13.144798,77.617397
Chikkajala,2023,Grievous Injury,Vehicle to Vehicle,Two way,13.161186,77.626736
Chikkajala,2023,Not Applicable,Vehicle to Vehicle,NH,13.190591,77.645932
Chikkajala,2023,Grievous Injury,Not Applicable,Others,13.200349,77.645258
Chikkajala,2023,Simple Injury,Vehicle to Vehicle,NH,13.191286,77.646978
Chikkajala,2023,Grievous Injury,Vehicle to Vehicle,NH,13.176005,77.635667
Chikkajala,2023,Fatal,Hit pedestrian,NH,13.196305,77.654205
Chikkajala,2023,Fatal,Not Applicable,Others,13.157652,77.6535
City Market,2016,Grievous Injury,Hit pedestrian,Others,12.963671,77.57884
City Market,2016,Grievous Injury,Hit and Run,Others,12.971599,77.594563
City Market,2016,Damage Only,Others,City or Town Road,12.959454,77.58303
City Market,2016,Damage Only,Rear end,City or Town Road,12.907624,77.570204
City Market,2016,Grievous Injury,Hit and Run,Others,12.958927,77.580192
City Market,2016,Simple Injury,Rear end,One way,12.915932,77.638157
City Market,2016,Simple Injury,Hit pedestrian,One way,12.960106,77.577685
City Market,2016,Grievous Injury,Hit and Run,City or Town Road,12.951114,77.582692
City Market,2016,Fatal,Rear end,City or Town Road,12.959454,77.58303
City Market,2016,Grievous Injury,Hit pedestrian,City or Town Road,12.960193,77.57768
City Market,2016,Grievous Injury,Head on,City or Town Road,12.949694,77.57991
City Market,2016,Simple Injury,Others,City or Town Road,12.95516,77.57971
City Market,2016,Not Applicable,Hit pedestrian,City or Town Road,12.960193,77.57768
City Market,2016,Simple Injury,Drowned,City or Town Road,12.964547,77.575929
City Market,2016,Grievous Injury,Hit pedestrian,City or Town Road,12.960193,77.57768
City Market,2016,Simple Injury,Hit and Run,City or Town Road,13.121167,77.60788
City Market,2016,Damage Only,Rear end,City or Town Road,12.96156,77.588819
City Market,2016,Grievous Injury,Others,Others,12.956394,77.577397
City Market,2016,Damage Only,Hit and Run,City or Town Road,12.915932,77.638157
City Market,2016,Grievous Injury,Rear end,City or Town Road,12.961916,77.576589
City Market,2016,Grievous Injury,Hit and Run,Others,12.951114,77.582692
City Market,2016,Grievous Injury,Head on,City or Town Road,12.915932,77.638157
City Market,2016,Damage Only,Rear end,City or Town Road,12.948305,77.583025
City Market,2016,Grievous Injury,Not Applicable,Others,12.960193,77.581174
City Market,2016,Simple Injury,Hit pedestrian,City or Town Road,12.915822,77.638062
City Market,2016,Fatal,Others,City or Town Road,12.971599,77.594563
City Market,2016,Fatal,Others,City or Town Road,12.971599,77.594563
City Market,2016,Damage Only,Rear end,City or Town Road,12.960193,77.57768
City Market,2016,Fatal,Rear end,One way,12.915822,77.638062
City Market,2016,Fatal,Others,One way,12.915932,77.638157
City Market,2016,Grievous Injury,Not Applicable,One way,12.9641,77.577614
City Market,2017,Grievous Injury,Hit pedestrian,One way,12.960106,77.577685
City Market,2018,Grievous Injury,Hit pedestrian,City or Town Road,12.973243,77.576269
City Market,2018,Fatal,Hit and Run,One way,12.96504,77.59747
City Market,2021,Fatal,Hit pedestrian,Arterial,12.9646346,77.5748219
City Market,2022,Simple Injury,Hit pedestrian,Sub Arterial,12.965932,77.57452
City Market,2022,Simple Injury,Hit pedestrian,Arterial,12.964299,77.57688
City Market,2022,Fatal,Hit pedestrian,Sub Arterial,12.96613,77.576791
City Market,2022,Simple Injury,Vehicle to Vehicle,Arterial,12.963639,77.578398
City Market,2022,Simple Injury,Hit pedestrian,Sub Arterial,12.965041,77.576343
City Market,2022,Fatal,Hit pedestrian,Arterial,12.964345,77.576483
City Market,2022,Fatal,Hit pedestrian,Others,12.9644,77.57757
City Market,2023,Grievous Injury,Hit pedestrian,Others,12.964147,77.576992
City Market,2023,Fatal,Hit pedestrian,Others,12.952165,77.580084
City Market,2023,Grievous Injury,Hit pedestrian,One way,12.95941,77.575503
City Market,2023,Grievous Injury,Vehicle to Vehicle,Others,12.948621,77.579877
City Market,2023,Grievous Injury,Hit pedestrian,Others,12.964444,77.576702
City Market,2023,Fatal,Hit pedestrian,Others,12.959281,77.576578
City Market,2023,Grievous Injury,Vehicle to Vehicle,Arterial,12.956096,77.584414
City Market,2023,Grievous Injury,Hit pedestrian,Residential Street,12.954231,77.584857
City Market,2023,Simple Injury,Vehicle to Vehicle,State Highway,12.967924,77.578721
City Market,2023,Simple Injury,Vehicle to Vehicle,One way,12.964538,77.576048
City Market,2023,Fatal,Vehicle to Vehicle,Others,12.957565,77.581856
City Market,2023,Fatal,Hit pedestrian,Arterial,12.951928,77.57988
City Market,2023,Grievous Injury,Vehicle to Vehicle,Others,12.95789,77.582158
Cubbon Park,2019,Damage Only,Not Applicable,Others,12.977796,77.590785
Cubbon Park,2019,Grievous Injury,Vehicle to Vehicle,Others,12.981819,77.594744
Cubbon Park,2019,Simple Injury,Vehicle to Vehicle,Others,12.975906,77.5873
Cubbon Park,2019,Simple Injury,Others,Others,12.981823,77.594775
Cubbon Park,2019,Grievous Injury,Others,Others,12.983223,77.595884
Cubbon Park,2019,Grievous Injury,Vehicle to Vehicle,Others,12.983265,77.595789
Cubbon Park,2019,Fatal,Others,City or Town Road,12.981828,77.59477
Cubbon Park,2019,Grievous Injury,Others,City or Town Road,12.976599,77.58869
Cubbon Park,2019,Damage Only,Vehicle to Vehicle,Others,12.976564,77.599324
Cubbon Park,2019,Grievous Injury,Others,City or Town Road,12.984314,77.597168
Cubbon Park,2022,Grievous Injury,Vehicle to Vehicle,Two way,12.975572,77.602551
Cubbon Park,2023,Simple Injury,Not Applicable,One way,12.973406,77.601042
Cubbon Park,2023,Not Applicable,Vehicle to Vehicle,One way,12.983274,77.595763
Cubbon Park,2023,Damage Only,Vehicle to Vehicle,One way,12.984034,77.589904
Cubbon Park,2023,Damage Only,Vehicle to Vehicle,Others,12.974807,77.606616
Cubbon Park,2023,Grievous Injury,Vehicle to Vehicle,One way,12.983154,77.595338
Cubbon Park,2023,Damage Only,Vehicle to Vehicle,Two way,12.977788,77.590767
Cubbon Park,2023,Simple Injury,Vehicle to Vehicle,One way,12.984538,77.593038
Cubbon Park,2023,Damage Only,Vehicle to Vehicle,Two way,12.97971,77.592533
Cubbon Park,2023,Damage Only,Vehicle to Vehicle,Two way,12.981899,77.594719
Cubbon Park,2023,Grievous Injury,Vehicle to Vehicle,Not Applicable,12.982608,77.595996
Cubbon Park,2023,Simple Injury,Vehicle to Vehicle,One way,12.982701,77.597157
Cubbon Park,2023,Simple Injury,Hit bicyclist,One way,12.981866,77.594571
Cubbon Park,2023,Damage Only,Vehicle to Vehicle,One way,12.975177,77.590312
Cubbon Park,2023,Damage Only,Vehicle to Vehicle,Others,12.983827,77.596287
Cubbon Park,2023,Damage Only,Vehicle to Vehicle,Others,12.980909,77.59747
Cubbon Park,2023,Damage Only,Not Applicable,Others,12.972801,77.599851
Cubbon Park,2023,Damage Only,Vehicle to Vehicle,One way,12.982644,77.595903
Cubbon Park,2023,Damage Only,Vehicle to Vehicle,One way,12.97449,77.601768
Cubbon Park,2023,Simple Injury,Vehicle to Vehicle,Others,12.982039,77.595107
Cubbon Park,2023,Simple Injury,Vehicle to Vehicle,Two way,12.976681,77.601768
Int. Aiport,2017,Damage Only,Others,Expressway,13.19807328,77.68006146
Int. Aiport,2017,Damage Only,Others,Expressway,13.19848065,77.70973742
Int. Aiport,2017,Simple Injury,Hit pedestrian,NH,13.193689,77.649658
Int. Aiport,2017,Fatal,Hit pedestrian,City or Town Road,13.241716,77.713731
Int. Aiport,2017,Grievous Injury,Hit and Run,Service Road,13.24471559,77.71320149
Int. Aiport,2017,Grievous Injury,Hit and Run,NH,13.2298289,77.702282
Int. Aiport,2017,Simple Injury,Head on,Others,13.12069,77.393508
Int. Aiport,2017,Grievous Injury,Hit and Run,One way,13.055511,77.646373
Int. Aiport,2017,Fatal,Hit pedestrian,City or Town Road,13.073,77.643661
Int. Aiport,2017,Grievous Injury,Not Applicable,City or Town Road,13.073,77.643661
Int. Aiport,2017,Damage Only,Hit fixed object,Others,13.19845065,77.70973742
Int. Aiport,2017,Simple Injury,Others,Village Road,13.24471559,77.71320149
Int. Aiport,2017,Grievous Injury,Hit pedestrian,NH,13.195911,77.669649
Int. Aiport,2017,Fatal,Hit and Run,City or Town Road,13.2298289,77.702282
Int. Aiport,2017,Damage Only,Hit parked vehicle,Others,13.20056973,77.6608032
Int. Aiport,2017,Damage Only,Hit fixed object,Not Applicable,13.19848065,77.70973742
Int. Aiport,2017,Simple Injury,Others,NH,13.2676314,77.7195886
Int. Aiport,2017,Simple Injury,Others,Village Road,13.055511,77.646373
Int. Aiport,2017,Simple Injury,Others,State Highway,13.24471559,77.71320149
Int. Aiport,2017,Grievous Injury,Not Applicable,Service Road,13.198376,77.705837
Int. Aiport,2017,Simple Injury,Others,Expressway,13.19848065,77.70973742
Int. Aiport,2017,Fatal,Others,State Highway,13.22844885,77.72731018
Int. Aiport,2017,Simple Injury,Others,Residential Street,13.34303,77.385609
Int. Aiport,2017,Grievous Injury,Hit and Run,NH,13.201528,77.658159
Int. Aiport,2017,Simple Injury,Hit and Run,Village Road,13.06216119,77.65473068
Int. Aiport,2017,Grievous Injury,Others,Sub Arterial,13.06216119,77.65473068
Int. Aiport,2017,Simple Injury,Others,One way,13.195911,77.669649
Int. Aiport,2017,Simple Injury,Hit and Run,State Highway,13.241716,77.713731
Int. Aiport,2017,Fatal,Skidding or Self accident,Village Road,13.2570916,77.6976754
Int. Aiport,2017,Fatal,Others,NH,13.25725629,77.714589
Int. Aiport,2017,Grievous Injury,Hit pedestrian,Village Road,13.24471559,77.71320149
Int. Aiport,2017,Simple Injury,Not Applicable,City or Town Road,13.0644951,77.6738254
Int. Aiport,2017,Damage Only,Others,Others,13.198941,77.711555
Int. Aiport,2017,Simple Injury,Others,Others,13.197924,77.690307
Int. Aiport,2017,Simple Injury,Hit and Run,City or Town Road,13.071709,77.631884
Int. Aiport,2017,Grievous Injury,Hit and Run,City or Town Road,13.198154,77.680104
Int. Aiport,2017,Damage Only,Head on,NH,13.3021582,77.5510526
Int. Aiport,2017,Damage Only,Head on,City or Town Road,13.241716,77.713731
Int. Aiport,2017,Damage Only,Others,Others,13.19848065,77.70973742
Int. Aiport,2017,Damage Only,Hit fixed object,NH,13.24203498,77.70400256
Int. Aiport,2017,Fatal,Not Applicable,NH,13.131672,77.405597
Int. Aiport,2017,Damage Only,Skidding or Self accident,Two way,13.21992627,77.67141724
Int. Aiport,2017,Simple Injury,Others,NH,13.21992627,77.67141724
Int. Aiport,2017,Damage Only,Head on,City or Town Road,13.226401,77.687189
Int. Aiport,2017,Damage Only,Others,State Highway,13.241716,77.713731
Int. Aiport,2017,Grievous Injury,Others,Others,13.24471559,77.71320149
Int. Aiport,2017,Grievous Injury,Hit and Run,NH,13.193689,77.649658
Int. Aiport,2017,Grievous Injury,Others,Village Road,13.24471559,77.71320149
Int. Aiport,2017,Damage Only,Others,NH,13.2676314,77.7195886
Int. Aiport,2017,Grievous Injury,Hit bicyclist,Others,13.073587,77.651499
Int. Aiport,2017,Grievous Injury,Head on,City or Town Road,13.2676314,77.7195886
Int. Aiport,2017,Simple Injury,Hit pedestrian,State Highway,13.197924,77.690307
Int. Aiport,2017,Grievous Injury,Head on,NH,13.21992627,77.67141724
Int. Aiport,2018,Simple Injury,Not Applicable,City or Town Road,13.06491,77.672668
Int. Aiport,2018,Simple Injury,Hit and Run,Village Road,13.216996,77.740438
Int. Aiport,2018,Grievous Injury,Hit and Run,City or Town Road,13.070918,77.633621
Int. Aiport,2018,Fatal,Head on,State Highway,13.24353,77.718744
Int. Aiport,2018,Simple Injury,Hit puchcart,City or Town Road,13.3021582,77.5510526
Int. Aiport,2018,Simple Injury,Hit fixed object,City or Town Road,13.2676314,77.7195886
Int. Aiport,2018,Damage Only,Hit puchcart,City or Town Road,13.21992627,77.67141724
Int. Aiport,2018,Simple Injury,Hit puchcart,City or Town Road,13.2570916,77.6976754
Int. Aiport,2018,Simple Injury,Not Applicable,NH,13.201528,77.658159
Int. Aiport,2018,Simple Injury,Vehicle to Vehicle,NH,13.3021582,77.5510526
Int. Aiport,2018,Simple Injury,Not Applicable,NH,13.2570916,77.6976754
Int. Aiport,2018,Damage Only,Not Applicable,Others,13.198376,77.705837
Int. Aiport,2018,Simple Injury,Not Applicable,Others,13.071452,77.651055
Int. Aiport,2018,Simple Injury,Hit puchcart,City or Town Road,13.193689,77.649658
Int. Aiport,2018,Simple Injury,Not Applicable,NH,13.3021582,77.5510526
Int. Aiport,2018,Simple Injury,Hit and Run,City or Town Road,13.055511,77.646373
Int. Aiport,2018,Simple Injury,Not Applicable,NH,13.241716,77.713731
Int. Aiport,2018,Simple Injury,Vehicle to Vehicle,One way,13.241716,77.713731
Int. Aiport,2018,Simple Injury,Hit puchcart,City or Town Road,13.2298289,77.702282
Int. Aiport,2018,Simple Injury,Hit puchcart,City or Town Road,13.071452,77.651055
Int. Aiport,2018,Fatal,Not Applicable,Others,13.073,77.643661
Int. Aiport,2018,Simple Injury,Hit pedestrian,City or Town Road,13.198376,77.705837
Int. Aiport,2018,Simple Injury,Not Applicable,NH,13.2298289,77.702282
Int. Aiport,2018,Simple Injury,Not Applicable,NH,13.241716,77.713731
Int. Aiport,2018,Simple Injury,Hit puchcart,NH,13.211861,77.673157
Int. Aiport,2018,Fatal,Hit and Run,City or Town Road,13.211861,77.673157
Int. Aiport,2018,Fatal,Not Applicable,NH,13.201528,77.658159
Int. Aiport,2018,Simple Injury,Not Applicable,NH,13.241716,77.713731
Int. Aiport,2018,Simple Injury,Hit puchcart,City or Town Road,13.2486292,77.7155364
Int. Aiport,2018,Damage Only,Head on,One way,13.241716,77.713731
Int. Aiport,2018,Damage Only,Hit puchcart,City or Town Road,13.2676314,77.7195886
Int. Aiport,2018,Simple Injury,Head on,City or Town Road,13.2456607,77.7127844
Int. Aiport,2018,Fatal,Others,City or Town Road,13.132121,77.442723
Int. Aiport,2018,Simple Injury,Hit and Run,City or Town Road,13.21992627,77.67141724
Int. Aiport,2018,Damage Only,Hit puchcart,City or Town Road,13.198154,77.680104
Int. Aiport,2018,Simple Injury,Head on,NH,13.2298289,77.702282
Int. Aiport,2018,Simple Injury,Hit and Run,NH,13.2298289,77.702282
Int. Aiport,2018,Simple Injury,Hit puchcart,NH,13.2298289,77.702282
Int. Aiport,2018,Fatal,Not Applicable,NH,13.241716,77.713731
Int. Aiport,2018,Damage Only,Hit puchcart,City or Town Road,13.3021582,77.5510526
Int. Aiport,2018,Damage Only,Hit fixed object,City or Town Road,13.073,77.643661
Int. Aiport,2018,Damage Only,Not Applicable,City or Town Road,13.198376,77.705837
Int. Aiport,2018,Simple Injury,Head on,City or Town Road,13.197924,77.690307
Int. Aiport,2018,Simple Injury,Hit puchcart,City or Town Road,13.197924,77.690307
Int. Aiport,2018,Simple Injury,Not Applicable,City or Town Road,13.055511,77.646373
Int. Aiport,2018,Fatal,Head on,NH,13.241716,77.713731
Int. Aiport,2018,Grievous Injury,Hit pedestrian,NH,13.2486292,77.7155364
Int. Aiport,2018,Fatal,Overturning,NH,13.211861,77.673157
Int. Aiport,2018,Simple Injury,Vehicle to Vehicle,Others,13.073,77.643661
Int. Aiport,2018,Fatal,Hit pedestrian,City or Town Road,13.3021582,77.5510526
Int. Aiport,2018,Simple Injury,Hit puchcart,City or Town Road,13.201528,77.658159
Int. Aiport,2018,Simple Injury,Not Applicable,NH,13.2298289,77.702282
Int. Aiport,2018,Damage Only,Others,NH,13.2676314,77.7195886
Int. Aiport,2018,Simple Injury,Not Applicable,NH,13.201528,77.658159
Int. Aiport,2018,Fatal,Vehicle to Vehicle,NH,13.201528,77.658159
Int. Aiport,2018,Simple Injury,Not Applicable,City or Town Road,13.24471559,77.71320149
Int. Aiport,2018,Simple Injury,Hit puchcart,City or Town Road,13.197924,77.690307
Int. Aiport,2018,Simple Injury,Not Applicable,Others,13.073,77.643661
Int. Aiport,2018,Simple Injury,Hit pedestrian,City or Town Road,13.200518,77.699239
Int. Aiport,2018,Fatal,Hit pedestrian,Two way,13.073,77.643661
Int. Aiport,2018,Simple Injury,Hit puchcart,City or Town Road,13.2298289,77.702282
Int. Aiport,2018,Simple Injury,Vehicle to Vehicle,NH,13.211861,77.673157
Int. Aiport,2018,Simple Injury,Hit and Run,City or Town Road,13.073,77.643661
Int. Aiport,2018,Simple Injury,Hit puchcart,Service Road,13.3021582,77.5510526
Int. Aiport,2018,Damage Only,Hit puchcart,City or Town Road,13.195911,77.669649
Int. Aiport,2018,Fatal,Hit bicyclist,City or Town Road,13.2298289,77.702282
Int. Aiport,2018,Simple Injury,Hit puchcart,City or Town Road,13.2486292,77.7155364
Int. Aiport,2018,Damage Only,Hit puchcart,City or Town Road,13.241716,77.713731
Int. Aiport,2018,Simple Injury,Not Applicable,City or Town Road,13.34303,77.385609
Int. Aiport,2018,Simple Injury,Not Applicable,NH,13.211861,77.673157
Int. Aiport,2018,Damage Only,Others,NH,13.201528,77.658159
Int. Aiport,2018,Simple Injury,Others,NH,13.211861,77.673157
Int. Aiport,2018,Simple Injury,Head on,Village Road,13.241716,77.713731
Int. Aiport,2018,Simple Injury,Head on,Others,13.195911,77.669649
Int. Aiport,2018,Simple Injury,Head on,NH,13.3021582,77.5510526
Int. Aiport,2018,Damage Only,Not Applicable,Others,13.198982,77.704175
Int. Aiport,2018,Simple Injury,Hit puchcart,City or Town Road,13.2417155,77.713730599
Int. Aiport,2018,Simple Injury,Hit pedestrian,City or Town Road,13.071452,77.651055
Int. Aiport,2018,Simple Injury,Not Applicable,City or Town Road,13.073,77.643661
Int. Aiport,2018,Fatal,Not Applicable,City or Town Road,13.2486292,77.7155364
Int. Aiport,2018,Fatal,Not Applicable,NH,13.2298289,77.702282
Int. Aiport,2018,Simple Injury,Head on,NH,13.241716,77.713731
Int. Aiport,2018,Simple Injury,Hit pedestrian,NH,13.241716,77.713731
Int. Aiport,2018,Simple Injury,Head on,NH,13.2486292,77.7155364
Int. Aiport,2018,Simple Injury,Head on,NH,13.2298289,77.702282
Int. Aiport,2018,Fatal,Head on,Residential Street,13.055511,77.646373
Int. Aiport,2018,Simple Injury,Others,NH,13.201528,77.658159
Int. Aiport,2018,Simple Injury,Hit puchcart,City or Town Road,13.201528,77.658159
Int. Aiport,2018,Simple Injury,Not Applicable,City or Town Road,13.24471559,77.71320149
Int. Aiport,2018,Simple Injury,Hit pedestrian,NH,13.21992627,77.67141724
Int. Aiport,2018,Simple Injury,Hit puchcart,City or Town Road,13.2676314,77.7195886
Int. Aiport,2018,Simple Injury,Hit puchcart,City or Town Road,13.193689,77.649658
Int. Aiport,2018,Simple Injury,Not Applicable,Others,13.211165,77.646095
Int. Aiport,2018,Fatal,Not Applicable,NH,13.21992627,77.67141724
Int. Aiport,2018,Damage Only,Hit fixed object,City or Town Road,13.34303,77.385609
Int. Aiport,2018,Simple Injury,Head on,Others,13.24471559,77.71320149
Int. Aiport,2018,Simple Injury,Overturning,NH,13.2676314,77.7195886
Int. Aiport,2018,Simple Injury,Head on,State Highway,13.216996,77.740438
Int. Aiport,2018,Damage Only,Not Applicable,Others,13.198154,77.680104
Int. Aiport,2018,Simple Injury,Head on,Others,13.2486292,77.7155364
Int. Aiport,2018,Simple Injury,Hit puchcart,City or Town Road,13.3021582,77.5510526
Int. Aiport,2018,Damage Only,Hit puchcart,City or Town Road,13.2298289,77.702282
Int. Aiport,2018,Fatal,Hit puchcart,City or Town Road,13.3021582,77.5510526
Int. Aiport,2018,Simple Injury,Hit and Run,City or Town Road,13.34303,77.385609
Int. Aiport,2018,Fatal,Not Applicable,NH,13.241715,77.71373
Int. Aiport,2018,Simple Injury,Not Applicable,NH,13.21992627,77.67141724
Int. Aiport,2018,Simple Injury,Not Applicable,NH,13.193689,77.649658
Int. Aiport,2018,Simple Injury,Not Applicable,NH,13.2676314,77.7195886
Int. Aiport,2018,Fatal,Not Applicable,NH,13.21992627,77.67141724
Int. Aiport,2018,Simple Injury,Hit puchcart,City or Town Road,13.21992627,77.67141724
Int. Aiport,2018,Damage Only,Others,One way,13.198376,77.705837
Int. Aiport,2018,Damage Only,Head on,Others,13.198154,77.680104
Int. Aiport,2018,Simple Injury,Hit fixed object,City or Town Road,13.3021582,77.5510526
Int. Aiport,2018,Simple Injury,Side impact or Right angle,NH,13.201528,77.658159
Int. Aiport,2018,Simple Injury,Head on,Others,13.277211,77.712902
Int. Aiport,2018,Simple Injury,Hit and Run,NH,13.3021582,77.5510526
Int. Aiport,2018,Damage Only,Hit puchcart,Minor District Road,13.3021582,77.5510526
Int. Aiport,2018,Simple Injury,Hit pedal cyclist,City or Town Road,13.267877,77.718913
Int. Aiport,2018,Fatal,Hit puchcart,City or Town Road,13.2676314,77.7195886
Int. Aiport,2018,Simple Injury,Vehicle to Vehicle,NH,13.34303,77.385609
Int. Aiport,2018,Simple Injury,Hit puchcart,City or Town Road,13.211165,77.646095
Int. Aiport,2018,Fatal,Hit pedestrian,NH,13.2298289,77.702282
Int. Aiport,2018,Simple Injury,Hit puchcart,City or Town Road,13.241716,77.713731
Int. Aiport,2018,Simple Injury,Not Applicable,NH,13.21992627,77.67141724
Int. Aiport,2018,Simple Injury,Hit pedestrian,City or Town Road,13.071709,77.631884
Int. Aiport,2018,Simple Injury,Vehicle to Vehicle,NH,13.2676314,77.7195886
Int. Aiport,2018,Simple Injury,Hit pedestrian,City or Town Road,13.201871,77.662448
Int. Aiport,2018,Simple Injury,Hit and Run,NH,13.211165,77.646095
Int. Aiport,2018,Simple Injury,Hit and Run,City or Town Road,13.055511,77.646373
Int. Aiport,2018,Simple Injury,Head on,NH,13.2676314,77.7195886
Int. Aiport,2018,Damage Only,Hit puchcart,City or Town Road,13.2486292,77.7155364
Int. Aiport,2018,Simple Injury,Hit puchcart,City or Town Road,13.34303,77.385609
Int. Aiport,2018,Fatal,Not Applicable,NH,13.21992627,77.67141724
Int. Aiport,2018,Simple Injury,Hit and Run,NH,13.2298289,77.699239
Int. Aiport,2018,Damage Only,Head on,Not Applicable,13.198154,77.680104
Int. Aiport,2018,Fatal,Hit pedestrian,City or Town Road,13.262238,77.716858
Int. Aiport,2018,Simple Injury,Not Applicable,City or Town Road,13.055511,77.646373
Int. Aiport,2018,Simple Injury,Hit pedestrian,City or Town Road,13.055511,77.646373
Int. Aiport,2018,Fatal,Hit puchcart,City or Town Road,13.241716,77.713731
Int. Aiport,2019,Fatal,Not Applicable,NH,13.215758,77.676847
Int. Aiport,2019,Simple Injury,Vehicle to Vehicle,Two way,13.198154,77.680104
Int. Aiport,2019,Simple Injury,Vehicle to Vehicle,Two way,13.201528,77.658159
Int. Aiport,2019,Simple Injury,Not Applicable,NH,13.2676314,77.7195886
Int. Aiport,2019,Fatal,Hit pedestrian,NH,13.274088,77.709437
Int. Aiport,2019,Damage Only,Vehicle to Vehicle,Others,13.200518,77.699239
Int. Aiport,2019,Simple Injury,Vehicle to Vehicle,Two way,13.241716,77.713731
Int. Aiport,2019,Simple Injury,Not Applicable,Two way,13.2486292,77.7155364
Int. Aiport,2019,Simple Injury,Not Applicable,NH,13.3021582,77.5510526
Int. Aiport,2019,Simple Injury,Hit puchcart,City or Town Road,13.21992627,77.67141724
Int. Aiport,2019,Simple Injury,Vehicle to Vehicle,Service Road,13.201528,77.658159
Int. Aiport,2019,Simple Injury,Vehicle to Vehicle,Others,13.24353,77.718744
Int. Aiport,2019,Simple Injury,Not Applicable,Two way,13.073,77.643661
Int. Aiport,2019,Simple Injury,Not Applicable,Others,13.2456607,77.7127844
Int. Aiport,2019,Fatal,Vehicle to Vehicle,Others,13.1147,77.4252
Int. Aiport,2019,Damage Only,Vehicle to Vehicle,Others,13.197924,77.690307
Int. Aiport,2019,Damage Only,Vehicle to Vehicle,Residential Street,13.197903,77.700178
Int. Aiport,2019,Simple Injury,Not Applicable,Others,13.200518,77.699239
Int. Aiport,2019,Damage Only,Not Applicable,Others,13.193689,77.649658
Int. Aiport,2019,Damage Only,Hit and Run,NH,13.2676314,77.7195886
Int. Aiport,2019,Simple Injury,Vehicle to Vehicle,Two way,13.076866,77.664516
Int. Aiport,2019,Simple Injury,Not Applicable,NH,13.241716,77.713731
Int. Aiport,2019,Fatal,Not Applicable,Others,13.24353,77.718744
Int. Aiport,2019,Simple Injury,Vehicle to Vehicle,NH,13.3021582,77.5510526
Int. Aiport,2019,Simple Injury,Vehicle to Vehicle,NH,13.21992627,77.67141724
Int. Aiport,2019,Simple Injury,Not Applicable,Others,13.06491,77.672668
Int. Aiport,2019,Simple Injury,Vehicle to Vehicle,NH,13.241716,77.713731
Int. Aiport,2019,Simple Injury,Not Applicable,Others,13.071452,77.651055
Int. Aiport,2019,Simple Injury,Not Applicable,NH,13.2676314,77.7195886
Int. Aiport,2019,Simple Injury,Vehicle to Vehicle,NH,13.2676314,77.7195886
Int. Aiport,2019,Simple Injury,Not Applicable,NH,13.2298289,77.702282
Int. Aiport,2019,Simple Injury,Hit and Run,City or Town Road,13.201528,77.658159
Int. Aiport,2019,Simple Injury,Vehicle to Vehicle,NH,13.2298289,77.702282
Int. Aiport,2019,Damage Only,Vehicle to Vehicle,NH,13.21992627,77.67141724
Int. Aiport,2019,Simple Injury,Vehicle to Vehicle,NH,13.2676314,77.7195886
Int. Aiport,2019,Simple Injury,Hit bicyclist,Minor District Road,13.2456607,77.7127844
Int. Aiport,2019,Simple Injury,Not Applicable,NH,13.241716,77.713731
Int. Aiport,2019,Simple Injury,Hit pedestrian,Others,13.199282,77.706529
Int. Aiport,2019,Fatal,Vehicle to Vehicle,Others,13.21992627,77.67141724
Int. Aiport,2019,Fatal,Vehicle to Vehicle,NH,13.2298289,77.702282
Int. Aiport,2019,Simple Injury,Not Applicable,Not Applicable,13.211165,77.646095
Int. Aiport,2019,Simple Injury,Not Applicable,NH,13.2298289,77.702282
Int. Aiport,2019,Fatal,Hit pedestrian,Others,13.06491,77.672668
Int. Aiport,2019,Simple Injury,Vehicle to Vehicle,NH,13.2298289,77.702282
Int. Aiport,2019,Simple Injury,Hit pedestrian,Two way,13.24353,77.718744
Int. Aiport,2019,Simple Injury,Not Applicable,Two way,13.073,77.643661
Int. Aiport,2019,Simple Injury,Not Applicable,Two way,13.2570916,77.6976754
Int. Aiport,2019,Damage Only,Not Applicable,NH,13.21992627,77.67141724
Int. Aiport,2019,Simple Injury,Not Applicable,Not Applicable,13.198154,77.680104
Int. Aiport,2019,Fatal,Hit pedestrian,NH,13.226241,77.687022
Int. Aiport,2019,Simple Injury,Not Applicable,Others,13.200518,77.699239
Int. Aiport,2019,Damage Only,Vehicle to Vehicle,NH,13.193689,77.649658
Int. Aiport,2019,Simple Injury,Hit pedestrian,Others,13.200518,77.699239
Int. Aiport,2019,Damage Only,Vehicle to Vehicle,Others,13.21992627,77.67141724
Int. Aiport,2019,Damage Only,Vehicle to Vehicle,Not Applicable,13.197924,77.690307
Int. Aiport,2019,Damage Only,Not Applicable,Service Road,13.21992627,77.67141724
Int. Aiport,2019,Simple Injury,Not Applicable,NH,13.2298289,77.702282
Int. Aiport,2019,Simple Injury,Vehicle to Vehicle,NH,13.3021582,77.5510526
Int. Aiport,2019,Simple Injury,Vehicle to Vehicle,NH,13.3021582,77.5510526
Int. Aiport,2019,Fatal,Vehicle to Vehicle,NH,13.2676314,77.7195886
Int. Aiport,2019,Simple Injury,Vehicle to Vehicle,NH,13.21992627,77.67141724
Int. Aiport,2019,Simple Injury,Hit pedestrian,NH,13.2676314,77.7195886
Int. Aiport,2019,Simple Injury,Hit pedestrian,Others,13.34303,77.385609
Int. Aiport,2019,Simple Injury,Not Applicable,Two way,13.06491,77.672668
Int. Aiport,2019,Simple Injury,Not Applicable,Two way,13.241716,77.713731
Int. Aiport,2019,Simple Injury,Vehicle to Vehicle,Others,13.197914,77.705145
Int. Aiport,2019,Simple Injury,Not Applicable,Residential Street,13.197924,77.690307
Int. Aiport,2019,Simple Injury,Not Applicable,NH,13.24471559,77.71320149
Int. Aiport,2019,Damage Only,Not Applicable,Others,13.197903,77.700178
Int. Aiport,2019,Simple Injury,Not Applicable,NH,13.2298289,77.702282
Int. Aiport,2019,Fatal,Vehicle to Vehicle,NH,13.201528,77.658159
Int. Aiport,2019,Simple Injury,Vehicle to Vehicle,NH,13.2298289,77.702282
Int. Aiport,2019,Damage Only,Vehicle to Vehicle,Others,13.198376,77.705837
Int. Aiport,2019,Simple Injury,Vehicle to Vehicle,NH,13.2298289,77.702282
Int. Aiport,2019,Simple Injury,Not Applicable,One way,13.198154,77.680104
Int. Aiport,2019,Simple Injury,Not Applicable,Two way,13.277211,77.712902
Int. Aiport,2019,Fatal,Not Applicable,NH,13.21992627,77.67141724
Int. Aiport,2019,Simple Injury,Not Applicable,NH,13.201528,77.658159
Int. Aiport,2019,Simple Injury,Not Applicable,State Highway,13.241716,77.713731
Int. Aiport,2019,Damage Only,Vehicle to Vehicle,Two way,13.055511,77.646373
Int. Aiport,2019,Simple Injury,Not Applicable,Two way,13.073,77.643661
Int. Aiport,2019,Simple Injury,Vehicle to Vehicle,NH,13.2298289,77.702282
Int. Aiport,2019,Simple Injury,Not Applicable,NH,13.2298289,77.702282
Int. Aiport,2019,Simple Injury,Vehicle to Vehicle,NH,13.3021582,77.5510526
Int. Aiport,2019,Damage Only,Vehicle to Vehicle,Others,13.198154,77.680104
Int. Aiport,2019,Simple Injury,Hit pedestrian,Others,13.2298289,77.702282
Int. Aiport,2019,Simple Injury,Hit puchcart,City or Town Road,13.241716,77.713731
Int. Aiport,2019,Damage Only,Vehicle to Vehicle,Others,13.198154,77.680104
Int. Aiport,2019,Damage Only,Vehicle to Vehicle,NH,13.193689,77.649658
Int. Aiport,2019,Simple Injury,Vehicle to Vehicle,Others,13.24353,77.718744
Int. Aiport,2019,Simple Injury,Vehicle to Vehicle,Others,13.34303,77.385609
Int. Aiport,2019,Simple Injury,Hit pedestrian,Others,13.055511,77.646373
Int. Aiport,2019,Simple Injury,Not Applicable,NH,13.21992627,77.67141724
Int. Aiport,2019,Fatal,Hit pedestrian,NH,13.3021582,77.5510526
Int. Aiport,2019,Simple Injury,Vehicle to Vehicle,One way,13.24353,77.718744
Int. Aiport,2019,Simple Injury,Not Applicable,Others,13.24471559,77.71320149
Int. Aiport,2019,Simple Injury,Not Applicable,NH,13.24309,77.704903
Int. Aiport,2019,Simple Injury,Not Applicable,NH,13.211861,77.673157
Int. Aiport,2019,Simple Injury,Hit pedestrian,Others,13.199282,77.706529
Int. Aiport,2019,Simple Injury,Vehicle to Vehicle,NH,13.2298289,77.702282
Int. Aiport,2019,Damage Only,Vehicle to Vehicle,Others,13.073,77.643661
Int. Aiport,2019,Fatal,Vehicle to Vehicle,NH,13.2298289,77.702282
Int. Aiport,2019,Simple Injury,Vehicle to Vehicle,Service Road,13.241716,77.690307
Int. Aiport,2019,Simple Injury,Vehicle to Vehicle,Others,13.193689,77.649658
Int. Aiport,2019,Fatal,Vehicle to Vehicle,NH,13.21992627,77.67141724
Int. Aiport,2019,Fatal,Not Applicable,Residential Street,13.24353,77.718744
Int. Aiport,2019,Simple Injury,Not Applicable,Two way,13.211861,77.673157
Int. Aiport,2019,Simple Injury,Not Applicable,Others,13.073,77.643661
Int. Aiport,2019,Simple Injury,Hit pedestrian,One way,13.195911,77.669649
Int. Aiport,2019,Simple Injury,Hit pedestrian,NH,13.2298289,77.702282
Int. Aiport,2019,Simple Injury,Hit puchcart,City or Town Road,13.2456607,77.7127844
Int. Aiport,2019,Simple Injury,Not Applicable,Two way,13.071452,77.651055
Int. Aiport,2019,Damage Only,Vehicle to Vehicle,NH,13.201528,77.658159
Int. Aiport,2019,Grievous Injury,Not Applicable,NH,13.241716,77.713731
Int. Aiport,2019,Damage Only,Others,City or Town Road,13.198376,77.705837
Int. Aiport,2019,Damage Only,Not Applicable,NH,13.193689,77.649658
Int. Aiport,2019,Fatal,Not Applicable,NH,13.2298289,77.702282
Int. Aiport,2019,Simple Injury,Hit pedestrian,NH,13.241716,77.713731
Int. Aiport,2019,Simple Injury,Not Applicable,Others,13.24471559,77.71320149
Int. Aiport,2019,Fatal,Not Applicable,NH,13.21992627,77.67141724
Int. Aiport,2019,Simple Injury,Not Applicable,Two way,13.267877,77.718913
Int. Aiport,2019,Simple Injury,Vehicle to Vehicle,NH,13.201528,77.658159
Int. Aiport,2019,Simple Injury,Hit and Run,City or Town Road,13.24471559,77.71320149
Int. Aiport,2019,Simple Injury,Vehicle to Vehicle,NH,13.2298289,77.702282
Int. Aiport,2019,Damage Only,Vehicle to Vehicle,Others,13.197914,77.705145
Int. Aiport,2019,Simple Injury,Vehicle to Vehicle,Others,13.198154,77.680104
Int. Aiport,2019,Simple Injury,Vehicle to Vehicle,Others,13.24353,77.718744
Int. Aiport,2019,Simple Injury,Vehicle to Vehicle,NH,13.2298289,77.702282
Int. Aiport,2019,Damage Only,Vehicle to Vehicle,NH,13.2676314,77.7195886
Int. Aiport,2020,Fatal,Not Applicable,NH,13.211861,77.673157
Int. Aiport,2020,Grievous Injury,Vehicle to Vehicle,NH,13.24353,77.718744
Int. Aiport,2020,Damage Only,Vehicle to Vehicle,NH,13.211861,77.673157
Int. Aiport,2020,Damage Only,Not Applicable,NH,13.21992627,77.67141724
Int. Aiport,2020,Simple Injury,Not Applicable,NH,13.3021582,77.5510526
Int. Aiport,2020,Grievous Injury,Not Applicable,NH,13.241716,77.713731
Int. Aiport,2020,Damage Only,Not Applicable,Two way,13.197924,77.690307
Int. Aiport,2020,Simple Injury,Not Applicable,NH,13.21992627,77.67141724
Int. Aiport,2020,Simple Injury,Not Applicable,NH,13.241716,77.713731
Int. Aiport,2020,Simple Injury,Not Applicable,NH,13.2570916,77.6976754
Int. Aiport,2020,Grievous Injury,Not Applicable,NH,13.2486292,77.7155364
Int. Aiport,2020,Simple Injury,Not Applicable,NH,13.21992627,77.67141724
Int. Aiport,2020,Simple Injury,Not Applicable,Two way,13.2456607,77.7127844
Int. Aiport,2020,Simple Injury,Not Applicable,One way,13.071452,77.651055
Int. Aiport,2020,Simple Injury,Not Applicable,NH,13.211861,77.673157
Int. Aiport,2020,Simple Injury,Not Applicable,Two way,13.2570916,77.6976754
Int. Aiport,2020,Simple Injury,Not Applicable,NH,13.193689,77.649658
Int. Aiport,2020,Simple Injury,Not Applicable,NH,13.3021582,77.5510526
Int. Aiport,2020,Simple Injury,Not Applicable,Two way,13.073,77.643661
Int. Aiport,2020,Fatal,Not Applicable,NH,13.2676314,77.7195886
Int. Aiport,2020,Simple Injury,Not Applicable,NH,13.21992627,77.67141724
Int. Aiport,2020,Fatal,Not Applicable,NH,13.2298289,77.702282
Int. Aiport,2020,Simple Injury,Not Applicable,NH,13.21992627,77.67141724
Int. Aiport,2020,Simple Injury,Not Applicable,NH,13.193689,77.649658
Int. Aiport,2020,Simple Injury,Not Applicable,Others,13.199282,77.706529
Int. Aiport,2020,Simple Injury,Not Applicable,Two way,13.211165,77.646095
Int. Aiport,2020,Fatal,Not Applicable,NH,13.2676314,77.7195886
Int. Aiport,2020,Damage Only,Not Applicable,NH,13.21992627,77.67141724
Int. Aiport,2020,Simple Injury,Not Applicable,NH,13.241716,77.713731
Int. Aiport,2020,Simple Injury,Not Applicable,NH,13.241716,77.713731
Int. Aiport,2020,Damage Only,Not Applicable,NH,13.21992627,77.67141724
Int. Aiport,2020,Simple Injury,Not Applicable,Two way,13.06491,77.672668
Int. Aiport,2020,Simple Injury,Not Applicable,Others,13.24353,77.718744
Int. Aiport,2020,Simple Injury,Not Applicable,NH,13.201528,77.658159
Int. Aiport,2020,Simple Injury,Not Applicable,One way,13.2486292,77.7155364
Int. Aiport,2020,Fatal,Not Applicable,NH,13.2676314,77.7195886
Int. Aiport,2020,Simple Injury,Not Applicable,Two way,13.2486292,77.7155364
Int. Aiport,2020,Simple Injury,Not Applicable,NH,13.201528,77.658159
Int. Aiport,2020,Fatal,Not Applicable,NH,13.277222,77.712822
Int. Aiport,2020,Grievous Injury,Vehicle to Vehicle,One way,13.2676314,77.7195886
Int. Aiport,2020,Simple Injury,Not Applicable,Two way,13.3021582,77.5510526
Int. Aiport,2020,Simple Injury,Not Applicable,One way,13.079244,77.664762
Int. Aiport,2020,Simple Injury,Not Applicable,NH,13.241716,77.713731
Int. Aiport,2020,Fatal,Not Applicable,NH,13.3021582,77.5510526
Int. Aiport,2020,Damage Only,Not Applicable,Two way,13.198376,77.699239
Int. Aiport,2020,Simple Injury,Not Applicable,NH,13.2298289,77.702282
Int. Aiport,2020,Simple Injury,Not Applicable,NH,13.21992627,77.67141724
Int. Aiport,2020,Simple Injury,Not Applicable,One way,13.24353,77.718744
Int. Aiport,2020,Simple Injury,Not Applicable,NH,13.3021582,77.5510526
Int. Aiport,2020,Simple Injury,Not Applicable,NH,13.241716,77.713731
Int. Aiport,2020,Simple Injury,Not Applicable,NH,13.21992627,77.67141724
Int. Aiport,2020,Simple Injury,Not Applicable,Two way,13.200518,77.699239
Int. Aiport,2020,Simple Injury,Not Applicable,NH,13.2486292,77.7155364
Int. Aiport,2020,Simple Injury,Not Applicable,Two way,13.073,77.643661
Int. Aiport,2020,Simple Injury,Not Applicable,One way,13.2298289,77.702282
Int. Aiport,2020,Simple Injury,Not Applicable,NH,13.277211,77.712902
Int. Aiport,2020,Simple Injury,Not Applicable,Others,13.24353,77.718744
Int. Aiport,2020,Simple Injury,Not Applicable,One way,13.200518,77.699239
Int. Aiport,2020,Simple Injury,Not Applicable,NH,13.2486292,77.7155364
Int. Aiport,2020,Fatal,Not Applicable,NH,13.195911,77.669649
Int. Aiport,2020,Simple Injury,Not Applicable,NH,13.3021582,77.5510526
Int. Aiport,2020,Simple Injury,Vehicle to Vehicle,NH,13.2298289,77.702282
Int. Aiport,2020,Simple Injury,Not Applicable,NH,13.241716,77.713731
Int. Aiport,2020,Damage Only,Not Applicable,NH,13.3021582,77.5510526
Int. Aiport,2020,Fatal,Not Applicable,NH,13.21992627,77.67141724
Int. Aiport,2020,Simple Injury,Not Applicable,NH,13.3021582,77.5510526
Int. Aiport,2020,Damage Only,Vehicle to Vehicle,NH,13.277211,77.712902
Int. Aiport,2020,Fatal,Not Applicable,Two way,13.211165,77.646095
Int. Aiport,2020,Simple Injury,Not Applicable,NH,13.201528,77.658159
Int. Aiport,2020,Simple Injury,Not Applicable,Two way,13.073,77.643661
Int. Aiport,2020,Simple Injury,Not Applicable,NH,13.21992627,77.67141724
Int. Aiport,2020,Simple Injury,Not Applicable,NH,13.21992627,77.67141724
Int. Aiport,2020,Simple Injury,Not Applicable,NH,13.3021582,77.5510526
Int. Aiport,2020,Damage Only,Vehicle to Vehicle,Residential Street,13.06491,77.672668
Int. Aiport,2020,Simple Injury,Hit pedestrian,Two way,13.2486292,77.7155364
Int. Aiport,2020,Simple Injury,Not Applicable,NH,13.24353,77.718744
Int. Aiport,2020,Simple Injury,Not Applicable,NH,13.3021582,77.5510526
Int. Aiport,2020,Simple Injury,Not Applicable,NH,13.2676314,77.7195886
Int. Aiport,2020,Simple Injury,Not Applicable,Two way,13.055511,77.646373
Int. Aiport,2020,Simple Injury,Not Applicable,One way,13.24353,77.718744
Int. Aiport,2020,Simple Injury,Not Applicable,NH,13.193689,77.649658
Int. Aiport,2020,Simple Injury,Not Applicable,NH,13.2298289,77.702282
Int. Aiport,2020,Simple Injury,Not Applicable,Two way,13.055511,77.646373
Int. Aiport,2020,Simple Injury,Hit pedestrian,NH,13.2298289,77.702282
Int. Aiport,2020,Simple Injury,Not Applicable,Two way,13.055511,77.646373
Int. Aiport,2020,Fatal,Not Applicable,NH,13.3021582,77.5510526
Int. Aiport,2020,Simple Injury,Not Applicable,Not Applicable,13.200518,77.699239
Int. Aiport,2020,Simple Injury,Not Applicable,Two way,13.2486292,77.7155364
Int. Aiport,2020,Damage Only,Not Applicable,Two way,13.198154,77.680104
Int. Aiport,2020,Simple Injury,Not Applicable,NH,13.21992627,77.67141724
Int. Aiport,2020,Simple Injury,Not Applicable,NH,13.21992627,77.67141724
Int. Aiport,2020,Simple Injury,Not Applicable,Two way,13.06491,77.672668
Int. Aiport,2020,Simple Injury,Not Applicable,NH,13.2298289,77.702282
Int. Aiport,2020,Simple Injury,Not Applicable,NH,13.201528,77.658159
Int. Aiport,2020,Simple Injury,Not Applicable,NH,13.274088,77.709437
Int. Aiport,2020,Fatal,Not Applicable,NH,13.24353,77.718744
Int. Aiport,2020,Fatal,Not Applicable,NH,13.2298289,77.702282
Int. Aiport,2021,Simple Injury,Vehicle to Vehicle,Not Applicable,13.194651,77.69057
Int. Aiport,2021,Simple Injury,Not Applicable,NH,13.193689,77.649658
Int. Aiport,2021,Grievous Injury,Not Applicable,NH,13.193689,77.649658
Int. Aiport,2021,Simple Injury,Vehicle to Vehicle,Others,13.195911,77.669649
Int. Aiport,2021,Simple Injury,Vehicle to Vehicle,Others,13.24353,77.718744
Int. Aiport,2021,Simple Injury,Vehicle to Vehicle,Two way,13.2298289,77.702282
Int. Aiport,2021,Simple Injury,Vehicle to Vehicle,Others,13.199282,77.706529
Int. Aiport,2021,Simple Injury,Vehicle to Vehicle,Two way,13.211861,77.673157
Int. Aiport,2021,Simple Injury,Vehicle to Vehicle,Others,13.21992627,77.67141724
Int. Aiport,2021,Damage Only,Vehicle to Vehicle,NH,13.3021582,77.5510526
Int. Aiport,2021,Simple Injury,Vehicle to Vehicle,Others,13.198376,77.705837
Int. Aiport,2021,Simple Injury,Vehicle to Vehicle,NH,13.211861,77.673157
Int. Aiport,2021,Grievous Injury,Vehicle to Vehicle,Others,13.22685,77.68751
Int. Aiport,2021,Simple Injury,Vehicle to Vehicle,NH,13.198154,77.680104
Int. Aiport,2021,Simple Injury,Vehicle to Vehicle,Others,13.3021582,77.5510526
Int. Aiport,2021,Simple Injury,Not Applicable,NH,13.21992627,77.67141724
Int. Aiport,2021,Damage Only,Not Applicable,One way,13.198376,77.705837
Int. Aiport,2021,Simple Injury,Vehicle to Vehicle,Others,13.071452,77.651055
Int. Aiport,2021,Simple Injury,Hit pedestrian,NH,13.201528,77.658159
Int. Aiport,2021,Fatal,Vehicle to Vehicle,NH,13.241716,77.713731
Int. Aiport,2021,Simple Injury,Not Applicable,NH,13.21992627,77.67141724
Int. Aiport,2021,Simple Injury,Hit pedestrian,Others,13.05942,77.64269
Int. Aiport,2021,Fatal,Not Applicable,Others,13.195911,77.669649
Int. Aiport,2021,Simple Injury,Vehicle to Vehicle,Others,13.274088,77.709437
Int. Aiport,2021,Fatal,Vehicle to Vehicle,NH,13.2298289,77.702282
Int. Aiport,2021,Simple Injury,Vehicle to Vehicle,NH,13.3021582,77.5510526
Int. Aiport,2021,Simple Injury,Vehicle to Vehicle,Others,13.055511,77.646373
Int. Aiport,2021,Simple Injury,Not Applicable,Others,13.198154,77.680104
Int. Aiport,2021,Damage Only,Vehicle to Vehicle,NH,13.211165,77.646095
Int. Aiport,2021,Simple Injury,Vehicle to Vehicle,NH,13.073,77.643661
Int. Aiport,2021,Fatal,Not Applicable,NH,13.229828,77.702282
Int. Aiport,2021,Damage Only,Not Applicable,NH,13.2298289,77.702282
Int. Aiport,2021,Simple Injury,Vehicle to Vehicle,Residential Street,13.24353,77.718744
Int. Aiport,2021,Simple Injury,Hit pedestrian,NH,13.34303,77.385609
Int. Aiport,2021,Simple Injury,Vehicle to Vehicle,NH,13.2298289,77.702282
Int. Aiport,2021,Simple Injury,Not Applicable,One way,13.198154,77.680104
Int. Aiport,2021,Simple Injury,Vehicle to Vehicle,NH,13.241716,77.713731
Int. Aiport,2021,Grievous Injury,Vehicle to Vehicle,Others,13.198154,77.680104
Int. Aiport,2021,Damage Only,Not Applicable,Two way,13.19965,77.69057
Int. Aiport,2021,Simple Injury,Vehicle to Vehicle,NH,13.2298289,77.702282
Int. Aiport,2021,Simple Injury,Not Applicable,Others,13.277211,77.712902
Int. Aiport,2021,Simple Injury,Vehicle to Vehicle,Others,13.198154,77.680104
Int. Aiport,2021,Simple Injury,Vehicle to Vehicle,NH,13.211861,77.673157
Int. Aiport,2021,Simple Injury,Vehicle to Vehicle,Others,13.06491,77.672668
Int. Aiport,2021,Simple Injury,Hit pedestrian,Two way,13.274088,77.709437
Int. Aiport,2021,Damage Only,Vehicle to Vehicle,NH,13.2676314,77.7195886
Int. Aiport,2021,Damage Only,Vehicle to Vehicle,Others,13.197924,77.690307
Int. Aiport,2021,Damage Only,Vehicle to Vehicle,NH,13.201528,77.658159
Int. Aiport,2021,Simple Injury,Vehicle to Vehicle,NH,13.2298289,77.702282
Int. Aiport,2021,Simple Injury,Vehicle to Vehicle,Two way,13.211165,77.646095
Int. Aiport,2021,Simple Injury,Vehicle to Vehicle,Two way,13.06491,77.672668
Int. Aiport,2021,Simple Injury,Hit pedestrian,NH,13.2486292,77.7155364
Int. Aiport,2021,Simple Injury,Not Applicable,Others,13.07826,77.65366
Int. Aiport,2021,Simple Injury,Vehicle to Vehicle,Others,13.07497,77.65115
Int. Aiport,2021,Simple Injury,Not Applicable,NH,13.201528,77.658159
Int. Aiport,2021,Not Applicable,Hit bicyclist,Others,13.06491,77.672668
Int. Aiport,2021,Simple Injury,Vehicle to Vehicle,NH,13.193689,77.649658
Int. Aiport,2021,Simple Injury,Vehicle to Vehicle,State Highway,13.25879348,77.74873352
Int. Aiport,2021,Simple Injury,Vehicle to Vehicle,NH,13.2676314,77.7195886
Int. Aiport,2021,Damage Only,Vehicle to Vehicle,NH,13.3021582,77.5510526
Int. Aiport,2021,Simple Injury,Vehicle to Vehicle,Others,13.193689,77.649658
Int. Aiport,2021,Simple Injury,Vehicle to Vehicle,Others,13.274088,77.709437
Int. Aiport,2021,Simple Injury,Vehicle to Vehicle,NH,13.277211,77.712902
Int. Aiport,2021,Simple Injury,Vehicle to Vehicle,Others,13.34303,77.385609
Int. Aiport,2021,Simple Injury,Vehicle to Vehicle,Others,13.185192,77.676166
Int. Aiport,2021,Simple Injury,Vehicle to Vehicle,NH,13.06491,77.672668
Int. Aiport,2021,Fatal,Vehicle to Vehicle,NH,13.201528,77.658159
Int. Aiport,2021,Grievous Injury,Vehicle to Vehicle,Others,13.25742,77.7129
Int. Aiport,2021,Simple Injury,Vehicle to Vehicle,Others,13.2676314,77.7195886
Int. Aiport,2021,Simple Injury,Vehicle to Vehicle,NH,13.3021582,77.5510526
Int. Aiport,2021,Not Applicable,Not Applicable,NH,13.2298289,77.702282
Int. Aiport,2021,Simple Injury,Vehicle to Vehicle,NH,13.193689,77.649658
Int. Aiport,2021,Simple Injury,Not Applicable,NH,13.211861,77.673157
Int. Aiport,2021,Simple Injury,Vehicle to Vehicle,NH,13.22162,77.6699
Int. Aiport,2021,Grievous Injury,Hit pedestrian,NH,13.2298289,77.702282
Int. Aiport,2021,Simple Injury,Hit pedestrian,NH,13.34303,77.385609
Int. Aiport,2021,Simple Injury,Hit bicyclist,NH,13.2298289,77.702282
Int. Aiport,2021,Simple Injury,Vehicle to Vehicle,Others,13.277232,77.712874
Int. Aiport,2021,Fatal,Not Applicable,NH,13.2298289,77.702282
Int. Aiport,2021,Simple Injury,Vehicle to Vehicle,Others,13.195911,77.669649
Int. Aiport,2021,Damage Only,Vehicle to Vehicle,Others,13.198154,77.680104
Int. Aiport,2021,Fatal,Vehicle to Vehicle,Others,13.055511,77.646373
Int. Aiport,2021,Simple Injury,Not Applicable,Others,13.06491,77.672668
Int. Aiport,2021,Simple Injury,Vehicle to Vehicle,NH,13.2298289,77.702282
Int. Aiport,2021,Simple Injury,Vehicle to Vehicle,State Highway,13.25879348,77.74873352
Int. Aiport,2021,Simple Injury,Not Applicable,NH,13.3021582,77.5510526
Int. Aiport,2021,Simple Injury,Vehicle to Vehicle,Others,13.2676314,77.7195886
Int. Aiport,2021,Fatal,Hit pedestrian,NH,13.241716,77.713731
Int. Aiport,2021,Fatal,Vehicle to Vehicle,NH,13.211861,77.673157
Int. Aiport,2021,Not Applicable,Vehicle to Vehicle,Others,13.198154,77.680104
Int. Aiport,2021,Simple Injury,Not Applicable,NH,13.211861,77.673157
Int. Aiport,2021,Simple Injury,Not Applicable,NH,13.193689,77.649658
Int. Aiport,2021,Simple Injury,Vehicle to Vehicle,Others,13.199282,77.690307
Int. Aiport,2021,Not Applicable,Vehicle to Vehicle,NH,13.2486292,77.7155364
Int. Aiport,2021,Simple Injury,Vehicle to Vehicle,Others,13.198154,77.680104
Int. Aiport,2021,Simple Injury,Not Applicable,Others,13.07134,77.65156
Int. Aiport,2021,Grievous Injury,Vehicle to Vehicle,Others,13.24471559,77.71320149
Int. Aiport,2021,Simple Injury,Vehicle to Vehicle,NH,13.26662,77.71949
Int. Aiport,2021,Simple Injury,Vehicle to Vehicle,NH,13.25794,77.71761
Int. Aiport,2021,Damage Only,Not Applicable,Others,13.2486292,77.7155364
Int. Aiport,2021,Damage Only,Vehicle to Vehicle,Others,13.073,77.643661
Int. Aiport,2021,Fatal,Not Applicable,Others,13.2570916,77.6976754
Int. Aiport,2021,Simple Injury,Vehicle to Vehicle,State Highway,13.2486292,77.7155364
Int. Aiport,2021,Simple Injury,Vehicle to Vehicle,Not Applicable,13.05738,77.64834
Int. Aiport,2021,Damage Only,Not Applicable,One way,13.197924,77.690307
Int. Aiport,2021,Not Applicable,Vehicle to Vehicle,NH,13.21992627,77.67141724
Int. Aiport,2021,Grievous Injury,Vehicle to Vehicle,Others,13.3021582,77.5510526
Int. Aiport,2021,Simple Injury,Vehicle to Vehicle,Others,13.198154,77.680104
Int. Aiport,2021,Simple Injury,Vehicle to Vehicle,NH,13.2298289,77.702282
Int. Aiport,2021,Simple Injury,Vehicle to Vehicle,NH,13.2489,77.71576
Int. Aiport,2021,Damage Only,Not Applicable,Two way,13.197924,77.690307
Int. Aiport,2021,Simple Injury,Vehicle to Vehicle,Two way,13.2676314,77.7195886
Int. Aiport,2021,Fatal,Not Applicable,Two way,12.8804,77.55459
Int. Aiport,2021,Simple Injury,Vehicle to Vehicle,Others,13.24353,77.718744
Int. Aiport,2021,Not Applicable,Vehicle to Vehicle,Others,13.34303,77.385609
Int. Aiport,2021,Fatal,Vehicle to Vehicle,NH,13.193689,77.649658
Int. Aiport,2021,Fatal,Vehicle to Vehicle,NH,13.3021582,77.5510526
Int. Aiport,2021,Simple Injury,Not Applicable,NH,13.2570916,77.6976754
Int. Aiport,2021,Simple Injury,Vehicle to Vehicle,Others,13.211861,77.673157
Int. Aiport,2021,Simple Injury,Vehicle to Vehicle,NH,13.03219,77.75854
Int. Aiport,2021,Fatal,Vehicle to Vehicle,NH,13.2676314,77.7195886
Int. Aiport,2021,Simple Injury,Vehicle to Vehicle,State Highway,13.28034,77.76322
Int. Aiport,2021,Simple Injury,Vehicle to Vehicle,Others,13.24471559,77.71320149
Int. Aiport,2021,Simple Injury,Not Applicable,NH,13.3021582,77.5510526
Int. Aiport,2021,Simple Injury,Vehicle to Vehicle,NH,13.21992627,77.67141724
Int. Aiport,2021,Fatal,Hit pedestrian,State Highway,13.241716,77.713731
Int. Aiport,2021,Simple Injury,Vehicle to Vehicle,Others,13.06491,77.672668
Int. Aiport,2021,Simple Injury,Vehicle to Vehicle,NH,13.241716,77.713731
Int. Aiport,2021,Simple Injury,Vehicle to Vehicle,NH,13.229829,77.702282
Int. Aiport,2021,Simple Injury,Vehicle to Vehicle,NH,13.2298289,77.702282
Int. Aiport,2021,Fatal,Not Applicable,Two way,13.06491,77.672668
Int. Aiport,2021,Fatal,Hit pedestrian,Others,13.2486292,77.7155364
Int. Aiport,2021,Simple Injury,Vehicle to Vehicle,NH,13.2486292,77.7155364
Int. Aiport,2021,Simple Injury,Vehicle to Vehicle,NH,13.2456607,77.7127844
Int. Aiport,2021,Fatal,Vehicle to Vehicle,Others,13.06491,77.672668
Int. Aiport,2021,Simple Injury,Not Applicable,NH,13.3021582,77.5510526
Int. Aiport,2021,Fatal,Not Applicable,NH,13.193689,77.649658
Int. Aiport,2021,Fatal,Vehicle to Vehicle,Others,13.24353,77.718744
Int. Aiport,2021,Simple Injury,Vehicle to Vehicle,Two way,13.197924,77.690307
Int. Aiport,2021,Simple Injury,Not Applicable,NH,13.21992627,77.67141724
Int. Aiport,2021,Simple Injury,Vehicle to Vehicle,NH,13.21992627,77.67141724
Int. Aiport,2021,Simple Injury,Vehicle to Vehicle,NH,13.21992627,77.67141724
Int. Aiport,2021,Simple Injury,Vehicle to Vehicle,Others,13.2298289,77.702282
Int. Aiport,2021,Simple Injury,Vehicle to Vehicle,NH,13.21992627,77.67141724
Int. Aiport,2021,Simple Injury,Not Applicable,Others,13.073,77.643661
Int. Aiport,2021,Simple Injury,Vehicle to Vehicle,NH,13.2298289,77.702282
Int. Aiport,2021,Simple Injury,Hit pedestrian,Others,13.24538,77.71229
Int. Aiport,2021,Simple Injury,Not Applicable,NH,13.193689,77.649658
Int. Aiport,2021,Simple Injury,Vehicle to Vehicle,Mixed,13.03219,77.75854
Int. Aiport,2021,Simple Injury,Hit pedestrian,NH,13.23039,77.69094
Int. Aiport,2021,Simple Injury,Not Applicable,One way,13.195911,77.669649
Int. Aiport,2022,Damage Only,Vehicle to Vehicle,Others,13.24471559,77.71320149
Int. Aiport,2022,Simple Injury,Not Applicable,NH,13.241716,77.713731
Int. Aiport,2022,Grievous Injury,Vehicle to Vehicle,NH,13.3021582,77.5510526
Int. Aiport,2022,Fatal,Not Applicable,NH,13.198264,77.645845
Int. Aiport,2022,Simple Injury,Vehicle to Vehicle,Two way,13.34303,77.385609
Int. Aiport,2022,Grievous Injury,Vehicle to Vehicle,Two way,13.241716,77.713731
Int. Aiport,2022,Damage Only,Vehicle to Vehicle,Others,13.06491,77.672668
Int. Aiport,2022,Grievous Injury,Vehicle to Vehicle,NH,13.209975,77.670811
Int. Aiport,2022,Fatal,Vehicle to Vehicle,NH,13.219828,77.680794
Int. Aiport,2022,Simple Injury,Vehicle to Vehicle,NH,13.241716,77.713731
Int. Aiport,2022,Grievous Injury,Vehicle to Vehicle,Two way,13.241716,77.713731
Int. Aiport,2022,Grievous Injury,Vehicle to Vehicle,Others,13.06491,77.672668
Int. Aiport,2022,Damage Only,Vehicle to Vehicle,Others,13.22635,77.68702
Int. Aiport,2022,Fatal,Vehicle to Vehicle,Two way,13.052382,77.679044
Int. Aiport,2022,Grievous Injury,Vehicle to Vehicle,NH,13.2298289,77.702282
Int. Aiport,2022,Grievous Injury,Vehicle to Vehicle,Others,13.055511,77.646373
Int. Aiport,2022,Grievous Injury,Vehicle to Vehicle,NH,13.3021582,77.5510526
Int. Aiport,2022,Fatal,Not Applicable,Others,13.24353,77.718744
Int. Aiport,2022,Damage Only,Not Applicable,Others,13.19246,77.66321
Int. Aiport,2022,Damage Only,Vehicle to Vehicle,NH,13.241716,77.713731
Int. Aiport,2022,Simple Injury,Vehicle to Vehicle,NH,13.230091,77.690808
Int. Aiport,2022,Grievous Injury,Not Applicable,NH,13.211165,77.646095
Int. Aiport,2022,Fatal,Hit pedestrian,Others,13.055312,77.646912
Int. Aiport,2022,Fatal,Vehicle to Vehicle,NH,13.3021582,77.5510526
Int. Aiport,2022,Damage Only,Hit pedestrian,NH,13.250622,77.707075
Int. Aiport,2022,Grievous Injury,Vehicle to Vehicle,NH,13.06491,77.672668
Int. Aiport,2022,Fatal,Hit pedestrian,NH,13.23048,77.690961
Int. Aiport,2022,Fatal,Vehicle to Vehicle,Others,13.205023,77.657197
Int. Aiport,2022,Fatal,Vehicle to Vehicle,Others,13.277721,77.712518
Int. Aiport,2022,Fatal,Hit pedestrian,One way,13.200518,77.699239
Int. Aiport,2022,Grievous Injury,Vehicle to Vehicle,Two way,13.06193,77.648872
Int. Aiport,2022,Damage Only,Not Applicable,Others,13.198154,77.680104
Int. Aiport,2022,Fatal,Vehicle to Vehicle,NH,13.264915,77.718507
Int. Aiport,2022,Grievous Injury,Vehicle to Vehicle,Others,13.201528,77.658159
Int. Aiport,2022,Simple Injury,Hit pedestrian,NH,13.270076,77.720345
Int. Aiport,2022,Grievous Injury,Vehicle to Vehicle,NH,13.245245,77.712806
Int. Aiport,2022,Damage Only,Vehicle to Vehicle,NH,13.248578,77.715534
Int. Aiport,2022,Grievous Injury,Hit pedestrian,Two way,13.248637,77.715502
Int. Aiport,2022,Not Applicable,Hit pedestrian,NH,13.2298289,77.702282
Int. Aiport,2022,Damage Only,Vehicle to Vehicle,Others,13.198154,77.680104
Int. Aiport,2022,Grievous Injury,Hit pedestrian,Others,13.055511,77.646373
Int. Aiport,2022,Grievous Injury,Vehicle to Vehicle,Others,13.34303,77.385609
Int. Aiport,2022,Grievous Injury,Vehicle to Vehicle,NH,13.23297,77.72781
Int. Aiport,2022,Damage Only,Vehicle to Vehicle,Others,13.19821,77.669
Int. Aiport,2022,Grievous Injury,Vehicle to Vehicle,NH,13.21992627,77.67141724
Int. Aiport,2022,Damage Only,Vehicle to Vehicle,One way,13.197903,77.700178
Int. Aiport,2022,Fatal,Not Applicable,Others,13.062696,77.652046
Int. Aiport,2022,Fatal,Hit pedestrian,NH,13.201528,77.658159
Int. Aiport,2022,Fatal,Hit pedestrian,NH,13.211302,77.672218
Int. Aiport,2022,Grievous Injury,Vehicle to Vehicle,NH,13.264215,77.718901
Int. Aiport,2022,Fatal,Not Applicable,NH,13.23888,77.69964
Int. Aiport,2022,Grievous Injury,Vehicle to Vehicle,NH,13.241716,77.713731
Int. Aiport,2022,Grievous Injury,Hit pedestrian,NH,13.2676314,77.7195886
Int. Aiport,2022,Grievous Injury,Vehicle to Vehicle,Others,13.055511,77.646373
Int. Aiport,2022,Fatal,Not Applicable,Others,13.24353,77.718744
Int. Aiport,2022,Grievous Injury,Vehicle to Vehicle,Two way,13.241716,77.713731
Int. Aiport,2022,Grievous Injury,Vehicle to Vehicle,NH,13.21992627,77.67141724
Int. Aiport,2022,Grievous Injury,Hit pedestrian,Others,13.148995,77.674745
Int. Aiport,2022,Simple Injury,Vehicle to Vehicle,Others,13.23876,77.72404
Int. Aiport,2022,Grievous Injury,Vehicle to Vehicle,Two way,13.24353,77.718744
Int. Aiport,2022,Simple Injury,Vehicle to Vehicle,NH,13.193689,77.649658
Int. Aiport,2022,Damage Only,Vehicle to Vehicle,Others,13.197903,77.700178
Int. Aiport,2022,Grievous Injury,Not Applicable,Others,13.241716,77.713731
Int. Aiport,2022,Grievous Injury,Vehicle to Vehicle,NH,13.21992627,77.67141724
Int. Aiport,2022,Fatal,Hit pedestrian,NH,13.205611,77.666688
Int. Aiport,2022,Grievous Injury,Vehicle to Vehicle,Others,13.054222,77.670095
Int. Aiport,2022,Grievous Injury,Hit pedestrian,Others,13.254921,77.716844
Int. Aiport,2022,Fatal,Not Applicable,Others,13.0980537,77.6449375
Int. Aiport,2022,Fatal,Vehicle to Vehicle,NH,13.21992627,77.67141724
Int. Aiport,2022,Grievous Injury,Vehicle to Vehicle,Others,13.0688,77.6515
Int. Aiport,2022,Simple Injury,Vehicle to Vehicle,NH,13.211861,77.673157
Int. Aiport,2022,Simple Injury,Hit pedestrian,Two way,13.241716,77.713731
Int. Aiport,2022,Grievous Injury,Vehicle to Vehicle,Not Applicable,13.241716,77.713731
Int. Aiport,2022,Grievous Injury,Vehicle to Vehicle,NH,13.208827,77.670193
Int. Aiport,2022,Fatal,Not Applicable,Others,13.126595,77.645643
Int. Aiport,2022,Grievous Injury,Vehicle to Vehicle,Others,13.22129,77.72024
Int. Aiport,2022,Fatal,Vehicle to Vehicle,NH,13.261339,77.716263
Int. Aiport,2022,Grievous Injury,Vehicle to Vehicle,NH,13.25234,77.71633
Int. Aiport,2022,Damage Only,Vehicle to Vehicle,NH,13.241716,77.713731
Int. Aiport,2022,Fatal,Vehicle to Vehicle,NH,13.250796,77.707157
Int. Aiport,2022,Grievous Injury,Vehicle to Vehicle,Others,13.073,77.643661
Int. Aiport,2022,Grievous Injury,Hit pedestrian,Others,13.138949,77.670466
Int. Aiport,2022,Simple Injury,Vehicle to Vehicle,Others,13.055511,77.646373
Int. Aiport,2022,Grievous Injury,Vehicle to Vehicle,Others,13.199282,77.706529
Int. Aiport,2022,Grievous Injury,Hit pedestrian,Others,13.245847,77.712334
Int. Aiport,2022,Grievous Injury,Not Applicable,NH,13.3021582,77.5510526
Int. Aiport,2022,Simple Injury,Vehicle to Vehicle,Others,13.198154,77.680104
Int. Aiport,2022,Grievous Injury,Vehicle to Vehicle,NH,13.21992627,77.67141724
Int. Aiport,2022,Fatal,Not Applicable,Others,13.199014,77.70897
Int. Aiport,2022,Simple Injury,Vehicle to Vehicle,Others,13.241716,77.713731
Int. Aiport,2022,Simple Injury,Vehicle to Vehicle,NH,13.201528,77.658159
Int. Aiport,2022,Fatal,Vehicle to Vehicle,State Highway,13.241716,77.713731
Int. Aiport,2022,Simple Injury,Vehicle to Vehicle,Others,13.055511,77.646373
Int. Aiport,2022,Simple Injury,Not Applicable,Others,13.06491,77.672668
Int. Aiport,2022,Damage Only,Vehicle to Vehicle,Others,13.195911,77.669649
Int. Aiport,2022,Damage Only,Vehicle to Vehicle,Not Applicable,13.197924,77.690307
Int. Aiport,2022,Damage Only,Vehicle to Vehicle,Others,13.198154,77.680104
Int. Aiport,2022,Simple Injury,Vehicle to Vehicle,NH,13.2298289,77.702282
Int. Aiport,2022,Fatal,Hit pedestrian,NH,13.23639,77.69723
Int. Aiport,2023,Simple Injury,Vehicle to Vehicle,Others,13.223154,77.740045
Int. Aiport,2023,Fatal,Not Applicable,Others,13.13187,77.662188
Int. Aiport,2023,Fatal,Hit pedestrian,NH,13.221259,77.682326
Int. Aiport,2023,Fatal,Vehicle to Vehicle,Others,13.117804,77.634088
Int. Aiport,2023,Simple Injury,Vehicle to Vehicle,NH,13.219926,77.671417
Int. Aiport,2023,Simple Injury,Hit pedestrian,Minor District Road,13.278138,77.712193
Int. Aiport,2023,Simple Injury,Vehicle to Vehicle,NH,13.229828,77.702282
Int. Aiport,2023,Simple Injury,Vehicle to Vehicle,Two way,13.088058,77.654744
Int. Aiport,2023,Fatal,Vehicle to Vehicle,NH,13.257909,77.717463
Int. Aiport,2023,Damage Only,Vehicle to Vehicle,NH,13.221353,77.682212
Int. Aiport,2023,Grievous Injury,Vehicle to Vehicle,NH,13.250348,77.706882
Int. Aiport,2023,Fatal,Vehicle to Vehicle,NH,13.267437,77.719763
Int. Aiport,2023,Fatal,Hit pedestrian,NH,13.226463,77.68714
Int. Aiport,2023,Grievous Injury,Not Applicable,Others,13.218779,77.679765
Int. Aiport,2023,Simple Injury,Vehicle to Vehicle,Residential Street,13.101631,77.654744
Int. Aiport,2023,Grievous Injury,Vehicle to Vehicle,Others,13.262885,77.728702
Int. Aiport,2023,Fatal,Vehicle to Vehicle,NH,13.23065,77.712876
Int. Aiport,2023,Damage Only,Vehicle to Vehicle,Others,13.198606,77.685857
Int. Aiport,2023,Grievous Injury,Vehicle to Vehicle,NH,13.209861,77.670746
Int. Aiport,2023,Simple Injury,Vehicle to Vehicle,Arterial,13.198305,77.669115
Int. Aiport,2023,Simple Injury,Hit pedestrian,Others,13.122789,77.646745
Int. Aiport,2023,Fatal,Vehicle to Vehicle,Others,13.148744,77.674638
Int. Aiport,2023,Simple Injury,Not Applicable,Two way,13.091741,77.654753
Int. Aiport,2023,Grievous Injury,Vehicle to Vehicle,Others,13.255745,77.731096
Int. Aiport,2023,Simple Injury,Vehicle to Vehicle,Others,13.119268,77.633134
Int. Aiport,2023,Simple Injury,Vehicle to Vehicle,NH,13.230469,77.69121
Int. Aiport,2023,Fatal,Vehicle to Vehicle,Others,13.154272,77.685039
Int. Aiport,2023,Fatal,Hit pedestrian,NH,13.206719,77.668348
Int. Aiport,2023,Fatal,Vehicle to Vehicle,NH,13.221337,77.682234
Int. Aiport,2023,Damage Only,Vehicle to Vehicle,NH,13.229828,77.702282
Int. Aiport,2023,Simple Injury,Vehicle to Vehicle,Service Road,13.240292,77.701672
Int. Aiport,2023,Simple Injury,Hit pedestrian,Minor District Road,13.055511,77.646373
Int. Aiport,2023,Simple Injury,Vehicle to Vehicle,Others,13.199914,77.659221
Int. Aiport,2023,Grievous Injury,Vehicle to Vehicle,Others,13.199621,77.69059
Int. Aiport,2023,Fatal,Vehicle to Vehicle,NH,13.215464,77.676499
Int. Aiport,2023,Grievous Injury,Vehicle to Vehicle,Expressway,13.199539,77.658776
Int. Aiport,2023,Grievous Injury,Vehicle to Vehicle,NH,13.23037,77.690915
Int. Aiport,2023,Damage Only,Vehicle to Vehicle,NH,13.193689,77.649658
Int. Aiport,2023,Fatal,Vehicle to Vehicle,Sub Arterial,13.198113,77.684425
Int. Aiport,2023,Grievous Injury,Hit pedestrian,NH,13.251967,77.707518
Int. Aiport,2023,Simple Injury,Vehicle to Vehicle,Residential Street,13.224718,77.71284
Int. Aiport,2023,Simple Injury,Vehicle to Vehicle,Others,13.091759,77.654756
Int. Aiport,2023,Fatal,Not Applicable,Others,13.173048,77.694095
Int. Aiport,2023,Not Applicable,Vehicle to Vehicle,NH,13.242291,77.703685
Int. Aiport,2023,Simple Injury,Vehicle to Vehicle,NH,13.223746,77.739542
Int. Aiport,2023,Simple Injury,Vehicle to Vehicle,NH,13.248715,77.71567
Int. Aiport,2023,Fatal,Not Applicable,State Highway,13.263532,77.729505
Int. Aiport,2023,Damage Only,Vehicle to Vehicle,Others,13.198405,77.701602
Int. Aiport,2023,Grievous Injury,Vehicle to Vehicle,Two way,13.266801,77.741481
Int. Aiport,2023,Damage Only,Vehicle to Vehicle,Others,13.1984,77.701378
Int. Aiport,2023,Fatal,Vehicle to Vehicle,Others,13.105826,77.634154
Int. Aiport,2023,Simple Injury,Vehicle to Vehicle,Others,13.221721,77.719254
Int. Aiport,2023,Simple Injury,Vehicle to Vehicle,State Highway,13.276361,77.713582
Int. Aiport,2023,Fatal,Vehicle to Vehicle,Others,13.184147,77.70355
Int. Aiport,2023,Fatal,Vehicle to Vehicle,NH,13.257421,77.71283
Int. Aiport,2023,Fatal,Not Applicable,Others,13.228108,77.734003
Int. Aiport,2023,Fatal,Hit pedestrian,NH,13.240149,77.701144
Int. Aiport,2023,Simple Injury,Vehicle to Vehicle,One way,13.193689,77.649658
Int. Aiport,2023,Simple Injury,Vehicle to Vehicle,One way,13.055312,77.646095
Int. Aiport,2023,Fatal,Vehicle to Vehicle,Others,13.253497,77.734209
Int. Aiport,2023,Grievous Injury,Vehicle to Vehicle,Others,13.221161,77.682229
Int. Aiport,2023,Fatal,Vehicle to Vehicle,Others,13.254343,77.736586
Int. Aiport,2023,Grievous Injury,Vehicle to Vehicle,NH,13.250639,77.7071
Int. Aiport,2023,Fatal,Not Applicable,Sub Arterial,13.191286,77.68078
Int. Aiport,2023,Not Applicable,Vehicle to Vehicle,NH,13.208145,77.669235
Int. Aiport,2023,Fatal,Not Applicable,NH,13.221367,77.68227
Int. Aiport,2023,Fatal,Not Applicable,Others,13.27041,77.739557
Int. Aiport,2023,Grievous Injury,Vehicle to Vehicle,NH,13.221364,77.68226
Int. Aiport,2023,Fatal,Not Applicable,NH,13.23482,77.695567
Int. Aiport,2023,Fatal,Not Applicable,Others,13.168027,77.688625
Int. Aiport,2023,Fatal,Hit pedestrian,Residential Street,13.122703,77.668221
Int. Aiport,2023,Simple Injury,Vehicle to Vehicle,Not Applicable,13.215358,77.710683
Int. Aiport,2023,Simple Injury,Not Applicable,One way,13.198179,77.700266
Int. Aiport,2023,Grievous Injury,Hit pedestrian,State Highway,13.208791,77.670153
Int. Aiport,2023,Grievous Injury,Vehicle to Vehicle,Others,13.194644,77.700147
Int. Aiport,2023,Simple Injury,Vehicle to Vehicle,NH,13.220683,77.681759
Int. Aiport,2023,Simple Injury,Not Applicable,NH,13.206782,77.668037
Int. Aiport,2023,Simple Injury,Vehicle to Vehicle,Sub Arterial,13.198573,77.68424
Int. Aiport,2023,Simple Injury,Vehicle to Vehicle,Others,13.174829,77.717221
Int. Aiport,2023,Fatal,Hit pedestrian,Others,13.129193,77.639388
Int. Aiport,2023,Grievous Injury,Vehicle to Vehicle,Others,13.132692,77.686282
Int. Aiport,2023,Simple Injury,Vehicle to Vehicle,NH,13.250256,77.70783
Int. Aiport,2023,Grievous Injury,Not Applicable,NH,13.223485,77.684258
Int. Aiport,2023,Fatal,Vehicle to Vehicle,NH,13.250586,77.706962
Int. Aiport,2023,Damage Only,Vehicle to Vehicle,NH,13.193689,77.649658
Int. Aiport,2023,Simple Injury,Hit pedestrian,One way,13.262706,77.71737
Int. Aiport,2023,Simple Injury,Not Applicable,Others,13.194357,77.690881
Int. Aiport,2023,Grievous Injury,Vehicle to Vehicle,NH,13.25056,77.707255
Int. Aiport,2023,Damage Only,Vehicle to Vehicle,Others,13.183172,77.677456
Int. Aiport,2023,Fatal,Vehicle to Vehicle,Others,13.191823,77.665601
Int. Aiport,2023,Simple Injury,Vehicle to Vehicle,One way,13.199516,77.700205
Int. Aiport,2023,Grievous Injury,Vehicle to Vehicle,NH,13.267631,77.719588
Int. Aiport,2023,Damage Only,Not Applicable,Others,13.128608,77.67406
Int. Aiport,2023,Grievous Injury,Vehicle to Vehicle,NH,13.221363,77.682243
Int. Aiport,2023,Fatal,Not Applicable,NH,13.22705,77.687919
Int. Aiport,2023,Fatal,Vehicle to Vehicle,NH,13.221361,77.682261
Int. Aiport,2023,Fatal,Hit pedestrian,NH,13.26209,77.716534
Int. Aiport,2023,Fatal,Vehicle to Vehicle,Others,13.107714,77.665639
Int. Aiport,2023,Simple Injury,Vehicle to Vehicle,Others,13.117709,77.65494
Int. Aiport,2023,Grievous Injury,Vehicle to Vehicle,State Highway,13.248612,77.715549
Int. Aiport,2023,Simple Injury,Vehicle to Vehicle,Mixed,13.266291,77.740695
Int. Aiport,2023,Damage Only,Vehicle to Vehicle,Others,13.198122,77.684203
Int. Aiport,2023,Damage Only,Not Applicable,Not Applicable,13.230379,77.690926
Int. Aiport,2023,Simple Injury,Hit pedestrian,NH,13.235367,77.696071
Int. Aiport,2023,Fatal,Not Applicable,Others,13.13202,77.691295
Int. Aiport,2023,Fatal,Not Applicable,Others,13.13351,77.67702
Electronic City,2016,Fatal,Others,NH,12.88638,77.64155
Electronic City,2016,Damage Only,Rear end,NH,12.85056,77.66855
Electronic City,2016,Damage Only,Rear end,NH,12.8424,77.67619
Electronic City,2016,Grievous Injury,Others,NH,12.84546,77.67232
Electronic City,2016,Damage Only,Others,NH,12.84559,77.66748
Electronic City,2016,Fatal,Hit pedestrian,NH,12.84754,77.67139
Electronic City,2016,Grievous Injury,Rear end,NH,12.84201,77.67559
Electronic City,2016,Grievous Injury,Others,Others,12.83824,77.67836
Electronic City,2016,Grievous Injury,Others,NH,12.86644,77.65551
Electronic City,2016,Grievous Injury,Hit pedestrian,NH,12.85321,77.66719
Electronic City,2016,Grievous Injury,Hit pedestrian,NH,12.84178,77.67531
Electronic City,2016,Damage Only,Others,NH,12.88038,77.6455
Electronic City,2016,Grievous Injury,Others,NH,12.83914,77.67091
Electronic City,2016,Grievous Injury,Rear end,NH,12.88827,77.64038
Electronic City,2016,Grievous Injury,Rear end,NH,12.84797,77.67066
Electronic City,2016,Damage Only,Others,Expressway,12.85889,77.65594
Electronic City,2016,Grievous Injury,Others,NH,12.87917,77.64595
Electronic City,2016,Grievous Injury,Others,Others,12.87185,77.65174
Electronic City,2016,Grievous Injury,Others,Others,12.87808,77.62972
Electronic City,2016,Grievous Injury,Rear end,NH,12.84548,77.67235
Electronic City,2016,Fatal,Head on,Others,12.88973,77.64991
Electronic City,2016,Grievous Injury,Hit pedestrian,NH,12.87873,77.64633
Electronic City,2016,Grievous Injury,Others,NH,12.847,77.66984
Electronic City,2016,Fatal,Hit pedestrian,Expressway,12.85887,77.61773
Electronic City,2016,Grievous Injury,Others,NH,12.87272,77.65121
Electronic City,2016,Damage Only,Rear end,NH,12.8421,77.65937
Electronic City,2016,Fatal,Others,Others,12.87785,77.62854
Electronic City,2016,Fatal,Head on,NH,12.8477,77.67069
Electronic City,2016,Grievous Injury,Hit pedestrian,NH,12.8473,77.67052
Electronic City,2016,Fatal,Others,NH,12.85076,77.66839
Electronic City,2016,Damage Only,Rear end,NH,12.84736,77.67091
Electronic City,2017,Grievous Injury,Others,NH,12.86991,77.65334
Electronic City,2017,Grievous Injury,Others,NH,12.84358,77.67385
Electronic City,2017,Grievous Injury,Others,Others,12.86837,77.66145
Electronic City,2017,Grievous Injury,Hit pedestrian,Others,12.88002,77.64491
Electronic City,2017,Grievous Injury,Hit pedestrian,NH,12.86697,77.6555
Electronic City,2017,Fatal,Hit pedestrian,Others,12.85673,77.6361
Electronic City,2017,Grievous Injury,Others,NH,12.84807,77.66236
Electronic City,2017,Grievous Injury,Others,Expressway,12.85838,77.65779
Electronic City,2017,Grievous Injury,Others,NH,12.8427,77.67379
Electronic City,2017,Damage Only,Rear end,Expressway,12.85739,77.60697
Electronic City,2017,Grievous Injury,Rear end,NH,12.84554,77.66106
Electronic City,2017,Grievous Injury,Others,NH,12.84791,77.67096
Electronic City,2017,Fatal,Rear end,NH,12.84001,77.67698
Electronic City,2017,Simple Injury,Hit and Run,NH,12.83905,77.67799
Electronic City,2017,Damage Only,Others,Others,12.88086,77.64373
Electronic City,2017,Grievous Injury,Others,NH,12.86709,77.65548
Electronic City,2017,Grievous Injury,Hit pedestrian,NH,12.85609,77.6645
Electronic City,2017,Grievous Injury,Rear end,Expressway,12.86702,77.63549
Electronic City,2017,Grievous Injury,Hit pedestrian,Others,12.88896,77.6716
Electronic City,2017,Grievous Injury,Hit pedestrian,Others,12.84697,77.67942
Electronic City,2017,Grievous Injury,Hit pedestrian,NH,12.7851,77.8951
Electronic City,2017,Grievous Injury,Rear end,NH,12.864463,77.65761
Electronic City,2017,Grievous Injury,Others,NH,12.86145,77.66077
Electronic City,2017,Grievous Injury,Others,Others,12.88873,77.64021
Electronic City,2017,Grievous Injury,Rear end,Others,12.84296,77.64029
Electronic City,2017,Grievous Injury,Rear end,NH,12.85596,77.66429
Electronic City,2017,Grievous Injury,Hit and Run,NH,12.86928,77.65393
Electronic City,2017,Fatal,Head on,Expressway,12.85812,77.65888
Electronic City,2017,Grievous Injury,Others,NH,12.85482,77.60942
Electronic City,2017,Grievous Injury,Rear end,Others,12.8395,77.67694
Electronic City,2017,Grievous Injury,Others,Others,12.84877,77.65917
Electronic City,2017,Fatal,Hit pedestrian,NH,12.87747,77.64707
Electronic City,2017,Grievous Injury,Others,NH,12.87025,77.65318
Electronic City,2017,Grievous Injury,Others,NH,12.89109,77.63954
Electronic City,2017,Grievous Injury,Others,Others,12.84296,77.61715
Electronic City,2017,Grievous Injury,Rear end,NH,12.86961,77.65364
Electronic City,2017,Simple Injury,Hit and Run,NH,12.83747,77.67857
Electronic City,2017,Grievous Injury,Head on,NH,12.86799,77.65497
Electronic City,2017,Grievous Injury,Others,Expressway,12.85498,77.61002
Electronic City,2017,Grievous Injury,Hit pedestrian,NH,12.8388,77.67779
Electronic City,2017,Fatal,Others,Others,12.84742,77.67078
Electronic City,2017,Grievous Injury,Hit pedestrian,Others,12.87057,77.65882
Electronic City,2017,Simple Injury,Hit and Run,NH,12.87075,77.65657
Electronic City,2017,Simple Injury,Rear end,NH,12.8861,77.64184
Electronic City,2017,Damage Only,Others,Others,12.89208,77.62915
Electronic City,2017,Grievous Injury,Rear end,NH,12.83992,77.67689
Electronic City,2017,Damage Only,Rear end,NH,12.8612,77.385356
Electronic City,2017,Grievous Injury,Others,Others,12.85086,77.65746
Electronic City,2017,Simple Injury,Others,NH,12.8699,77.65339
Electronic City,2017,Grievous Injury,Others,Others,12.8391,77.64793
Electronic City,2017,Grievous Injury,Others,NH,12.8698,77.65327
Electronic City,2017,Damage Only,Others,NH,12.83418,77.67554
Electronic City,2017,Grievous Injury,Rear end,NH,12.8713,77.6519
Electronic City,2017,Grievous Injury,Others,Others,12.85065,77.66096
Electronic City,2017,Grievous Injury,Hit pedestrian,Others,12.87639,77.67449
Electronic City,2017,Grievous Injury,Others,Others,12.84048,77.67631
Electronic City,2017,Grievous Injury,Hit pedestrian,NH,12.84714,77.67163
Electronic City,2017,Grievous Injury,Hit pedestrian,NH,12.87448,77.64863
Electronic City,2017,Grievous Injury,Hit pedestrian,Others,12.7895,77.8951
Electronic City,2017,Grievous Injury,Rear end,NH,12.86857,77.65471
Electronic City,2017,Damage Only,Others,Others,12.89822,77.6393
Electronic City,2017,Grievous Injury,Others,NH,12.83998,77.6773
Electronic City,2017,Fatal,Head on,NH,12.86449,77.65761
Electronic City,2017,Grievous Injury,Others,NH,12.84613,77.66924
Electronic City,2017,Fatal,Rear end,Expressway,12.86251,77.64834
Electronic City,2017,Grievous Injury,Hit pedestrian,NH,12.84413,77.67386
Electronic City,2017,Damage Only,Others,NH,12.8398501,77.67707541
Electronic City,2017,Grievous Injury,Others,NH,12.84268,77.64196
Electronic City,2017,Damage Only,Others,Others,12.83918,77.65924
Electronic City,2017,Grievous Injury,Hit pedestrian,Others,12.89953,77.6514
Electronic City,2017,Grievous Injury,Others,Expressway,12.86586,77.62904
Electronic City,2017,Grievous Injury,Others,NH,12.84378,77.67386
Electronic City,2017,Fatal,Others,Others,12.8708,77.65399
Electronic City,2017,Grievous Injury,Hit pedestrian,Others,12.87409,77.66915
Electronic City,2017,Grievous Injury,Others,Others,12.88515,77.65585
Electronic City,2017,Fatal,Others,Others,12.88614,77.67033
Electronic City,2017,Damage Only,Others,NH,12.8399,77.67707
Electronic City,2017,Grievous Injury,Others,NH,12.85265,77.66714
Electronic City,2017,Simple Injury,Rear end,Others,12.83942,77.65957
Electronic City,2017,Damage Only,Others,NH,12.84403,77.67404
Electronic City,2017,Grievous Injury,Others,Others,12.84505,77.67831
Electronic City,2017,Fatal,Others,NH,12.85872,77.66248
Electronic City,2017,Grievous Injury,Rear end,NH,12.85979,77.66151
Electronic City,2017,Grievous Injury,Hit pedestrian,NH,12.87923,77.64604
Electronic City,2017,Grievous Injury,Hit pedestrian,NH,12.87104,77.6524
Electronic City,2017,Grievous Injury,Others,NH,12.86264,77.64714
Electronic City,2017,Grievous Injury,Rear end,NH,12.86073,77.66067
Electronic City,2017,Damage Only,Others,Others,12.84053,77.68154
Electronic City,2017,Grievous Injury,Others,NH,12.84375,77.67379
Electronic City,2017,Grievous Injury,Hit pedestrian,Others,12.85424,77.66242
Electronic City,2017,Grievous Injury,Hit pedestrian,NH,12.84764,77.67091
Electronic City,2017,Simple Injury,Hit pedestrian,Others,12.85475,77.66221
Electronic City,2017,Fatal,Others,Others,12.86667,77.66236
Electronic City,2017,Damage Only,Others,Others,12.84303902,77.63968561
Electronic City,2017,Grievous Injury,Others,NH,12.84724,77.67142
Electronic City,2017,Damage Only,Others,NH,12.85605,77.66434
Electronic City,2017,Grievous Injury,Rear end,Not Applicable,12.84746,77.6713
Electronic City,2017,Grievous Injury,Rear end,NH,12.86943,77.65378
Electronic City,2017,Fatal,Hit pedestrian,NH,12.83999,77.677
Electronic City,2017,Damage Only,Rear end,Others,12.84701,77.67915
Electronic City,2017,Fatal,Hit pedestrian,Expressway,12.86603524,77.62964496
Electronic City,2017,Grievous Injury,Hit pedestrian,Others,12.84372,77.67206
Electronic City,2017,Grievous Injury,Skidding or Self accident,Expressway,12.85781,77.66425
Electronic City,2017,Grievous Injury,Hit pedestrian,NH,12.88452,77.64282
Electronic City,2017,Grievous Injury,Rear end,NH,12.83958,77.68148
Electronic City,2017,Grievous Injury,Others,Service Road,12.83637,77.67897
Electronic City,2017,Grievous Injury,Others,Others,12.86532,77.65138
Electronic City,2017,Fatal,Others,Service Road,12.87355,77.65053
Electronic City,2017,Grievous Injury,Others,NH,12.84417,77.67429
Electronic City,2017,Grievous Injury,Others,NH,12.86036,77.66106
Electronic City,2017,Grievous Injury,Others,NH,12.85874,77.66235
Electronic City,2017,Grievous Injury,Others,NH,12.84658,77.67211
Electronic City,2017,Grievous Injury,Hit pedestrian,Others,12.84542,77.66577
Electronic City,2017,Fatal,Hit pedestrian,NH,12.88427,77.64336
Electronic City,2017,Fatal,Head on,NH,12.88396,77.6431
Electronic City,2017,Fatal,Rear end,NH,12.84649,77.67225
Electronic City,2017,Simple Injury,Others,NH,12.88919,77.64162
Electronic City,2017,Grievous Injury,Others,NH,12.8645,77.65762
Electronic City,2017,Fatal,Hit pedestrian,NH,12.8516593,77.667781
Electronic City,2017,Grievous Injury,Rear end,NH,12.86291,77.65876
Electronic City,2017,Grievous Injury,Side impact or Right angle,City or Town Road,12.86812,77.65499
Electronic City,2017,Fatal,Others,Expressway,12.85815,77.66241
Electronic City,2017,Grievous Injury,Others,NH,12.84896,77.66966
Electronic City,2017,Grievous Injury,Others,Others,12.8488,77.65783
Electronic City,2017,Damage Only,Rear end,Expressway,12.85835,77.65776
Electronic City,2017,Grievous Injury,Others,Others,12.86995,77.65567
Electronic City,2017,Fatal,Head on,NH,12.856143,77.664427
Electronic City,2017,Grievous Injury,Hit pedestrian,Others,12.87366,77.66634
Electronic City,2017,Fatal,Rear end,NH,12.85601,77.66454
Electronic City,2017,Grievous Injury,Others,Others,12.85297,77.60912
Electronic City,2017,Damage Only,Others,Others,12.84316,77.64332
Electronic City,2017,Grievous Injury,Others,Others,12.87969,77.64649
Electronic City,2017,Damage Only,Others,NH,12.86895,77.65423
Electronic City,2017,Grievous Injury,Hit pedestrian,NH,12.84313,77.6648
Electronic City,2017,Fatal,Head on,Others,12.86728,77.65131
Electronic City,2017,Damage Only,Others,NH,12.83867,77.67788
Electronic City,2017,Damage Only,Rear end,NH,12.88469,77.64274
Electronic City,2017,Fatal,Hit and Run,NH,12.87957,77.64583
Electronic City,2017,Grievous Injury,Others,NH,12.86969,77.65341
Electronic City,2017,Grievous Injury,Rear end,NH,12.88706,77.6411
Electronic City,2017,Grievous Injury,Hit pedestrian,NH,12.87033,77.65405
Electronic City,2017,Grievous Injury,Others,Others,12.8476,77.67485
Electronic City,2017,Grievous Injury,Others,Others,12.84541,77.66111
Electronic City,2017,Grievous Injury,Others,Others,12.85495,77.66736
Electronic City,2017,Damage Only,Others,NH,12.8668,77.65674
Electronic City,2017,Grievous Injury,Others,NH,12.86972,77.65336
Electronic City,2017,Grievous Injury,Rear end,NH,12.85895,77.66228
Electronic City,2017,Grievous Injury,Others,NH,12.84382,77.67428
Electronic City,2018,Grievous Injury,Rear end,Others,12.85816,77.65879
Electronic City,2018,Grievous Injury,Head on,Expressway,12.83917,77.65886
Electronic City,2018,Grievous Injury,Others,Others,12.84004,77.66147
Electronic City,2018,Grievous Injury,Hit pedestrian,NH,12.85335,77.66665
Electronic City,2018,Grievous Injury,Rear end,Expressway,12.86332,77.64673
Electronic City,2018,Grievous Injury,Hit pedestrian,City or Town Road,12.89863,77.65127
Electronic City,2018,Grievous Injury,Not Applicable,NH,12.84347,77.67439
Electronic City,2018,Grievous Injury,Hit pedestrian,NH,12.86994,77.65312
Electronic City,2018,Grievous Injury,Hit pedestrian,Others,12.85081,77.65395
Electronic City,2018,Grievous Injury,Overturning,Others,12.84251,77.6692
Electronic City,2018,Damage Only,Rear end,NH,12.8549,77.66793
Electronic City,2018,Fatal,Others,Others,12.89035,77.64316
Electronic City,2018,Damage Only,Rear end,NH,12.87031,77.65384
Electronic City,2018,Damage Only,Others,NH,12.87064,77.65287
Electronic City,2018,Fatal,Rear end,NH,12.8728,77.65115
Electronic City,2018,Fatal,Others,Expressway,12.85834,77.664
Electronic City,2018,Fatal,Hit pedestrian,NH,12.869855,77.6534388
Electronic City,2018,Grievous Injury,Others,NH,12.84314,77.67465
Electronic City,2018,Damage Only,Others,Others,12.88498,77.64336
Electronic City,2018,Fatal,Hit pedestrian,NH,12.87016,77.65348
Electronic City,2018,Grievous Injury,Hit pedestrian,Others,12.84082,77.65205
Electronic City,2018,Fatal,Rear end,NH,12.85678,77.66355
Electronic City,2018,Damage Only,Rear end,NH,12.84874,77.67027
Electronic City,2018,Grievous Injury,Hit and Run,NH,12.8431,77.67422
Electronic City,2018,Grievous Injury,Right Turn Collision,City or Town Road,12.84539,77.66562
Electronic City,2018,Grievous Injury,Hit pedestrian,NH,12.87003,77.65306
Electronic City,2018,Grievous Injury,Others,NH,12.85589,77.66461
Electronic City,2018,Grievous Injury,Others,Others,12.86146,77.64837
Electronic City,2018,Grievous Injury,Overturning,NH,12.84012,77.67712
Electronic City,2018,Grievous Injury,Rear end,Others,12.83759,77.66126
Electronic City,2018,Grievous Injury,Rear end,NH,12.86095,77.66041
Electronic City,2018,Simple Injury,Rear end,Expressway,12.86237,77.64819
Electronic City,2018,Grievous Injury,Hit pedestrian,Others,12.8394,77.67763
Electronic City,2018,Grievous Injury,Hit pedestrian,NH,12.87269,77.65136
Electronic City,2018,Fatal,Rear end,NH,12.84235,77.67513
Electronic City,2018,Grievous Injury,Others,Expressway,12.85951,77.66038
Electronic City,2018,Grievous Injury,Rear end,Expressway,12.86679,77.63133
Electronic City,2018,Fatal,Others,NH,12.84686,77.67028
Electronic City,2018,Fatal,Rear end,Others,12.84587,77.67285
Electronic City,2018,Damage Only,Rear end,NH,12.83725,77.67714
Electronic City,2018,Grievous Injury,Others,Others,12.8656,77.65667
Electronic City,2018,Grievous Injury,Head on,City or Town Road,12.87666,77.67651
Electronic City,2018,Fatal,Others,NH,12.94149,77.55208
Electronic City,2018,Damage Only,Head on,NH,12.84757,77.67117
Electronic City,2018,Grievous Injury,Others,Others,12.87741,77.65482
Electronic City,2018,Grievous Injury,Others,Expressway,12.86682,77.63436
Electronic City,2018,Grievous Injury,Hit pedestrian,Others,12.88055,77.64571
Electronic City,2018,Grievous Injury,Rear end,Others,12.86188,77.64952
Electronic City,2018,Fatal,Hit pedestrian,NH,12.8475,77.67117
Electronic City,2018,Damage Only,Rear end,Others,12.86493,77.65733
Electronic City,2018,Grievous Injury,Hit pedestrian,NH,12.846,77.67188
Electronic City,2018,Simple Injury,Hit pedestrian,City or Town Road,12.8989,77.65121
Electronic City,2018,Grievous Injury,Others,NH,12.84006,77.67713
Electronic City,2018,Damage Only,Others,Others,12.84298,77.64422
Electronic City,2018,Simple Injury,Rear end,NH,12.87056,77.65576
Electronic City,2018,Damage Only,Rear end,NH,12.84015,77.67691
Electronic City,2018,Grievous Injury,Head on,Others,12.89074,77.66822
Electronic City,2018,Grievous Injury,Others,Others,12.85966,77.67731
Electronic City,2018,Grievous Injury,Hit pedestrian,NH,12.85589,77.66474
Electronic City,2018,Grievous Injury,Hit pedestrian,Others,12.84541,77.66558
Electronic City,2018,Grievous Injury,Rear end,NH,12.85589,77.65761
Electronic City,2018,Grievous Injury,Rear end,Others,12.87594,77.54444
Electronic City,2018,Damage Only,Others,NH,12.84733,77.67122
Electronic City,2018,Damage Only,Rear end,Expressway,12.85816,77.65881
Electronic City,2018,Grievous Injury,Rear end,Expressway,12.844,77.67399
Electronic City,2018,Fatal,Hit pedestrian,NH,12.85245,77.65713
Electronic City,2018,Grievous Injury,Hit pedestrian,Others,12.84348,77.66034
Electronic City,2018,Simple Injury,Others,Others,12.90237,77.63094
Electronic City,2018,Damage Only,Rear end,NH,12.83983,77.67713
Electronic City,2018,Grievous Injury,Hit pedestrian,NH,12.85236,77.6674
Electronic City,2018,Grievous Injury,Hit pedestrian,Expressway,12.85836,77.65809
Electronic City,2018,Grievous Injury,Rear end,NH,12.85571,77.66457
Electronic City,2018,Fatal,Hit pedestrian,Others,12.86141,77.65995
Electronic City,2018,Simple Injury,Rear end,NH,12.8696,77.65377
Electronic City,2018,Grievous Injury,Hit pedestrian,Others,12.8549,77.66793
Electronic City,2018,Grievous Injury,Others,Others,12.84765,77.67074
Electronic City,2018,Simple Injury,Head on,Expressway,12.84593,77.67252
Electronic City,2018,Simple Injury,Others,Expressway,12.86648,77.63051
Electronic City,2018,Grievous Injury,Hit pedal cyclist,NH,12.84854,77.67052
Electronic City,2018,Grievous Injury,Rear end,Expressway,12.85603,77.66426
Electronic City,2018,Grievous Injury,Others,NH,12.85501,77.66577
Electronic City,2018,Simple Injury,Rear end,NH,12.84662,77.67255
Electronic City,2018,Grievous Injury,Rear end,NH,12.85595,77.66034
Electronic City,2018,Grievous Injury,Hit pedestrian,NH,12.87064,77.65287
Electronic City,2018,Fatal,Hit pedestrian,NH,12.87096,77.65272
Electronic City,2018,Grievous Injury,Others,Others,12.85021,77.65771
Electronic City,2018,Fatal,Head on,Expressway,12.84628653,77.67279291
Electronic City,2018,Fatal,Rear end,Others,12.877004,77.671593
Electronic City,2018,Grievous Injury,Others,Expressway,12.85498,77.60973
Electronic City,2018,Grievous Injury,Hit pedestrian,Others,12.85458,77.65932
Electronic City,2018,Damage Only,Others,Others,12.86982,77.65337
Electronic City,2018,Grievous Injury,Others,NH,12.86746,77.65529
Electronic City,2018,Grievous Injury,Hit parked vehicle,Expressway,12.86703,77.63389
Electronic City,2018,Grievous Injury,Hit pedestrian,Others,12.84369,77.63652
Electronic City,2018,Grievous Injury,Others,Others,12.84224,77.6187
Electronic City,2018,Damage Only,Rear end,Others,12.85114,77.65764
Electronic City,2018,Fatal,Others,Expressway,12.86568,77.62888
Electronic City,2018,Grievous Injury,Overturning,Others,12.84234,77.61857
Electronic City,2018,Grievous Injury,Others,Others,12.88252,77.64493
Electronic City,2018,Damage Only,Others,Others,12.84553,77.66193
Electronic City,2018,Damage Only,Rear end,Others,12.8894,77.64967
Electronic City,2018,Grievous Injury,Rear end,NH,12.84049,77.6603
Electronic City,2018,Grievous Injury,Hit pedestrian,Others,12.85583,77.66471
Electronic City,2018,Damage Only,Rear end,NH,12.86975,77.6534
Electronic City,2018,Grievous Injury,Others,Others,12.84404,77.68785
Electronic City,2018,Grievous Injury,Others,Others,12.89402,77.65697
Electronic City,2018,Grievous Injury,Others,Expressway,12.85843,77.65902
Electronic City,2018,Damage Only,Rear end,Expressway,12.8549,77.66793
Electronic City,2018,Fatal,Rear end,NH,12.84571,77.67302
Electronic City,2018,Grievous Injury,Hit pedestrian,Others,12.89451,77.63761
Electronic City,2018,Damage Only,Head on,NH,12.83987,77.67689
Electronic City,2018,Grievous Injury,Others,Others,12.8868,77.6561
Electronic City,2018,Grievous Injury,Others,Others,12.84969,77.65773
Electronic City,2018,Grievous Injury,Others,Others,12.9013,77.64564
Electronic City,2018,Grievous Injury,Rear end,NH,12.856,77.66444
Electronic City,2018,Fatal,Head on,Expressway,12.85501,77.61004
Electronic City,2018,Fatal,Head on,NH,12.86003,77.66104
Electronic City,2018,Grievous Injury,Others,NH,12.86686,77.65598
Electronic City,2018,Grievous Injury,Others,Others,12.87588,77.67193
Electronic City,2018,Damage Only,Rear end,NH,12.86182,77.6597
Electronic City,2018,Fatal,Hit pedestrian,NH,12.84756,77.67109
Electronic City,2018,Simple Injury,Not Applicable,City or Town Road,12.87405,77.66733
Electronic City,2018,Grievous Injury,Others,City or Town Road,12.88506,77.64545
Electronic City,2018,Fatal,Rear end,Expressway,12.85719,77.66349
Electronic City,2018,Grievous Injury,Hit pedestrian,Others,12.84868,77.67754
Electronic City,2018,Grievous Injury,Hit pedestrian,NH,12.85948,77.66186
Electronic City,2018,Grievous Injury,Rear end,NH,12.86128,77.65938
Electronic City,2018,Grievous Injury,Others,NH,12.90275,77.635
Electronic City,2018,Damage Only,Others,NH,12.85595,77.66426
Electronic City,2018,Grievous Injury,Others,Others,12.85951,77.65406
Electronic City,2018,Fatal,Rear end,Expressway,12.85943,77.65495
Electronic City,2018,Damage Only,Rear end,NH,12.85332,77.66646
Electronic City,2018,Grievous Injury,Others,Others,12.84609,77.68441
Electronic City,2018,Grievous Injury,Hit pedestrian,NH,12.86206,77.65943
Electronic City,2018,Grievous Injury,Rear end,Others,12.89035,77.66161
Electronic City,2018,Grievous Injury,Hit pedestrian,NH,12.85401,77.66571
Electronic City,2018,Damage Only,Rear end,NH,12.87063,77.65549
Electronic City,2018,Grievous Injury,Others,Others,12.88138,77.67231
Electronic City,2018,Grievous Injury,Rear end,Others,12.86276,77.62356
Electronic City,2018,Grievous Injury,Rear end,NH,12.86477,77.65747
Electronic City,2018,Grievous Injury,Hit pedestrian,Others,12.88978,77.65002
Electronic City,2018,Simple Injury,Rear end,City or Town Road,12.83971,77.67725
Electronic City,2018,Grievous Injury,Others,NH,12.83897,77.66198
Electronic City,2018,Grievous Injury,Others,NH,12.86645,77.63015
Electronic City,2019,Grievous Injury,Others,Others,12.84046,77.66339
Electronic City,2019,Grievous Injury,Hit pedestrian,NH,12.86078,77.66215
Electronic City,2019,Grievous Injury,Hit pedestrian,NH,12.8544,77.66576
Electronic City,2019,Fatal,Vehicle to Vehicle,NH,12.8401,77.67695
Electronic City,2019,Grievous Injury,Vehicle to Vehicle,Arterial,12.85113,77.65745
Electronic City,2019,Grievous Injury,Hit pedestrian,Arterial,12.90401,77.63096
Electronic City,2019,Grievous Injury,Hit pedestrian,NH,12.85586,77.66479
Electronic City,2019,Damage Only,Rear end,NH,12.8549,77.66795
Electronic City,2019,Grievous Injury,Rear end,NH,12.84318,77.67436
Electronic City,2019,Damage Only,Rear end,NH,12.84333,77.67437
Electronic City,2019,Fatal,Hit pedestrian,NH,12.85621,77.66444
Electronic City,2019,Simple Injury,Vehicle to Vehicle,Expressway,12.85937,77.65523
Electronic City,2019,Fatal,Vehicle to Vehicle,Expressway,12.86468,77.64401
Electronic City,2019,Grievous Injury,Hit pedestrian,NH,12.85619,77.66442
Electronic City,2019,Damage Only,Vehicle to Vehicle,NH,12.83982,77.67696
Electronic City,2019,Grievous Injury,Hit pedestrian,Arterial,12.90534,77.63012
Electronic City,2019,Damage Only,Vehicle to Vehicle,Arterial,12.85597,77.66418
Electronic City,2019,Fatal,Others,NH,12.84751,77.67099
Electronic City,2019,Grievous Injury,Others,Expressway,12.86679,77.63557
Electronic City,2019,Grievous Injury,Others,Expressway,12.86668,77.63746
Electronic City,2019,Simple Injury,Hit pedestrian,Service Road,12.85485,77.6655
Electronic City,2019,Grievous Injury,Others,Others,12.84742,77.67108
Electronic City,2019,Grievous Injury,Rear end,NH,12.87056,77.65576
Electronic City,2019,Grievous Injury,Others,NH,12.85871,77.6624
Electronic City,2019,Damage Only,Vehicle to Vehicle,Others,12.85624,77.66431
Electronic City,2019,Damage Only,Vehicle to Vehicle,Expressway,12.84758,77.6712
Electronic City,2019,Damage Only,Vehicle to Vehicle,Arterial,12.84349,77.6742
Electronic City,2019,Grievous Injury,Vehicle to Vehicle,Others,12.87149,77.66151
Electronic City,2019,Grievous Injury,Vehicle to Vehicle,Arterial,12.8434,77.67403
Electronic City,2019,Grievous Injury,Vehicle to Vehicle,Arterial,12.85626,77.66428
Electronic City,2019,Grievous Injury,Others,NH,12.85588,77.66454
Electronic City,2019,Fatal,Hit pedestrian,Others,12.85491,77.6095
Electronic City,2019,Damage Only,Others,Others,12.84612,77.68093
Electronic City,2019,Grievous Injury,Others,NH,12.86921,77.65299
Electronic City,2019,Grievous Injury,Hit pedestrian,Others,12.87167,77.66186
Electronic City,2019,Grievous Injury,Skidding or Self accident,NH,12.84551,77.66312
Electronic City,2019,Fatal,Hit pedestrian,Others,12.8407,77.65107
Electronic City,2019,Damage Only,Not Applicable,Two way,12.89219,77.64456
Electronic City,2019,Fatal,Vehicle to Vehicle,NH,12.8432,77.64301
Electronic City,2019,Grievous Injury,Vehicle to Vehicle,Arterial,12.89438,77.63677
Electronic City,2019,Grievous Injury,Vehicle to Vehicle,Arterial,12.84984,77.66907
Electronic City,2019,Fatal,Rear end,Others,12.85065,77.66104
Electronic City,2019,Grievous Injury,Hit pedestrian,NH,12.84898,77.66513
Electronic City,2019,Damage Only,Vehicle to Vehicle,NH,12.8398,77.67699
Electronic City,2019,Grievous Injury,Others,NH,12.86138,77.65997
Electronic City,2019,Grievous Injury,Others,NH,12.83874,77.67811
Electronic City,2019,Fatal,Rear end,NH,12.85582,77.66438
Electronic City,2019,Grievous Injury,Head on,Expressway,12.95642,77.47144
Electronic City,2019,Grievous Injury,Hit pedestrian,NH,12.8699,77.6534
Electronic City,2019,Grievous Injury,Others,Others,12.8928,77.66383
Electronic City,2019,Fatal,Vehicle to Vehicle,Expressway,12.85838,77.61756
Electronic City,2019,Grievous Injury,Vehicle to Vehicle,Service Road,12.8391,77.67785
Electronic City,2019,Grievous Injury,Vehicle to Vehicle,Arterial,12.84983,77.66916
Electronic City,2019,Damage Only,Vehicle to Vehicle,Arterial,12.83913,77.66192
Electronic City,2019,Fatal,Vehicle to Vehicle,Others,12.84986,77.63914
Electronic City,2019,Grievous Injury,Vehicle to Vehicle,Feeder Road,12.85033,77.66858
Electronic City,2019,Damage Only,Rear end,NH,12.86959,77.65346
Electronic City,2019,Grievous Injury,Hit pedestrian,Others,12.87033,77.65817
Electronic City,2019,Grievous Injury,Others,Others,12.85804,77.6741
Electronic City,2019,Grievous Injury,Rear end,Expressway,12.86546,77.64222
Electronic City,2019,Damage Only,Vehicle to Vehicle,NH,12.86987,77.65343
Electronic City,2019,Damage Only,Vehicle to Vehicle,NH,12.85069,77.66882
Electronic City,2019,Grievous Injury,Hit pedestrian,Others,12.87134,77.65505
Electronic City,2019,Fatal,Vehicle to Vehicle,Others,12.89216,77.64445
Electronic City,2019,Damage Only,Vehicle to Vehicle,Others,12.8866,77.67102
Electronic City,2019,Grievous Injury,Vehicle to Vehicle,NH,12.83851,77.67587
Electronic City,2019,Grievous Injury,Vehicle to Vehicle,NH,12.85871,77.66233
Electronic City,2019,Grievous Injury,Vehicle to Vehicle,Arterial,12.87001,77.65311
Electronic City,2019,Grievous Injury,Hit pedestrian,NH,12.84815,77.67039
Electronic City,2019,Grievous Injury,Vehicle to Vehicle,Others,12.84242,77.61853
Electronic City,2019,Grievous Injury,Others,Others,12.89333,77.65134
Electronic City,2019,Fatal,Rear end,NH,12.83891,77.67767
Electronic City,2019,Damage Only,Others,Others,12.84556,77.66758
Electronic City,2019,Grievous Injury,Others,NH,12.87094,77.65274
Electronic City,2019,Grievous Injury,Hit pedestrian,NH,12.85039,77.66896
Electronic City,2019,Simple Injury,Hit pedestrian,Arterial,12.86124,77.66009
Electronic City,2019,Grievous Injury,Hit pedestrian,Arterial,12.85796,77.6591
Electronic City,2019,Damage Only,Vehicle to Vehicle,Expressway,12.83917,77.66169
Electronic City,2019,Grievous Injury,Rear end,NH,12.85489,77.66534
Electronic City,2019,Simple Injury,Others,NH,12.8396,77.67729
Electronic City,2019,Simple Injury,Others,Others,12.89471,77.66043
Electronic City,2019,Grievous Injury,Vehicle to Vehicle,NH,12.87041,77.65844
Electronic City,2019,Grievous Injury,Vehicle to Vehicle,Others,12.8549,77.66543
Electronic City,2019,Grievous Injury,Hit pedestrian,Arterial,12.85499,77.66528
Electronic City,2019,Grievous Injury,Vehicle to Vehicle,Arterial,12.84169,77.61917
Electronic City,2019,Fatal,Vehicle to Vehicle,NH,12.84032,77.67675
Electronic City,2019,Grievous Injury,Vehicle to Vehicle,Arterial,12.8917,77.66716
Electronic City,2019,Damage Only,Head on,NH,12.8411,77.67628
Electronic City,2019,Grievous Injury,Others,City or Town Road,12.87236,77.65401
Electronic City,2019,Grievous Injury,Rear end,NH,12.85589,77.66467
Electronic City,2019,Fatal,Rear end,NH,12.83985,77.67706
Electronic City,2019,Grievous Injury,Hit pedestrian,NH,12.8549,77.66793
Electronic City,2019,Fatal,Rear end,Expressway,12.86204,77.64919
Electronic City,2019,Grievous Injury,Hit pedestrian,NH,12.84775,77.67104
Electronic City,2019,Grievous Injury,Hit pedestrian,NH,12.86989,77.65342
Electronic City,2019,Grievous Injury,Vehicle to Vehicle,NH,12.86997,77.65336
Electronic City,2019,Grievous Injury,Vehicle to Vehicle,NH,12.84275,77.67507
Electronic City,2019,Damage Only,Vehicle to Vehicle,Arterial,12.85652,77.66414
Electronic City,2019,Grievous Injury,Others,Others,12.89031,77.64306
Electronic City,2019,Grievous Injury,Rear end,NH,12.84658,77.67259
Electronic City,2019,Grievous Injury,Others,Expressway,12.86693,77.6354
Electronic City,2019,Grievous Injury,Rear end,Service Road,12.86248,77.65942
Electronic City,2019,Grievous Injury,Rear end,Others,12.84015,77.67689
Electronic City,2019,Grievous Injury,Hit and Run,City or Town Road,12.8436,77.67442
Electronic City,2019,Damage Only,Vehicle to Vehicle,NH,12.83997,77.67706
Electronic City,2019,Grievous Injury,Vehicle to Vehicle,One way,12.87007,77.65325
Electronic City,2019,Grievous Injury,Hit animal,NH,12.85818,77.66249
Electronic City,2019,Grievous Injury,Vehicle to Vehicle,Others,12.90205,77.63427
Electronic City,2019,Damage Only,Vehicle to Vehicle,NH,12.85875,77.66229
Electronic City,2019,Simple Injury,Vehicle to Vehicle,Arterial,12.86623,77.65648
Electronic City,2019,Grievous Injury,Vehicle to Vehicle,NH,12.88463,77.6493
Electronic City,2019,Grievous Injury,Hit pedestrian,Others,12.8871,77.67266
Electronic City,2019,Fatal,Hit pedestrian,Others,12.8548,77.6647
Electronic City,2019,Fatal,Head on,Others,12.84807,77.67047
Electronic City,2019,Grievous Injury,Others,Others,12.84324,77.61432
Electronic City,2019,Grievous Injury,Hit pedestrian,NH,12.87048,77.65896
Electronic City,2019,Grievous Injury,Vehicle to Vehicle,Others,12.8567,77.66032
Electronic City,2019,Grievous Injury,Vehicle to Vehicle,NH,12.8392,77.66232
Electronic City,2019,Simple Injury,Vehicle to Vehicle,Arterial,12.86643,77.65606
Electronic City,2019,Grievous Injury,Hit pedestrian,Arterial,12.87624,77.67741
Electronic City,2019,Simple Injury,Vehicle to Vehicle,Arterial,12.83929,77.66186
Electronic City,2019,Fatal,Others,Others,12.84187,77.66558
Electronic City,2019,Grievous Injury,Others,NH,12.84002,77.66151
Electronic City,2019,Grievous Injury,Rear end,Others,12.87041,77.65274
Electronic City,2019,Grievous Injury,Rear end,NH,12.85616,77.66437
Electronic City,2019,Simple Injury,Others,NH,12.85594,77.66428
Electronic City,2019,Fatal,Hit pedestrian,NH,12.84136,77.67593
Electronic City,2019,Grievous Injury,Hit pedestrian,Others,12.86984,77.65336
Electronic City,2019,Grievous Injury,Vehicle to Vehicle,Minor District Road,12.84168,77.61922
Electronic City,2019,Grievous Injury,Vehicle to Vehicle,Others,12.85743,77.6357
Electronic City,2019,Damage Only,Vehicle to Vehicle,Expressway,12.84542,77.66523
Electronic City,2019,Damage Only,Rear end,NH,12.84765,77.67117
Electronic City,2019,Grievous Injury,Hit pedestrian,Others,12.83998,77.67702
Electronic City,2019,Grievous Injury,Rear end,NH,12.84355,77.67445
Electronic City,2019,Grievous Injury,Others,NH,12.86249,77.65943
Electronic City,2019,Grievous Injury,Vehicle to Vehicle,Others,12.87031,77.65859
Electronic City,2019,Grievous Injury,Vehicle to Vehicle,Others,12.84972,77.65777
Electronic City,2019,Grievous Injury,Hit pedestrian,Others,12.8743,77.65003
Electronic City,2019,Damage Only,Vehicle to Vehicle,NH,12.8399,77.67691
Electronic City,2019,Simple Injury,Vehicle to Vehicle,Two way,12.84541,77.66556
Electronic City,2019,Grievous Injury,Vehicle to Vehicle,Expressway,12.85947,77.65405
Electronic City,2019,Simple Injury,Vehicle to Vehicle,Expressway,12.87071,77.65441
Electronic City,2019,Simple Injury,Hit pedestrian,Arterial,12.86992,77.65342
Electronic City,2019,Grievous Injury,Vehicle to Vehicle,Two way,12.86433,77.66914
Electronic City,2019,Grievous Injury,Vehicle to Vehicle,Arterial,12.87116,77.65254
Electronic City,2019,Simple Injury,Hit pedestrian,Others,12.84021,77.65981
Electronic City,2019,Damage Only,Rear end,NH,12.85601,77.66442
Electronic City,2019,Grievous Injury,Rear end,NH,12.88382,77.64431
Electronic City,2019,Grievous Injury,Others,Others,12.89433,77.65833
Electronic City,2019,Grievous Injury,Hit pedestrian,Others,12.85107,77.65771
Electronic City,2019,Grievous Injury,Vehicle to Vehicle,NH,12.84312,77.67438
Electronic City,2019,Grievous Injury,Vehicle to Vehicle,Expressway,12.84326,77.67428
Electronic City,2019,Damage Only,Not Applicable,Arterial,12.84811,77.67041999999998
Electronic City,2019,Damage Only,Vehicle to Vehicle,Arterial,12.8565,77.66418
Electronic City,2019,Grievous Injury,Hit pedestrian,NH,12.83799,77.66154
Electronic City,2019,Grievous Injury,Others,City or Town Road,12.87008,77.65364
Electronic City,2019,Damage Only,Others,NH,12.86908,77.65386
Electronic City,2019,Fatal,Vehicle to Vehicle,NH,12.85612,77.6644
Electronic City,2019,Damage Only,Vehicle to Vehicle,Arterial,12.86845,77.65436
Electronic City,2019,Simple Injury,Vehicle to Vehicle,Arterial,12.84707,77.67161
Electronic City,2020,Fatal,Not Applicable,NH,12.85106,77.6681
Electronic City,2020,Simple Injury,Vehicle to Vehicle,NH,12.8403,77.67678
Electronic City,2020,Grievous Injury,Vehicle to Vehicle,NH,12.85633,77.66423
Electronic City,2020,Grievous Injury,Hit pedestrian,NH,12.84209,77.67538
Electronic City,2020,Simple Injury,Hit pedestrian,NH,12.85611,77.66457
Electronic City,2020,Damage Only,Not Applicable,NH,12.85578,77.66435
Electronic City,2020,Simple Injury,Vehicle to Vehicle,Expressway,12.86651,77.63105
Electronic City,2020,Fatal,Vehicle to Vehicle,Expressway,12.85617,77.61352
Electronic City,2020,Simple Injury,Vehicle to Vehicle,NH,12.8780273,77.6470178
Electronic City,2020,Simple Injury,Vehicle to Vehicle,NH,12.90044,77.63319
Electronic City,2020,Simple Injury,Hit pedestrian,NH,12.87447,77.64963
Electronic City,2020,Simple Injury,Hit pedestrian,Others,12.87163,77.6553
Electronic City,2020,Simple Injury,Hit pedestrian,Others,12.87023,77.65913
Electronic City,2020,Grievous Injury,Vehicle to Vehicle,Others,12.84362,77.64423
Electronic City,2020,Simple Injury,Vehicle to Vehicle,Others,12.84776,77.67548
Electronic City,2020,Damage Only,Not Applicable,NH,12.84864,77.67002
Electronic City,2020,Simple Injury,Vehicle to Vehicle,Others,12.84152,77.61938
Electronic City,2020,Simple Injury,Vehicle to Vehicle,Residential Street,12.88199,77.65231
Electronic City,2020,Simple Injury,Hit pedestrian,NH,12.86508,77.65745
Electronic City,2020,Damage Only,Vehicle to Vehicle,NH,12.85638,77.66426
Electronic City,2020,Grievous Injury,Vehicle to Vehicle,Others,12.84496,77.64747
Electronic City,2020,Grievous Injury,Vehicle to Vehicle,Others,12.90539,77.6416
Electronic City,2020,Grievous Injury,Vehicle to Vehicle,NH,12.86992,77.65329
Electronic City,2020,Damage Only,Vehicle to Vehicle,NH,12.85859,77.66232
Electronic City,2020,Simple Injury,Vehicle to Vehicle,NH,12.89431,77.63697
Electronic City,2020,Damage Only,Vehicle to Vehicle,Others,12.89042,77.64543
Electronic City,2020,Damage Only,Not Applicable,NH,12.83992,77.67707
Electronic City,2020,Simple Injury,Hit pedestrian,NH,12.88919,77.63993
Electronic City,2020,Fatal,Vehicle to Vehicle,NH,12.85849,77.66241
Electronic City,2020,Fatal,Vehicle to Vehicle,NH,12.84806,77.67055
Electronic City,2020,Grievous Injury,Vehicle to Vehicle,Others,12.83946,77.66135
Electronic City,2020,Fatal,Vehicle to Vehicle,NH,12.86988,77.65321
Electronic City,2020,Simple Injury,Vehicle to Vehicle,NH,12.83995,77.67683
Electronic City,2020,Damage Only,Not Applicable,NH,12.88709,77.64138
Electronic City,2020,Fatal,Vehicle to Vehicle,Expressway,12.86623,77.63991
Electronic City,2020,Simple Injury,Vehicle to Vehicle,NH,12.85598,77.66426
Electronic City,2020,Fatal,Vehicle to Vehicle,Others,12.84288,77.64224
Electronic City,2020,Simple Injury,Vehicle to Vehicle,NH,12.86807,77.65272
Electronic City,2020,Damage Only,Vehicle to Vehicle,NH,12.83999,77.677
Electronic City,2020,Damage Only,Vehicle to Vehicle,NH,12.8396,77.67715
Electronic City,2020,Grievous Injury,Vehicle to Vehicle,NH,12.85399,77.66625
Electronic City,2020,Simple Injury,Vehicle to Vehicle,NH,12.8546,77.66563
Electronic City,2020,Grievous Injury,Vehicle to Vehicle,NH,12.85211,77.66759
Electronic City,2020,Grievous Injury,Vehicle to Vehicle,NH,12.85597,77.66424
Electronic City,2020,Simple Injury,Vehicle to Vehicle,NH,12.84095,77.67633
Electronic City,2020,Simple Injury,Vehicle to Vehicle,Others,12.84183,77.66484
Electronic City,2020,Fatal,Vehicle to Vehicle,NH,12.84802,77.6705
Electronic City,2020,Simple Injury,Hit pedestrian,Others,12.89023,77.64569
Electronic City,2020,Fatal,Vehicle to Vehicle,NH,12.85417,77.6659
Electronic City,2020,Simple Injury,Vehicle to Vehicle,Others,12.88364,77.65575
Electronic City,2020,Simple Injury,Vehicle to Vehicle,NH,12.84003,77.67694
Electronic City,2020,Simple Injury,Hit pedestrian,NH,12.88898,77.64024
Electronic City,2020,Simple Injury,Vehicle to Vehicle,Others,12.86361,77.64616
Electronic City,2020,Damage Only,Not Applicable,NH,12.89911,77.63388
Electronic City,2020,Fatal,Hit pedestrian,NH,12.8533,77.66674
Electronic City,2020,Fatal,Vehicle to Vehicle,Others,12.89271,77.66429
Electronic City,2020,Fatal,Vehicle to Vehicle,Others,12.83954,77.65402
Electronic City,2020,Fatal,Vehicle to Vehicle,NH,12.86537,77.65703
Electronic City,2020,Grievous Injury,Hit bicyclist,NH,12.88433,77.64311
Electronic City,2020,Simple Injury,Vehicle to Vehicle,NH,12.85597,77.66452
Electronic City,2020,Simple Injury,Vehicle to Vehicle,NH,12.8698,77.6535
Electronic City,2020,Simple Injury,Hit pedestrian,NH,12.86183,77.44151
Electronic City,2020,Simple Injury,Vehicle to Vehicle,Others,12.88544,77.65097
Electronic City,2020,Simple Injury,Vehicle to Vehicle,Others,12.89043,77.64538
Electronic City,2020,Simple Injury,Vehicle to Vehicle,Expressway,12.88623,77.64182
Electronic City,2020,Simple Injury,Vehicle to Vehicle,Others,12.87068,77.65503
Electronic City,2020,Fatal,Hit pedestrian,NH,12.87407,77.65008
Electronic City,2020,Damage Only,Vehicle to Vehicle,Expressway,12.86645,77.63906
Electronic City,2020,Fatal,Hit pedestrian,NH,12.86328,77.65843
Electronic City,2020,Simple Injury,Vehicle to Vehicle,NH,12.84362,77.64424
Electronic City,2020,Fatal,Vehicle to Vehicle,NH,12.85023,77.63584
Electronic City,2020,Damage Only,Vehicle to Vehicle,NH,12.85871,77.6624
Electronic City,2020,Simple Injury,Vehicle to Vehicle,Others,12.85331,77.65071
Electronic City,2020,Simple Injury,Vehicle to Vehicle,NH,12.84445,77.63503
Electronic City,2020,Simple Injury,Vehicle to Vehicle,NH,12.86446,77.65742
Electronic City,2020,Simple Injury,Vehicle to Vehicle,NH,12.89431,77.63673
Electronic City,2020,Simple Injury,Not Applicable,NH,12.84787,77.67066
Electronic City,2020,Simple Injury,Vehicle to Vehicle,Expressway,12.86264,77.64796
Electronic City,2020,Simple Injury,Vehicle to Vehicle,Others,12.84312,77.63339
Electronic City,2020,Simple Injury,Vehicle to Vehicle,NH,12.85921,77.66195
Electronic City,2020,Damage Only,Vehicle to Vehicle,NH,12.84197,77.67547
Electronic City,2020,Simple Injury,Vehicle to Vehicle,Others,12.84223,77.6187
Electronic City,2020,Fatal,Hit pedestrian,Others,12.874,77.66725
Electronic City,2020,Simple Injury,Vehicle to Vehicle,Expressway,12.85825,77.65792
Electronic City,2020,Damage Only,Vehicle to Vehicle,NH,12.90232,77.63196
Electronic City,2020,Simple Injury,Vehicle to Vehicle,Others,12.84307,77.66229
Electronic City,2020,Simple Injury,Not Applicable,NH,12.86229,77.65917
Electronic City,2020,Simple Injury,Vehicle to Vehicle,NH,12.83964,77.67745
Electronic City,2020,Simple Injury,Vehicle to Vehicle,Expressway,12.86396,77.62534
Electronic City,2020,Simple Injury,Hit pedestrian,Others,12.83852,77.6277
Electronic City,2020,Simple Injury,Hit pedestrian,NH,12.89712,77.63514
Electronic City,2020,Fatal,Hit pedestrian,NH,12.87868,77.64647
Electronic City,2020,Grievous Injury,Vehicle to Vehicle,NH,12.89439,77.63688
Electronic City,2020,Simple Injury,Vehicle to Vehicle,NH,12.82602,77.66437
Electronic City,2020,Fatal,Vehicle to Vehicle,NH,12.83998,77.67686
Electronic City,2020,Simple Injury,Vehicle to Vehicle,NH,12.86717,77.65527
Electronic City,2020,Damage Only,Vehicle to Vehicle,NH,12.83991,77.67689
Electronic City,2020,Simple Injury,Not Applicable,NH,12.85568,77.6645
Electronic City,2020,Damage Only,Vehicle to Vehicle,NH,12.85603,77.66447
Electronic City,2020,Simple Injury,Hit pedestrian,Others,12.88152,77.65523
Electronic City,2020,Damage Only,Vehicle to Vehicle,NH,12.85677,77.66366
Electronic City,2020,Simple Injury,Vehicle to Vehicle,NH,12.90054,77.63303
Electronic City,2020,Grievous Injury,Vehicle to Vehicle,NH,12.89102,77.63895
Electronic City,2020,Grievous Injury,Vehicle to Vehicle,NH,12.85569,77.66474
Electronic City,2020,Damage Only,Vehicle to Vehicle,NH,12.8435,77.6744
Electronic City,2020,Simple Injury,Vehicle to Vehicle,Others,12.88142,77.65357
Electronic City,2020,Simple Injury,Hit pedestrian,NH,12.84759,77.67129
Electronic City,2020,Fatal,Hit pedestrian,NH,12.86918,77.65379
Electronic City,2020,Simple Injury,Vehicle to Vehicle,Expressway,12.85619,77.66425
Electronic City,2020,Fatal,Vehicle to Vehicle,NH,12.84,77.677
Electronic City,2020,Simple Injury,Not Applicable,NH,12.85676,77.66395
Electronic City,2020,Simple Injury,Vehicle to Vehicle,NH,12.86996,77.65335
Electronic City,2020,Fatal,Vehicle to Vehicle,NH,12.84335,77.6742
Electronic City,2020,Damage Only,Vehicle to Vehicle,NH,12.85808,77.66257
Electronic City,2020,Grievous Injury,Hit pedestrian,NH,12.87895,77.646444
Electronic City,2020,Fatal,Vehicle to Vehicle,NH,12.88851,77.67293
Electronic City,2020,Damage Only,Not Applicable,NH,12.89924,77.6339
Electronic City,2020,Fatal,Hit pedestrian,NH,12.84167,77.67598
Electronic City,2020,Simple Injury,Hit pedestrian,NH,12.88014,77.64566
Electronic City,2020,Simple Injury,Not Applicable,Others,12.83627,77.62506
Electronic City,2020,Fatal,Vehicle to Vehicle,NH,12.83997,77.67682
Electronic City,2020,Damage Only,Vehicle to Vehicle,NH,12.83874,77.6781
Electronic City,2020,Simple Injury,Vehicle to Vehicle,NH,12.84672,77.67137
Electronic City,2020,Simple Injury,Vehicle to Vehicle,NH,12.875405,77.649031
Electronic City,2020,Simple Injury,Vehicle to Vehicle,Others,12.84358,77.64426
Electronic City,2020,Simple Injury,Vehicle to Vehicle,NH,12.85701,77.663369
Electronic City,2020,Simple Injury,Vehicle to Vehicle,Others,12.87085,77.65269
Electronic City,2020,Simple Injury,Hit pedestrian,NH,12.89944,77.63369
Electronic City,2020,Fatal,Vehicle to Vehicle,NH,12.88588,77.64201
Electronic City,2020,Simple Injury,Vehicle to Vehicle,NH,12.84031,77.67699
Electronic City,2020,Simple Injury,Vehicle to Vehicle,NH,12.86682,77.65593
Electronic City,2020,Simple Injury,Hit pedestrian,NH,12.89593,77.6359
Electronic City,2020,Simple Injury,Vehicle to Vehicle,NH,12.8479,77.67074
Electronic City,2020,Damage Only,Vehicle to Vehicle,Others,12.8985,77.64249
Electronic City,2020,Damage Only,Vehicle to Vehicle,NH,12.84651,77.67179
Electronic City,2020,Grievous Injury,Vehicle to Vehicle,NH,12.85613,77.66439
Electronic City,2020,Damage Only,Vehicle to Vehicle,NH,12.83997,77.67698
Electronic City,2020,Simple Injury,Vehicle to Vehicle,NH,12.8657,77.6534
Electronic City,2020,Simple Injury,Hit pedestrian,NH,12.86692,77.65549
Electronic City,2020,Simple Injury,Not Applicable,Others,12.84278,77.66978
Electronic City,2020,Damage Only,Not Applicable,NH,12.84753,77.67071
Electronic City,2020,Simple Injury,Vehicle to Vehicle,Others,12.84341,77.61348
Electronic City,2020,Simple Injury,Not Applicable,Others,12.8439,77.61181
Electronic City,2020,Fatal,Vehicle to Vehicle,Others,12.84236,77.61858
Electronic City,2020,Simple Injury,Vehicle to Vehicle,Others,12.84211,77.6682
Electronic City,2020,Simple Injury,Vehicle to Vehicle,Others,12.88401,77.65576
Electronic City,2020,Simple Injury,Not Applicable,Others,12.84559,77.6679
Electronic City,2020,Fatal,Vehicle to Vehicle,Others,12.871,77.65232
Electronic City,2020,Simple Injury,Hit pedestrian,NH,12.85812,77.66284
Electronic City,2020,Damage Only,Hit animal,NH,12.88535,77.64224
Electronic City,2021,Simple Injury,Vehicle to Vehicle,NH,12.85605,77.66446
Electronic City,2021,Simple Injury,Vehicle to Vehicle,Others,12.87177,77.66216
Electronic City,2021,Fatal,Vehicle to Vehicle,NH,12.85616,77.66422
Electronic City,2021,Simple Injury,Vehicle to Vehicle,NH,12.85616,77.66439
Electronic City,2021,Simple Injury,Vehicle to Vehicle,Others,12.83978,77.6212
Electronic City,2021,Simple Injury,Vehicle to Vehicle,NH,12.87062,77.65273
Electronic City,2021,Simple Injury,Hit pedestrian,Others,12.90666,77.6322
Electronic City,2021,Simple Injury,Vehicle to Vehicle,NH,12.88115,77.64505
Electronic City,2021,Simple Injury,Hit pedestrian,NH,12.8467,77.67207
Electronic City,2021,Simple Injury,Hit pedestrian,NH,12.90079,77.63297
Electronic City,2021,Simple Injury,Vehicle to Vehicle,Others,12.83879,77.6286
Electronic City,2021,Simple Injury,Not Applicable,NH,12.89696,77.63521
Electronic City,2021,Simple Injury,Hit pedestrian,Others,12.86286,77.65903
Electronic City,2021,Simple Injury,Vehicle to Vehicle,NH,12.85623,77.66407
Electronic City,2021,Simple Injury,Vehicle to Vehicle,NH,12.85615,77.66413
Electronic City,2021,Fatal,Hit pedestrian,NH,12.8681,77.65485
Electronic City,2021,Simple Injury,Not Applicable,Others,12.84188,77.66649
Electronic City,2021,Simple Injury,Not Applicable,Expressway,12.85501,77.61014
Electronic City,2021,Damage Only,Vehicle to Vehicle,Expressway,12.85912,77.65595
Electronic City,2021,Simple Injury,Hit pedestrian,NH,12.84636,77.67188
Electronic City,2021,Grievous Injury,Not Applicable,Expressway,12.85959,77.65459
Electronic City,2021,Simple Injury,Vehicle to Vehicle,NH,12.88117,77.64503
Electronic City,2021,Simple Injury,Vehicle to Vehicle,NH,12.85613,77.66438
Electronic City,2021,Simple Injury,Not Applicable,Expressway,12.86244,77.6485
Electronic City,2021,Simple Injury,Vehicle to Vehicle,NH,12.89946,77.63368
Electronic City,2021,Simple Injury,Vehicle to Vehicle,One way,12.85364,77.66465
Electronic City,2021,Simple Injury,Vehicle to Vehicle,Major District Road,12.83692,77.62452
Electronic City,2021,Simple Injury,Vehicle to Vehicle,NH,12.87576,77.67261
Electronic City,2021,Simple Injury,Vehicle to Vehicle,NH,12.90173,77.63105
Electronic City,2021,Simple Injury,Not Applicable,Residential Street,12.90157,77.63884
Electronic City,2021,Simple Injury,Hit pedestrian,Two way,12.87668,77.65434
Electronic City,2021,Grievous Injury,Vehicle to Vehicle,NH,12.83998,77.67686
Electronic City,2021,Fatal,Vehicle to Vehicle,NH,12.84019,77.67689
Electronic City,2021,Damage Only,Vehicle to Vehicle,NH,12.856,77.66426
Electronic City,2021,Grievous Injury,Hit bicyclist,NH,12.84005,77.67697
Electronic City,2021,Simple Injury,Vehicle to Vehicle,NH,12.84359,77.67444
Electronic City,2021,Simple Injury,Hit pedestrian,Others,12.8599,77.66372
Electronic City,2021,Simple Injury,Vehicle to Vehicle,Others,12.84762,77.68238
Electronic City,2021,Fatal,Vehicle to Vehicle,Residential Street,12.85816,77.64609
Electronic City,2021,Simple Injury,Vehicle to Vehicle,NH,12.84342,77.67419
Electronic City,2021,Simple Injury,Vehicle to Vehicle,NH,12.84957,77.66967
Electronic City,2021,Simple Injury,Vehicle to Vehicle,NH,12.89299,77.65599
Electronic City,2021,Simple Injury,Vehicle to Vehicle,NH,12.83988,77.67696
Electronic City,2021,Fatal,Vehicle to Vehicle,Service Road,12.879012,77.646384
Electronic City,2021,Simple Injury,Vehicle to Vehicle,NH,12.84339,77.67427
Electronic City,2021,Simple Injury,Hit pedestrian,NH,12.84064,77.67668
Electronic City,2021,Simple Injury,Not Applicable,NH,12.84669,77.67267
Electronic City,2021,Fatal,Hit pedestrian,NH,12.89626,77.63564
Electronic City,2021,Simple Injury,Hit pedestrian,NH,12.85907,77.66217
Electronic City,2021,Fatal,Hit pedestrian,NH,12.88444,77.64294
Electronic City,2021,Fatal,Hit pedestrian,NH,12.84046,77.67666
Electronic City,2021,Simple Injury,Hit pedestrian,NH,12.89438,77.63668
Electronic City,2021,Simple Injury,Hit pedestrian,NH,12.85993,77.66114
Electronic City,2021,Simple Injury,Hit pedestrian,NH,12.84502,77.67319
Electronic City,2021,Simple Injury,Hit pedestrian,NH,12.8828,77.64395
Electronic City,2021,Simple Injury,Hit bicyclist,NH,12.8822,77.64979
Electronic City,2021,Simple Injury,Vehicle to Vehicle,Others,12.88864,77.67259
Electronic City,2021,Simple Injury,Not Applicable,NH,12.84481,77.67401
Electronic City,2021,Simple Injury,Vehicle to Vehicle,Service Road,12.84339,77.67404
Electronic City,2021,Simple Injury,Hit bicyclist,Others,12.84513,77.66007
Electronic City,2021,Fatal,Vehicle to Vehicle,NH,12.869081,77.654129
Electronic City,2021,Fatal,Vehicle to Vehicle,NH,12.855,77.66512
Electronic City,2021,Fatal,Vehicle to Vehicle,Expressway,12.8559,77.66447
Electronic City,2021,Simple Injury,Vehicle to Vehicle,Expressway,12.88221,77.64427
Electronic City,2021,Simple Injury,Vehicle to Vehicle,Others,12.84753,77.67473
Electronic City,2021,Simple Injury,Vehicle to Vehicle,Expressway,12.8568,77.66413
Electronic City,2021,Fatal,Vehicle to Vehicle,Others,12.84398,77.61168
Electronic City,2021,Simple Injury,Vehicle to Vehicle,Others,12.87202,77.66263
Electronic City,2021,Fatal,Vehicle to Vehicle,NH,12.84029,77.67679
Electronic City,2021,Simple Injury,Vehicle to Vehicle,NH,12.83991,77.67693
Electronic City,2021,Simple Injury,Vehicle to Vehicle,NH,12.90418,77.63078
Electronic City,2021,Simple Injury,Vehicle to Vehicle,NH,12.84796,77.67049
Electronic City,2021,Damage Only,Vehicle to Vehicle,NH,12.86988,77.65341
Electronic City,2021,Damage Only,Vehicle to Vehicle,Others,12.85886,77.65588
Electronic City,2021,Simple Injury,Hit pedestrian,Others,12.84238,77.64419
Electronic City,2021,Damage Only,Vehicle to Vehicle,NH,12.83995,77.67687
Electronic City,2021,Simple Injury,Vehicle to Vehicle,NH,12.86985,77.65342
Electronic City,2021,Simple Injury,Vehicle to Vehicle,One way,12.84669,77.67269
Electronic City,2021,Fatal,Hit pedestrian,Major District Road,12.83919,77.62167
Electronic City,2021,Simple Injury,Vehicle to Vehicle,NH,12.84502,77.6728
Electronic City,2021,Simple Injury,Vehicle to Vehicle,Others,12.88423,77.67227
Electronic City,2021,Simple Injury,Vehicle to Vehicle,NH,12.87288,77.65122
Electronic City,2021,Simple Injury,Vehicle to Vehicle,NH,12.90072,77.64095
Electronic City,2021,Simple Injury,Vehicle to Vehicle,NH,12.86993,77.65326
Electronic City,2021,Damage Only,Not Applicable,NH,12.85845,77.65793
Electronic City,2021,Simple Injury,Vehicle to Vehicle,NH,12.85609,77.66409
Electronic City,2021,Damage Only,Not Applicable,NH,12.88902,77.64016
Electronic City,2021,Fatal,Vehicle to Vehicle,Expressway,12.85493,77.61043
Electronic City,2021,Simple Injury,Vehicle to Vehicle,NH,12.83997,77.67703
Electronic City,2021,Simple Injury,Vehicle to Vehicle,NH,12.84391,77.6739
Electronic City,2021,Simple Injury,Vehicle to Vehicle,NH,12.87228,77.6516
Electronic City,2021,Simple Injury,Hit pedestrian,NH,12.86803,77.65469
Electronic City,2021,Simple Injury,Hit pedestrian,Others,12.8623,77.6723
Electronic City,2021,Simple Injury,Vehicle to Vehicle,Others,12.84004,77.65324
Electronic City,2021,Fatal,Vehicle to Vehicle,NH,12.8412,77.6763
Electronic City,2021,Simple Injury,Not Applicable,NH,12.87109,77.65226
Electronic City,2021,Simple Injury,Vehicle to Vehicle,Others,12.84942,77.63561
Electronic City,2021,Simple Injury,Vehicle to Vehicle,NH,12.8472,77.67084
Electronic City,2021,Simple Injury,Vehicle to Vehicle,NH,12.8941,77.63707
Electronic City,2021,Fatal,Vehicle to Vehicle,NH,12.88994,77.63954
Electronic City,2021,Fatal,Vehicle to Vehicle,Others,12.84482,77.67407
Electronic City,2021,Fatal,Hit pedestrian,Residential Street,12.8913,77.64919
Electronic City,2021,Simple Injury,Vehicle to Vehicle,Expressway,12.86155,77.6491
Electronic City,2021,Simple Injury,Vehicle to Vehicle,NH,12.86548,77.65695
Electronic City,2021,Fatal,Vehicle to Vehicle,Expressway,12.86701,77.63485
Electronic City,2021,Simple Injury,Vehicle to Vehicle,NH,12.86988,77.65322
Electronic City,2021,Fatal,Hit bicyclist,Service Road,12.88061,77.64538
Electronic City,2021,Simple Injury,Vehicle to Vehicle,NH,12.88422,77.64308
Electronic City,2021,Fatal,Vehicle to Vehicle,NH,12.84097,77.67633
Electronic City,2021,Simple Injury,Vehicle to Vehicle,NH,12.90105,77.63281
Electronic City,2021,Simple Injury,Vehicle to Vehicle,NH,12.86985,77.65345
Electronic City,2021,Simple Injury,Not Applicable,Residential Street,12.84892,77.6454
Electronic City,2021,Simple Injury,Vehicle to Vehicle,NH,12.85604,77.66427
Electronic City,2021,Simple Injury,Hit pedestrian,Others,12.89889,77.65118
Electronic City,2021,Simple Injury,Hit pedestrian,NH,12.84661,77.672
Electronic City,2021,Simple Injury,Not Applicable,NH,12.85993,77.66114
Electronic City,2021,Simple Injury,Hit bicyclist,NH,12.85604,77.66437
Electronic City,2021,Simple Injury,Vehicle to Vehicle,NH,12.84808,77.67043
Electronic City,2021,Simple Injury,Hit pedestrian,NH,12.89582,77.63587
Electronic City,2021,Simple Injury,Vehicle to Vehicle,Others,12.84135,77.64855
Electronic City,2021,Simple Injury,Not Applicable,NH,12.89539,77.63626
Electronic City,2021,Not Applicable,Vehicle to Vehicle,NH,12.83993,77.67692
Electronic City,2021,Simple Injury,Vehicle to Vehicle,NH,12.90158,77.63234
Electronic City,2022,Simple Injury,Vehicle to Vehicle,NH,12.90272,77.63169
Electronic City,2022,Simple Injury,Hit pedestrian,NH,12.85807,77.66287
Electronic City,2022,Fatal,Not Applicable,NH,12.83999,77.67685
Electronic City,2022,Grievous Injury,Vehicle to Vehicle,Expressway,12.86142,77.65067
Electronic City,2022,Grievous Injury,Vehicle to Vehicle,Others,12.84344,77.63781
Electronic City,2022,Simple Injury,Vehicle to Vehicle,Others,12.83625,77.62504
Electronic City,2022,Grievous Injury,Vehicle to Vehicle,NH,12.8945,77.63659
Electronic City,2022,Simple Injury,Hit pedestrian,Others,12.86821,77.66175
Electronic City,2022,Simple Injury,Hit pedestrian,Others,12.87612,77.6749
Electronic City,2022,Simple Injury,Hit pedestrian,NH,12.8965,77.63551
Electronic City,2022,Simple Injury,Hit pedestrian,Service Road,12.87209,77.65132
Electronic City,2022,Simple Injury,Vehicle to Vehicle,One way,12.8718,77.66226
Electronic City,2022,Simple Injury,Vehicle to Vehicle,NH,12.89237,77.63805
Electronic City,2022,Not Applicable,Hit animal,Others,12.87078,77.6595
Electronic City,2022,Simple Injury,Vehicle to Vehicle,Service Road,12.90943,77.63041
Electronic City,2022,Fatal,Vehicle to Vehicle,NH,12.89439,77.63689
Electronic City,2022,Simple Injury,Vehicle to Vehicle,NH,12.9022,77.63201
Electronic City,2022,Damage Only,Vehicle to Vehicle,NH,12.84004,77.67702
Electronic City,2022,Fatal,Vehicle to Vehicle,NH,12.84188,77.67618
Electronic City,2022,Fatal,Vehicle to Vehicle,Others,12.864974,77.627258
Electronic City,2022,Grievous Injury,Vehicle to Vehicle,Expressway,12.85827,77.65794
Electronic City,2022,Simple Injury,Hit pedestrian,Minor District Road,12.84315,77.61453
Electronic City,2022,Simple Injury,Vehicle to Vehicle,Others,12.88875,77.67231
Electronic City,2022,Not Applicable,Vehicle to Vehicle,Not Applicable,12.90643,77.63005
Electronic City,2022,Grievous Injury,Vehicle to Vehicle,Others,12.83954,77.65411
Electronic City,2022,Grievous Injury,Hit pedestrian,One way,12.83935,77.65615
Electronic City,2022,Grievous Injury,Hit pedestrian,Residential Street,12.84432,77.63274
Electronic City,2022,Simple Injury,Vehicle to Vehicle,Others,12.87548,77.67783
Electronic City,2022,Grievous Injury,Vehicle to Vehicle,Others,12.89387,77.65678
Electronic City,2022,Fatal,Vehicle to Vehicle,NH,12.897,77.63511
Electronic City,2022,Simple Injury,Vehicle to Vehicle,NH,12.86199,77.65972
Electronic City,2022,Simple Injury,Not Applicable,Others,12.88421,77.65584
Electronic City,2022,Grievous Injury,Vehicle to Vehicle,NH,12.85278,77.66673
Electronic City,2022,Simple Injury,Vehicle to Vehicle,NH,12.85614,77.66426
Electronic City,2022,Simple Injury,Hit pedestrian,NH,12.85038,77.66895
Electronic City,2022,Simple Injury,Vehicle to Vehicle,Expressway,12.85579,77.61284
Electronic City,2022,Grievous Injury,Vehicle to Vehicle,NH,12.88916,77.64013
Electronic City,2022,Fatal,Not Applicable,Others,12.84126,77.66531
Electronic City,2022,Grievous Injury,Vehicle to Vehicle,Others,12.84838,77.65791
Electronic City,2022,Grievous Injury,Vehicle to Vehicle,NH,12.86974,77.65332
Electronic City,2022,Simple Injury,Not Applicable,NH,12.87278,77.65127
Electronic City,2022,Fatal,Vehicle to Vehicle,NH,12.84247,77.6749
Electronic City,2022,Fatal,Hit pedestrian,Others,12.898316,77.655149
Electronic City,2022,Simple Injury,Vehicle to Vehicle,NH,12.86209,77.65959
Electronic City,2022,Simple Injury,Hit pedestrian,Others,12.87327,77.65814
Electronic City,2022,Simple Injury,Vehicle to Vehicle,NH,12.85201,77.66764
Electronic City,2022,Simple Injury,Vehicle to Vehicle,NH,12.85256,77.66716
Electronic City,2022,Simple Injury,Vehicle to Vehicle,NH,12.84309,77.66202
Electronic City,2022,Fatal,Not Applicable,NH,12.85614,77.66439
Electronic City,2022,Simple Injury,Not Applicable,Expressway,12.85786,77.61649
Electronic City,2022,Grievous Injury,Hit pedestrian,Others,12.84306,77.64279
Electronic City,2022,Fatal,Vehicle to Vehicle,NH,12.88891,77.64031
Electronic City,2022,Grievous Injury,Vehicle to Vehicle,Sub Arterial,12.8703,77.62402
Electronic City,2022,Grievous Injury,Hit pedestrian,NH,12.85572,77.66472
Electronic City,2022,Simple Injury,Vehicle to Vehicle,Others,12.86414,77.6705
Electronic City,2022,Simple Injury,Not Applicable,NH,12.85883,77.66225
Electronic City,2022,Fatal,Hit pedestrian,Service Road,12.885158,77.642563
Electronic City,2022,Simple Injury,Hit pedestrian,NH,12.88997,77.63958
Electronic City,2022,Simple Injury,Hit pedestrian,NH,12.86342,77.6582
Electronic City,2022,Fatal,Not Applicable,Expressway,12.86228,77.62274
Electronic City,2022,Simple Injury,Vehicle to Vehicle,NH,12.852059,77.667612
Electronic City,2022,Simple Injury,Hit pedestrian,NH,12.86008,77.66119
Electronic City,2022,Simple Injury,Vehicle to Vehicle,Others,12.8794,77.67208
Electronic City,2022,Simple Injury,Hit pedestrian,Others,12.85004,77.64567
Electronic City,2022,Simple Injury,Vehicle to Vehicle,Others,12.868,77.66216
Electronic City,2022,Grievous Injury,Vehicle to Vehicle,NH,12.84773,77.67553
Electronic City,2022,Simple Injury,Vehicle to Vehicle,Expressway,12.86651,77.63868
Electronic City,2022,Grievous Injury,Hit pedestrian,Others,12.83911,77.65579
Electronic City,2022,Simple Injury,Vehicle to Vehicle,NH,12.84795,77.67064
Electronic City,2022,Grievous Injury,Vehicle to Vehicle,NH,12.84811,77.67043
Electronic City,2022,Simple Injury,Vehicle to Vehicle,NH,12.85611,77.66436
Electronic City,2022,Simple Injury,Hit pedestrian,NH,12.84692,77.67338
Electronic City,2022,Simple Injury,Vehicle to Vehicle,NH,12.86987,77.65341
Electronic City,2022,Fatal,Hit pedestrian,NH,12.88594,77.64198
Electronic City,2022,Fatal,Not Applicable,NH,12.86558,77.65687
Electronic City,2023,Grievous Injury,Vehicle to Vehicle,Others,12.839288,77.62274
Electronic City,2023,Grievous Injury,Not Applicable,NH,12.83625,77.61043
Electronic City,2023,Simple Injury,Vehicle to Vehicle,Others,12.83876,77.62504
Electronic City,2023,Grievous Injury,Not Applicable,Not Applicable,12.83625,77.62504
Electronic City,2023,Simple Injury,Vehicle to Vehicle,Service Road,12.83625,77.47144
Electronic City,2023,Simple Injury,Vehicle to Vehicle,NH,12.83978,77.61453
Electronic City,2023,Grievous Injury,Not Applicable,NH,12.83852,77.61014
Electronic City,2023,Grievous Injury,Hit pedestrian,NH,12.83876,77.62504
Electronic City,2023,Grievous Injury,Vehicle to Vehicle,Expressway,12.856194,77.613826
Electronic City,2023,Grievous Injury,Vehicle to Vehicle,Others,12.83876,77.61453
Electronic City,2023,Grievous Injury,Not Applicable,NH,12.752783,77.61453
Electronic City,2023,Fatal,Vehicle to Vehicle,NH,12.867301,77.655454
Electronic City,2023,Simple Injury,Vehicle to Vehicle,NH,12.83993,77.61014
Electronic City,2023,Grievous Injury,Vehicle to Vehicle,Service Road,12.83852,77.61453
Electronic City,2023,Grievous Injury,Hit pedestrian,NH,12.83852,77.61043
Electronic City,2023,Fatal,Not Applicable,NH,12.90289,77.631733
Electronic City,2023,Grievous Injury,Vehicle to Vehicle,NH,12.83876,77.62402
Electronic City,2023,Grievous Injury,Vehicle to Vehicle,Residential Street,12.83625,77.61043
Electronic City,2023,Grievous Injury,Vehicle to Vehicle,Others,12.752783,77.61014
Electronic City,2023,Grievous Injury,Vehicle to Vehicle,Others,12.856194,77.61284
Electronic City,2023,Grievous Injury,Vehicle to Vehicle,Service Road,12.83852,77.61014
Electronic City,2023,Grievous Injury,Vehicle to Vehicle,NH,12.83625,77.61043
Electronic City,2023,Grievous Injury,Not Applicable,One way,12.83876,77.63041
Electronic City,2023,Simple Injury,Vehicle to Vehicle,NH,12.83935,77.61014
Electronic City,2023,Grievous Injury,Hit pedestrian,Others,12.83625,77.61014
Electronic City,2023,Simple Injury,Vehicle to Vehicle,Others,12.83852,77.61043
Electronic City,2023,Fatal,Not Applicable,Others,12.958962,77.651014
Electronic City,2023,Grievous Injury,Not Applicable,Others,12.854976,77.659488
U.Gate,2016,Fatal,Hit pedestrian,City or Town Road,12.964917,77.596
U.Gate,2016,Grievous Injury,Hit pedestrian,City or Town Road,12.968348,77.58677
U.Gate,2016,Fatal,Hit pedestrian,City or Town Road,12.9665496,77.5868565
U.Gate,2017,Fatal,Hit pedestrian,City or Town Road,12.97298,77.581721
U.Gate,2017,Fatal,Hit pedestrian,City or Town Road,12.967984,77.591371
U.Gate,2018,Fatal,Rear end,City or Town Road,12.964555,77.586017
U.Gate,2018,Simple Injury,Hit and Run,City or Town Road,12.967101,77.586044
U.Gate,2018,Grievous Injury,Others,City or Town Road,12.972751,77.581621
U.Gate,2018,Grievous Injury,Hit and Run,City or Town Road,12.975712,77.586992
U.Gate,2018,Damage Only,Rear end,City or Town Road,12.972808,77.58157
U.Gate,2019,Grievous Injury,Vehicle to Vehicle,Others,12.970119,77.587058
U.Gate,2019,Grievous Injury,Vehicle to Vehicle,Others,12.974376,77.586597
U.Gate,2019,Grievous Injury,Vehicle to Vehicle,Others,12.965552,77.586681
U.Gate,2019,Grievous Injury,Hit pedestrian,Others,12.969758,77.585171
U.Gate,2019,Simple Injury,Hit pedestrian,Others,12.970877,77.583802
U.Gate,2019,Grievous Injury,Vehicle to Vehicle,Others,12.963631,77.584354
U.Gate,2019,Grievous Injury,Vehicle to Vehicle,Others,12.970553,77.584253
U.Gate,2019,Grievous Injury,Vehicle to Vehicle,Others,12.972539,77.586797
U.Gate,2019,Grievous Injury,Vehicle to Vehicle,Others,12.963897,77.585347
U.Gate,2019,Grievous Injury,Vehicle to Vehicle,Others,12.96708,77.587464
U.Gate,2019,Grievous Injury,Hit pedestrian,Others,12.970133,77.587074
U.Gate,2019,Simple Injury,Vehicle to Vehicle,Others,12.965549,77.586701
U.Gate,2019,Grievous Injury,Hit pedestrian,Others,12.971186,77.586939
U.Gate,2019,Damage Only,Vehicle to Vehicle,Not Applicable,12.963804,77.585315
U.Gate,2019,Grievous Injury,Hit pedestrian,Others,12.966709,77.587876
U.Gate,2019,Simple Injury,Hit pedestrian,Others,12.967838,77.568608
U.Gate,2019,Simple Injury,Vehicle to Vehicle,Others,12.961404,77.584086
U.Gate,2019,Grievous Injury,Vehicle to Vehicle,Others,12.963646,77.585218
U.Gate,2019,Damage Only,Vehicle to Vehicle,Others,12.968641,77.587252
U.Gate,2020,Simple Injury,Hit pedestrian,Others,12.974327,77.566577
U.Gate,2020,Grievous Injury,Vehicle to Vehicle,Others,12.966973,77.587417
U.Gate,2020,Fatal,Vehicle to Vehicle,Others,12.964055,77.585356
U.Gate,2020,Damage Only,Vehicle to Vehicle,Others,12.967454,77.588759
U.Gate,2020,Simple Injury,Vehicle to Vehicle,Others,12.96161,77.584034
U.Gate,2020,Grievous Injury,Hit pedestrian,Others,12.968691,77.586402
U.Gate,2020,Grievous Injury,Hit pedestrian,Others,12.970769,77.58446
U.Gate,2020,Damage Only,Vehicle to Vehicle,Others,12.967081,77.58747
U.Gate,2020,Grievous Injury,Vehicle to Vehicle,Others,12.961394,77.584087
U.Gate,2020,Grievous Injury,Vehicle to Vehicle,Others,12.976056,77.587082
U.Gate,2020,Fatal,Vehicle to Vehicle,Others,12.970079,77.587079
U.Gate,2020,Grievous Injury,Vehicle to Vehicle,Others,12.970745,77.584012
U.Gate,2020,Grievous Injury,Vehicle to Vehicle,Others,12.963559,77.5853911
U.Gate,2020,Grievous Injury,Vehicle to Vehicle,Others,12.966927,77.587458
U.Gate,2020,Grievous Injury,Vehicle to Vehicle,Others,12.965488,77.586817
U.Gate,2020,Simple Injury,Hit pedestrian,Others,12.970843,77.583891
U.Gate,2020,Grievous Injury,Vehicle to Vehicle,Others,12.966935,77.587486
U.Gate,2020,Damage Only,Vehicle to Vehicle,Others,12.964155,77.58548
U.Gate,2020,Grievous Injury,Hit pedestrian,Others,12.96899,77.586034
U.Gate,2020,Grievous Injury,Vehicle to Vehicle,Others,12.967805,77.587478
U.Gate,2020,Grievous Injury,Vehicle to Vehicle,Others,12.961134,77.587575
U.Gate,2020,Grievous Injury,Vehicle to Vehicle,Others,12.967498,77.587405
U.Gate,2020,Grievous Injury,Hit pedestrian,Others,12.971672,77.584233
U.Gate,2020,Grievous Injury,Vehicle to Vehicle,Others,12.971136,77.583562
U.Gate,2020,Damage Only,Vehicle to Vehicle,Others,12.971084,77.5836
U.Gate,2021,Simple Injury,Hit pedestrian,Others,12.965264,77.584185
U.Gate,2021,Simple Injury,Not Applicable,Others,12.968954,77.58721
U.Gate,2021,Fatal,Hit pedestrian,Others,12.976833,77.585972
U.Gate,2021,Grievous Injury,Hit pedestrian,Others,12.97245,77.58206
U.Gate,2021,Grievous Injury,Not Applicable,Others,12.968985,77.587189
U.Gate,2021,Grievous Injury,Not Applicable,Others,12.971409,77.586913
U.Gate,2021,Grievous Injury,Vehicle to Vehicle,Others,12.965472,77.586685
U.Gate,2021,Damage Only,Not Applicable,Others,12.969052,77.587176
U.Gate,2021,Damage Only,Vehicle to Vehicle,Others,12.965555,77.5867
U.Gate,2021,Simple Injury,Vehicle to Vehicle,Others,12.977305,77.585358
U.Gate,2021,Grievous Injury,Vehicle to Vehicle,Others,12.973953,77.583384
U.Gate,2021,Fatal,Hit pedestrian,Others,12.966715,77.587862
U.Gate,2021,Simple Injury,Vehicle to Vehicle,Others,12.967731,77.588174
U.Gate,2021,Grievous Injury,Hit pedestrian,Others,12.974388,77.586698
U.Gate,2021,Grievous Injury,Hit pedestrian,Not Applicable,12.967762,77.588029
U.Gate,2021,Grievous Injury,Vehicle to Vehicle,Others,12.963905,77.585379
U.Gate,2021,Damage Only,Vehicle to Vehicle,Others,12.965526,77.586737
U.Gate,2021,Grievous Injury,Vehicle to Vehicle,Others,12.966789,77.587911
U.Gate,2021,Grievous Injury,Vehicle to Vehicle,Others,12.963366,77.584978
U.Gate,2021,Grievous Injury,Vehicle to Vehicle,Others,12.96525,77.586631
U.Gate,2021,Simple Injury,Vehicle to Vehicle,Others,12.96317,77.584955
U.Gate,2021,Grievous Injury,Vehicle to Vehicle,Others,12.966938,77.587482
U.Gate,2021,Damage Only,Vehicle to Vehicle,Others,12.961217,77.587564
U.Gate,2021,Grievous Injury,Hit pedestrian,Others,12.961385,77.584083
U.Gate,2022,Grievous Injury,Not Applicable,Others,12.9643,77.579161
U.Gate,2022,Grievous Injury,Hit pedestrian,Not Applicable,12.96546,77.586838
U.Gate,2022,Damage Only,Vehicle to Vehicle,Others,12.967709,77.588241
U.Gate,2022,Grievous Injury,Vehicle to Vehicle,Others,12.963572,77.58396
U.Gate,2022,Grievous Injury,Vehicle to Vehicle,Others,12.971811,77.582829
U.Gate,2022,Grievous Injury,Vehicle to Vehicle,Others,12.965265,77.586761
U.Gate,2022,Damage Only,Vehicle to Vehicle,Others,12.963869,77.585155
U.Gate,2022,Fatal,Hit pedestrian,Others,12.975875,77.5872
U.Gate,2022,Grievous Injury,Vehicle to Vehicle,Others,12.964572,77.586017
U.Gate,2022,Grievous Injury,Vehicle to Vehicle,Others,12.965486,77.586826
U.Gate,2022,Damage Only,Vehicle to Vehicle,Others,12.967709,77.588241
U.Gate,2022,Grievous Injury,Vehicle to Vehicle,Others,12.966915,77.587474
U.Gate,2022,Grievous Injury,Vehicle to Vehicle,Others,12.967354,77.588396
U.Gate,2022,Grievous Injury,Vehicle to Vehicle,Others,12.967758,77.588155
U.Gate,2022,Grievous Injury,Vehicle to Vehicle,Others,12.965487,77.586812
U.Gate,2022,Fatal,Vehicle to Vehicle,Others,12.972248,77.582305
U.Gate,2022,Simple Injury,Vehicle to Vehicle,Others,12.966872,77.587497
U.Gate,2022,Grievous Injury,Hit pedestrian,Others,12.9712,77.583568
U.Gate,2022,Grievous Injury,Hit pedestrian,Others,12.963366,77.582254
U.Gate,2022,Grievous Injury,Hit pedestrian,Others,12.972369,77.58351
U.Gate,2022,Grievous Injury,Hit pedestrian,Arterial,12.973346,77.586645
U.Gate,2022,Grievous Injury,Vehicle to Vehicle,Others,12.963865,77.584025
U.Gate,2022,Damage Only,Vehicle to Vehicle,Not Applicable,12.970752,77.586967
U.Gate,2022,Fatal,Hit pedestrian,Others,12.963391,77.582114
U.Gate,2022,Grievous Injury,Vehicle to Vehicle,Others,12.963704,77.584719
U.Gate,2022,Grievous Injury,Hit pedestrian,Others,12.972807,77.581597
U.Gate,2022,Grievous Injury,Vehicle to Vehicle,Others,12.9653,77.586667
U.Gate,2022,Grievous Injury,Vehicle to Vehicle,Others,12.967516,77.5887564
U.Gate,2022,Grievous Injury,Vehicle to Vehicle,Others,12.961492,77.584251
U.Gate,2022,Grievous Injury,Vehicle to Vehicle,Others,12.975862,77.587075
U.Gate,2023,Grievous Injury,Vehicle to Vehicle,Sub Arterial,12.975753,77.587219
U.Gate,2023,Grievous Injury,Vehicle to Vehicle,Others,12.972718,77.58169
U.Gate,2023,Grievous Injury,Hit pedestrian,One way,12.972751,77.581612
U.Gate,2023,Fatal,Hit pedestrian,One way,12.971797,77.586862
U.Gate,2023,Grievous Injury,Vehicle to Vehicle,One way,12.966781,77.587592
U.Gate,2023,Simple Injury,Vehicle to Vehicle,One way,12.968366,77.59476
U.Gate,2023,Fatal,Hit pedestrian,One way,12.962578,77.589585
U.Gate,2023,Damage Only,Vehicle to Vehicle,Others,12.975814,77.587295
U.Gate,2023,Fatal,Hit pedestrian,Others,12.967975,77.587426
U.Gate,2023,Grievous Injury,Vehicle to Vehicle,Others,12.962321,77.594631
U.Gate,2023,Not Applicable,Vehicle to Vehicle,One way,12.970939,77.586999
U.Gate,2023,Simple Injury,Vehicle to Vehicle,Others,12.963379,77.582685
U.Gate,2023,Fatal,Hit pedestrian,Others,12.965726,77.585953
U.Gate,2023,Damage Only,Not Applicable,Others,12.966484,77.587214
U.Gate,2023,Grievous Injury,Vehicle to Vehicle,One way,12.962773,77.584822
U.Gate,2023,Simple Injury,Vehicle to Vehicle,One way,12.973726,77.586625
U.Gate,2023,Damage Only,Vehicle to Vehicle,Others,12.967531,77.588397
U.Gate,2023,Fatal,Not Applicable,Others,12.961345,77.584744
U.Gate,2023,Damage Only,Vehicle to Vehicle,Others,12.962678,77.584783
U.Gate,2023,Grievous Injury,Vehicle to Vehicle,Others,12.965366,77.58445
U.Gate,2023,Grievous Injury,Vehicle to Vehicle,Two way,12.961007,77.588258
U.Gate,2023,Fatal,Vehicle to Vehicle,Others,12.968624,77.587318
U.Gate,2023,Grievous Injury,Vehicle to Vehicle,Others,12.967898,77.591431
U.Gate,2023,Grievous Injury,Vehicle to Vehicle,Others,12.963819,77.585212
U.Gate,2023,Grievous Injury,Vehicle to Vehicle,Others,12.962896,77.594126
U.Gate,2023,Grievous Injury,Vehicle to Vehicle,Others,12.966769,77.587598
U.Gate,2023,Damage Only,Vehicle to Vehicle,Others,12.966393,77.595151
U.Gate,2023,Grievous Injury,Not Applicable,Sub Arterial,12.967017,77.594655
U.Gate,2023,Grievous Injury,Vehicle to Vehicle,One way,12.962035,77.589356
U.Gate,2023,Grievous Injury,Vehicle to Vehicle,Others,12.970845,77.583469
U.Gate,2023,Damage Only,Not Applicable,Others,12.97288,77.581532
U.Gate,2023,Simple Injury,Hit pedestrian,One way,12.963842,77.585288
U.Gate,2023,Grievous Injury,Hit pedestrian,One way,12.969108,77.587222
U.Gate,2023,Grievous Injury,Not Applicable,Others,12.966252,77.587498
U.Gate,2023,Grievous Injury,Vehicle to Vehicle,Others,12.971118,77.583604
U.Gate,2023,Grievous Injury,Vehicle to Vehicle,Others,12.968051,77.58705
U.Gate,2023,Damage Only,Vehicle to Vehicle,Others,12.96139,77.584101
U.Gate,2023,Grievous Injury,Not Applicable,Others,12.964593,77.59678
U.Gate,2023,Grievous Injury,Vehicle to Vehicle,Others,12.968148,77.582246
U.Gate,2023,Grievous Injury,Vehicle to Vehicle,One way,12.966701,77.587851
U.Gate,2023,Grievous Injury,Hit pedestrian,One way,12.968343,77.586789
U.Gate,2023,Grievous Injury,Not Applicable,Others,12.975669,77.587163
U.Gate,2023,Simple Injury,Vehicle to Vehicle,One way,12.967634,77.58731
U.Gate,2023,Grievous Injury,Vehicle to Vehicle,One way,12.967465,77.594201
U.Gate,2023,Grievous Injury,Hit pedestrian,One way,12.968091,77.587002
U.Gate,2023,Fatal,Vehicle to Vehicle,Others,12.975956,77.587464
U.Gate,2023,Damage Only,Vehicle to Vehicle,One way,12.966759,77.587388
U.Gate,2023,Grievous Injury,Vehicle to Vehicle,Others,12.964369,77.584022
U.Gate,2023,Damage Only,Vehicle to Vehicle,Others,12.964995,77.596335
U.Gate,2023,Grievous Injury,Hit pedestrian,Others,12.966916,77.588039
U.Gate,2023,Damage Only,Vehicle to Vehicle,Others,12.963951,77.585465
U.Gate,2023,Damage Only,Vehicle to Vehicle,Service Road,12.96152,77.587632
Halasooru,2016,Grievous Injury,Hit bicyclist,Residential Street,12.9655154347185,77.62682058415619
Halasooru,2016,Grievous Injury,Rear end,Two way,12.9776334953876,77.62767771151711
Halasooru,2016,Damage Only,Rear end,Two way,12.9548847040426,77.6413354544365
Halasooru,2016,Grievous Injury,Head on,City or Town Road,12.9607997548932,77.641776871903
Halasooru,2016,Grievous Injury,Right Turn Collision,City or Town Road,12.9694993290332,77.6301267050971
Halasooru,2016,Grievous Injury,Hit and Run,City or Town Road,12.971849225063,77.61954797098089
Halasooru,2016,Fatal,Hit pedestrian,City or Town Road,12.9722887102622,77.6197586931537
Halasooru,2016,Grievous Injury,Hit and Run,City or Town Road,12.9733996985742,77.61485836195311
Halasooru,2016,Damage Only,Hit and Run,City or Town Road,12.9611339269144,77.6387561547972
Halasooru,2016,Simple Injury,Hit and Run,Two way,12.9607997548932,77.64177687190339
Halasooru,2016,Simple Injury,Overturning,City or Town Road,12.9828702588756,77.6252491326689
Halasooru,2016,Grievous Injury,Hit and Run,City or Town Road,12.9783781641539,77.6290294277283
Halasooru,2016,Grievous Injury,Hit and Run,City or Town Road,12.9582155411167,77.64141356774739
Halasooru,2016,Simple Injury,Rear end,City or Town Road,12.9629700142222,77.6289923251223
Halasooru,2016,Damage Only,Hit and Run,City or Town Road,12.9615099423649,77.6360023404116
Halasooru,2016,Grievous Injury,Hit pedestrian,City or Town Road,12.9722887102622,77.6197586931537
Halasooru,2016,Simple Injury,Hit and Run,Village Road,12.9562436165435,77.6386186726884
Halasooru,2016,Simple Injury,Overturning,City or Town Road,12.9629700142222,77.6289923251223
Halasooru,2016,Damage Only,Head on,City or Town Road,12.9654082364545,77.618006858143
Halasooru,2016,Fatal,Hit and Run,City or Town Road,12.9629700142222,77.6289923251223
Halasooru,2016,Grievous Injury,Hit bicyclist,City or Town Road,12.9611339269144,77.6387561547972
Halasooru,2016,Grievous Injury,Hit pedestrian,Others,12.9783781641539,77.6290294277283
Halasooru,2016,Fatal,Hit and Run,City or Town Road,12.9648228274777,77.6289923251223
Halasooru,2016,Grievous Injury,Head on,City or Town Road,12.9629700142222,77.6289923251223
Halasooru,2016,Grievous Injury,Head on,City or Town Road,12.9759683407009,77.6201657934
Halasooru,2016,Grievous Injury,Rear end,City or Town Road,12.9607997548932,77.64177687190339
Halasooru,2016,Damage Only,Hit and Run,City or Town Road,12.9806488926147,77.616832924494
Halasooru,2016,Grievous Injury,Hit pedestrian,City or Town Road,12.9725382117654,77.6262154516229
Halasooru,2016,Damage Only,Head on,Residential Street,12.9661634067386,77.6254082086355
Halasooru,2016,Fatal,Hit and Run,City or Town Road,12.9684105754768,77.6300430120628
Halasooru,2016,Fatal,Hit and Run,Others,12.9607997548932,77.641776871903
Halasooru,2016,Grievous Injury,Others,City or Town Road,12.9648228274777,77.6259406435361
Halasooru,2016,Grievous Injury,Hit and Run,City or Town Road,12.9734869657393,77.6227476685126
Halasooru,2016,Grievous Injury,Hit pedestrian,Others,12.9684105754768,77.6300430120628
Halasooru,2016,Fatal,Rear end,City or Town Road,12.9548847040426,77.6413354
Halasooru,2016,Grievous Injury,Hit bicyclist,City or Town Road,12.9607997548932,77.64177687190339
Halasooru,2016,Grievous Injury,Hit and Run,City or Town Road,12.9582155411167,77.64141356774739
Halasooru,2016,Grievous Injury,Hit and Run,City or Town Road,12.9548847040426,77.6413354544365
Halasooru,2016,Grievous Injury,Overturning,City or Town Road,12.9611339269144,77.6387561547972
Halasooru,2016,Fatal,Rear end,City or Town Road,12.9461079741908,77.6413354544365
Halasooru,2016,Damage Only,Rear end,City or Town Road,12.973854850649,77.6137430808423
Halasooru,2016,Grievous Injury,Hit and Run,City or Town Road,12.9629700142222,77.6289923251223
Halasooru,2016,Fatal,Others,City or Town Road,12.9629700142222,77.6289923251223
Halasooru,2016,Damage Only,Hit and Run,Two way,12.9790422452262,77.621069862809
Halasooru,2016,Grievous Injury,Hit and Run,City or Town Road,12.9722887102622,77.6197586931537
Halasooru,2016,Damage Only,Hit parked vehicle,City or Town Road,12.9751704555914,77.6201657934367
Halasooru,2016,Grievous Injury,Others,City or Town Road,12.9632138726523,77.62759394304129
Halasooru,2016,Grievous Injury,Right Turn Collision,Two way,12.971849225063,77.61954797098089
Halasooru,2016,Grievous Injury,Hit and Run,City or Town Road,12.9728621503643,77.62895057618
Halasooru,2016,Grievous Injury,Hit and Run,City or Town Road,12.9548847040426,77.6413354544365
Halasooru,2016,Damage Only,Rear end,City or Town Road,12.9648228274777,77.6259406435361
Halasooru,2016,Fatal,Hit pedestrian,City or Town Road,12.9632138726523,77.62759394304129
Halasooru,2016,Grievous Injury,Rear end,City or Town Road,12.973854850649,77.6137430808423
Halasooru,2016,Simple Injury,Hit bicyclist,Village Road,12.9752333332964,77.6231566550016
Halasooru,2016,Grievous Injury,Hit pedestrian,City or Town Road,12.9657504634943,77.61997921822899
Halasooru,2016,Simple Injury,Hit parked vehicle,City or Town Road,12.9611339269144,77.6360023404116
Halasooru,2016,Fatal,Side swipe,City or Town Road,12.981837168305,77.6314725737706
Halasooru,2016,Grievous Injury,Rear end,Two way,12.9668713852714,77.6206932052587
Halasooru,2017,Simple Injury,Hit and Run,Arterial,12.9629700142222,77.6289923251223
Halasooru,2017,Grievous Injury,Overturning,City or Town Road,12.9751704555914,77.62016579343
Halasooru,2017,Simple Injury,Head on,City or Town Road,12.962359,77.637651
Halasooru,2017,Grievous Injury,Hit and Run,City or Town Road,12.961115,77.641783
Halasooru,2017,Simple Injury,Side impact or Right angle,City or Town Road,12.972707,77.620095
Halasooru,2017,Grievous Injury,Hit pedestrian,City or Town Road,12.968968,77.636052
Halasooru,2017,Simple Injury,Side swipe,City or Town Road,12.971265,77.631409
Halasooru,2017,Grievous Injury,Hit and Run,City or Town Road,12.965856,77.625369
Halasooru,2017,Fatal,Skidding or Self accident,City or Town Road,12.980887,77.646181
Halasooru,2017,Grievous Injury,Others,City or Town Road,12.98116,77.637467
Halasooru,2017,Fatal,Hit pedestrian,City or Town Road,12.973278,77.622461
Halasooru,2017,Grievous Injury,Head on,City or Town Road,12.987595,77.63554
Halasooru,2017,Damage Only,Rear end,City or Town Road,12.97339310627,77.616506643182
Halasooru,2017,Damage Only,Hit fixed object,City or Town Road,12.9780763,77.638077
Halasooru,2017,Damage Only,Hit and Run,City or Town Road,12.9759683407009,77.6201654412651
Halasooru,2017,Fatal,Right Turn Collision,City or Town Road,12.9611339269144,77.6387561547972
Halasooru,2017,Grievous Injury,Others,City or Town Road,12.951658,77.640065
Halasooru,2017,Grievous Injury,Hit and Run,City or Town Road,12.975705,77.616402
Halasooru,2017,Simple Injury,Hit and Run,City or Town Road,12.973931,77.623566
Halasooru,2017,Grievous Injury,Hit pedestrian,City or Town Road,12.985598,77.645147
Halasooru,2017,Grievous Injury,Rear end,City or Town Road,12.97362,77.646874
Halasooru,2017,Damage Only,Hit and Run,City or Town Road,12.9764139128091,77.6146593214762
Halasooru,2017,Grievous Injury,Hit and Run,City or Town Road,12.9722887102622,77.6197586931537
Halasooru,2017,Simple Injury,Hit and Run,City or Town Road,12.976575,77.640418
Halasooru,2017,Grievous Injury,Others,City or Town Road,12.986373,77.63585
Halasooru,2017,Grievous Injury,Others,Others,12.976633,77.646681
Halasooru,2017,Simple Injury,Side swipe,City or Town Road,12.98116,77.637467
Halasooru,2017,Grievous Injury,Side impact or Right angle,City or Town Road,12.972806,77.620058
Halasooru,2017,Fatal,Hit pedestrian,City or Town Road,12.978392,77.6303
Halasooru,2017,Damage Only,Hit and Run,City or Town Road,12.953765,77.639737
Halasooru,2017,Grievous Injury,Head on,City or Town Road,12.973532,77.641388
Halasooru,2017,Grievous Injury,Side swipe,City or Town Road,12.968348,77.640371
Halasooru,2017,Damage Only,Hit and Run,City or Town Road,12.97336,77.635936
Halasooru,2017,Simple Injury,Side swipe,City or Town Road,12.963617,77.638403
Halasooru,2017,Simple Injury,Head on,City or Town Road,12.969535,77.636302
Halasooru,2017,Grievous Injury,Hit and Run,City or Town Road,12.978538,77.646609
Halasooru,2017,Simple Injury,Hit pedestrian,City or Town Road,12.978309,77.640653
Halasooru,2017,Grievous Injury,Hit and Run,City or Town Road,12.9611339269144,77.6360023404116
Halasooru,2017,Simple Injury,Right Turn Collision,City or Town Road,12.9682765245366,77.6266793818609
Halasooru,2017,Simple Injury,Head on,City or Town Road,12.9595938824011,77.64147832797991
Halasooru,2017,Simple Injury,Hit pedestrian,City or Town Road,12.983846,77.640797
Halasooru,2017,Damage Only,Skidding or Self accident,City or Town Road,12.9722887102622,77.6197586931537
Halasooru,2017,Damage Only,Others,City or Town Road,12.975956,77.646751
Halasooru,2017,Simple Injury,Side impact or Right angle,City or Town Road,12.959115,77.64173
Halasooru,2017,Grievous Injury,Hit and Run,City or Town Road,12.982592,77.636531
Halasooru,2017,Simple Injury,Hit and Run,City or Town Road,12.985612,77.645033
Halasooru,2017,Damage Only,Hit parked vehicle,City or Town Road,12.961373,77.635902
Halasooru,2017,Fatal,Hit pedestrian,City or Town Road,12.966024,77.62512
Halasooru,2017,Simple Injury,Hit pedestrian,City or Town Road,12.9828702588756,77.6252491326689
Halasooru,2017,Fatal,Hit pedestrian,City or Town Road,12.9611339269144,77.6387561547972
Halasooru,2017,Grievous Injury,Hit pedestrian,City or Town Road,12.982669,77.642082
Halasooru,2017,Simple Injury,Hit pedestrian,City or Town Road,12.965157,77.638407
Halasooru,2017,Simple Injury,Rear end,City or Town Road,12.978171,77.637089
Halasooru,2017,Grievous Injury,Hit and Run,City or Town Road,12.984709,77.642802
Halasooru,2017,Damage Only,Hit and Run,City or Town Road,12.968412,77.628987
Halasooru,2017,Simple Injury,Rear end,City or Town Road,12.9607997548932,77.64177687190339
Halasooru,2017,Simple Injury,Rear end,City or Town Road,12.968291,77.614943
Halasooru,2017,Fatal,Others,City or Town Road,12.9686137897813,77.62894235372809
Halasooru,2017,Simple Injury,Hit pedestrian,City or Town Road,12.981988,77.625941
Halasooru,2017,Fatal,Rear end,City or Town Road,12.982727,77.637059
Halasooru,2017,Simple Injury,Hit and Run,City or Town Road,12.970384,77.635998
Halasooru,2017,Damage Only,Hit and Run,City or Town Road,12.965679,77.619829
Halasooru,2018,Grievous Injury,Hit and Run,City or Town Road,12.96183,77.63733
Halasooru,2018,Damage Only,Head on,City or Town Road,12.979076,77.618334
Halasooru,2018,Fatal,Hit and Run,City or Town Road,12.982549,77.634792
Halasooru,2018,Fatal,Rear end,City or Town Road,12.974688,77.620047
Halasooru,2018,Simple Injury,Hit pedestrian,City or Town Road,12.959739,77.63616
Halasooru,2018,Simple Injury,Hit and Run,City or Town Road,12.978444,77.644851
Halasooru,2018,Grievous Injury,Hit and Run,City or Town Road,12.982596,77.637502
Halasooru,2018,Damage Only,Rear end,City or Town Road,12.974987,77.625447
Halasooru,2018,Simple Injury,Hit and Run,City or Town Road,12.961694,77.641659
Halasooru,2018,Grievous Injury,Hit pedestrian,City or Town Road,12.975396,77.618549
Halasooru,2018,Fatal,Hit pedestrian,City or Town Road,12.978496,77.628872
Halasooru,2018,Simple Injury,Side impact or Right angle,City or Town Road,12.985778,77.645034
Halasooru,2018,Grievous Injury,Rear end,City or Town Road,12.954551,77.641271
Halasooru,2018,Simple Injury,Hit pedestrian,City or Town Road,12.977274,77.639036
Halasooru,2018,Simple Injury,Hit and Run,City or Town Road,12.982549,77.634792
Halasooru,2018,Damage Only,Hit and Run,City or Town Road,12.961576,77.634579
Halasooru,2018,Simple Injury,Hit pedestrian,City or Town Road,12.976468,77.626825
Halasooru,2018,Fatal,Hit pedestrian,City or Town Road,12.979928,77.640738
Halasooru,2018,Grievous Injury,Others,City or Town Road,12.978314,77.62979
Halasooru,2018,Grievous Injury,Hit pedestrian,City or Town Road,12.961554,77.635786
Halasooru,2018,Damage Only,Hit and Run,City or Town Road,12.960647,77.641562
Halasooru,2018,Grievous Injury,Hit and Run,City or Town Road,12.974095,77.641075
Halasooru,2018,Grievous Injury,Hit and Run,City or Town Road,12.984692,77.62253
Halasooru,2018,Damage Only,Rear end,City or Town Road,12.952428,77.639977
Halasooru,2018,Damage Only,Side impact or Right angle,City or Town Road,12.975977,77.62023
Halasooru,2018,Damage Only,Hit and Run,City or Town Road,12.975066,77.625292
Halasooru,2018,Simple Injury,Side swipe,City or Town Road,12.981313,77.615713
Halasooru,2018,Fatal,Skidding or Self accident,City or Town Road,12.965492,77.626281
Halasooru,2018,Grievous Injury,Rear end,City or Town Road,12.978344,77.640903
Halasooru,2018,Fatal,Hit and Run,City or Town Road,12.966103,77.641536
Halasooru,2018,Fatal,Hit pedestrian,City or Town Road,12.977291,77.619376
Halasooru,2018,Simple Injury,Hit pedestrian,City or Town Road,12.984899,77.643042
Halasooru,2018,Simple Injury,Side impact or Right angle,City or Town Road,12.961474,77.635914
Halasooru,2018,Damage Only,Rear end,City or Town Road,12.973053,77.616713
Halasooru,2018,Grievous Injury,Hit and Run,City or Town Road,12.982353,77.63404
Halasooru,2018,Grievous Injury,Hit and Run,City or Town Road,12.978363,77.64085
Halasooru,2018,Grievous Injury,Head on,Others,12.969058,77.615511
Halasooru,2018,Grievous Injury,Hit pedestrian,City or Town Road,12.965401,77.641571
Halasooru,2018,Damage Only,Rear end,City or Town Road,12.965765,77.637902
Halasooru,2018,Grievous Injury,Hit and Run,City or Town Road,12.979599,77.629507
Halasooru,2018,Grievous Injury,Hit pedestrian,City or Town Road,12.973306,77.615168
Halasooru,2018,Simple Injury,Hit pedestrian,City or Town Road,12.958173,77.641327
Halasooru,2018,Simple Injury,Hit and Run,City or Town Road,12.985785,77.644982
Halasooru,2018,Simple Injury,Hit and Run,City or Town Road,12.984793,77.642765
Halasooru,2018,Grievous Injury,Rear end,City or Town Road,12.968197,77.619976
Halasooru,2018,Grievous Injury,Hit pedestrian,City or Town Road,12.978279,77.635013
Halasooru,2018,Damage Only,Side swipe,City or Town Road,12.982868,77.637278
Halasooru,2018,Damage Only,Hit and Run,City or Town Road,12.965938,77.625346
Halasooru,2018,Damage Only,Rear end,City or Town Road,12.977797,77.640894
Halasooru,2018,Grievous Injury,Hit pedestrian,City or Town Road,12.961401,77.635877
Halasooru,2018,Damage Only,Hit and Run,City or Town Road,12.984149,77.640821
Halasooru,2018,Grievous Injury,Hit and Run,City or Town Road,12.981782,77.631738
Halasooru,2018,Simple Injury,Side swipe,City or Town Road,12.977633,77.645322
Halasooru,2018,Grievous Injury,Hit and Run,City or Town Road,12.975629,77.626129
Halasooru,2018,Fatal,Hit and Run,City or Town Road,12.974474,77.625731
Halasooru,2018,Fatal,Hit pedestrian,City or Town Road,12.951866,77.640036
Halasooru,2018,Fatal,Side impact or Right angle,City or Town Road,12.982345,77.626682
Halasooru,2018,Grievous Injury,Head on,City or Town Road,12.978158,77.636707
Halasooru,2018,Grievous Injury,Head on,City or Town Road,12.981584,77.631246
Halasooru,2018,Grievous Injury,Head on,City or Town Road,12.975296,77.640264
Halasooru,2018,Damage Only,Rear end,City or Town Road,12.965348,77.61783
Halasooru,2018,Grievous Injury,Hit bicyclist,City or Town Road,12.981863,77.631767
Halasooru,2018,Grievous Injury,Hit pedestrian,City or Town Road,12.961428,77.636059
Halasooru,2018,Grievous Injury,Rear end,City or Town Road,12.978525,77.644649
Halasooru,2018,Simple Injury,Hit and Run,City or Town Road,12.961783,77.641745
Halasooru,2018,Simple Injury,Hit pedestrian,Service Road,12.960936,77.636596
Halasooru,2018,Grievous Injury,Hit pedestrian,City or Town Road,12.971584,77.6182
Halasooru,2018,Damage Only,Others,City or Town Road,12.972947,77.635266
Halasooru,2018,Grievous Injury,Hit pedestrian,City or Town Road,12.968821,77.636034
Halasooru,2019,Grievous Injury,Hit pedestrian,City or Town Road,12.977742,77.627665
Halasooru,2019,Grievous Injury,Hit and Run,City or Town Road,12.985987,77.622528
Halasooru,2019,Fatal,Hit pedestrian,Others,12.975694,77.62029
Halasooru,2019,Fatal,Not Applicable,Two way,12.96563,77.619689
Halasooru,2019,Grievous Injury,Hit pedestrian,Two way,12.978391,77.638077
Halasooru,2019,Grievous Injury,Hit pedestrian,Two way,12.95521,77.641407
Halasooru,2019,Grievous Injury,Vehicle to Vehicle,Others,12.963319,77.641551
Halasooru,2019,Damage Only,Vehicle to Vehicle,Major District Road,12.982786,77.637235
Halasooru,2019,Grievous Injury,Hit pedestrian,Two way,12.965922,77.641456
Halasooru,2019,Damage Only,Hit and Run,City or Town Road,12.984104,77.640792
Halasooru,2019,Grievous Injury,Hit and Run,City or Town Road,12.97167,77.635972
Halasooru,2019,Grievous Injury,Vehicle to Vehicle,Major District Road,12.961376,77.635913
Halasooru,2019,Grievous Injury,Vehicle to Vehicle,Two way,12.964859,77.628215
Halasooru,2019,Grievous Injury,Hit bicyclist,Two way,12.959266,77.638444
Halasooru,2019,Grievous Injury,Vehicle to Vehicle,Two way,12.981169,77.637436
Halasooru,2019,Grievous Injury,Vehicle to Vehicle,Two way,12.974326,77.624082
Halasooru,2019,Damage Only,Rear end,City or Town Road,12.975962,77.620162
Halasooru,2019,Grievous Injury,Vehicle to Vehicle,Minor District Road,12.980551,77.630232
Halasooru,2019,Damage Only,Hit animal,Residential Street,12.96005,77.636547
Halasooru,2019,Grievous Injury,Hit pedestrian,Others,12.975979,77.620251
Halasooru,2019,Grievous Injury,Vehicle to Vehicle,Residential Street,12.969975,77.637618
Halasooru,2019,Grievous Injury,Vehicle to Vehicle,Two way,12.975264,77.614327
Halasooru,2019,Grievous Injury,Rear end,City or Town Road,12.984102,77.640646
Halasooru,2019,Damage Only,Rear end,City or Town Road,12.977116,77.61771
Halasooru,2019,Damage Only,Hit and Run,City or Town Road,12.985038,77.642627
Halasooru,2019,Grievous Injury,Rear end,City or Town Road,12.96065,77.641609
Halasooru,2019,Damage Only,Vehicle to Vehicle,Service Road,12.965984,77.625258
Halasooru,2019,Grievous Injury,Hit pedestrian,Residential Street,12.972474,77.630676
Halasooru,2019,Grievous Injury,Vehicle to Vehicle,Service Road,12.945991,77.640062
Halasooru,2019,Grievous Injury,Vehicle to Vehicle,Two way,12.970956,77.64731
Halasooru,2019,Grievous Injury,Vehicle to Vehicle,Two way,12.978573,77.646456
Halasooru,2019,Fatal,Vehicle to Vehicle,Arterial,12.961359,77.635927
Halasooru,2019,Grievous Injury,Vehicle to Vehicle,Others,12.970231,77.641295
Halasooru,2019,Grievous Injury,Vehicle to Vehicle,Residential Street,12.96205,77.62749
Halasooru,2019,Simple Injury,Vehicle to Vehicle,Two way,12.972602,77.620241
Halasooru,2019,Damage Only,Rear end,City or Town Road,12.966049,77.625185
Halasooru,2019,Grievous Injury,Rear end,City or Town Road,12.971279,77.619682
Halasooru,2019,Grievous Injury,Rear end,City or Town Road,12.978057,77.640856
Halasooru,2019,Fatal,Hit bicyclist,Service Road,12.970023,77.638772
Halasooru,2019,Simple Injury,Vehicle to Vehicle,Two way,12.978761,77.620701
Halasooru,2019,Grievous Injury,Vehicle to Vehicle,Others,12.98412,77.640523
Halasooru,2019,Grievous Injury,Hit pedestrian,Two way,12.980138,77.64088
Halasooru,2019,Grievous Injury,Vehicle to Vehicle,Others,12.985922,77.622436
Halasooru,2019,Simple Injury,Not Applicable,Minor District Road,12.95132,77.639708
Halasooru,2019,Fatal,Hit pedestrian,Arterial,12.961555,77.634822
Halasooru,2019,Simple Injury,Vehicle to Vehicle,Two way,12.96601,77.625419
Halasooru,2019,Damage Only,Vehicle to Vehicle,Residential Street,12.969974,77.638402
Halasooru,2019,Damage Only,Right Turn Collision,Residential Street,12.97628,77.635738
Halasooru,2019,Grievous Injury,Vehicle to Vehicle,Two way,12.965712,77.619802
Halasooru,2019,Fatal,Vehicle to Vehicle,Two way,12.973761,77.613883
Halasooru,2019,Fatal,Hit and Run,City or Town Road,12.98411,77.640485
Halasooru,2019,Damage Only,Vehicle to Vehicle,Others,12.981688,77.628617
Halasooru,2019,Fatal,Hit pedestrian,Major District Road,12.982102,77.626998
Halasooru,2019,Simple Injury,Hit pedestrian,Two way,12.985497,77.645241
Halasooru,2019,Grievous Injury,Hit and Run,City or Town Road,12.964749,77.625832
Halasooru,2019,Not Applicable,Vehicle to Vehicle,Service Road,12.973844,77.641123
Halasooru,2019,Fatal,Not Applicable,Expressway,12.985745,77.64512
Halasooru,2019,Grievous Injury,Hit pedestrian,City or Town Road,12.962152,77.629128
Halasooru,2019,Damage Only,Hit fixed object,City or Town Road,12.978058,77.620319
Halasooru,2019,Grievous Injury,Right Turn Collision,City or Town Road,12.970286,77.641301
Halasooru,2019,Fatal,Hit pedestrian,Minor District Road,12.982529,77.635737
Halasooru,2019,Grievous Injury,Not Applicable,Others,12.96336,77.62665
Halasooru,2019,Grievous Injury,Vehicle to Vehicle,Major District Road,12.969264,77.619621
Halasooru,2019,Fatal,Vehicle to Vehicle,Service Road,12.977818,77.646686
Halasooru,2019,Grievous Injury,Vehicle to Vehicle,Others,12.972087,77.6471
Halasooru,2019,Simple Injury,Vehicle to Vehicle,Others,12.971298,77.635104
Halasooru,2019,Damage Only,Head on,City or Town Road,12.978363,77.636671
Halasooru,2019,Grievous Injury,Hit and Run,City or Town Road,12.958793,77.641541
Halasooru,2019,Fatal,Side swipe,City or Town Road,12.972146,77.64129
Halasooru,2019,Grievous Injury,Head on,City or Town Road,12.966867,77.624425
Halasooru,2019,Damage Only,Hit and Run,City or Town Road,12.983611,77.639116
Halasooru,2019,Grievous Injury,Vehicle to Vehicle,Residential Street,12.97412,77.646864
Halasooru,2019,Grievous Injury,Hit pedestrian,Others,12.972631,77.620628
Halasooru,2019,Grievous Injury,Hit bicyclist,Others,12.970733,77.641952
Halasooru,2019,Damage Only,Vehicle to Vehicle,Others,12.965388,77.617751
Halasooru,2019,Fatal,Hit pedestrian,Feeder Road,12.973189,77.616551
Halasooru,2019,Grievous Injury,Vehicle to Vehicle,Arterial,12.978345,77.640789
Halasooru,2019,Grievous Injury,Vehicle to Vehicle,Two way,12.981613,77.623067
Halasooru,2019,Simple Injury,Vehicle to Vehicle,Two way,12.97382,77.641173
Halasooru,2019,Grievous Injury,Vehicle to Vehicle,Two way,12.968581,77.641293
Halasooru,2019,Damage Only,Rear end,City or Town Road,12.965985,77.625211
Halasooru,2019,Damage Only,Rear end,City or Town Road,12.981634,77.631238
Halasooru,2019,Damage Only,Hit and Run,City or Town Road,12.946045,77.640028
Halasooru,2019,Fatal,Hit pedestrian,Two way,12.972816,77.617484
Halasooru,2019,Grievous Injury,Vehicle to Vehicle,Others,12.973899,77.64354
Halasooru,2019,Grievous Injury,Vehicle to Vehicle,Others,12.96835,77.61438
Halasooru,2019,Grievous Injury,Hit pedestrian,Two way,12.978228,77.63484
Halasooru,2019,Grievous Injury,Hit pedestrian,Others,12.97268,77.631821
Halasooru,2019,Damage Only,Vehicle to Vehicle,One way,12.975886,77.614607
Halasooru,2019,Grievous Injury,Vehicle to Vehicle,Service Road,12.978156,77.635644
Halasooru,2020,Grievous Injury,Hit pedestrian,Two way,12.982456,77.635043
Halasooru,2020,Simple Injury,Vehicle to Vehicle,Two way,12.966833,77.620729
Halasooru,2020,Grievous Injury,Hit bicyclist,Feeder Road,12.951973,77.640084
Halasooru,2020,Grievous Injury,Hit pedestrian,Sub Arterial,12.98483,77.642475
Halasooru,2020,Grievous Injury,Hit pedestrian,Two way,12.968571,77.641243
Halasooru,2020,Damage Only,Vehicle to Vehicle,Two way,12.965754,77.625263
Halasooru,2020,Fatal,Not Applicable,Others,12.959548,77.3649122
Halasooru,2020,Grievous Injury,Hit bicyclist,Two way,12.962329,77.62833
Halasooru,2020,Fatal,Vehicle to Vehicle,Two way,12.968415,77.614369
Halasooru,2020,Fatal,Not Applicable,Service Road,12.948841,77.639962
Halasooru,2020,Grievous Injury,Hit pedestrian,Two way,12.98124,77.636771
Halasooru,2020,Grievous Injury,Vehicle to Vehicle,Two way,12.98289,77.637452
Halasooru,2020,Grievous Injury,Vehicle to Vehicle,Others,12.970319,77.643557
Halasooru,2020,Grievous Injury,Vehicle to Vehicle,Two way,12.974982,77.6254
Halasooru,2020,Grievous Injury,Vehicle to Vehicle,Two way,12.978399,77.640908
Halasooru,2020,Grievous Injury,Vehicle to Vehicle,Sub Arterial,12.983194,77.638353
Halasooru,2020,Simple Injury,Vehicle to Vehicle,Two way,12.981623,77.623031
Halasooru,2020,Grievous Injury,Hit pedestrian,Service Road,12.981768,77.628562
Halasooru,2020,Fatal,Not Applicable,Others,12.984265,77.641088
Halasooru,2020,Fatal,Hit pedestrian,Two way,12.978341,77.63088
Halasooru,2020,Grievous Injury,Vehicle to Vehicle,Two way,12.985713,77.645078
Halasooru,2020,Fatal,Vehicle to Vehicle,Sub Arterial,12.984076,77.640728
Halasooru,2020,Grievous Injury,Vehicle to Vehicle,Two way,12.960901,77.63869
Halasooru,2020,Grievous Injury,Hit pedestrian,One way,12.958951,77.641507
Halasooru,2020,Grievous Injury,Vehicle to Vehicle,Two way,12.98363,77.645539
Halasooru,2020,Grievous Injury,Hit pedestrian,Two way,12.97362,77.641051
Halasooru,2020,Grievous Injury,Vehicle to Vehicle,Sub Arterial,12.960901,77.63869
Halasooru,2020,Grievous Injury,Hit pedestrian,One way,12.973469,77.620043
Halasooru,2020,Fatal,Not Applicable,Others,12.959256,77.641236
Halasooru,2020,Fatal,Vehicle to Vehicle,One way,12.971855,77.647121
Halasooru,2020,Grievous Injury,Vehicle to Vehicle,Others,12.98412,77.622473
Halasooru,2020,Fatal,Vehicle to Vehicle,Two way,12.974047,77.646859
Halasooru,2020,Grievous Injury,Vehicle to Vehicle,Two way,12.97423,77.623871
Halasooru,2020,Damage Only,Not Applicable,Two way,12.959548,77.649122
Halasooru,2020,Grievous Injury,Hit pedestrian,Two way,12.976214,77.620389
Halasooru,2020,Grievous Injury,Vehicle to Vehicle,Two way,12.974968,77.625434
Halasooru,2020,Grievous Injury,Vehicle to Vehicle,Two way,12.960901,77.63869
Halasooru,2020,Simple Injury,Vehicle to Vehicle,Two way,12.952942,77.64064
Halasooru,2020,Fatal,Not Applicable,Two way,12.964061,77.626103
Halasooru,2020,Simple Injury,Vehicle to Vehicle,Two way,12.930609,77.632945
Halasooru,2020,Damage Only,Vehicle to Vehicle,Service Road,12.970719,77.619638
Halasooru,2020,Grievous Injury,Hit pedestrian,Two way,12.977642,77.640927
Halasooru,2020,Grievous Injury,Hit pedestrian,Residential Street,12.968275,77.614475
Halasooru,2020,Damage Only,Vehicle to Vehicle,Two way,12.978134,77.637862
Halasooru,2020,Fatal,Vehicle to Vehicle,Two way,12.982697,77.636873
Halasooru,2020,Simple Injury,Not Applicable,Two way,12.975065,77.614404
Halasooru,2021,Fatal,Hit pedestrian,Two way,12.982493,77.640737
Halasooru,2021,Simple Injury,Vehicle to Vehicle,Two way,12.971839,77.635977
Halasooru,2021,Grievous Injury,Vehicle to Vehicle,Two way,12.973803,77.613844
Halasooru,2021,Fatal,Vehicle to Vehicle,Arterial,12.979949,77.64071
Halasooru,2021,Fatal,Hit pedestrian,Two way,12.975746,77.626172
Halasooru,2021,Fatal,Not Applicable,Two way,12.961462,77.635528
Halasooru,2021,Fatal,Not Applicable,Others,12.97854,77.629865
Halasooru,2021,Grievous Injury,Hit bicyclist,Arterial,12.973697,77.614419
Halasooru,2021,Grievous Injury,Vehicle to Vehicle,Arterial,12.975013,77.625255
Halasooru,2021,Fatal,Not Applicable,Others,12.976492,77.62669
Halasooru,2021,Grievous Injury,Not Applicable,Mixed,12.947724,77.640842
Halasooru,2021,Fatal,Not Applicable,Not Applicable,12.961327,77.631682
Halasooru,2021,Grievous Injury,Vehicle to Vehicle,Two way,12.982906,77.63743
Halasooru,2021,Simple Injury,Vehicle to Vehicle,One way,12.959221,77.641436
Halasooru,2021,Grievous Injury,Vehicle to Vehicle,Two way,12.973818,77.613955
Halasooru,2021,Fatal,Vehicle to Vehicle,One way,12.975095,77.646849
Halasooru,2021,Grievous Injury,Vehicle to Vehicle,Others,12.972153,77.631721
Halasooru,2021,Simple Injury,Vehicle to Vehicle,Two way,12.97164,77.635883
Halasooru,2021,Fatal,Not Applicable,Others,12.961685,77.634646
Halasooru,2021,Damage Only,Vehicle to Vehicle,Others,12.982991,77.64564
Halasooru,2021,Grievous Injury,Hit pedestrian,Others,12.978635,77.640676
Halasooru,2021,Grievous Injury,Hit pedestrian,Two way,12.958277,77.640064
Halasooru,2021,Grievous Injury,Hit pedestrian,Two way,12.977303,77.627282
Halasooru,2021,Fatal,Not Applicable,Two way,12.961355,77.632808
Halasooru,2021,Fatal,Hit bicyclist,One way,12.973729,77.613882
Halasooru,2021,Fatal,Not Applicable,Two way,12.944088,77.640276
Halasooru,2021,Grievous Injury,Vehicle to Vehicle,Arterial,12.965964,77.625109
Halasooru,2022,Fatal,Hit pedestrian,Others,12.954474,77.641324
Halasooru,2022,Damage Only,Vehicle to Vehicle,Others,12.970151,77.631724
Halasooru,2022,Grievous Injury,Hit pedestrian,Not Applicable,12.974924,77.625492
Halasooru,2022,Grievous Injury,Vehicle to Vehicle,Two way,12.977455,77.627407
Halasooru,2022,Damage Only,Vehicle to Vehicle,Others,12.981577,77.63136
Halasooru,2022,Fatal,Hit pedestrian,Not Applicable,12.978138,77.626431
Halasooru,2022,Fatal,Hit pedestrian,One way,12.975296,77.622164
Halasooru,2022,Simple Injury,Vehicle to Vehicle,One way,12.965374,77.617533
Halasooru,2022,Fatal,Vehicle to Vehicle,Two way,12.97286,77.644919
Halasooru,2022,Grievous Injury,Vehicle to Vehicle,Not Applicable,12.978928,77.629169
Halasooru,2022,Grievous Injury,Hit pedestrian,Two way,12.9636911,77.6383276
Halasooru,2023,Damage Only,Vehicle to Vehicle,Not Applicable,12.982898,77.637532
Halasooru,2023,Grievous Injury,Vehicle to Vehicle,Others,12.96099,77.638689
Halasooru,2023,Grievous Injury,Not Applicable,One way,12.967373,77.620197
Halasooru,2023,Fatal,Hit pedestrian,Others,12.9582401,77.6413434
Halasooru,2023,Simple Injury,Vehicle to Vehicle,Two way,12.981663,77.631297
Halasooru,2023,Grievous Injury,Not Applicable,Two way,12.956875,77.641292
Halasooru,2023,Fatal,Not Applicable,Two way,12.963547,77.626316
Halasooru,2023,Grievous Injury,Vehicle to Vehicle,One way,12.975423,77.61744
Halasooru,2023,Fatal,Not Applicable,Two way,12.963547,77.626316
Halasooru,2023,Grievous Injury,Not Applicable,Two way,12.967093,77.621518
Halasooru,2023,Grievous Injury,Hit pedestrian,One way,12.970819,77.619539
Halasooru,2023,Fatal,Not Applicable,One way,12.963633,77.926371
Halasooru,2023,Grievous Injury,Vehicle to Vehicle,One way,12.969882,77.616547
Halasooru,2023,Grievous Injury,Hit pedestrian,Two way,12.976261,77.627507
Halasooru,2023,Fatal,Not Applicable,One way,12.974126,77.682612
Halasooru,2023,Simple Injury,Not Applicable,One way,12.936408,77.61491
Halasooru,2023,Grievous Injury,Not Applicable,Two way,12.963027,77.627223
Halasooru,2023,Grievous Injury,Vehicle to Vehicle,Two way,12.972537,77.619526
Halasooru,2023,Fatal,Not Applicable,One way,12.954524,77.641296
Halasooru,2023,Fatal,Not Applicable,Two way,12.982031,77.624856
Halasooru,2023,Grievous Injury,Vehicle to Vehicle,Two way,12.960974,77.641761
Halasooru,2023,Grievous Injury,Hit pedestrian,Two way,12.952336,77.640287
Halasooru,2023,Grievous Injury,Not Applicable,One way,12.96723,77.621719
Halasooru,2023,Grievous Injury,Hit pedestrian,Two way,12.978599,77.618666
Hebbala,2021,Fatal,Vehicle to Vehicle,NH,13.058988,77.593304
Hebbala,2022,Fatal,Hit pedestrian,Others,13.071054,77.611108
Hebbala,2022,Simple Injury,Hit pedestrian,Others,13.042556,77.613988
Hebbala,2022,Simple Injury,Hit pedestrian,Others,13.067191,77.601125
Hebbala,2022,Simple Injury,Vehicle to Vehicle,NH,13.067249,77.593161
Hebbala,2022,Damage Only,Vehicle to Vehicle,NH,13.067421,77.592877
Hebbala,2022,Fatal,Vehicle to Vehicle,Two way,13.059112,77.580017
Hebbala,2022,Fatal,Vehicle to Vehicle,NH,13.067183,77.593172
Hebbala,2022,Fatal,Hit pedestrian,NH,13.070629,77.593542
Hebbala,2022,Simple Injury,Vehicle to Vehicle,NH,13.0455,77.591809
Hebbala,2022,Fatal,Hit pedestrian,Others,13.047512,77.579097
Hebbala,2022,Fatal,Vehicle to Vehicle,Others,13.047189,77.569989
Hebbala,2022,Grievous Injury,Hit pedestrian,Others,13.057889,77.587968
Hebbala,2022,Fatal,Vehicle to Vehicle,Others,13.046902,77.567951
Hebbala,2022,Fatal,Not Applicable,Others,13.059187,77.590427
Hebbala,2022,Simple Injury,Vehicle to Vehicle,NH,13.057346,77.593482
Hebbala,2022,Simple Injury,Vehicle to Vehicle,Others,13.072745,77.589031
Hebbala,2022,Grievous Injury,Vehicle to Vehicle,NH,13.047273,77.591323
Hebbala,2022,Simple Injury,Not Applicable,Others,13.058855,77.581162
Hebbala,2022,Fatal,Vehicle to Vehicle,Two way,13.04672,77.572111
Hebbala,2022,Fatal,Vehicle to Vehicle,NH,13.067144,77.593083
Hebbala,2022,Simple Injury,Vehicle to Vehicle,Others,13.058394,77.5849429
Hebbala,2022,Simple Injury,Vehicle to Vehicle,Others,13.069853,77.581085
Hebbala,2022,Simple Injury,Vehicle to Vehicle,NH,13.063194,77.593249
Hebbala,2022,Fatal,Not Applicable,NH,13.061164,77.593279
Hebbala,2022,Grievous Injury,Hit pedestrian,Others,13.042162,77.594502
Hebbala,2022,Simple Injury,Not Applicable,NH,13.061672,77.593454
Hebbala,2022,Simple Injury,Vehicle to Vehicle,NH,13.046798,77.591651
Hebbala,2022,Fatal,Vehicle to Vehicle,Others,13.047683,77.577698
Hebbala,2022,Simple Injury,Vehicle to Vehicle,Residential Street,13.055498,77.598358
Hebbala,2022,Fatal,Vehicle to Vehicle,NH,13.05736,77.593201
Hebbala,2022,Grievous Injury,Vehicle to Vehicle,Two way,13.072599,77.58888
Hebbala,2022,Simple Injury,Hit pedestrian,NH,13.052292,77.5938
Hebbala,2022,Simple Injury,Vehicle to Vehicle,Others,13.066461,77.58145
Hebbala,2022,Fatal,Not Applicable,NH,13.061999,77.593549
Hebbala,2022,Simple Injury,Vehicle to Vehicle,NH,13.051076,77.592972
Hebbala,2022,Grievous Injury,Hit pedestrian,NH,13.046572,77.5915379
Hebbala,2022,Fatal,Not Applicable,Others,13.06051,77.605835
Hebbala,2022,Fatal,Vehicle to Vehicle,NH,13.056305,77.593221
Hebbala,2022,Simple Injury,Vehicle to Vehicle,NH,13.067215,77.593266
Hebbala,2022,Fatal,Vehicle to Vehicle,Others,13.065708,77.600783
Hebbala,2022,Fatal,Not Applicable,Others,13.043487,77.599155
Hebbala,2022,Fatal,Not Applicable,Others,13.043437,77.599158
Hebbala,2022,Fatal,Hit pedestrian,NH,13.069087,77.59297
Hebbala,2023,Grievous Injury,Not Applicable,NH,13.059192,77.593534
Hebbala,2023,Grievous Injury,Vehicle to Vehicle,NH,13.067121,77.593278
Hebbala,2023,Damage Only,Vehicle to Vehicle,NH,13.057352,77.593589
Hebbala,2023,Damage Only,Vehicle to Vehicle,Others,13.042422,77.613477
Hebbala,2023,Damage Only,Vehicle to Vehicle,Others,13.043137,77.590641
Hebbala,2023,Grievous Injury,Hit pedestrian,Others,13.046914,77.569115
Hebbala,2023,Grievous Injury,Vehicle to Vehicle,NH,13.06304,77.593406
Hebbala,2023,Damage Only,Not Applicable,NH,13.066704,77.593281
Hebbala,2023,Grievous Injury,Vehicle to Vehicle,Others,13.042536,77.612573
Hebbala,2023,Simple Injury,Hit pedestrian,NH,13.052123,77.593193
Hebbala,2023,Grievous Injury,Hit pedestrian,Others,13.036532,77.593897
Hebbala,2023,Grievous Injury,Vehicle to Vehicle,Others,13.047161,77.570022
Hebbala,2023,Grievous Injury,Vehicle to Vehicle,Others,13.039094,77.598391
Hebbala,2023,Grievous Injury,Hit pedestrian,Others,13.046924,77.569125
Hebbala,2023,Grievous Injury,Vehicle to Vehicle,NH,13.057445,77.775935
Hebbala,2023,Grievous Injury,Vehicle to Vehicle,NH,13.05084,77.593016
Hebbala,2023,Simple Injury,Vehicle to Vehicle,Others,13.034925,77.603242
Hebbala,2023,Grievous Injury,Vehicle to Vehicle,Others,13.067009,77.593978
Hebbala,2023,Grievous Injury,Hit pedestrian,Others,13.055031,77.611769
Hebbala,2023,Grievous Injury,Vehicle to Vehicle,Others,13.058602,77.583373
Hebbala,2023,Grievous Injury,Vehicle to Vehicle,NH,13.049987,77.592909
Hebbala,2023,Fatal,Not Applicable,NH,13.061666,77.593548
Hebbala,2023,Grievous Injury,Vehicle to Vehicle,NH,13.055314,77.593653
Hebbala,2023,Fatal,Not Applicable,Others,13.058699,77.596232
Hebbala,2023,Grievous Injury,Hit pedestrian,Others,13.057489,77.576889
Hebbala,2023,Fatal,Vehicle to Vehicle,NH,13.049198,77.592776
Hebbala,2023,Grievous Injury,Vehicle to Vehicle,Others,13.067041,77.609998
Hebbala,2023,Grievous Injury,Vehicle to Vehicle,NH,13.059117,77.593363
Hebbala,2023,Grievous Injury,Not Applicable,Others,13.047241,77.574067
Hebbala,2023,Grievous Injury,Vehicle to Vehicle,Others,13.069273,77.569083
Hebbala,2023,Grievous Injury,Vehicle to Vehicle,Others,13.066539,77.570199
Hebbala,2023,Grievous Injury,Vehicle to Vehicle,NH,13.057345,77.593341
Hebbala,2023,Fatal,Vehicle to Vehicle,Others,13.070831,77.603706
Hebbala,2023,Grievous Injury,Not Applicable,Others,13.043606,77.599007
Hebbala,2023,Grievous Injury,Vehicle to Vehicle,NH,13.064732,77.593343
Hebbala,2023,Simple Injury,Not Applicable,Others,13.053747,77.574216
Hebbala,2023,Fatal,Vehicle to Vehicle,Others,13.066893,77.601043
Hebbala,2023,Fatal,Not Applicable,Others,13.071313,77.606674
Hebbala,2023,Grievous Injury,Vehicle to Vehicle,NH,13.04988,77.59275
Hebbala,2023,Grievous Injury,Vehicle to Vehicle,Others,13.066749,77.581776
Hebbala,2023,Grievous Injury,Vehicle to Vehicle,NH,13.058895,77.593423
Hebbala,2023,Grievous Injury,Vehicle to Vehicle,Others,13.042713,77.590297
Hebbala,2023,Grievous Injury,Vehicle to Vehicle,Others,13.059066,77.580368
Hebbala,2023,Grievous Injury,Vehicle to Vehicle,NH,13.048776,77.592607
Hebbala,2023,Grievous Injury,Vehicle to Vehicle,NH,13.06714,77.593267
Hebbala,2023,Grievous Injury,Hit bicyclist,Others,13.043011,77.586652
Hebbala,2023,Fatal,Hit bicyclist,NH,13.055698,77.593332
Hebbala,2023,Grievous Injury,Not Applicable,NH,13.070693,77.59271
Hebbala,2023,Grievous Injury,Vehicle to Vehicle,Others,13.03866,77.590382
Hebbala,2023,Grievous Injury,Vehicle to Vehicle,Others,13.065439,77.594135
Hebbala,2023,Grievous Injury,Vehicle to Vehicle,Others,13.035547,77.598042
Hebbala,2023,Damage Only,Vehicle to Vehicle,Others,13.043218,77.598296
Hebbala,2023,Grievous Injury,Vehicle to Vehicle,NH,13.06684,77.593221
Hebbala,2023,Grievous Injury,Vehicle to Vehicle,NH,13.056936,77.593343
Hebbala,2023,Grievous Injury,Not Applicable,Others,13.075942,77.606762
Hebbala,2023,Grievous Injury,Hit pedestrian,NH,13.064453,77.593359
Hebbala,2023,Grievous Injury,Not Applicable,Others,13.073267,77.594319
Hebbala,2023,Grievous Injury,Vehicle to Vehicle,Others,13.046974,77.568471
Hebbala,2023,Grievous Injury,Vehicle to Vehicle,Others,13.061667,77.599656
Hebbala,2023,Grievous Injury,Vehicle to Vehicle,Others,13.062902,77.572833
Hebbala,2023,Grievous Injury,Vehicle to Vehicle,Others,13.046168,77.591613
Hebbala,2023,Simple Injury,Vehicle to Vehicle,Others,13.043047,77.590263
Hebbala,2023,Simple Injury,Vehicle to Vehicle,Others,13.042829,77.611169
Hebbala,2023,Grievous Injury,Vehicle to Vehicle,Others,13.060071,77.581451
Hebbala,2023,Grievous Injury,Hit pedestrian,Others,13.051739,77.597672
Hebbala,2023,Grievous Injury,Hit pedestrian,NH,13.051771,77.593432
Hebbala,2023,Grievous Injury,Hit pedestrian,NH,13.067128,77.592982
Hennuru,2023,Simple Injury,Vehicle to Vehicle,Two way,13.041189,77.621005
Hennuru,2023,Simple Injury,Hit pedestrian,Residential Street,13.040637,77.661939
Hennuru,2023,Grievous Injury,Vehicle to Vehicle,Two way,13.077841,77.631271
Hennuru,2023,Simple Injury,Vehicle to Vehicle,Service Road,13.067596,77.633729
Hennuru,2023,Fatal,Hit pedestrian,Two way,13.038064,77.641464
Hennuru,2023,Grievous Injury,Hit pedestrian,Two way,13.051473,77.655574
Hennuru,2023,Simple Injury,Vehicle to Vehicle,Others,13.037962,77.649071
Hennuru,2023,Grievous Injury,Hit pedestrian,Two way,13.050208,77.648413
Hennuru,2023,Grievous Injury,Hit pedestrian,Two way,13.080857,77.661558
Hennuru,2023,Simple Injury,Hit pedestrian,Two way,13.094423,77.636011
Hennuru,2023,Grievous Injury,Vehicle to Vehicle,Two way,13.051473,77.630896
Hennuru,2023,Simple Injury,Not Applicable,Two way,13.068134,77.629272
Hennuru,2023,Grievous Injury,Vehicle to Vehicle,Others,13.045387,77.627305
Hennuru,2023,Grievous Injury,Hit pedestrian,Sub Arterial,13.029985,77.643324
Hennuru,2023,Damage Only,Not Applicable,Two way,13.083139,77.618159
Hennuru,2023,Simple Injury,Vehicle to Vehicle,Two way,13.071742,77.651471
Hennuru,2023,Grievous Injury,Vehicle to Vehicle,Two way,13.064704,77.65611
Hennuru,2023,Fatal,Hit pedestrian,Two way,13.041016,77.621303
Hennuru,2023,Fatal,Vehicle to Vehicle,Two way,13.097176,77.635883
Hennuru,2023,Simple Injury,Vehicle to Vehicle,Two way,13.065861,77.651809
Hennuru,2023,Grievous Injury,Vehicle to Vehicle,Two way,13.035698,77.657321
Hennuru,2023,Grievous Injury,Hit pedestrian,Two way,13.048471,77.645391
Hennuru,2023,Simple Injury,Vehicle to Vehicle,Two way,13.052692,77.675533
Hennuru,2023,Fatal,Hit pedestrian,Two way,13.070152,77.633685
Hennuru,2023,Simple Injury,Vehicle to Vehicle,Two way,13.052744,77.675476
Hennuru,2023,Simple Injury,Vehicle to Vehicle,Two way,13.089985,77.635637
Hennuru,2023,Grievous Injury,Vehicle to Vehicle,Two way,13.070062,77.620499
Hennuru,2023,Not Applicable,Vehicle to Vehicle,Two way,13.028236,77.633047
Hennuru,2023,Grievous Injury,Hit pedestrian,Two way,13.041237,77.618945
Hennuru,2023,Grievous Injury,Vehicle to Vehicle,Two way,13.066774,77.638678
Hennuru,2023,Grievous Injury,Vehicle to Vehicle,Sub Arterial,13.057533,77.6262
Hennuru,2023,Simple Injury,Vehicle to Vehicle,Two way,13.036829,77.640318
Hennuru,2023,Fatal,Hit pedestrian,Two way,13.043695,77.625839
Hennuru,2023,Grievous Injury,Hit pedestrian,Sub Arterial,13.035916,77.646417
Hennuru,2023,Grievous Injury,Vehicle to Vehicle,Two way,13.09053,77.624904
Hennuru,2023,Fatal,Vehicle to Vehicle,Two way,13.102642,77.628164
Hennuru,2023,Fatal,Hit pedestrian,Two way,13.073654,77.633711
Hennuru,2023,Fatal,Not Applicable,Two way,13.054539,77.646758
Hennuru,2023,Simple Injury,Vehicle to Vehicle,Two way,13.077602,77.633777
Hennuru,2023,Grievous Injury,Vehicle to Vehicle,Two way,13.05722,77.649231
Hennuru,2023,Fatal,Not Applicable,Two way,13.0633,77.663039
H.Grounds,2016,Fatal,Rear end,Two way,12.997481,77.572009
H.Grounds,2016,Grievous Injury,Side swipe,Two way,12.98988,77.571858
H.Grounds,2016,Damage Only,Rear end,One way,12.99478,77.588241
H.Grounds,2017,Damage Only,Rear end,Two way,12.987243,77.548484
H.Grounds,2017,Grievous Injury,Hit pedestrian,Two way,12.989224,77.571996
H.Grounds,2018,Grievous Injury,Hit and Run,City or Town Road,12.992162,77.60003
H.Grounds,2018,Grievous Injury,Hit pedestrian,One way,12.989745,77.571933
H.Grounds,2018,Grievous Injury,Side swipe,City or Town Road,12.984595,77.588252
H.Grounds,2018,Damage Only,Hit fixed object,City or Town Road,12.996426,77.584736
H.Grounds,2019,Damage Only,Vehicle to Vehicle,Not Applicable,12.9848694,77.5721052
H.Grounds,2019,Grievous Injury,Vehicle to Vehicle,Residential Street,12.992248,77.57577
H.Grounds,2020,Grievous Injury,Vehicle to Vehicle,Two way,12.99326,77.5851304
H.Grounds,2021,Grievous Injury,Vehicle to Vehicle,Others,12.984968,77.588448
H.Grounds,2021,Fatal,Hit pedestrian,Service Road,12.9942126,77.5849936
H.Grounds,2021,Damage Only,Vehicle to Vehicle,Two way,12.9874043,77.5802501
H.Grounds,2021,Grievous Injury,Vehicle to Vehicle,Two way,12.9884295,77.5765299
H.Grounds,2021,Damage Only,Not Applicable,Two way,12.9884828,77.5866294
H.Grounds,2021,Simple Injury,Vehicle to Vehicle,Two way,12.98737,77.580274
H.Grounds,2021,Grievous Injury,Vehicle to Vehicle,Two way,12.9815403,77.5745702
H.Grounds,2021,Simple Injury,Vehicle to Vehicle,Two way,12.9883736,77.5865791
H.Grounds,2021,Simple Injury,Vehicle to Vehicle,Two way,12.985051,77.572103
H.Grounds,2021,Grievous Injury,Vehicle to Vehicle,Two way,12.984447,77.588296
H.Grounds,2021,Damage Only,Vehicle to Vehicle,One way,12.984883,77.587568
H.Grounds,2022,Damage Only,Vehicle to Vehicle,Others,12.99563,77.5849
H.Grounds,2022,Simple Injury,Vehicle to Vehicle,Others,12.99022,77.57446
H.Grounds,2022,Fatal,Hit pedestrian,Others,12.98733,77.58021
H.Grounds,2022,Damage Only,Vehicle to Vehicle,Others,12.99379,77.58499
H.Grounds,2022,Simple Injury,Vehicle to Vehicle,Others,12.98535,77.58843
H.Grounds,2022,Fatal,Vehicle to Vehicle,Others,12.99543,77.584966
H.Grounds,2023,Simple Injury,Vehicle to Vehicle,Others,12.9845,77.6578
H.Grounds,2023,Fatal,Hit pedestrian,Others,12.985068,77.572399
H.Grounds,2023,Simple Injury,Vehicle to Vehicle,Others,12.984658,77.571836
H.Grounds,2023,Simple Injury,Not Applicable,Others,12.984718,77.582814
H.Grounds,2023,Simple Injury,Vehicle to Vehicle,Others,12.985073,77.57212
H.Grounds,2023,Damage Only,Not Applicable,Others,12.995534,77.589568
H.Grounds,2023,Simple Injury,Vehicle to Vehicle,Others,12.992683,77.57431
H.Grounds,2023,Fatal,Not Applicable,Others,12.9889,77.58607
H.Grounds,2023,Damage Only,Vehicle to Vehicle,Others,12.988749,77.581129
H.Grounds,2023,Fatal,Hit pedestrian,Others,12.985023,77.58825
H.Grounds,2023,Simple Injury,Vehicle to Vehicle,Others,12.978918,77.583324
H.Grounds,2023,Simple Injury,Vehicle to Vehicle,Others,12.984583,77.588156
H.Grounds,2023,Simple Injury,Vehicle to Vehicle,Others,12.996683,77.574586
H.Grounds,2023,Simple Injury,Vehicle to Vehicle,Others,12.992108,77.58318
H.Grounds,2023,Grievous Injury,Vehicle to Vehicle,Others,12.99383,77.585
H.Grounds,2023,Simple Injury,Vehicle to Vehicle,Others,12.9815403,77.3522
HSR Layout,2018,Fatal,Hit and Run,City or Town Road,12.916894,77.632756
HSR Layout,2018,Simple Injury,Hit and Run,City or Town Road,12.923619,77.646754
HSR Layout,2018,Simple Injury,Hit and Run,City or Town Road,12.922484,77.669092
HSR Layout,2018,Grievous Injury,Hit and Run,City or Town Road,12.906127,77.698154
HSR Layout,2018,Fatal,Hit pedestrian,City or Town Road,12.917916,77.641582
HSR Layout,2018,Grievous Injury,Hit and Run,City or Town Road,12.91973,77.666841
HSR Layout,2018,Grievous Injury,Others,City or Town Road,12.914125,77.629761
HSR Layout,2018,Grievous Injury,Others,City or Town Road,12.901164,77.651696
HSR Layout,2018,Fatal,Hit and Run,City or Town Road,12.918603,77.651621
HSR Layout,2018,Simple Injury,Others,City or Town Road,12.923094,77.639628
HSR Layout,2018,Simple Injury,Others,City or Town Road,12.921284,77.666411
HSR Layout,2018,Grievous Injury,Others,City or Town Road,12.923796,77.654334
HSR Layout,2018,Fatal,Hit and Run,City or Town Road,12.891793,77.67378
HSR Layout,2018,Fatal,Others,City or Town Road,12.894424,77.674344
HSR Layout,2018,Grievous Injury,Hit pedestrian,City or Town Road,12.921765,77.651597
HSR Layout,2019,Grievous Injury,Hit and Run,City or Town Road,12.92378,77.654394
HSR Layout,2019,Grievous Injury,Others,City or Town Road,12.911421,77.632442
HSR Layout,2019,Fatal,Skidding or Self accident,City or Town Road,12.925191,77.669672
HSR Layout,2019,Grievous Injury,Hit and Run,City or Town Road,12.918654,77.67378
HSR Layout,2019,Simple Injury,Vehicle to Vehicle,One way,12.921075,77.663566
HSR Layout,2019,Fatal,Vehicle to Vehicle,One way,12.919862,77.643061
HSR Layout,2019,Fatal,Not Applicable,Others,12.927368,77.679645
HSR Layout,2019,Grievous Injury,Hit and Run,City or Town Road,12.921927,77.659935
HSR Layout,2019,Simple Injury,Others,City or Town Road,12.92199,77.668227
HSR Layout,2019,Grievous Injury,Hit and Run,City or Town Road,12.910199,77.68582
HSR Layout,2019,Grievous Injury,Skidding or Self accident,City or Town Road,12.921839,77.6679509
HSR Layout,2019,Grievous Injury,Hit and Run,City or Town Road,12.914445,77.638199
HSR Layout,2019,Grievous Injury,Hit pedestrian,Others,12.916218,77.634798
HSR Layout,2019,Grievous Injury,Hit pedestrian,Others,12.927805,77.67991
HSR Layout,2019,Grievous Injury,Vehicle to Vehicle,Others,12.908361,77.41437
HSR Layout,2019,Grievous Injury,Hit pedestrian,Others,12.911379,77.652599
HSR Layout,2019,Grievous Injury,Vehicle to Vehicle,Others,12.912208,77.642508
HSR Layout,2019,Grievous Injury,Hit and Run,City or Town Road,12.911065,77.683738
HSR Layout,2019,Fatal,Vehicle to Vehicle,Others,12.916005,77.637866
HSR Layout,2019,Grievous Injury,Hit pedestrian,One way,12.924638,77.673718
HSR Layout,2019,Simple Injury,Hit and Run,City or Town Road,12.911043,77.683603
HSR Layout,2019,Fatal,Hit and Run,City or Town Road,12.920601,77.665346
HSR Layout,2019,Grievous Injury,Others,City or Town Road,12.923959,77.6471989
HSR Layout,2019,Grievous Injury,Hit and Run,City or Town Road,12.90314,77.704526
HSR Layout,2019,Grievous Injury,Hit pedestrian,Two way,12.916365,77.699021
HSR Layout,2019,Grievous Injury,Vehicle to Vehicle,One way,12.923681,77.654235
HSR Layout,2019,Grievous Injury,Not Applicable,One way,12.904766,77.64432
HSR Layout,2019,Grievous Injury,Hit and Run,City or Town Road,12.913479,77.678712
HSR Layout,2019,Grievous Injury,Hit and Run,City or Town Road,12.916548,77.632352
HSR Layout,2019,Grievous Injury,Vehicle to Vehicle,One way,12.919301,77.642567
HSR Layout,2019,Grievous Injury,Vehicle to Vehicle,Others,12.914071,77.677006
HSR Layout,2019,Simple Injury,Vehicle to Vehicle,Others,12.924533,77.647413
HSR Layout,2019,Grievous Injury,Vehicle to Vehicle,Others,12.911649,77.638298
HSR Layout,2019,Grievous Injury,Others,City or Town Road,12.916481,77.632254
HSR Layout,2019,Fatal,Hit and Run,City or Town Road,12.914449,77.639541
HSR Layout,2019,Grievous Injury,Hit and Run,City or Town Road,12.919242,77.642654
HSR Layout,2019,Grievous Injury,Others,City or Town Road,12.921083,77.665917
HSR Layout,2019,Simple Injury,Hit and Run,City or Town Road,12.909453,77.663828
HSR Layout,2019,Grievous Injury,Vehicle to Vehicle,Expressway,12.918769,77.673392
HSR Layout,2019,Grievous Injury,Vehicle to Vehicle,Service Road,12.915403,77.632335
HSR Layout,2019,Damage Only,Others,City or Town Road,12.92542,77.6752129
HSR Layout,2019,Fatal,Not Applicable,Others,12.915669,77.674153
HSR Layout,2019,Grievous Injury,Vehicle to Vehicle,Two way,12.908694,77.689805
HSR Layout,2019,Grievous Injury,Not Applicable,Others,12.916358,77.635057
HSR Layout,2019,Grievous Injury,Hit pedestrian,Residential Street,12.912397,77.63423
HSR Layout,2019,Fatal,Hit pedestrian,Others,12.919081,77.642375
HSR Layout,2019,Grievous Injury,Hit pedestrian,Others,12.907194,77.695445
HSR Layout,2019,Grievous Injury,Hit pedestrian,Others,12.912053,77.639289
HSR Layout,2019,Fatal,Hit and Run,City or Town Road,12.921261,77.662659
HSR Layout,2019,Fatal,Hit pedestrian,City or Town Road,12.927788,77.680062
HSR Layout,2019,Fatal,Vehicle to Vehicle,Others,12.918413,77.670237
HSR Layout,2019,Simple Injury,Vehicle to Vehicle,One way,12.924801,77.673983
HSR Layout,2019,Grievous Injury,Hit pedestrian,One way,12.918465,77.6699489
HSR Layout,2019,Grievous Injury,Vehicle to Vehicle,One way,12.924013,77.647283
HSR Layout,2019,Grievous Injury,Vehicle to Vehicle,Others,12.919826,77.643076
HSR Layout,2019,Grievous Injury,Others,City or Town Road,12.922921,77.645956
HSR Layout,2019,Fatal,Others,City or Town Road,12.924723,77.673748
HSR Layout,2019,Simple Injury,Hit and Run,City or Town Road,12.896566,77.675074
HSR Layout,2019,Grievous Injury,Hit pedestrian,City or Town Road,12.910606,77.684772
HSR Layout,2019,Grievous Injury,Hit and Run,City or Town Road,12.908081,77.649176
HSR Layout,2019,Grievous Injury,Hit pedestrian,City or Town Road,12.923826,77.653824
HSR Layout,2019,Grievous Injury,Hit pedestrian,Others,12.907625,77.683462
HSR Layout,2019,Grievous Injury,Vehicle to Vehicle,Service Road,12.913956,77.642128
HSR Layout,2019,Grievous Injury,Vehicle to Vehicle,Residential Street,12.910793,77.638051
HSR Layout,2019,Fatal,Not Applicable,Others,12.917389,77.640882
HSR Layout,2019,Grievous Injury,Vehicle to Vehicle,Not Applicable,12.916672,77.62922
HSR Layout,2019,Grievous Injury,Vehicle to Vehicle,One way,12.924706,77.675909
HSR Layout,2019,Simple Injury,Hit and Run,City or Town Road,12.921161,77.662587
HSR Layout,2019,Simple Injury,Others,City or Town Road,12.923003,77.645986
HSR Layout,2019,Fatal,Vehicle to Vehicle,Others,12.916566,77.632307
HSR Layout,2019,Fatal,Not Applicable,One way,12.921219,77.644274
HSR Layout,2019,Fatal,Not Applicable,One way,12.923347,77.655828
HSR Layout,2019,Damage Only,Vehicle to Vehicle,Two way,12.913091,77.666143
HSR Layout,2019,Grievous Injury,Hit and Run,City or Town Road,12.930148,77.680925
HSR Layout,2019,Grievous Injury,Others,City or Town Road,12.916393,77.634735
HSR Layout,2019,Grievous Injury,Others,City or Town Road,12.91743,77.641215
HSR Layout,2019,Fatal,Others,City or Town Road,12.895443,77.690198
HSR Layout,2019,Damage Only,Others,City or Town Road,12.91546,77.638295
HSR Layout,2019,Grievous Injury,Hit pedestrian,Two way,12.907871,77.651754
HSR Layout,2020,Grievous Injury,Vehicle to Vehicle,Others,12.920628,77.665325
HSR Layout,2020,Fatal,Vehicle to Vehicle,Others,12.92124,77.666157
HSR Layout,2020,Grievous Injury,Hit pedestrian,Others,12.90723,77.695554
HSR Layout,2020,Grievous Injury,Hit pedestrian,Others,12.924641,77.673648
HSR Layout,2020,Grievous Injury,Vehicle to Vehicle,Others,12.920926,77.665654
HSR Layout,2020,Grievous Injury,Vehicle to Vehicle,Others,12.921,77.663761
HSR Layout,2020,Grievous Injury,Hit pedestrian,Others,12.907003,77.62919
HSR Layout,2020,Simple Injury,Vehicle to Vehicle,Service Road,12.924246,77.649957
HSR Layout,2020,Simple Injury,Hit pedestrian,Not Applicable,12.926113,77.676858
HSR Layout,2020,Grievous Injury,Vehicle to Vehicle,Others,12.904907,77.643676
HSR Layout,2020,Grievous Injury,Vehicle to Vehicle,Others,12.892948,77.694697
HSR Layout,2020,Damage Only,Vehicle to Vehicle,Others,12.904091,77.650674
HSR Layout,2020,Grievous Injury,Vehicle to Vehicle,Others,12.905996,77.698004
HSR Layout,2020,Fatal,Vehicle to Vehicle,Others,12.91612,77.638758
HSR Layout,2020,Simple Injury,Hit pedestrian,Others,12.923682,77.654184
HSR Layout,2020,Grievous Injury,Not Applicable,Others,12.924027,77.647722
HSR Layout,2020,Grievous Injury,Vehicle to Vehicle,Others,12.906534,77.697772
HSR Layout,2020,Grievous Injury,Vehicle to Vehicle,Others,12.905159,77.704671
HSR Layout,2020,Grievous Injury,Vehicle to Vehicle,Others,12.910698,77.684651
HSR Layout,2020,Grievous Injury,Vehicle to Vehicle,Others,12.912257,77.63875
HSR Layout,2020,Fatal,Vehicle to Vehicle,Others,12.923829,77.647036
HSR Layout,2020,Simple Injury,Vehicle to Vehicle,Others,12.924613,77.648652
HSR Layout,2020,Grievous Injury,Hit pedestrian,Others,12.919002,77.642499
HSR Layout,2020,Grievous Injury,Vehicle to Vehicle,Not Applicable,12.923758,77.639935
HSR Layout,2020,Simple Injury,Vehicle to Vehicle,Others,12.911491,77.632443
HSR Layout,2020,Fatal,Hit pedestrian,Others,12.923746,77.64003
HSR Layout,2020,Grievous Injury,Vehicle to Vehicle,Others,12.923627,77.640664
HSR Layout,2020,Fatal,Not Applicable,One way,12.910049,77.676285
HSR Layout,2020,Grievous Injury,Vehicle to Vehicle,Others,12.907995,77.692505
HSR Layout,2020,Damage Only,Not Applicable,Others,12.921773,77.661229
HSR Layout,2020,Fatal,Hit pedestrian,Others,12.921765,77.651476
HSR Layout,2020,Grievous Injury,Hit pedestrian,Others,12.924534,77.650604
HSR Layout,2020,Grievous Injury,Vehicle to Vehicle,Others,12.922421,77.668797
HSR Layout,2020,Grievous Injury,Hit pedestrian,Others,12.912036,77.642672
HSR Layout,2020,Grievous Injury,Hit pedestrian,Others,12.970297,77.678032
HSR Layout,2020,Grievous Injury,Vehicle to Vehicle,Others,12.906471,77.697942
HSR Layout,2020,Grievous Injury,Vehicle to Vehicle,Others,12.914798,77.675451
HSR Layout,2020,Grievous Injury,Not Applicable,Others,12.922106,77.644965
HSR Layout,2020,Damage Only,Not Applicable,Others,12.911288,77.629134
HSR Layout,2020,Grievous Injury,Hit pedestrian,Others,12.902348,77.651316
HSR Layout,2020,Grievous Injury,Vehicle to Vehicle,Others,12.925188,77.669655
HSR Layout,2020,Grievous Injury,Vehicle to Vehicle,Others,12.915963,77.637426
HSR Layout,2020,Grievous Injury,Hit pedestrian,Others,12.927034,77.679865
HSR Layout,2020,Fatal,Vehicle to Vehicle,Others,12.921669,77.661225
HSR Layout,2020,Grievous Injury,Vehicle to Vehicle,Others,12.915049,77.67547
HSR Layout,2020,Fatal,Not Applicable,Others,12.923234,77.656474
HSR Layout,2020,Grievous Injury,Not Applicable,Others,12.905166,77.701028
HSR Layout,2020,Simple Injury,Vehicle to Vehicle,Others,12.921721,77.667716
HSR Layout,2020,Simple Injury,Vehicle to Vehicle,Others,12.916408,77.632559
HSR Layout,2020,Grievous Injury,Not Applicable,Two way,12.900102,77.675457
HSR Layout,2020,Grievous Injury,Vehicle to Vehicle,Not Applicable,12.916198,77.636689
HSR Layout,2020,Grievous Injury,Vehicle to Vehicle,Others,12.906128,77.694938
HSR Layout,2020,Grievous Injury,Vehicle to Vehicle,Others,12.906552,77.697875
HSR Layout,2020,Grievous Injury,Vehicle to Vehicle,Others,12.917197,77.643408
HSR Layout,2020,Grievous Injury,Hit pedestrian,Others,12.91637,77.635021
HSR Layout,2020,Simple Injury,Vehicle to Vehicle,Others,12.923858,77.647012
HSR Layout,2020,Grievous Injury,Vehicle to Vehicle,Others,12.923833,77.63985
HSR Layout,2020,Grievous Injury,Vehicle to Vehicle,Others,12.91655,77.673611
HSR Layout,2020,Fatal,Not Applicable,Others,12.922866,77.647851
HSR Layout,2020,Grievous Injury,Hit pedestrian,Others,12.916199,77.638246
HSR Layout,2020,Fatal,Hit pedestrian,Others,12.911978,77.626118
HSR Layout,2020,Grievous Injury,Hit pedestrian,Others,12.918438,77.670792
HSR Layout,2020,Grievous Injury,Vehicle to Vehicle,Others,12.921064,77.638629
HSR Layout,2020,Simple Injury,Vehicle to Vehicle,Others,12.916389,77.629346
HSR Layout,2020,Grievous Injury,Hit bicyclist,Others,12.906843,77.696976
HSR Layout,2020,Fatal,Not Applicable,Others,12.922123,77.644933
HSR Layout,2020,Grievous Injury,Vehicle to Vehicle,Others,12.917599,77.641184
HSR Layout,2020,Damage Only,Not Applicable,Others,12.916449,77.632392
HSR Layout,2020,Grievous Injury,Hit pedestrian,Others,12.916305,77.635382
HSR Layout,2020,Grievous Injury,Vehicle to Vehicle,Others,12.909263,77.638482
HSR Layout,2020,Fatal,Not Applicable,Others,12.922874,77.658087
HSR Layout,2021,Fatal,Not Applicable,Others,12.917105,77.640527
HSR Layout,2021,Grievous Injury,Vehicle to Vehicle,Others,12.923794,77.654449
HSR Layout,2021,Grievous Injury,Not Applicable,Others,12.917513,77.623695
HSR Layout,2021,Grievous Injury,Hit bicyclist,Others,12.909668,77.702845
HSR Layout,2021,Simple Injury,Vehicle to Vehicle,Others,12.904552,77.702722
HSR Layout,2021,Fatal,Vehicle to Vehicle,Others,12.918958,77.651657
HSR Layout,2021,Grievous Injury,Vehicle to Vehicle,Others,12.910009,77.686353
HSR Layout,2021,Damage Only,Vehicle to Vehicle,Others,12.912995,77.632396
HSR Layout,2021,Grievous Injury,Vehicle to Vehicle,Others,12.912287,77.63805
HSR Layout,2021,Simple Injury,Vehicle to Vehicle,Others,12.924479,77.650708
HSR Layout,2021,Grievous Injury,Hit pedestrian,Others,12.924284,77.65159
HSR Layout,2021,Grievous Injury,Vehicle to Vehicle,Others,12.923801,77.639861
HSR Layout,2021,Fatal,Hit pedestrian,Others,12.907943,77.628617
HSR Layout,2021,Grievous Injury,Not Applicable,Others,12.915636,77.674696
HSR Layout,2021,Grievous Injury,Hit pedestrian,Residential Street,12.915066,77.644376
HSR Layout,2021,Grievous Injury,Not Applicable,Others,12.923274,77.641202
HSR Layout,2021,Fatal,Vehicle to Vehicle,Others,12.924057,77.652112
HSR Layout,2021,Grievous Injury,Hit pedestrian,Others,12.924319,77.650475
HSR Layout,2021,Simple Injury,Vehicle to Vehicle,Others,12.916388,77.633565
HSR Layout,2021,Grievous Injury,Hit pedestrian,Others,12.913851,77.677748
HSR Layout,2021,Simple Injury,Vehicle to Vehicle,Not Applicable,12.912405,77.641325
HSR Layout,2021,Grievous Injury,Hit pedestrian,Others,12.871281,77.660765
HSR Layout,2021,Grievous Injury,Vehicle to Vehicle,Others,12.90724,77.695572
HSR Layout,2021,Grievous Injury,Hit pedestrian,Others,12.912303,77.638125
HSR Layout,2021,Grievous Injury,Vehicle to Vehicle,Others,12.914362,77.62524
HSR Layout,2021,Grievous Injury,Not Applicable,Others,12.916008,77.638236
HSR Layout,2021,Grievous Injury,Vehicle to Vehicle,Others,12.924613,77.648652
HSR Layout,2021,Simple Injury,Vehicle to Vehicle,Others,12.923738,77.655148
HSR Layout,2021,Fatal,Not Applicable,Others,12.922179,77.659708
HSR Layout,2021,Simple Injury,Vehicle to Vehicle,Others,12.922112,77.660534
HSR Layout,2021,Fatal,Vehicle to Vehicle,Not Applicable,12.923724,77.640372
HSR Layout,2021,Grievous Injury,Hit pedestrian,Others,12.91669,77.634966
HSR Layout,2021,Grievous Injury,Hit pedestrian,Residential Street,12.909754,77.638037
HSR Layout,2021,Simple Injury,Vehicle to Vehicle,Others,12.9222,77.668544
HSR Layout,2021,Grievous Injury,Vehicle to Vehicle,Others,12.911683,77.644628
HSR Layout,2021,Fatal,Vehicle to Vehicle,Others,12.912442,77.680954
HSR Layout,2021,Fatal,Vehicle to Vehicle,Others,12.92384,77.647046
HSR Layout,2021,Fatal,Vehicle to Vehicle,Service Road,12.924816,77.651916
HSR Layout,2021,Fatal,Vehicle to Vehicle,Others,12.904123,77.650703
HSR Layout,2021,Grievous Injury,Not Applicable,Others,12.903831,77.662073
HSR Layout,2021,Fatal,Vehicle to Vehicle,Residential Street,12.917221,77.672792
HSR Layout,2021,Grievous Injury,Vehicle to Vehicle,Others,12.913548,77.678758
HSR Layout,2021,Fatal,Vehicle to Vehicle,Two way,12.92099,77.665623
HSR Layout,2021,Fatal,Not Applicable,Others,12.923664,77.65422
HSR Layout,2021,Grievous Injury,Vehicle to Vehicle,Others,12.92208,77.659379
HSR Layout,2021,Grievous Injury,Vehicle to Vehicle,Others,12.920871,77.638432
HSR Layout,2021,Fatal,Hit pedestrian,NH,12.909006,77.627888
HSR Layout,2021,Grievous Injury,Vehicle to Vehicle,One way,12.91299,77.679783
HSR Layout,2021,Grievous Injury,Vehicle to Vehicle,Others,12.912301,77.638034
HSR Layout,2021,Grievous Injury,Vehicle to Vehicle,Others,12.916457,77.632532
HSR Layout,2021,Grievous Injury,Vehicle to Vehicle,Others,12.925274,77.644925
HSR Layout,2021,Grievous Injury,Vehicle to Vehicle,Others,12.915926,77.638229
HSR Layout,2021,Grievous Injury,Vehicle to Vehicle,Others,12.923859,77.65328
HSR Layout,2021,Grievous Injury,Not Applicable,Two way,12.917498,77.641163
HSR Layout,2022,Grievous Injury,Hit pedestrian,Two way,12.912271,77.641764
HSR Layout,2022,Grievous Injury,Vehicle to Vehicle,Others,12.912484,77.651823
HSR Layout,2022,Grievous Injury,Vehicle to Vehicle,Others,12.9243838,77.6949457
HSR Layout,2022,Grievous Injury,Vehicle to Vehicle,Others,12.924176,77.651895
HSR Layout,2022,Fatal,Vehicle to Vehicle,Others,12.920621,77.665094
HSR Layout,2022,Fatal,Vehicle to Vehicle,Others,12.9028927,77.6757602
HSR Layout,2022,Grievous Injury,Vehicle to Vehicle,Others,12.911043,77.683852
HSR Layout,2022,Grievous Injury,Hit pedestrian,Service Road,12.907449,77.628881
HSR Layout,2022,Grievous Injury,Hit pedestrian,Others,12.911703,77.682021
HSR Layout,2022,Grievous Injury,Hit pedestrian,Others,12.925869,77.676244
HSR Layout,2022,Grievous Injury,Vehicle to Vehicle,Two way,12.89985,77.667813
HSR Layout,2022,Grievous Injury,Hit pedestrian,Others,12.906416,77.69832
HSR Layout,2022,Grievous Injury,Vehicle to Vehicle,Others,12.909088,77.676388
HSR Layout,2022,Simple Injury,Vehicle to Vehicle,Two way,12.901176,77.675588
HSR Layout,2022,Grievous Injury,Vehicle to Vehicle,Others,12.9236871,77.6544205
HSR Layout,2022,Grievous Injury,Not Applicable,Others,12.9160684,77.6384312
HSR Layout,2022,Grievous Injury,Vehicle to Vehicle,Two way,12.90925,77.640959
HSR Layout,2022,Damage Only,Vehicle to Vehicle,Others,12.9249567,77.6742904
HSR Layout,2022,Fatal,Not Applicable,Others,12.9167354,77.6289191
HSR Layout,2022,Grievous Injury,Vehicle to Vehicle,Others,12.92086,77.665206
HSR Layout,2022,Simple Injury,Hit pedestrian,Service Road,12.9079742,77.6286113
HSR Layout,2022,Grievous Injury,Vehicle to Vehicle,Two way,12.922874,77.670046
HSR Layout,2022,Grievous Injury,Hit pedestrian,Two way,12.91122,77.683042
HSR Layout,2022,Simple Injury,Vehicle to Vehicle,Others,12.906447,77.698039
HSR Layout,2022,Fatal,Vehicle to Vehicle,Others,12.91962,77.643335
HSR Layout,2022,Grievous Injury,Vehicle to Vehicle,Others,12.910763,77.684388
HSR Layout,2022,Grievous Injury,Hit pedestrian,Service Road,12.92743,77.679964
HSR Layout,2022,Fatal,Not Applicable,Others,12.9108311,77.6324579
HSR Layout,2022,Fatal,Vehicle to Vehicle,Others,12.921014,77.663262
HSR Layout,2022,Grievous Injury,Vehicle to Vehicle,One way,12.917585,77.62501
HSR Layout,2022,Grievous Injury,Vehicle to Vehicle,Others,12.923515,77.646747
HSR Layout,2022,Grievous Injury,Hit pedestrian,Others,12.9175566,77.6249732
HSR Layout,2022,Grievous Injury,Hit pedestrian,Others,12.904479,77.650861
HSR Layout,2022,Grievous Injury,Vehicle to Vehicle,Others,12.916464,77.669819
HSR Layout,2022,Grievous Injury,Not Applicable,Others,12.921137,77.663441
HSR Layout,2022,Fatal,Vehicle to Vehicle,One way,12.916481,77.639885
HSR Layout,2022,Grievous Injury,Vehicle to Vehicle,Two way,12.919926,77.649249
HSR Layout,2022,Grievous Injury,Vehicle to Vehicle,Others,12.924044,77.653846
HSR Layout,2022,Fatal,Vehicle to Vehicle,Others,12.885931,77.696631
HSR Layout,2022,Grievous Injury,Vehicle to Vehicle,Others,12.906467,77.697786
HSR Layout,2022,Grievous Injury,Hit pedestrian,Service Road,12.907442,77.628887
HSR Layout,2022,Fatal,Hit pedestrian,Others,12.916388,77.674534
HSR Layout,2022,Grievous Injury,Vehicle to Vehicle,Others,12.9159,77.647599
HSR Layout,2022,Grievous Injury,Not Applicable,Two way,12.91029,77.700155
HSR Layout,2022,Grievous Injury,Hit pedestrian,Two way,12.914103,77.700299
HSR Layout,2022,Grievous Injury,Hit pedestrian,Others,12.903085,77.66142
HSR Layout,2022,Grievous Injury,Hit pedestrian,Others,12.923929,77.647517
HSR Layout,2022,Grievous Injury,Vehicle to Vehicle,Others,12.924568,77.649797
HSR Layout,2022,Fatal,Vehicle to Vehicle,Two way,12.908876,77.637513
HSR Layout,2022,Fatal,Not Applicable,Not Applicable,12.912028,77.645571
HSR Layout,2022,Grievous Injury,Not Applicable,Others,12.906496,77.697943
HSR Layout,2022,Grievous Injury,Vehicle to Vehicle,One way,12.922291,77.668499
HSR Layout,2022,Grievous Injury,Vehicle to Vehicle,Two way,12.911049,77.683617
HSR Layout,2022,Simple Injury,Vehicle to Vehicle,Others,12.924401,77.648874
HSR Layout,2022,Grievous Injury,Vehicle to Vehicle,Others,12.903481,77.703955
HSR Layout,2022,Grievous Injury,Hit pedestrian,One way,12.906194,77.699047
HSR Layout,2022,Fatal,Vehicle to Vehicle,Others,12.9051114,77.6489569
HSR Layout,2023,Fatal,Hit pedestrian,Others,12.909302,77.649284
HSR Layout,2023,Grievous Injury,Vehicle to Vehicle,Two way,12.914263,77.648994
HSR Layout,2023,Grievous Injury,Vehicle to Vehicle,Two way,12.907644,77.651637
HSR Layout,2023,Damage Only,Vehicle to Vehicle,Others,12.906905,77.696118
HSR Layout,2023,Fatal,Vehicle to Vehicle,Two way,12.906545,77.644443
HSR Layout,2023,Grievous Injury,Hit pedestrian,Others,12.924493,77.645687
HSR Layout,2023,Fatal,Not Applicable,Others,12.918924,77.638452
HSR Layout,2023,Grievous Injury,Vehicle to Vehicle,State Highway,12.916204,77.63673
HSR Layout,2023,Grievous Injury,Not Applicable,Others,12.917618,77.640883
HSR Layout,2023,Grievous Injury,Hit pedestrian,Others,12.9255,77.669899
HSR Layout,2023,Grievous Injury,Hit pedestrian,Others,12.901798,77.650613
HSR Layout,2023,Grievous Injury,Vehicle to Vehicle,One way,12.924431,77.645395
HSR Layout,2023,Grievous Injury,Not Applicable,Service Road,12.915412,77.624037
HSR Layout,2023,Fatal,Vehicle to Vehicle,Service Road,12.920355,77.643655
HSR Layout,2023,Fatal,Vehicle to Vehicle,Service Road,12.917634,77.641401
HSR Layout,2023,Fatal,Hit pedestrian,Others,12.923139,77.64621
HSR Layout,2023,Grievous Injury,Vehicle to Vehicle,Sub Arterial,12.913664,77.644677
HSR Layout,2023,Grievous Injury,Vehicle to Vehicle,Others,12.910768,77.644357
HSR Layout,2023,Grievous Injury,Vehicle to Vehicle,Others,12.920072,77.696462
HSR Layout,2023,Grievous Injury,Vehicle to Vehicle,Others,12.912277,77.639931
HSR Layout,2023,Grievous Injury,Vehicle to Vehicle,Others,12.909833,77.64072
HSR Layout,2023,Fatal,Not Applicable,Others,12.916316,77.63397
HSR Layout,2023,Grievous Injury,Not Applicable,Service Road,12.914012,77.624839
HSR Layout,2023,Simple Injury,Vehicle to Vehicle,Others,12.907765,77.644265
HSR Layout,2023,Grievous Injury,Hit pedestrian,Residential Street,12.905048,77.643248
HSR Layout,2023,Grievous Injury,Vehicle to Vehicle,Minor District Road,12.911902,77.649464
HSR Layout,2023,Grievous Injury,Vehicle to Vehicle,Others,12.921072,77.665231
HSR Layout,2023,Fatal,Vehicle to Vehicle,Others,12.914055,77.651263
HSR Layout,2023,Grievous Injury,Not Applicable,Others,12.919656,77.643028
HSR Layout,2023,Grievous Injury,Vehicle to Vehicle,Residential Street,12.912253,77.639946
HSR Layout,2023,Grievous Injury,Not Applicable,Minor District Road,12.91624,77.635299
HSR Layout,2023,Grievous Injury,Vehicle to Vehicle,Others,12.919801,77.654117
HSR Layout,2023,Damage Only,Vehicle to Vehicle,Two way,12.891449,77.673498
HSR Layout,2023,Grievous Injury,Vehicle to Vehicle,Service Road,12.91752,77.640907
HSR Layout,2023,Grievous Injury,Hit pedestrian,State Highway,12.919847,77.642982
HSR Layout,2023,Simple Injury,Vehicle to Vehicle,Two way,12.910056,77.627876
HSR Layout,2023,Fatal,Not Applicable,Others,12.916199,77.637202
HSR Layout,2023,Fatal,Hit pedestrian,Others,12.913238,77.69849
HSR Layout,2023,Fatal,Not Applicable,Others,12.92348,77.646612
HSR Layout,2023,Fatal,Vehicle to Vehicle,Two way,12.910441,77.649166
HSR Layout,2023,Grievous Injury,Vehicle to Vehicle,Two way,12.912101,77.632436
HSR Layout,2023,Grievous Injury,Vehicle to Vehicle,Others,12.90843,77.632606
HSR Layout,2023,Damage Only,Vehicle to Vehicle,Two way,12.919485,77.649965
HSR Layout,2023,Grievous Injury,Hit bicyclist,Others,12.92455,77.645399
HSR Layout,2023,Fatal,Vehicle to Vehicle,Others,12.91501,77.649102
HSR Layout,2023,Grievous Injury,Vehicle to Vehicle,Others,12.919748,77.643174
HSR Layout,2023,Grievous Injury,Vehicle to Vehicle,Residential Street,12.914829,77.648943
HSR Layout,2023,Grievous Injury,Vehicle to Vehicle,Others,12.905805,77.69897
HSR Layout,2023,Fatal,Not Applicable,Others,12.913377,77.651819
Hulimavu,2016,Damage Only,Others,City or Town Road,12.900772,77.5858
Hulimavu,2016,Simple Injury,Hit and Run,City or Town Road,12.901685,77.586
Hulimavu,2017,Fatal,Hit pedestrian,City or Town Road,12.905104,77.595895
Hulimavu,2018,Fatal,Hit pedestrian,NH,12.88288,77.647816
Hulimavu,2018,Simple Injury,Hit pedestrian,City or Town Road,12.879622,77.624538
Hulimavu,2018,Grievous Injury,Hit and Run,City or Town Road,12.875975,77.616997
Hulimavu,2018,Grievous Injury,Rear end,City or Town Road,12.858124,77.588978
Hulimavu,2018,Simple Injury,Head on,City or Town Road,12.843651,77.588133
Hulimavu,2018,Grievous Injury,Hit and Run,City or Town Road,12.841579,77.588478
Hulimavu,2018,Simple Injury,Hit and Run,City or Town Road,12.890175,77.635205
Hulimavu,2018,Simple Injury,Rear end,NH,12.881771,77.644465
Hulimavu,2018,Damage Only,Rear end,NH,12.884345,77.642784
Hulimavu,2018,Simple Injury,Hit pedestrian,NH,12.889136,77.63991
Hulimavu,2018,Fatal,Rear end,City or Town Road,12.858454,77.589065
Hulimavu,2018,Fatal,Rear end,Service Road,12.886605,77.641664
Hulimavu,2018,Fatal,Rear end,City or Town Road,12.863824,77.591082
Hulimavu,2018,Simple Injury,Head on,City or Town Road,12.878794,77.609718
Hulimavu,2018,Simple Injury,Rear end,City or Town Road,12.865951,77.591839
Hulimavu,2018,Simple Injury,Rear end,City or Town Road,12.842775,77.588296
Hulimavu,2018,Simple Injury,Head on,City or Town Road,12.8778,77.627516
Hulimavu,2018,Grievous Injury,Hit and Run,City or Town Road,12.867023,77.592328
Hulimavu,2018,Simple Injury,Hit pedestrian,Others,12.883206,77.608383
Hulimavu,2019,Grievous Injury,Head on,City or Town Road,12.87812,77.6298
Hulimavu,2019,Damage Only,Not Applicable,Others,12.87082,77.61627
Hulimavu,2019,Grievous Injury,Hit bicyclist,Not Applicable,12.8756084538293,77.6261024549603
Hulimavu,2019,Damage Only,Vehicle to Vehicle,Others,12.8623,77.5905
Hulimavu,2019,Simple Injury,Hit parked vehicle,City or Town Road,12.86737,77.61921
Hulimavu,2019,Damage Only,Vehicle to Vehicle,Two way,12.8489,77.5882
Hulimavu,2019,Simple Injury,Hit pedestrian,Service Road,12.88506,77.64263
Hulimavu,2019,Grievous Injury,Not Applicable,Others,12.850724,77.591194
Hulimavu,2019,Simple Injury,Vehicle to Vehicle,Others,12.8833,77.6248
Hulimavu,2019,Simple Injury,Vehicle to Vehicle,Others,12.8533,77.5969
Hulimavu,2019,Grievous Injury,Vehicle to Vehicle,Others,12.88326,77.6247
Hulimavu,2020,Fatal,Vehicle to Vehicle,Others,12.88653,77.61044
Hulimavu,2020,Fatal,Not Applicable,Others,12.87394,77.64178
Hulimavu,2020,Damage Only,Vehicle to Vehicle,Others,12.879446,77.619629
Hulimavu,2020,Fatal,Not Applicable,Others,12.877756,77.627039
Hulimavu,2020,Simple Injury,Hit bicyclist,Others,12.885,77.5964
Hulimavu,2021,Grievous Injury,Hit pedestrian,NH,12.885365,77.6417685
Hulimavu,2022,Damage Only,Vehicle to Vehicle,Expressway,12.849892,77.58892
Hulimavu,2022,Grievous Injury,Vehicle to Vehicle,Others,12.8872138,77.5983456
Hulimavu,2023,Damage Only,Vehicle to Vehicle,Major District Road,12.867043,77.620473
Hulimavu,2023,Damage Only,Vehicle to Vehicle,State Highway,12.858709,77.599578
Hulimavu,2023,Grievous Injury,Vehicle to Vehicle,Expressway,12.854011,77.604986
Hulimavu,2023,Grievous Injury,Vehicle to Vehicle,State Highway,12.858165,77.588903
Hulimavu,2023,Grievous Injury,Vehicle to Vehicle,State Highway,12.871061,77.593621
Hulimavu,2023,Fatal,Hit pedestrian,State Highway,12.845495,77.587539
Hulimavu,2023,Grievous Injury,Vehicle to Vehicle,Others,12.841197,77.592353
Hulimavu,2023,Grievous Injury,Vehicle to Vehicle,State Highway,12.863037,77.591419
Hulimavu,2023,Simple Injury,Vehicle to Vehicle,Others,12.874702,77.648525
Hulimavu,2023,Simple Injury,Vehicle to Vehicle,State Highway,12.854335,77.588587
Hulimavu,2023,Damage Only,Vehicle to Vehicle,State Highway,12.855088,77.588697
Hulimavu,2023,Grievous Injury,Vehicle to Vehicle,Arterial,12.841406,77.5911
Hulimavu,2023,Grievous Injury,Vehicle to Vehicle,State Highway,12.884154,77.596172
Hulimavu,2023,Fatal,Vehicle to Vehicle,State Highway,12.875798,77.595241
Hulimavu,2023,Grievous Injury,Vehicle to Vehicle,State Highway,12.866039,77.591905
Hulimavu,2023,Grievous Injury,Hit pedestrian,Others,12.877764,77.625558
Hulimavu,2023,Grievous Injury,Vehicle to Vehicle,Expressway,12.854601,77.60723
Hulimavu,2023,Fatal,Not Applicable,State Highway,12.859847,77.590067
Hulimavu,2023,Fatal,Vehicle to Vehicle,Expressway,12.824156,77.602593
Hulimavu,2023,Damage Only,Vehicle to Vehicle,Others,12.880685,77.599976
Hulimavu,2023,Grievous Injury,Not Applicable,Others,12.854314,77.599608
Hulimavu,2023,Fatal,Vehicle to Vehicle,Others,12.893639,77.637205
Hulimavu,2023,Fatal,Not Applicable,NH,12.882784,77.644219
Hulimavu,2023,Grievous Injury,Vehicle to Vehicle,Others,12.884761,77.602427
Hulimavu,2023,Grievous Injury,Vehicle to Vehicle,Sub Arterial,12.878115,77.625166
Hulimavu,2023,Grievous Injury,Vehicle to Vehicle,NH,12.890889,77.63835
Hulimavu,2023,Grievous Injury,Vehicle to Vehicle,State Highway,12.865568,77.591851
Hulimavu,2023,Grievous Injury,Vehicle to Vehicle,Expressway,12.853117,77.594814
Hulimavu,2023,Grievous Injury,Vehicle to Vehicle,NH,12.888916,77.640079
Hulimavu,2023,Fatal,Vehicle to Vehicle,NH,12.887481,77.641095
Hulimavu,2023,Simple Injury,Hit pedestrian,Expressway,12.853505,77.596965
Hulimavu,2023,Grievous Injury,Vehicle to Vehicle,Others,12.872775,77.6247
Hulimavu,2023,Grievous Injury,Vehicle to Vehicle,Others,12.86379,77.622833
Hulimavu,2023,Grievous Injury,Vehicle to Vehicle,NH,12.885524,77.641748
Hulimavu,2023,Simple Injury,Vehicle to Vehicle,Others,12.88087,77.617372
Hulimavu,2023,Simple Injury,Vehicle to Vehicle,NH,12.890398,77.63824
Hulimavu,2023,Fatal,Hit pedestrian,Others,12.884237,77.596201
Hulimavu,2023,Simple Injury,Hit pedestrian,Others,12.85573,77.589952
Jalahalli,2016,Simple Injury,Head on,Arterial,13.03,77.313
Jalahalli,2016,Fatal,Head on,Arterial,13.0237,77.3342
Jalahalli,2016,Fatal,Rear end,City or Town Road,13.0449,77.3008
Jalahalli,2016,Simple Injury,Rear end,City or Town Road,13.0238,77.3332
Jalahalli,2016,Simple Injury,Others,City or Town Road,13.0258,77.3313
Jalahalli,2016,Damage Only,Rear end,Arterial,13.0244,77.3323
Jalahalli,2016,Damage Only,Head on,Sub Arterial,13.0349,77.3026
Jalahalli,2016,Simple Injury,Hit pedestrian,City or Town Road,13.0256,77.33
Jalahalli,2016,Damage Only,Rear end,City or Town Road,13.0222,77.3235
Jalahalli,2017,Simple Injury,Head on,Arterial,13.0237,77.3312
Jalahalli,2017,Simple Injury,Head on,Sub Arterial,13.115487,77.48623
Jalahalli,2017,Simple Injury,Hit pedestrian,Arterial,13.086744,77.496082
Jalahalli,2017,Simple Injury,Head on,Arterial,13.050659,77.542676
Jalahalli,2017,Simple Injury,Head on,Sub Arterial,13.054568,77.54144
Jalahalli,2017,Simple Injury,Rear end,Arterial,13.052388,77.529403
Jalahalli,2017,Simple Injury,Head on,Arterial,13.0244,77.3323
Jalahalli,2017,Simple Injury,Right Turn Collision,Arterial,13.0519,77.551963
Jalahalli,2017,Simple Injury,Hit pedestrian,Residential Street,13.064412,77.508734
Jalahalli,2017,Simple Injury,Rear end,Arterial,13.0414,77.3014
Jalahalli,2017,Fatal,Head on,Arterial,13.0307,77.3144
Jalahalli,2017,Simple Injury,Head on,Sub Arterial,13.083511,77.492446
Jalahalli,2017,Damage Only,Rear end,Arterial,13.049196,77.523952
Jalahalli,2017,Simple Injury,Right Turn Collision,Arterial,13.043212,77.561224
Jalahalli,2017,Simple Injury,Hit pedestrian,Arterial,13.042609,77.550084
Jalahalli,2017,Damage Only,Hit fixed object,Arterial,13.0222,77.3235
Jalahalli,2017,Damage Only,Rear end,Arterial,13.044273,77.553395
Jalahalli,2017,Simple Injury,Rear end,Arterial,13.0316,77.3157
Jalahalli,2017,Grievous Injury,Head on,Arterial,13.043,77.306
Jalahalli,2017,Damage Only,Head on,Arterial,13.051558,77.552058
Jalahalli,2017,Damage Only,Rear end,Arterial,13.04273,77.550598
Jalahalli,2017,Simple Injury,Right Turn Collision,Arterial,13.0349,77.3238
Jalahalli,2017,Simple Injury,Right Turn Collision,Arterial,13.048843,77.550047
Jalahalli,2017,Simple Injury,Rear end,Sub Arterial,13.063238,77.535252
Jalahalli,2017,Simple Injury,Hit pedestrian,Sub Arterial,13.060609,77.54413
Jalahalli,2017,Simple Injury,Rear end,Arterial,13.043387,77.557287
Jalahalli,2017,Simple Injury,Skidding or Self accident,Arterial,13.112915,77.502556
Jalahalli,2017,Simple Injury,Head on,Arterial,13.0323,77.3249
Jalahalli,2017,Simple Injury,Head on,Arterial,13.045468,77.300079
Jalahalli,2017,Simple Injury,Head on,Sub Arterial,13.036972,77.5363
Jalahalli,2017,Simple Injury,Skidding or Self accident,Arterial,13.049233,77.543221
Jalahalli,2017,Simple Injury,Rear end,Arterial,13.038161,77.537675
Jalahalli,2017,Simple Injury,Hit pedestrian,Sub Arterial,13.041237,77.539009
Jalahalli,2017,Simple Injury,Rear end,Sub Arterial,13.054312,77.541161
Jalahalli,2017,Simple Injury,Right Turn Collision,Sub Arterial,13.0356,77.3168
Jalahalli,2017,Simple Injury,Head on,Arterial,13.080728,77.502725
Jalahalli,2017,Simple Injury,Hit pedestrian,Arterial,13.0449,77.3008
Jalahalli,2017,Simple Injury,Others,Arterial,13.04951,77.554942
Jalahalli,2017,Simple Injury,Hit parked vehicle,Sub Arterial,13.0462,77.5559
Jalahalli,2017,Simple Injury,Head on,Arterial,13.076724,77.517257
Jalahalli,2017,Damage Only,Hit and Run,Arterial,13.068625,77.52746
Jalahalli,2017,Simple Injury,Hit pedestrian,Arterial,13.060637,77.533892
Jalahalli,2017,Simple Injury,Head on,Arterial,13.054589,77.548993
Jalahalli,2017,Simple Injury,Others,Arterial,13.042895,77.55074
Jalahalli,2017,Simple Injury,Head on,Arterial,13.0449,77.3008
Jalahalli,2017,Simple Injury,Rear end,Arterial,13.0237,77.334
Jalahalli,2017,Simple Injury,Hit pedestrian,Arterial,13.072489,77.523488
Jalahalli,2017,Simple Injury,Hit pedestrian,Arterial,13.042903,77.550918
Jalahalli,2017,Damage Only,Rear end,Arterial,13.043659,77.556718
Jalahalli,2017,Damage Only,Head on,Arterial,13.053424,77.556814
Jalahalli,2017,Simple Injury,Rear end,Arterial,13.0229,77.3325
Jalahalli,2017,Damage Only,Rear end,Arterial,13.0317,77.3207
Jalahalli,2017,Simple Injury,Head on,Arterial,13.06844,77.530236
Jalahalli,2017,Simple Injury,Rear end,Arterial,13.070675,77.529752
Jalahalli,2017,Simple Injury,Head on,Sub Arterial,13.110382,77.527896
Jalahalli,2017,Simple Injury,Head on,Arterial,13.076317,77.503803
Jalahalli,2017,Simple Injury,Side impact or Right angle,Arterial,13.043816,77.561221
Jalahalli,2017,Simple Injury,Rear end,Arterial,13.070915,77.503905
Jalahalli,2017,Simple Injury,Rear end,Sub Arterial,13.037737,77.536941
Jalahalli,2017,Simple Injury,Rear end,Arterial,13.043975,77.555591
Jalahalli,2017,Simple Injury,Hit pedestrian,Arterial,13.055822,77.532989
Jalahalli,2017,Damage Only,Rear end,Arterial,13.044259,77.554947
Jalahalli,2017,Fatal,Hit and Run,Arterial,13.05436,77.53118
Jalahalli,2017,Simple Injury,Head on,Arterial,13.139274,77.456309
Jalahalli,2017,Simple Injury,Others,Sub Arterial,13.0463,77.522498
Jalahalli,2017,Damage Only,Hit fixed object,Arterial,13.042259,77.548688
Jalahalli,2017,Simple Injury,Head on,Sub Arterial,13.054841,77.533481
Jalahalli,2017,Simple Injury,Rear end,Arterial,13.0324,77.3248
Jalahalli,2017,Simple Injury,Hit and Run,Arterial,13.0311,77.3303
Jalahalli,2017,Damage Only,Hit fixed object,Sub Arterial,13.063136,77.530679
Jalahalli,2017,Simple Injury,Hit pedestrian,Sub Arterial,13.07131,77.526594
Jalahalli,2017,Fatal,Hit pedestrian,Sub Arterial,13.0588798,77.531888
Jalahalli,2017,Fatal,Head on,Sub Arterial,13.0356,77.3168
Jalahalli,2017,Damage Only,Rear end,Arterial,13.0222,77.3235
Jalahalli,2017,Damage Only,Rear end,Arterial,13.023,77.3279
Jalahalli,2017,Simple Injury,Head on,Arterial,13.0414,77.3146
Jalahalli,2017,Damage Only,Rear end,Arterial,13.0258,77.3313
Jalahalli,2017,Simple Injury,Head on,Arterial,13.0356,77.3168
Jalahalli,2017,Simple Injury,Hit pedestrian,Village Road,13.061217,77.532602
Jalahalli,2017,Simple Injury,Rear end,Arterial,13.080853,77.501893
Jalahalli,2017,Simple Injury,Rear end,Arterial,13.041739,77.54719
Jalahalli,2017,Simple Injury,Hit pedestrian,Sub Arterial,13.06046,77.544161
Jalahalli,2017,Simple Injury,Hit pedestrian,Arterial,13.084175,77.486444
Jalahalli,2017,Simple Injury,Head on,Arterial,13.04149,77.54685
Jalahalli,2017,Damage Only,Rear end,Arterial,13.041763,77.547241
Jalahalli,2017,Simple Injury,Rear end,Arterial,13.0222,77.3235
Jalahalli,2017,Simple Injury,Head on,Arterial,13.0414,77.3146
Jalahalli,2017,Fatal,Side impact or Right angle,Arterial,13.043662,77.553484
Jalahalli,2017,Simple Injury,Head on,Arterial,13.030689,77.33063
Jalahalli,2017,Simple Injury,Head on,Arterial,13.04017,77.53856
Jalahalli,2017,Damage Only,Side impact or Right angle,Arterial,13.045206,77.547941
Jalahalli,2017,Simple Injury,Rear end,Sub Arterial,13.061356,77.537034
Jalahalli,2018,Simple Injury,Rear end,Arterial,13.050862,77.526423
Jalahalli,2018,Simple Injury,Head on,Sub Arterial,13.045627,77.552028
Jalahalli,2018,Simple Injury,Head on,Arterial,13.050203,77.525573
Jalahalli,2018,Simple Injury,Head on,Sub Arterial,13.058407,77.55913
Jalahalli,2018,Simple Injury,Hit pedestrian,Sub Arterial,13.1332308,77.4844976
Jalahalli,2018,Simple Injury,Head on,Sub Arterial,13.138232,77.453532
Jalahalli,2018,Simple Injury,Right Turn Collision,Arterial,13.053295,77.550909
Jalahalli,2018,Simple Injury,Head on,Sub Arterial,13.061273,77.5371
Jalahalli,2018,Damage Only,Rear end,Sub Arterial,13.046289,77.555881
Jalahalli,2018,Damage Only,Rear end,Arterial,13.040704,77.557237
Jalahalli,2018,Simple Injury,Side impact or Right angle,Arterial,13.081171,77.50118
Jalahalli,2018,Simple Injury,Head on,Arterial,13.054662,77.549084
Jalahalli,2018,Simple Injury,Skidding or Self accident,Arterial,13.105018,77.474768
Jalahalli,2018,Simple Injury,Head on,Arterial,13.041711,77.547049
Jalahalli,2018,Fatal,Head on,Sub Arterial,13.142915,77.501956
Jalahalli,2018,Damage Only,Rear end,Arterial,13.051927,77.552099
Jalahalli,2018,Simple Injury,Hit fixed object,Arterial,13.042915,77.561533
Jalahalli,2018,Simple Injury,Hit fixed object,Sub Arterial,13.08859,77.487876
Jalahalli,2018,Simple Injury,Hit pedestrian,Sub Arterial,13.045583,77.556569
Jalahalli,2018,Simple Injury,Skidding or Self accident,Arterial,13.131788,77.477269
Jalahalli,2018,Damage Only,Head on,Arterial,13.044066,77.561611
Jalahalli,2018,Simple Injury,Rear end,Arterial,13.043986,77.554139
Jalahalli,2018,Simple Injury,Head on,Arterial,13.10845,77.483566
Jalahalli,2018,Fatal,Skidding or Self accident,Sub Arterial,13.101425,77.530458
Jalahalli,2018,Fatal,Head on,Arterial,13.118569,77.48386
Jalahalli,2018,Simple Injury,Rear end,Arterial,13.05673,77.54672
Jalahalli,2018,Simple Injury,Rear end,Arterial,13.040632,77.557258
Jalahalli,2018,Simple Injury,Others,Arterial,13.119106,77.484148
Jalahalli,2018,Simple Injury,Hit pedestrian,Sub Arterial,13.051453,77.537246
Jalahalli,2018,Simple Injury,Hit pedestrian,Sub Arterial,13.050117,77.539571
Jalahalli,2018,Simple Injury,Hit pedestrian,Sub Arterial,13.3063656,77.530602
Jalahalli,2018,Simple Injury,Hit pedestrian,Sub Arterial,13.077804,77.497457
Jalahalli,2018,Simple Injury,Rear end,Sub Arterial,13.045905,77.549358
Jalahalli,2018,Simple Injury,Head on,Arterial,13.05142,77.552225
Jalahalli,2018,Simple Injury,Skidding or Self accident,Sub Arterial,13.043267,77.561306
Jalahalli,2018,Damage Only,Rear end,Arterial,13.0517574,77.551996
Jalahalli,2018,Simple Injury,Rear end,Arterial,13.055674,77.547904
Jalahalli,2018,Simple Injury,Hit pedestrian,Sub Arterial,13.0792,77.506538
Jalahalli,2018,Simple Injury,Rear end,Arterial,13.043542,77.559165
Jalahalli,2018,Simple Injury,Hit pedestrian,Others,13.070825,77.53922
Jalahalli,2018,Simple Injury,Hit and Run,Sub Arterial,13.065135,77.53056
Jalahalli,2018,Simple Injury,Rear end,Arterial,13.042118,77.548486
Jalahalli,2018,Simple Injury,Skidding or Self accident,Arterial,13.046247,77.555955
Jalahalli,2018,Damage Only,Rear end,Service Road,13.043772,77.558731
Jalahalli,2018,Simple Injury,Skidding or Self accident,Sub Arterial,13.144459,77.480284
Jalahalli,2018,Damage Only,Hit parked vehicle,Sub Arterial,13.06031,77.531387
Jalahalli,2018,Simple Injury,Rear end,Sub Arterial,13.105524,77.528625
Jalahalli,2018,Grievous Injury,Head on,Sub Arterial,13.049088,77.53582
Jalahalli,2018,Damage Only,Hit fixed object,Arterial,13.114718,77.4825
Jalahalli,2018,Simple Injury,Right Turn Collision,Sub Arterial,13.049585,77.553782
Jalahalli,2018,Simple Injury,Head on,Arterial,13.043548,77.560711
Jalahalli,2018,Simple Injury,Side impact or Right angle,Arterial,13.048603,77.55016
Jalahalli,2018,Simple Injury,Hit pedestrian,Sub Arterial,13.058263,77.539969
Jalahalli,2018,Simple Injury,Rear end,Sub Arterial,13.060394,77.537957
Jalahalli,2018,Simple Injury,Rear end,Arterial,13.067244,77.503485
Jalahalli,2018,Fatal,Rear end,Arterial,13.044179,77.562354
Jalahalli,2018,Simple Injury,Rear end,Arterial,13.046014,77.556123
Jalahalli,2018,Simple Injury,Skidding or Self accident,Sub Arterial,13.066255,77.519873
Jalahalli,2018,Simple Injury,Skidding or Self accident,Sub Arterial,13.071179,77.527637
Jalahalli,2018,Simple Injury,Hit pedestrian,Sub Arterial,13.057159,77.546523
Jalahalli,2018,Simple Injury,Rear end,Arterial,13.043941,77.557037
Jalahalli,2018,Simple Injury,Head on,Sub Arterial,13.051162,77.550692
Jalahalli,2018,Simple Injury,Side impact or Right angle,Arterial,13.049565,77.55381
Jalahalli,2018,Simple Injury,Side impact or Right angle,Arterial,13.055057,77.54303
Jalahalli,2018,Damage Only,Rear end,Sub Arterial,13.070291,77.528761
Jalahalli,2018,Simple Injury,Hit pedestrian,Arterial,13.050373,77.553203
Jalahalli,2018,Simple Injury,Head on,Arterial,13.118961,77.484316
Jalahalli,2018,Damage Only,Rear end,Arterial,13.070191,77.503845
Jalahalli,2018,Simple Injury,Rear end,Arterial,13.071204,77.503766
Jalahalli,2018,Simple Injury,Hit pedestrian,Sub Arterial,13.071338,77.506155
Jalahalli,2018,Damage Only,Rear end,Arterial,13.056679,77.546792
Jalahalli,2018,Simple Injury,Rear end,Sub Arterial,13.079786,77.510165
Jalahalli,2018,Simple Injury,Side impact or Right angle,Residential Street,13.045641,77.554011
Jalahalli,2018,Damage Only,Rear end,Sub Arterial,13.056737,77.546751
Jalahalli,2018,Damage Only,Side swipe,Arterial,13.043626,77.561201
Jalahalli,2018,Simple Injury,Rear end,Arterial,13.108036,77.482099
Jalahalli,2018,Simple Injury,Hit fixed object,Sub Arterial,13.129234,77.488078
Jalahalli,2018,Simple Injury,Side impact or Right angle,Sub Arterial,13.041908,77.548882
Jalahalli,2018,Simple Injury,Rear end,Arterial,13.043557,77.560807
Jalahalli,2018,Simple Injury,Hit pedestrian,Arterial,13.101277,77.480832
Jalahalli,2018,Simple Injury,Rear end,Sub Arterial,13.15295,77.473263
Jalahalli,2018,Simple Injury,Hit pedestrian,Sub Arterial,13.065796,77.542204
Jalahalli,2018,Simple Injury,Head on,Arterial,13.09772,77.484188
Jalahalli,2018,Simple Injury,Hit pedestrian,Arterial,13.072053,77.524595
Jalahalli,2018,Simple Injury,Hit pedestrian,Arterial,13.044656,77.562498
Jalahalli,2018,Simple Injury,Head on,Arterial,13.04792,77.557272
Jalahalli,2018,Simple Injury,Rear end,Arterial,13.070169,77.503855
Jalahalli,2018,Damage Only,Rear end,Arterial,13.041716,77.547324
Jalahalli,2018,Simple Injury,Rear end,Arterial,13.050356,77.553176
Jalahalli,2018,Simple Injury,Rear end,Arterial,13.042208,77.548884
Jalahalli,2018,Simple Injury,Rear end,Arterial,13.043007,77.551346
Jalahalli,2018,Simple Injury,Hit pedestrian,Arterial,13.077745,77.50268
Jalahalli,2018,Simple Injury,Head on,Sub Arterial,13.073623,77.529923
Jalahalli,2018,Simple Injury,Hit pedestrian,Sub Arterial,13.064844,77.508216
Jalahalli,2018,Grievous Injury,Head on,Arterial,13.043641,77.55697
Jalahalli,2018,Simple Injury,Head on,Arterial,13.080225,77.509081
Jalahalli,2018,Damage Only,Head on,Arterial,13.077971,77.502446
Jalahalli,2018,Simple Injury,Head on,Sub Arterial,13.058206,77.521829
Jalahalli,2018,Simple Injury,Right Turn Collision,Sub Arterial,13.066854,77.531806
Jalahalli,2018,Simple Injury,Hit pedestrian,Sub Arterial,13.049938,77.557509
Jalahalli,2018,Damage Only,Rear end,Arterial,13.043599,77.557089
Jalahalli,2018,Simple Injury,Hit bicyclist,City or Town Road,13.0781102,77.5022977
Jalahalli,2018,Grievous Injury,Side swipe,Arterial,13.084078,77.499352
Jalahalli,2018,Simple Injury,Head on,Sub Arterial,13.04926,77.543477
Jalahalli,2018,Simple Injury,Right Turn Collision,Sub Arterial,13.048627,77.546474
Jalahalli,2018,Simple Injury,Rear end,Sub Arterial,13.054541,77.53174
Jalahalli,2018,Simple Injury,Head on,Arterial,13.044681,77.562594
Jalahalli,2018,Simple Injury,Hit pedestrian,Arterial,13.054874,77.53471
Jalahalli,2018,Damage Only,Hit fixed object,Arterial,13.10455,77.478109
Jalahalli,2018,Simple Injury,Head on,Arterial,13.054755,77.549021
Jalahalli,2018,Simple Injury,Head on,Sub Arterial,13.047464,77.542343
Jalahalli,2018,Simple Injury,Hit parked vehicle,Sub Arterial,13.065509,77.533076
Jalahalli,2018,Simple Injury,Rear end,Arterial,13.044942,77.556736
Jalahalli,2018,Simple Injury,Head on,Sub Arterial,13.054553,77.531833
Jalahalli,2018,Simple Injury,Head on,Arterial,13.130295,77.484393
Jalahalli,2018,Fatal,Hit fixed object,Arterial,13.042493,77.557098
Jalahalli,2018,Simple Injury,Right Turn Collision,Sub Arterial,13.054811,77.541599
Jalahalli,2018,Damage Only,Hit fixed object,Arterial,13.043075,77.551231
Jalahalli,2018,Fatal,Head on,Sub Arterial,13.09062,77.50339
Jalahalli,2018,Simple Injury,Hit pedestrian,Sub Arterial,13.084069,77.499334
Jalahalli,2018,Damage Only,Rear end,Arterial,13.044504,77.562666
Jalahalli,2018,Damage Only,Rear end,Sub Arterial,13.049133,77.545082
Jalahalli,2018,Fatal,Side swipe,Arterial,13.087662,77.495256
Jalahalli,2018,Simple Injury,Rear end,Sub Arterial,13.053215,77.523858
Jalahalli,2018,Damage Only,Rear end,Arterial,13.055368,77.548342
Jalahalli,2018,Simple Injury,Head on,Arterial,13.053053,77.530259
Jalahalli,2018,Simple Injury,Hit pedestrian,Sub Arterial,13.114259,77.502121
Jalahalli,2018,Damage Only,Side swipe,Arterial,13.064983,77.544198
Jalahalli,2018,Damage Only,Rear end,Arterial,13.053118,77.550966
Jalahalli,2018,Simple Injury,Hit pedestrian,Sub Arterial,13.056922,77.548294
Jalahalli,2018,Simple Injury,Skidding or Self accident,Sub Arterial,13.121386,77.498181
Jalahalli,2018,Simple Injury,Side swipe,City or Town Road,13.13863,77.481095
Jalahalli,2018,Simple Injury,Head on,Arterial,13.136458,77.481378
Jalahalli,2018,Simple Injury,Rear end,Sub Arterial,13.081038,77.496242
Jalahalli,2018,Simple Injury,Side swipe,Sub Arterial,13.047357,77.549682
Jalahalli,2018,Simple Injury,Head on,Arterial,13.139128,77.47032
Jalahalli,2018,Simple Injury,Head on,Arterial,13.073306,77.50307
Jalahalli,2018,Simple Injury,Skidding or Self accident,Sub Arterial,13.079729,77.505462
Jalahalli,2018,Damage Only,Hit fixed object,Sub Arterial,13.051041,77.550656
Jalahalli,2018,Simple Injury,Head on,Sub Arterial,13.037187,77.535923
Jalahalli,2018,Damage Only,Head on,Sub Arterial,13.132967,77.48972
Jalahalli,2018,Simple Injury,Right Turn Collision,Sub Arterial,13.065335,77.530597
Jalahalli,2018,Simple Injury,Hit pedestrian,Sub Arterial,13.051512,77.552184
Jalahalli,2018,Simple Injury,Others,Arterial,13.049661,77.557561
Jalahalli,2018,Simple Injury,Head on,Arterial,13.11256,77.468139
Jalahalli,2018,Simple Injury,Rear end,Arterial,13.09331,77.489026
Jalahalli,2018,Fatal,Rear end,Arterial,13.125426,77.483631
Jalahalli,2018,Simple Injury,Head on,Sub Arterial,13.133354,77.489887
Jalahalli,2018,Simple Injury,Skidding or Self accident,Sub Arterial,13.153294,77.473056
Jalahalli,2018,Simple Injury,Head on,City or Town Road,13.101285,77.480808
Jalahalli,2018,Simple Injury,Hit fixed object,Arterial,13.131143,77.484345
Jalahalli,2018,Simple Injury,Head on,Sub Arterial,13.036913,77.535197
Jalahalli,2018,Fatal,Rear end,Arterial,13.068856,77.503582
Jalahalli,2018,Damage Only,Rear end,Sub Arterial,13.060682,77.544957
Jalahalli,2018,Damage Only,Hit and Run,Sub Arterial,13.04469,77.537894
Jalahalli,2018,Simple Injury,Hit pedestrian,Sub Arterial,13.064608,77.542656
Jalahalli,2018,Fatal,Others,Arterial,13.042011,77.562124
Jalahalli,2018,Simple Injury,Hit pedestrian,Arterial,13.093266,77.489083
Jalahalli,2019,Simple Injury,Rear end,Arterial,13.051336,77.552296
Jalahalli,2019,Simple Injury,Not Applicable,Sub Arterial,13.041865,77.539267
Jalahalli,2019,Fatal,Vehicle to Vehicle,Arterial,13.105672,77.475154
Jalahalli,2019,Simple Injury,Hit pedestrian,State Highway,13.130668,77.484412
Jalahalli,2019,Simple Injury,Hit pedestrian,Sub Arterial,13.105004,77.483917
Jalahalli,2019,Simple Injury,Vehicle to Vehicle,Arterial,13.044643,77.563009
Jalahalli,2019,Fatal,Hit pedestrian,Arterial,13.136621,77.48099
Jalahalli,2019,Simple Injury,Vehicle to Vehicle,Arterial,13.076772,77.50346
Jalahalli,2019,Simple Injury,Vehicle to Vehicle,Arterial,13.092145,77.49128
Jalahalli,2019,Damage Only,Hit fixed object,Sub Arterial,13.071733,77.525509
Jalahalli,2019,Damage Only,Side swipe,City or Town Road,13.141774,77.459007
Jalahalli,2019,Simple Injury,Side swipe,State Highway,13.140872,77.46218
Jalahalli,2019,Simple Injury,Head on,State Highway,13.097703,77.484176
Jalahalli,2019,Simple Injury,Head on,City or Town Road,13.143049,77.483587
Jalahalli,2019,Simple Injury,Side swipe,Sub Arterial,13.071974,77.530241
Jalahalli,2019,Simple Injury,Rear end,State Highway,13.141438,77.463008
Jalahalli,2019,Damage Only,Rear end,Arterial,13.049693,77.524896
Jalahalli,2019,Simple Injury,Vehicle to Vehicle,Sub Arterial,13.05108,77.557429
Jalahalli,2019,Simple Injury,Hit pedestrian,Sub Arterial,13.079361,77.505948
Jalahalli,2019,Simple Injury,Side swipe,City or Town Road,13.088298,77.495316
Jalahalli,2019,Simple Injury,Head on,Sub Arterial,13.076624,77.497882
Jalahalli,2019,Simple Injury,Side swipe,Sub Arterial,13.054637,77.532719
Jalahalli,2019,Fatal,Hit bicyclist,State Highway,13.140529,77.467504
Jalahalli,2019,Simple Injury,Head on,Sub Arterial,13.074263,77.517541
Jalahalli,2019,Simple Injury,Side swipe,City or Town Road,13.060781,77.531261
Jalahalli,2019,Simple Injury,Head on,Sub Arterial,13.06977,77.529763
Jalahalli,2019,Simple Injury,Side swipe,City or Town Road,13.043599,77.556969
Jalahalli,2019,Simple Injury,Hit bicyclist,Arterial,13.056756,77.546171
Jalahalli,2019,Simple Injury,Side swipe,City or Town Road,13.0919968,77.49141
Jalahalli,2019,Simple Injury,Side impact or Right angle,Arterial,13.048877,77.55011
Jalahalli,2019,Fatal,Skidding or Self accident,City or Town Road,13.155617,77.473137
Jalahalli,2019,Simple Injury,Vehicle to Vehicle,Sub Arterial,13.077353,77.517256
Jalahalli,2019,Simple Injury,Side impact or Right angle,Sub Arterial,13.056783,77.546789
Jalahalli,2019,Grievous Injury,Hit pedestrian,Sub Arterial,13.0929,77.526505
Jalahalli,2019,Damage Only,Head on,Sub Arterial,13.049829,77.525108
Jalahalli,2019,Simple Injury,Head on,Others,13.066638,77.504581
Jalahalli,2019,Simple Injury,Hit pedestrian,Arterial,13.065556,77.527689
Jalahalli,2019,Fatal,Vehicle to Vehicle,Arterial,13.07028,77.503864
Jalahalli,2019,Simple Injury,Vehicle to Vehicle,Sub Arterial,13.078277,77.530673
Jalahalli,2019,Simple Injury,Side swipe,City or Town Road,13.08061,77.502519
Jalahalli,2019,Simple Injury,Vehicle to Vehicle,Arterial,13.042119,77.562219
Jalahalli,2019,Simple Injury,Hit pedal cyclist,Sub Arterial,13.04782,77.542501
Jalahalli,2019,Simple Injury,Head on,Sub Arterial,13.091433,77.532012
Jalahalli,2019,Simple Injury,Vehicle to Vehicle,Others,13.088166,77.49486
Jalahalli,2019,Simple Injury,Vehicle to Vehicle,Arterial,13.045592,77.755456
Jalahalli,2019,Simple Injury,Hit pedestrian,Sub Arterial,13.16053,77.46116
Jalahalli,2019,Simple Injury,Head on,City or Town Road,13.082012,77.500272
Jalahalli,2019,Fatal,Rear end,Sub Arterial,13.066621,77.53053
Jalahalli,2019,Simple Injury,Side swipe,State Highway,13.107856,77.481568
Jalahalli,2019,Simple Injury,Others,Sub Arterial,13.051173,77.550723
Jalahalli,2019,Simple Injury,Side swipe,Sub Arterial,13.051458,77.538893
Jalahalli,2019,Simple Injury,Vehicle to Vehicle,Sub Arterial,13.111968,77.525488
Jalahalli,2019,Simple Injury,Head on,Arterial,13.15419,77.472907
Jalahalli,2019,Simple Injury,Head on,Sub Arterial,13.045766,77.549148
Jalahalli,2019,Simple Injury,Not Applicable,Arterial,13.092638,77.490504
Jalahalli,2019,Simple Injury,Vehicle to Vehicle,Sub Arterial,13.054671,77.540891
Jalahalli,2019,Fatal,Vehicle to Vehicle,Sub Arterial,13.140481,77.467774
Jalahalli,2019,Simple Injury,Hit pedestrian,Sub Arterial,13.081304,77.496215
Jalahalli,2019,Simple Injury,Vehicle to Vehicle,Sub Arterial,13.13977,77.457067
Jalahalli,2019,Simple Injury,Vehicle to Vehicle,Sub Arterial,13.128203,77.484167
Jalahalli,2019,Simple Injury,Rear end,Arterial,13.043025,77.557087
Jalahalli,2019,Fatal,Vehicle to Vehicle,Arterial,13.090211,77.492667
Jalahalli,2019,Simple Injury,Vehicle to Vehicle,Sub Arterial,13.04903,77.547536
Jalahalli,2019,Simple Injury,Head on,Sub Arterial,13.054674,77.536465
Jalahalli,2019,Simple Injury,Skidding or Self accident,Sub Arterial,13.060964,77.544064
Jalahalli,2019,Fatal,Hit pedestrian,State Highway,13.138891,77.470835
Jalahalli,2019,Simple Injury,Hit pedestrian,Arterial,13.048905,77.550702
Jalahalli,2019,Simple Injury,Vehicle to Vehicle,Sub Arterial,13.051173,77.550723
Jalahalli,2019,Simple Injury,Hit pedestrian,Arterial,13.042056,77.547989
Jalahalli,2019,Fatal,Hit bicyclist,Sub Arterial,13.142992,77.49531
Jalahalli,2019,Simple Injury,Hit pedestrian,Sub Arterial,13.07789,77.497454
Jalahalli,2019,Simple Injury,Side swipe,City or Town Road,13.07552,77.500962
Jalahalli,2019,Simple Injury,Hit pedestrian,Sub Arterial,13.057679,77.546369
Jalahalli,2019,Fatal,Vehicle to Vehicle,Sub Arterial,13.156941,77.509033
Jalahalli,2020,Simple Injury,Not Applicable,Sub Arterial,13.042585,77.561645
Jalahalli,2020,Simple Injury,Vehicle to Vehicle,Sub Arterial,13.045888,77.522243
Jalahalli,2020,Simple Injury,Hit pedestrian,Sub Arterial,13.054709,77.5448949
Jalahalli,2020,Fatal,Vehicle to Vehicle,Sub Arterial,13.140244,77.469074
Jalahalli,2020,Simple Injury,Hit pedestrian,Sub Arterial,13.05133,77.538757
Jalahalli,2020,Simple Injury,Hit pedestrian,Sub Arterial,13.078298,77.520561
Jalahalli,2020,Simple Injury,Vehicle to Vehicle,Sub Arterial,13.051079,77.526723
Jalahalli,2020,Simple Injury,Hit pedestrian,Sub Arterial,13.0840619,77.4992993
Jalahalli,2020,Simple Injury,Vehicle to Vehicle,Sub Arterial,13.0416331,77.5540283
Jalahalli,2020,Simple Injury,Vehicle to Vehicle,Sub Arterial,13.043975,77.554673
Jalahalli,2020,Simple Injury,Vehicle to Vehicle,Sub Arterial,13.064806,77.544191
Jalahalli,2020,Fatal,Vehicle to Vehicle,Sub Arterial,13.1058371,77.5280662
Jalahalli,2020,Simple Injury,Vehicle to Vehicle,Sub Arterial,13.045888,77.522243
Jalahalli,2020,Simple Injury,Vehicle to Vehicle,Sub Arterial,13.04424,77.55698
Jalahalli,2020,Fatal,Not Applicable,Sub Arterial,13.0669236,77.5418195
Jalahalli,2020,Simple Injury,Vehicle to Vehicle,Sub Arterial,13.114322,77.516452
Jalahalli,2021,Grievous Injury,Vehicle to Vehicle,Sub Arterial,13.06431,77.53029167
Jalahalli,2021,Damage Only,Vehicle to Vehicle,Sub Arterial,13.07837,77.48923
Jalahalli,2021,Grievous Injury,Not Applicable,Sub Arterial,13.0609434,77.531295
Jalahalli,2021,Grievous Injury,Hit pedestrian,State Highway,13.0463692,77.5417256
Jalahalli,2021,Fatal,Vehicle to Vehicle,Sub Arterial,13.038698,77.557366
Jalahalli,2021,Simple Injury,Vehicle to Vehicle,Sub Arterial,13.06093,77.50756
Jalahalli,2021,Simple Injury,Vehicle to Vehicle,Sub Arterial,13.05603018,77.55737591
Jalahalli,2021,Simple Injury,Vehicle to Vehicle,Sub Arterial,13.0780433,77.5023966
Jalahalli,2021,Fatal,Vehicle to Vehicle,Sub Arterial,13.06163215,77.53117047
Jalahalli,2021,Simple Injury,Vehicle to Vehicle,Sub Arterial,13.052332,77.552175
Jalahalli,2021,Grievous Injury,Vehicle to Vehicle,Sub Arterial,13.1278454,77.50280719
Jalahalli,2021,Grievous Injury,Not Applicable,Sub Arterial,13.039838,77.557255
Jalahalli,2021,Fatal,Vehicle to Vehicle,Sub Arterial,13.110275,77.4829075
Jalahalli,2021,Simple Injury,Hit pedestrian,Sub Arterial,13.0543594,77.5234252
Jalahalli,2021,Simple Injury,Not Applicable,Sub Arterial,13.05476,77.5489549
Jalahalli,2021,Grievous Injury,Vehicle to Vehicle,Sub Arterial,13.082303,77.495869
Jalahalli,2021,Simple Injury,Hit pedestrian,Sub Arterial,13.0506543,77.5404429
Jalahalli,2021,Simple Injury,Not Applicable,Sub Arterial,13.11334,77.514965
Jalahalli,2021,Grievous Injury,Not Applicable,Sub Arterial,13.087946,77.487716
Jalahalli,2021,Grievous Injury,Vehicle to Vehicle,Sub Arterial,13.055989,77.557197
Jalahalli,2021,Grievous Injury,Vehicle to Vehicle,Sub Arterial,13.0526187,77.5242017
Jalahalli,2021,Fatal,Vehicle to Vehicle,Sub Arterial,13.1323275,77.4843579
Jalahalli,2021,Simple Injury,Vehicle to Vehicle,Sub Arterial,13.0500956,77.52535076
Jalahalli,2021,Simple Injury,Hit pedestrian,Sub Arterial,13.047041,77.547801
Jalahalli,2021,Simple Injury,Hit pedestrian,Sub Arterial,13.054141,77.5334587
Jalahalli,2021,Grievous Injury,Vehicle to Vehicle,Sub Arterial,13.054905,77.534332
Jalahalli,2021,Simple Injury,Vehicle to Vehicle,Sub Arterial,13.0449974,77.5380359
Jalahalli,2021,Simple Injury,Vehicle to Vehicle,Sub Arterial,13.040085,77.538499
Jalahalli,2021,Grievous Injury,Vehicle to Vehicle,Sub Arterial,13.0637993,77.544163
Jalahalli,2021,Grievous Injury,Vehicle to Vehicle,Sub Arterial,13.0424088,77.557138
Jalahalli,2021,Grievous Injury,Vehicle to Vehicle,Sub Arterial,13.137854,77.479089
Jalahalli,2021,Damage Only,Vehicle to Vehicle,Sub Arterial,13.041266,77.545817
Jalahalli,2021,Simple Injury,Hit pedestrian,Sub Arterial,13.04385956,77.55383863
Jalahalli,2021,Fatal,Not Applicable,Sub Arterial,13.10455062,77.47816798
Jalahalli,2021,Damage Only,Vehicle to Vehicle,Sub Arterial,13.05594,77.55719
Jalahalli,2021,Fatal,Vehicle to Vehicle,Sub Arterial,13.0444226,77.5588968
Jalahalli,2021,Grievous Injury,Vehicle to Vehicle,Sub Arterial,13.0710771,77.5182152
Jalahalli,2021,Simple Injury,Hit bicyclist,Sub Arterial,13.04379,77.55994
Jalahalli,2021,Fatal,Not Applicable,State Highway,13.1381266,77.4765683
Jalahalli,2021,Fatal,Not Applicable,Sub Arterial,13.09519,77.451256
Jalahalli,2021,Fatal,Vehicle to Vehicle,Sub Arterial,13.04426866,77.5625768
Jalahalli,2021,Fatal,Hit pedestrian,Sub Arterial,13.0726429,77.5033007
Jalahalli,2021,Grievous Injury,Vehicle to Vehicle,Sub Arterial,13.0541956,77.5321003
Jalahalli,2021,Damage Only,Not Applicable,Sub Arterial,13.048862,77.550763
Jalahalli,2021,Simple Injury,Vehicle to Vehicle,Sub Arterial,13.040873,77.54497
Jalahalli,2021,Simple Injury,Hit pedestrian,Sub Arterial,13.05527,77.542807
Jalahalli,2021,Grievous Injury,Vehicle to Vehicle,Sub Arterial,13.046232,77.555973
Jalahalli,2021,Fatal,Vehicle to Vehicle,Sub Arterial,13.097154,77.484604
Jalahalli,2021,Simple Injury,Vehicle to Vehicle,Sub Arterial,13.0850446,77.4987539
Jalahalli,2021,Grievous Injury,Vehicle to Vehicle,Sub Arterial,13.104707,77.478439
Jalahalli,2021,Damage Only,Vehicle to Vehicle,Sub Arterial,13.0656536,77.5449245
Jalahalli,2021,Grievous Injury,Vehicle to Vehicle,Sub Arterial,13.0492782,77.546755
Jalahalli,2021,Damage Only,Vehicle to Vehicle,Sub Arterial,13.070475,77.503921
Jalahalli,2021,Fatal,Not Applicable,Sub Arterial,13.168544,77.483485
Jalahalli,2021,Fatal,Vehicle to Vehicle,One way,13.040873,77.54497
Jalahalli,2021,Grievous Injury,Vehicle to Vehicle,Sub Arterial,13.182735,77.484373
Jalahalli,2021,Grievous Injury,Not Applicable,Sub Arterial,13.1521799,77.5061383
Jalahalli,2021,Fatal,Vehicle to Vehicle,Sub Arterial,13.141315,77.49971
Jalahalli,2021,Grievous Injury,Not Applicable,Sub Arterial,13.08711,77.495953
Jalahalli,2022,Grievous Injury,Vehicle to Vehicle,Sub Arterial,13.04609,77.55592
Jalahalli,2022,Grievous Injury,Hit pedestrian,Sub Arterial,13.06118,77.50877
Jalahalli,2022,Grievous Injury,Vehicle to Vehicle,Others,13.0555,77.5481
Jalahalli,2022,Grievous Injury,Vehicle to Vehicle,Forest Road,13.0659,77.5434
Jalahalli,2022,Fatal,Not Applicable,Others,13.16035,77.4609
Jalahalli,2022,Simple Injury,Hit pedestrian,Others,13.06992,77.54486
Jalahalli,2022,Grievous Injury,Vehicle to Vehicle,Residential Street,13.049049,77.548418
Jalahalli,2022,Grievous Injury,Vehicle to Vehicle,Minor District Road,13.07976,77.505407
Jalahalli,2022,Grievous Injury,Vehicle to Vehicle,Others,13.04875,77.54647
Jalahalli,2022,Grievous Injury,Vehicle to Vehicle,Residential Street,13.07572,77.53011
Jalahalli,2022,Damage Only,Vehicle to Vehicle,Sub Arterial,13.046028,77.538094
Jalahalli,2022,Grievous Injury,Hit pedestrian,Sub Arterial,13.087,77.4989
Jalahalli,2022,Grievous Injury,Hit pedestrian,State Highway,13.136655,77.48102
Jalahalli,2022,Grievous Injury,Hit pedestrian,Minor District Road,13.10577,77.56826
Jalahalli,2022,Grievous Injury,Not Applicable,Sub Arterial,13.15724,77.470454
Jalahalli,2022,Grievous Injury,Vehicle to Vehicle,Residential Street,13.0492,77.5501
Jalahalli,2022,Grievous Injury,Not Applicable,Others,13.08425,77.53091
Jalahalli,2022,Damage Only,Not Applicable,Sub Arterial,13.060642,77.531288
Jalahalli,2022,Grievous Injury,Vehicle to Vehicle,Sub Arterial,13.105726,77.52859
Jalahalli,2022,Grievous Injury,Hit pedestrian,State Highway,13.043572,77.552653
Jalahalli,2022,Grievous Injury,Not Applicable,Residential Street,13.056791,77.547608
Jalahalli,2022,Grievous Injury,Hit pedestrian,Sub Arterial,13.05772776,77.5220128
Jalahalli,2022,Grievous Injury,Vehicle to Vehicle,Residential Street,13.0753,77.517
Jalahalli,2022,Fatal,Vehicle to Vehicle,State Highway,13.083951,77.499476
Jalahalli,2022,Grievous Injury,Not Applicable,Sub Arterial,13.05473319,77.54154607
Jalahalli,2022,Simple Injury,Hit pedestrian,Others,13.1246737,77.4879589
Jalahalli,2022,Fatal,Not Applicable,Residential Street,13.10577,77.528665
Jalahalli,2022,Simple Injury,Not Applicable,Sub Arterial,13.04682675,77.55560943
Jalahalli,2022,Grievous Injury,Vehicle to Vehicle,Sub Arterial,13.05172574,77.55200842
Jalahalli,2022,Grievous Injury,Vehicle to Vehicle,Sub Arterial,13.09293268,77.52642406
Jalahalli,2022,Grievous Injury,Not Applicable,Residential Street,13.0801,77.5093
Jalahalli,2022,Simple Injury,Vehicle to Vehicle,State Highway,13.0437,77.561
Jalahalli,2022,Grievous Injury,Vehicle to Vehicle,State Highway,13.096864,77.485183
Jalahalli,2022,Fatal,Not Applicable,Sub Arterial,13.03815069,77.5375231
Jalahalli,2022,Grievous Injury,Vehicle to Vehicle,Sub Arterial,13.0644261,77.5444523
Jalahalli,2022,Simple Injury,Vehicle to Vehicle,Others,13.048775,77.5492286
Jalahalli,2022,Grievous Injury,Vehicle to Vehicle,Major District Road,13.043067,77.552806
Jalahalli,2022,Grievous Injury,Not Applicable,Major District Road,13.119042,77.52305
Jalahalli,2022,Grievous Injury,Vehicle to Vehicle,Sub Arterial,13.049034,77.523854
Jalahalli,2022,Grievous Injury,Not Applicable,Residential Street,13.087,77.4863
Jalahalli,2022,Grievous Injury,Vehicle to Vehicle,Sub Arterial,13.05444061,77.53770601
Jalahalli,2022,Grievous Injury,Not Applicable,State Highway,13.04330527,77.55236098
Jalahalli,2022,Grievous Injury,Vehicle to Vehicle,Sub Arterial,13.08019264,77.50901812
Jalahalli,2022,Damage Only,Not Applicable,State Highway,13.155279,77.473042
Jalahalli,2022,Grievous Injury,Hit pedestrian,Sub Arterial,13.04572007,77.55632171
Jalahalli,2022,Grievous Injury,Hit pedestrian,Major District Road,13.10782,77.48137
Jalahalli,2022,Grievous Injury,Vehicle to Vehicle,Mixed,13.1596,77.5111
Jalahalli,2023,Grievous Injury,Hit pedestrian,Two way,13.04444,77.55704
Jalahalli,2023,Grievous Injury,Vehicle to Vehicle,Sub Arterial,13.087287,77.506879
Jalahalli,2023,Fatal,Vehicle to Vehicle,State Highway,13.096874,77.48534
Jalahalli,2023,Fatal,Not Applicable,Sub Arterial,13.055954,77.545875
Jalahalli,2023,Simple Injury,Vehicle to Vehicle,Two way,13.004256,77.555124
Jalahalli,2023,Grievous Injury,Vehicle to Vehicle,Others,13.05311,77.554618
Jalahalli,2023,Simple Injury,Vehicle to Vehicle,Others,13.106823,77.483282
Jalahalli,2023,Simple Injury,Vehicle to Vehicle,Others,13.038098,77.537818
Jalahalli,2023,Fatal,Not Applicable,Others,13.017778,77.518208
Jalahalli,2023,Grievous Injury,Hit pedestrian,Sub Arterial,13.057719,77.55045
Jalahalli,2023,Simple Injury,Not Applicable,Two way,13.100279,77.531452
Jalahalli,2023,Simple Injury,Vehicle to Vehicle,Others,13.059177,77.562004
Jalahalli,2023,Grievous Injury,Vehicle to Vehicle,Not Applicable,13.050653,77.552903
Jalahalli,2023,Damage Only,Vehicle to Vehicle,Sub Arterial,13.099,77.5321
Jalahalli,2023,Simple Injury,Vehicle to Vehicle,State Highway,13.1103,77.4824
Jalahalli,2023,Grievous Injury,Hit pedestrian,Others,13.04999,77.557106
Jalahalli,2023,Grievous Injury,Vehicle to Vehicle,Others,13.052477,77.529535
Jalahalli,2023,Simple Injury,Vehicle to Vehicle,Sub Arterial,13.04383,77.56111
Jalahalli,2023,Simple Injury,Vehicle to Vehicle,Others,13.10684,77.52823
Jalahalli,2023,Fatal,Vehicle to Vehicle,Two way,13.1354,77.4843
Jalahalli,2023,Simple Injury,Vehicle to Vehicle,Two way,13.0539042,77.55689794
Jalahalli,2023,Fatal,Not Applicable,Two way,13.079108,77.706851
Jalahalli,2023,Fatal,Vehicle to Vehicle,Others,13.105045,77.486194
Jalahalli,2023,Fatal,Hit pedestrian,Others,13.043711,77.558342
Jalahalli,2023,Fatal,Vehicle to Vehicle,Others,13.042518,77.539459
Jalahalli,2023,Simple Injury,Vehicle to Vehicle,Others,13.088185,77.531222
Jalahalli,2023,Fatal,Not Applicable,Sub Arterial,13.118097,77.525338
Jalahalli,2023,Simple Injury,Vehicle to Vehicle,Sub Arterial,13.21474,77.315272
Jalahalli,2023,Simple Injury,Not Applicable,Two way,13.107,77.59948
Jalahalli,2023,Simple Injury,Vehicle to Vehicle,Sub Arterial,13.1091,77.49161
Jalahalli,2023,Damage Only,Vehicle to Vehicle,Two way,13.04748,77.542414
Jalahalli,2023,Simple Injury,Hit pedestrian,Others,13.114296,77.510567
Jalahalli,2023,Simple Injury,Vehicle to Vehicle,Sub Arterial,13.0809,77.5016
Jalahalli,2023,Fatal,Not Applicable,Sub Arterial,13.04513,77.5634
Jalahalli,2023,Simple Injury,Not Applicable,Sub Arterial,13.047034,77.547685
Jalahalli,2023,Fatal,Hit pedestrian,One way,13.043551,77.557067
Jalahalli,2023,Simple Injury,Not Applicable,Residential Street,13.0425,77.55512
Jalahalli,2023,Simple Injury,Hit pedestrian,Two way,13.04258361,77.54940359
Jalahalli,2023,Simple Injury,Not Applicable,Sub Arterial,13.042929,77.556781
Jalahalli,2023,Damage Only,Not Applicable,Sub Arterial,13.0365,77.5415
Jalahalli,2023,Simple Injury,Vehicle to Vehicle,Others,13.1357,77.4831
Jalahalli,2023,Simple Injury,Not Applicable,Two way,13.044132,77.556824
Jalahalli,2023,Fatal,Vehicle to Vehicle,Others,13.129611,77.487863
Jalahalli,2023,Fatal,Not Applicable,Two way,13.096236,77.485979
Jalahalli,2023,Simple Injury,Not Applicable,Others,13.041694,77.547294
Jalahalli,2023,Damage Only,Vehicle to Vehicle,Others,13.043846,77.553817
Jalahalli,2023,Fatal,Vehicle to Vehicle,Others,13.059177,77.562004
Jalahalli,2023,Simple Injury,Vehicle to Vehicle,Others,13.072934,77.503147
Jalahalli,2023,Simple Injury,Hit pedestrian,Others,13.13735,77.478088
Jalahalli,2023,Fatal,Not Applicable,Others,13.082585,77.495661
Jalahalli,2023,Fatal,Hit pedestrian,Major District Road,13.058674,77.545859
Jalahalli,2023,Damage Only,Vehicle to Vehicle,Two way,13.041397,77.54712
Jalahalli,2023,Simple Injury,Vehicle to Vehicle,Sub Arterial,13.114613,77.508794
Jalahalli,2023,Grievous Injury,Vehicle to Vehicle,Two way,13.07989,77.503925
Jalahalli,2023,Fatal,Hit pedestrian,Others,13.10533,77.48568
Jalahalli,2023,Simple Injury,Vehicle to Vehicle,Two way,13.159491,77.479227
Jalahalli,2023,Simple Injury,Vehicle to Vehicle,Sub Arterial,13.044898,77.55015
Jalahalli,2023,Simple Injury,Vehicle to Vehicle,Others,13.08699,77.500228
Jalahalli,2023,Simple Injury,Hit pedestrian,Others,13.042614,77.550093
Jalahalli,2023,Grievous Injury,Vehicle to Vehicle,Sub Arterial,13.072742,77.524025
Jalahalli,2023,Grievous Injury,Hit pedestrian,Sub Arterial,13.07856,77.52022
Jalahalli,2023,Damage Only,Not Applicable,Sub Arterial,13.1065,77.518
Jalahalli,2023,Fatal,Hit pedestrian,Others,13.058621,77.533525
Jalahalli,2023,Fatal,Vehicle to Vehicle,Minor District Road,13.08688,77.536994
Jalahalli,2023,Grievous Injury,Hit pedestrian,Sub Arterial,13.045551,77.55636
Jalahalli,2023,Fatal,Not Applicable,Residential Street,13.039349,77.538623
Jayanagar,2016,Damage Only,Right Turn Collision,City or Town Road,12.9080588,77.5905559
Jayanagar,2016,Grievous Injury,Side impact or Right angle,City or Town Road,12.9363964,77.5843922
Jayanagar,2016,Grievous Injury,Others,City or Town Road,12.9255064,77.5989082
Jayanagar,2016,Grievous Injury,Others,City or Town Road,12.9322959,77.5901765
Jayanagar,2016,Grievous Injury,Head on,City or Town Road,12.9254672,77.5848671
Jayanagar,2016,Simple Injury,Hit pedestrian,City or Town Road,12.9161789,77.5849652
Jayanagar,2016,Fatal,Others,City or Town Road,12.916831,77.5955119
Jayanagar,2016,Simple Injury,Others,City or Town Road,12.9280339,77.5650369
Jayanagar,2016,Grievous Injury,Others,City or Town Road,12.9263141,77.5796463
Jayanagar,2017,Fatal,Others,City or Town Road,12.917014,77.578754
Jayanagar,2017,Grievous Injury,Hit and Run,City or Town Road,12.9391834,77.5826056
Jayanagar,2017,Fatal,Hit and Run,City or Town Road,12.942588,77.582847
Jayanagar,2017,Grievous Injury,Head on,City or Town Road,12.91269,77.59557
Jayanagar,2017,Grievous Injury,Others,City or Town Road,12.9168375,77.5968628
Jayanagar,2017,Grievous Injury,Hit pedestrian,City or Town Road,12.891163,77.594358
Jayanagar,2017,Fatal,Hit pedestrian,City or Town Road,12.9102093,77.5935776
Jayanagar,2017,Simple Injury,Hit and Run,City or Town Road,12.921588,77.584815
Jayanagar,2017,Grievous Injury,Hit pedestrian,City or Town Road,12.919164,77.576346
Jayanagar,2017,Simple Injury,Side swipe,City or Town Road,12.9366843,77.580423
Jayanagar,2017,Fatal,Hit and Run,City or Town Road,12.906524,77.579346
Jayanagar,2018,Grievous Injury,Hit bicyclist,City or Town Road,12.911641,77.591423
Jayanagar,2018,Simple Injury,Head on,City or Town Road,12.90041,77.585847
Jayanagar,2018,Simple Injury,Rear end,City or Town Road,12.900845,77.574369
Jayanagar,2018,Simple Injury,Rear end,City or Town Road,12.9265193,77.5821802
Jayanagar,2018,Grievous Injury,Hit pedal cyclist,City or Town Road,12.8970447,77.5799303
Jayanagar,2018,Not Applicable,Head on,City or Town Road,12.926325,77.583744
Jayanagar,2018,Fatal,Hit bicyclist,City or Town Road,12.918999,77.577848
Jayanagar,2019,Simple Injury,Not Applicable,Two way,12.910217,77.595341
Jayanagar,2019,Grievous Injury,Vehicle to Vehicle,Two way,12.926387,77.581137
Jayanagar,2019,Fatal,Hit animal,Two way,12.903897,77.595343
Jayanagar,2019,Grievous Injury,Vehicle to Vehicle,Others,12.935852,77.582735
Jayanagar,2019,Grievous Injury,Hit pedestrian,Two way,12.891083,77.595161
Jayanagar,2019,Fatal,Vehicle to Vehicle,Two way,12.904009,77.585755
Jayanagar,2019,Grievous Injury,Hit pedestrian,Two way,12.942811,77.592916
Jayanagar,2019,Fatal,Not Applicable,Two way,12.941151,77.597499
Jayanagar,2019,Fatal,Not Applicable,Two way,12.907088,77.580293
Jayanagar,2019,Grievous Injury,Vehicle to Vehicle,Others,12.908134,77.580748
Jayanagar,2019,Grievous Injury,Hit pedestrian,Not Applicable,12.906462,77.578239
Jayanagar,2019,Fatal,Hit pedestrian,Others,12.914441,77.575799
Jayanagar,2019,Grievous Injury,Hit pedestrian,Not Applicable,12.906518,77.573376
Jayanagar,2019,Grievous Injury,Vehicle to Vehicle,Two way,12.913967,77.585756
Jayanagar,2019,Grievous Injury,Hit pedestrian,Others,12.908977,77.57782
Jayanagar,2020,Grievous Injury,Vehicle to Vehicle,Two way,12.915072,77.59502
Jayanagar,2022,Grievous Injury,Vehicle to Vehicle,Two way,12.92764,77.58084
Jayanagar,2022,Grievous Injury,Vehicle to Vehicle,Two way,12.905814,77.580342
Jayanagar,2023,Grievous Injury,Hit pedestrian,Two way,12.916965,77.573485
Jayanagar,2023,Simple Injury,Vehicle to Vehicle,Arterial,12.906274,77.590551
Jayanagar,2023,Fatal,Hit pedestrian,Arterial,12.906401,77.579074
Jayanagar,2023,Grievous Injury,Hit pedestrian,Two way,12.911429,77.573363
Jayanagar,2023,Grievous Injury,Hit pedestrian,One way,12.928646,77.585246
Jayanagar,2023,Fatal,Vehicle to Vehicle,Sub Arterial,12.929222,77.580129
Jayanagar,2023,Simple Injury,Hit pedestrian,Two way,12.919916,77.581873
Jayanagar,2023,Grievous Injury,Hit pedestrian,Two way,12.918123,77.574852
Jayanagar,2023,Grievous Injury,Vehicle to Vehicle,Two way,12.909039,77.595766
Jayanagar,2023,Grievous Injury,Vehicle to Vehicle,Two way,12.912509,77.581305
Jayanagar,2023,Damage Only,Not Applicable,Two way,12.933581,77.583229
Jayanagar,2023,Simple Injury,Vehicle to Vehicle,Two way,12.918987,77.576007
Jayanagar,2023,Grievous Injury,Hit pedestrian,Two way,12.904228,77.585762
Jayanagar,2023,Simple Injury,Vehicle to Vehicle,Sub Arterial,12.928618,77.586105
Jayanagar,2023,Fatal,Not Applicable,Arterial,12.906435,77.576172
Jayanagar,2023,Grievous Injury,Vehicle to Vehicle,Two way,12.915339,77.591591
Jayanagar,2023,Damage Only,Vehicle to Vehicle,Two way,12.9037879,77.5988841
Jayanagar,2023,Grievous Injury,Hit pedestrian,Two way,12.919953,77.576972
Jayanagar,2023,Simple Injury,Vehicle to Vehicle,Two way,12.916123,77.586296
Jayanagar,2023,Grievous Injury,Hit pedestrian,Two way,12.906431,77.581156
Jayanagar,2023,Grievous Injury,Hit pedestrian,Two way,12.913618,77.587864
Jayanagar,2023,Grievous Injury,Hit pedestrian,Two way,12.90407,77.58056
Jayanagar,2023,Grievous Injury,Vehicle to Vehicle,Two way,12.91097,77.578401
Jayanagar,2023,Grievous Injury,Vehicle to Vehicle,Two way,12.910224,77.594093
Jayanagar,2023,Damage Only,Vehicle to Vehicle,Sub Arterial,12.926382,77.581826
Jayanagar,2023,Grievous Injury,Hit pedestrian,Two way,12.919995,77.575192
Jayanagar,2023,Fatal,Hit pedestrian,Sub Arterial,12.911054,77.577314
Jayanagar,2023,Grievous Injury,Vehicle to Vehicle,Two way,12.906409,77.573349
Jayanagar,2023,Grievous Injury,Vehicle to Vehicle,Two way,12.928676,77.580246
Jayanagar,2023,Grievous Injury,Hit pedestrian,Two way,12.906202,77.586831
Jayanagar,2023,Simple Injury,Vehicle to Vehicle,Two way,12.906507,77.578874
Jayanagar,2023,Simple Injury,Vehicle to Vehicle,Two way,12.911335,77.585646
Jayanagar,2023,Simple Injury,Hit pedestrian,Two way,12.90552,77.577219
Jayanagar,2023,Grievous Injury,Vehicle to Vehicle,Two way,12.932639,77.582275
Jayanagar,2023,Grievous Injury,Hit pedestrian,Two way,12.906399,77.590279
Jayanagar,2023,Grievous Injury,Vehicle to Vehicle,Two way,12.921729,77.584798
Jayanagar,2023,Damage Only,Vehicle to Vehicle,Two way,12.919842,77.583658
Jayanagar,2023,Grievous Injury,Hit pedestrian,Two way,12.883334,77.589143
Jayanagar,2023,Grievous Injury,Vehicle to Vehicle,Two way,12.906384,77.591931
Jayanagar,2023,Fatal,Hit pedestrian,Sub Arterial,12.905583,77.585692
Indiranagar,2019,Fatal,Hit pedestrian,Others,12.98767,77.648666
Indiranagar,2020,Fatal,Hit pedestrian,Others,12.997118,77.661862
Indiranagar,2022,Damage Only,Vehicle to Vehicle,Arterial,12.95624,77.653462
Indiranagar,2022,Grievous Injury,Vehicle to Vehicle,Others,12.990304704695,77.643266926512
Indiranagar,2022,Grievous Injury,Hit pedestrian,Others,12.983636,77.679742
Indiranagar,2022,Damage Only,Vehicle to Vehicle,Others,12.968741,77.64776
Indiranagar,2022,Fatal,Vehicle to Vehicle,Two way,12.959297,77.66118
Indiranagar,2023,Damage Only,Vehicle to Vehicle,Others,12.9855,77.644306
Indiranagar,2023,Grievous Injury,Not Applicable,Others,12.959501,77.65198
Indiranagar,2023,Fatal,Not Applicable,Others,12.968709,77.644851
Indiranagar,2023,Grievous Injury,Vehicle to Vehicle,Others,12.970246,77.654356
Indiranagar,2023,Grievous Injury,Not Applicable,Others,12.959436,77.656796
Indiranagar,2023,Damage Only,Vehicle to Vehicle,Others,12.971238,77.658821
Indiranagar,2023,Grievous Injury,Not Applicable,Others,12.960142,77.6459
Indiranagar,2023,Grievous Injury,Hit pedestrian,Others,12.959229,77.662551
Indiranagar,2023,Grievous Injury,Hit pedestrian,Others,12.959309,77.661195
Indiranagar,2023,Grievous Injury,Vehicle to Vehicle,Others,12.959349,77.661152
Indiranagar,2023,Grievous Injury,Hit pedestrian,Others,12.977262,77.679334
Indiranagar,2023,Grievous Injury,Hit pedestrian,Others,12.973333,77.65021
Indiranagar,2023,Grievous Injury,Vehicle to Vehicle,Others,12.94576,77.664624
Indiranagar,2023,Grievous Injury,Vehicle to Vehicle,Others,12.97632,77.655346
Indiranagar,2023,Fatal,Not Applicable,One way,12.968709,77.644851
Indiranagar,2023,Fatal,Not Applicable,Others,12.978395,77.65675
Indiranagar,2023,Grievous Injury,Vehicle to Vehicle,Others,12.980575,77.656234
Indiranagar,2023,Grievous Injury,Not Applicable,Others,12.959131,77.659912
Indiranagar,2023,Grievous Injury,Vehicle to Vehicle,Others,12.974076,77.646865
Indiranagar,2023,Grievous Injury,Not Applicable,Others,12.956065,77.653385
Indiranagar,2023,Grievous Injury,Hit pedestrian,Others,12.970244,77.642779
Indiranagar,2023,Grievous Injury,Hit bicyclist,Others,12.970316,77.64133
Indiranagar,2023,Grievous Injury,Vehicle to Vehicle,Others,12.991212,77.657016
Indiranagar,2023,Fatal,Vehicle to Vehicle,Others,12.982312,77.633433
Indiranagar,2023,Grievous Injury,Not Applicable,Others,12.98508,77.665638
Indiranagar,2023,Grievous Injury,Vehicle to Vehicle,Others,12.970346,77.644333
Indiranagar,2023,Simple Injury,Vehicle to Vehicle,Others,12.975111,77.669695
Indiranagar,2023,Grievous Injury,Vehicle to Vehicle,Others,12.978249,77.636693
Indiranagar,2023,Grievous Injury,Vehicle to Vehicle,Others,12.968402,77.650595
Indiranagar,2023,Grievous Injury,Vehicle to Vehicle,Others,12.986213,77.64597
Indiranagar,2023,Fatal,Vehicle to Vehicle,Others,12.975397,77.678936
Indiranagar,2023,Grievous Injury,Vehicle to Vehicle,Others,12.971866,77.658397
Indiranagar,2023,Grievous Injury,Vehicle to Vehicle,Others,12.98514,77.64247
K G Halli,2017,Simple Injury,Others,City or Town Road,13.028373,77.628311
K G Halli,2017,Simple Injury,Others,City or Town Road,13.021255,77.618711
K G Halli,2017,Simple Injury,Others,City or Town Road,13.026524,77.620142
K G Halli,2017,Simple Injury,Others,City or Town Road,13.025092,77.62771
K G Halli,2019,Grievous Injury,Hit fixed object,Service Road,13.029161,77.631267
K G Halli,2019,Fatal,Not Applicable,Two way,13.030604,77.614972
K G Halli,2019,Damage Only,Vehicle to Vehicle,Service Road,13.031403,77.630209
K G Halli,2019,Fatal,Hit pedestrian,Others,13.033343,77.605364
K G Halli,2019,Simple Injury,Others,City or Town Road,13.039147,77.610707
K G Halli,2019,Simple Injury,Hit pedestrian,Two way,13.008568,77.6132749
K G Halli,2019,Simple Injury,Vehicle to Vehicle,Others,13.03152,77.621508
K G Halli,2019,Simple Injury,Vehicle to Vehicle,Two way,13.029566,77.610937
K G Halli,2019,Grievous Injury,Hit bicyclist,City or Town Road,13.028691,77.615682
K G Halli,2019,Simple Injury,Others,City or Town Road,13.018247,77.628285
K G Halli,2019,Fatal,Not Applicable,Two way,13.020121,77.604083
K G Halli,2019,Simple Injury,Hit pedestrian,Two way,13.033454,77.612148
K G Halli,2019,Simple Injury,Vehicle to Vehicle,Two way,13.027387,77.626121
K G Halli,2019,Simple Injury,Hit pedestrian,Others,13.024657,77.6052569
K G Halli,2019,Fatal,Hit pedestrian,City or Town Road,13.007863,77.612899
K G Halli,2019,Simple Injury,Vehicle to Vehicle,Two way,13.028162,77.619326
K G Halli,2019,Simple Injury,Vehicle to Vehicle,Two way,13.023562,77.619464
K G Halli,2019,Damage Only,Others,Residential Street,13.023284,77.6244159
K G Halli,2019,Simple Injury,Others,City or Town Road,13.027579,77.609388
K G Halli,2019,Grievous Injury,Vehicle to Vehicle,One way,13.018764,77.6281379
K G Halli,2019,Simple Injury,Hit pedestrian,Residential Street,13.039801,77.620206
K G Halli,2019,Simple Injury,Others,City or Town Road,13.008507,77.613214
K G Halli,2019,Grievous Injury,Hit pedestrian,Two way,13.021218,77.625026
K G Halli,2019,Simple Injury,Hit pedestrian,Two way,13.018942,77.628175
K G Halli,2021,Grievous Injury,Hit pedestrian,Not Applicable,13.030504,77.6081481
K G Halli,2022,Fatal,Not Applicable,Service Road,13.040404,77.62193
K G Halli,2022,Grievous Injury,Vehicle to Vehicle,Two way,13.038613,77.614266
K G Halli,2022,Simple Injury,Hit pedestrian,Others,13.029988,77.613093
K G Halli,2022,Grievous Injury,Vehicle to Vehicle,Sub Arterial,13.026363,77.624952
K G Halli,2022,Grievous Injury,Hit pedestrian,Others,13.029586,77.60937
K G Halli,2022,Grievous Injury,Vehicle to Vehicle,One way,13.005871,77.611828
K G Halli,2022,Grievous Injury,Vehicle to Vehicle,Major District Road,13.034714,77.622826
K G Halli,2022,Simple Injury,Vehicle to Vehicle,Sub Arterial,13.039346,77.619346
K G Halli,2022,Grievous Injury,Hit pedestrian,Sub Arterial,13.020643,77.613093
K G Halli,2022,Grievous Injury,Hit pedestrian,Residential Street,13.020643,77.613951
K G Halli,2022,Grievous Injury,Vehicle to Vehicle,Arterial,13.041461,77.630991
K G Halli,2022,Grievous Injury,Not Applicable,Two way,13.036013,77.613934
K G Halli,2022,Fatal,Hit pedestrian,Two way,13.040616,77.619393
K G Halli,2022,Grievous Injury,Vehicle to Vehicle,Service Road,13.027938,77.63196
K G Halli,2022,Grievous Injury,Vehicle to Vehicle,Two way,13.018785,77.628227
K G Halli,2022,Fatal,Hit pedestrian,Two way,13.005871,77.615005
K G Halli,2022,Fatal,Vehicle to Vehicle,Two way,13.040929,77.61604
K G Halli,2022,Grievous Injury,Vehicle to Vehicle,Two way,13.031561,77.62301
K G Halli,2022,Grievous Injury,Hit pedestrian,Major District Road,13.038118,77.623538
K G Halli,2022,Fatal,Hit pedestrian,Arterial,13.040566,77.622562
K G Halli,2022,Damage Only,Vehicle to Vehicle,Arterial,13.037912,77.625867
K G Halli,2022,Grievous Injury,Hit pedestrian,Not Applicable,13.030602,77.608065
K G Halli,2023,Simple Injury,Not Applicable,Residential Street,13.039346,77.619346
K G Halli,2023,Grievous Injury,Vehicle to Vehicle,Arterial,13.028133,77.632454
K G Halli,2023,Simple Injury,Vehicle to Vehicle,Not Applicable,13.039002,77.613269
K G Halli,2023,Grievous Injury,Hit pedestrian,Minor District Road,13.008429,77.589577
K G Halli,2023,Simple Injury,Vehicle to Vehicle,Residential Street,13.03251,77.60866
K G Halli,2023,Fatal,Hit pedestrian,Two way,13.014627,77.617177
K G Halli,2023,Grievous Injury,Hit pedestrian,Sub Arterial,13.020584,77.611828
K G Halli,2023,Fatal,Hit pedestrian,Arterial,13.026499,77.613951
K G Halli,2023,Grievous Injury,Not Applicable,Residential Street,13.024755,77.605317
K G Halli,2023,Grievous Injury,Hit bicyclist,Major District Road,13.019318,77.602535
K G Halli,2023,Grievous Injury,Vehicle to Vehicle,Arterial,13.034569,77.62871
K G Halli,2023,Grievous Injury,Hit pedestrian,Arterial,13.020586,77.611843
K G Halli,2023,Fatal,Hit pedestrian,Major District Road,13.008382,77.589577
K G Halli,2023,Grievous Injury,Hit pedestrian,Residential Street,13.020643,77.613951
K G Halli,2023,Fatal,Hit bicyclist,Major District Road,13.033769,77.628965
K G Halli,2023,Grievous Injury,Hit pedestrian,Residential Street,13.029837,77.60842
K G Halli,2023,Fatal,Vehicle to Vehicle,Major District Road,13.026474,77.63102
K G Halli,2023,Grievous Injury,Hit pedestrian,Others,13.021172,77.628291
K G Halli,2023,Grievous Injury,Hit pedestrian,Arterial,13.028722,77.621158
K R Puram,2016,Fatal,Rear end,City or Town Road,13.19,77.432083
K R Puram,2017,Fatal,Rear end,City or Town Road,13.004872,77.684342
K R Puram,2017,Fatal,Hit and Run,Two way,12.992326,77.716418
K R Puram,2017,Fatal,Hit and Run,City or Town Road,12.977602,77.707658
K R Puram,2017,Fatal,Hit and Run,NH,13.024301,77.716825
K R Puram,2017,Fatal,Rear end,City or Town Road,13.016063,77.720339
K R Puram,2017,Simple Injury,Hit and Run,City or Town Road,12.988784,77.688834
K R Puram,2017,Fatal,Rear end,City or Town Road,12.998969,77.673217
K R Puram,2017,Fatal,Hit and Run,One way,13.006327,77.686948
K R Puram,2017,Fatal,Hit and Run,City or Town Road,13.00342,77.663182
K R Puram,2017,Fatal,Hit pedestrian,NH,13.009011,77.696625
K R Puram,2017,Fatal,Head on,Two way,12.99758,77.67014
K R Puram,2017,Fatal,Rear end,City or Town Road,13.010298,77.697648
K R Puram,2018,Grievous Injury,Rear end,City or Town Road,12.994061,77.685187
K R Puram,2018,Grievous Injury,Hit and Run,City or Town Road,13.020274,77.709771
K R Puram,2018,Fatal,Head on,Service Road,12.994276,77.685003
K R Puram,2018,Simple Injury,Hit and Run,City or Town Road,13.008424,77.695873
K R Puram,2018,Fatal,Rear end,City or Town Road,12.994105,77.701416
K R Puram,2018,Simple Injury,Rear end,City or Town Road,13.017517,77.696256
K R Puram,2018,Fatal,Hit and Run,NH,13.023994,77.716379
K R Puram,2018,Fatal,Hit and Run,City or Town Road,13.008334,77.695446
K R Puram,2018,Damage Only,Hit and Run,City or Town Road,13.017582,77.659085
K R Puram,2018,Fatal,Others,City or Town Road,13.030475,77.688772
K R Puram,2018,Fatal,Hit and Run,City or Town Road,13.204459,77.707091
K R Puram,2018,Simple Injury,Rear end,City or Town Road,13.008695,77.655725
K R Puram,2018,Fatal,Hit and Run,City or Town Road,12.997196,77.664196
K R Puram,2018,Fatal,Hit and Run,City or Town Road,13.01478,77.700758
K R Puram,2018,Fatal,Hit and Run,City or Town Road,12.997923,77.689255
K R Puram,2018,Fatal,Rear end,City or Town Road,13.002073,77.663276
K R Puram,2018,Fatal,Rear end,City or Town Road,13.004243,77.655808
K R Puram,2018,Fatal,Hit and Run,Service Road,13.005036,77.684701
K R Puram,2018,Fatal,Hit and Run,City or Town Road,12.996325,77.66795
K R Puram,2018,Fatal,Hit and Run,City or Town Road,13.000701,77.663414
K R Puram,2018,Fatal,Hit and Run,City or Town Road,13.023757,77.716126
K R Puram,2018,Fatal,Rear end,City or Town Road,13.012079,77.662351
K R Puram,2018,Fatal,Rear end,City or Town Road,13.032364,77.671385
K R Puram,2018,Fatal,Right Turn Collision,Others,13.000312,77.678615
K R Puram,2018,Fatal,Hit bicyclist,City or Town Road,13.009144,77.650154
K R Puram,2018,Fatal,Hit pedestrian,NH,13.02110462,77.7000297
K R Puram,2018,Fatal,Hit and Run,City or Town Road,13.040245,77.677643
K R Puram,2018,Fatal,Rear end,City or Town Road,13.000356,77.683344
K R Puram,2018,Fatal,Rear end,City or Town Road,12.993047,77.706194
K R Puram,2018,Fatal,Rear end,City or Town Road,12.996737,77.669161
K R Puram,2018,Fatal,Hit and Run,City or Town Road,12.994621,77.703648
K R Puram,2018,Grievous Injury,Rear end,NH,13.001035,77.678075
K R Puram,2018,Fatal,Rear end,City or Town Road,12.990569,77.714119
K R Puram,2018,Fatal,Hit and Run,City or Town Road,13.013327,77.679643
K R Puram,2019,Grievous Injury,Rear end,City or Town Road,13.016407,77.661689
K R Puram,2019,Grievous Injury,Rear end,City or Town Road,12.990664,77.687715
K R Puram,2019,Grievous Injury,Rear end,City or Town Road,13.002767,77.663241
K R Puram,2019,Fatal,Not Applicable,One way,12.999731,77.675856
K R Puram,2019,Grievous Injury,Vehicle to Vehicle,Others,12.999931,77.675403
K R Puram,2019,Grievous Injury,Not Applicable,Two way,13.007974,77.662542
K R Puram,2019,Grievous Injury,Not Applicable,Others,12.990461,77.721649
K R Puram,2019,Grievous Injury,Vehicle to Vehicle,One way,12.995083,77.665025
K R Puram,2019,Grievous Injury,Not Applicable,One way,12.996404,77.716583
K R Puram,2019,Grievous Injury,Vehicle to Vehicle,Service Road,12.989527,77.712834
K R Puram,2019,Grievous Injury,Hit pedestrian,Others,13.014337,77.709545
K R Puram,2019,Grievous Injury,Vehicle to Vehicle,Others,12.99241,77.712515
K R Puram,2019,Fatal,Hit and Run,City or Town Road,13.003736,77.663248
K R Puram,2019,Grievous Injury,Not Applicable,Others,12.994653,77.685086
K R Puram,2019,Fatal,Vehicle to Vehicle,Sub Arterial,13.012977,77.663498
K R Puram,2019,Simple Injury,Vehicle to Vehicle,Others,12.978523,77.695424
K R Puram,2019,Grievous Injury,Vehicle to Vehicle,Others,12.980985,77.693906
K R Puram,2019,Grievous Injury,Not Applicable,One way,13.011777,77.65083
K R Puram,2019,Grievous Injury,Not Applicable,Others,12.998853,77.71631
K R Puram,2019,Damage Only,Not Applicable,One way,13.005173,77.684891
K R Puram,2019,Damage Only,Vehicle to Vehicle,Service Road,13.01774,77.659132
K R Puram,2019,Damage Only,Vehicle to Vehicle,Others,13.013431,77.662261
K R Puram,2019,Simple Injury,Vehicle to Vehicle,Others,12.999753,77.675367
K R Puram,2019,Grievous Injury,Vehicle to Vehicle,Service Road,12.999436,77.663541
K R Puram,2019,Grievous Injury,Hit and Run,City or Town Road,12.995655,77.695096
K R Puram,2019,Damage Only,Vehicle to Vehicle,Not Applicable,12.999395,77.674844
K R Puram,2019,Fatal,Not Applicable,NH,12.998164,77.672445
K R Puram,2019,Grievous Injury,Not Applicable,Others,12.994476,77.684957
K R Puram,2019,Grievous Injury,Vehicle to Vehicle,Others,13.000027,77.681635
K R Puram,2019,Simple Injury,Vehicle to Vehicle,NH,13.01316,77.699681
K R Puram,2019,Not Applicable,Not Applicable,Others,13.004154,77.683088
K R Puram,2019,Fatal,Vehicle to Vehicle,NH,13.013193,77.662452
K R Puram,2019,Damage Only,Vehicle to Vehicle,Others,12.996227,77.68376
K R Puram,2019,Grievous Injury,Others,City or Town Road,13.004913,77.684777
K R Puram,2019,Grievous Injury,Rear end,City or Town Road,12.997271,77.670553
K R Puram,2019,Grievous Injury,Hit and Run,City or Town Road,13.017699,77.659146
K R Puram,2019,Fatal,Hit pedestrian,NH,13.024217,77.716695
K R Puram,2019,Fatal,Vehicle to Vehicle,One way,12.994341,77.717815
K R Puram,2019,Fatal,Hit pedestrian,Residential Street,12.993803,77.686615
K R Puram,2019,Damage Only,Rear end,City or Town Road,13.000227,77.681253
K R Puram,2019,Grievous Injury,Rear end,City or Town Road,12.993911,77.666365
K R Puram,2019,Damage Only,Rear end,City or Town Road,12.973452,77.703003
K R Puram,2019,Fatal,Hit and Run,City or Town Road,13.012709,77.664426
K R Puram,2019,Simple Injury,Rear end,City or Town Road,12.979758,77.6948
K R Puram,2019,Grievous Injury,Not Applicable,Others,12.997717,77.663944
K R Puram,2019,Grievous Injury,Not Applicable,Others,13.024491,77.716951
K R Puram,2019,Grievous Injury,Not Applicable,One way,13.003383,77.682352
K R Puram,2019,Fatal,Vehicle to Vehicle,Others,13.012621,77.664602
K R Puram,2019,Simple Injury,Vehicle to Vehicle,Not Applicable,13.017555,77.659534
K R Puram,2019,Grievous Injury,Vehicle to Vehicle,NH,13.0078,77.689454
K R Puram,2019,Damage Only,Vehicle to Vehicle,One way,13.011441,77.674916
K R Puram,2019,Grievous Injury,Hit pedestrian,Others,12.987067,77.690161
K R Puram,2019,Grievous Injury,Vehicle to Vehicle,NH,13.005188,77.684933
K R Puram,2019,Damage Only,Rear end,City or Town Road,13.021928,77.712843
K R Puram,2019,Damage Only,Vehicle to Vehicle,State Highway,12.997967,77.671208
K R Puram,2019,Simple Injury,Rear end,City or Town Road,13.019499,77.710089
K R Puram,2019,Grievous Injury,Vehicle to Vehicle,One way,12.977654,77.692175
K R Puram,2019,Grievous Injury,Not Applicable,One way,13.007262,77.41233
K R Puram,2019,Grievous Injury,Not Applicable,One way,13.014163,77.709542
K R Puram,2019,Grievous Injury,Not Applicable,Others,13.013185,77.862055
K R Puram,2019,Damage Only,Vehicle to Vehicle,NH,12.996868,77.669018
K R Puram,2019,Fatal,Not Applicable,Service Road,12.982291,77.693277
K R Puram,2019,Grievous Injury,Hit and Run,City or Town Road,12.994119,77.685379
K R Puram,2019,Grievous Injury,Rear end,City or Town Road,12.994306,77.684935
K R Puram,2019,Grievous Injury,Rear end,City or Town Road,12.982879,77.692553
K R Puram,2019,Grievous Injury,Rear end,City or Town Road,12.982958,77.692697
K R Puram,2019,Grievous Injury,Not Applicable,Residential Street,12.989305,77.688875
K R Puram,2019,Simple Injury,Vehicle to Vehicle,NH,13.020726,77.686199
K R Puram,2019,Simple Injury,Vehicle to Vehicle,Others,13.014401,77.700495
K R Puram,2019,Fatal,Hit pedestrian,Two way,13.008287,77.662507
K R Puram,2019,Grievous Injury,Not Applicable,One way,12.994001,77.685435
K R Puram,2019,Fatal,Not Applicable,One way,12.971765,77.699337
K R Puram,2019,Simple Injury,Vehicle to Vehicle,Service Road,12.989845,77.672333
K R Puram,2019,Damage Only,Vehicle to Vehicle,Not Applicable,12.982527,77.692987
K R Puram,2019,Fatal,Not Applicable,Others,13.01854,77.677859
K R Puram,2019,Fatal,Hit pedestrian,Service Road,12.994306,77.684949
K R Puram,2019,Simple Injury,Not Applicable,NH,13.008263,77.692422
K R Puram,2019,Grievous Injury,Vehicle to Vehicle,NH,13.007927,77.691432
K R Puram,2019,Damage Only,Rear end,City or Town Road,13.005281,77.685237
K R Puram,2019,Grievous Injury,Vehicle to Vehicle,Others,13.041746,77.679702
K R Puram,2019,Damage Only,Vehicle to Vehicle,Not Applicable,13.020664,77.684224
K R Puram,2019,Grievous Injury,Not Applicable,Others,12.978177,77.708397
K R Puram,2019,Grievous Injury,Vehicle to Vehicle,NH,13.008199,77.694012
K R Puram,2019,Grievous Injury,Vehicle to Vehicle,One way,13.021402,77.713165
K R Puram,2019,Grievous Injury,Vehicle to Vehicle,NH,13.008468,77.693825
K R Puram,2019,Simple Injury,Not Applicable,NH,13.008196,77.694919
K R Puram,2019,Simple Injury,Vehicle to Vehicle,Others,12.992697,77.686359
K R Puram,2019,Fatal,Hit and Run,City or Town Road,13.003743,77.663245
K R Puram,2019,Grievous Injury,Hit and Run,City or Town Road,12.994532,77.684883
K R Puram,2019,Fatal,Vehicle to Vehicle,Service Road,12.978699,77.695381
K R Puram,2019,Damage Only,Not Applicable,Service Road,12.975318,77.697462
K R Puram,2019,Grievous Injury,Vehicle to Vehicle,One way,13.012325,77.76498
K R Puram,2019,Grievous Injury,Not Applicable,Not Applicable,12.993918,77.678607
K R Puram,2019,Grievous Injury,Hit pedestrian,Others,13.013198,77.699736
K R Puram,2019,Grievous Injury,Rear end,City or Town Road,12.994455,77.684843
K R Puram,2019,Damage Only,Rear end,City or Town Road,12.997012,77.669692
K R Puram,2019,Damage Only,Vehicle to Vehicle,Arterial,12.997648,77.671229
K R Puram,2019,Fatal,Not Applicable,NH,13.000987,77.678056
K R Puram,2019,Fatal,Vehicle to Vehicle,NH,13.019623,77.7086832
K R Puram,2019,Damage Only,Hit and Run,City or Town Road,13.002698,77.663351
K R Puram,2019,Grievous Injury,Hit and Run,City or Town Road,12.989258,77.688695
K R Puram,2019,Grievous Injury,Not Applicable,Others,13.0190092,77.655955
K R Puram,2019,Grievous Injury,Vehicle to Vehicle,Service Road,13.002185,77.683233
K R Puram,2019,Fatal,Not Applicable,Service Road,13.004111,77.683052
K R Puram,2019,Grievous Injury,Vehicle to Vehicle,Service Road,13.022044,77.659486
K R Puram,2019,Fatal,Hit pedestrian,Others,13.017055,77.660307
K R Puram,2019,Simple Injury,Rear end,City or Town Road,13.019478,77.708434
K R Puram,2019,Damage Only,Rear end,City or Town Road,13.020511,77.675795
K R Puram,2019,Fatal,Vehicle to Vehicle,NH,13.023139,77.714663
K R Puram,2019,Fatal,Hit pedestrian,NH,12.997291,77.664085
K R Puram,2019,Damage Only,Vehicle to Vehicle,NH,12.997074,77.669769
K R Puram,2019,Grievous Injury,Not Applicable,Others,13.021805,77.712801
K R Puram,2019,Grievous Injury,Not Applicable,Not Applicable,12.996044,77.693752
K R Puram,2019,Fatal,Hit pedestrian,Others,12.988772,77.689195
K R Puram,2019,Damage Only,Vehicle to Vehicle,Others,13.011305,77.674968
K R Puram,2019,Grievous Injury,Vehicle to Vehicle,Not Applicable,12.996953,77.669548
K R Puram,2019,Damage Only,Vehicle to Vehicle,Others,12.97963,77.694744
K R Puram,2019,Grievous Injury,Hit and Run,City or Town Road,13.012733,77.664493
K R Puram,2019,Grievous Injury,Hit and Run,City or Town Road,13.019431,77.708574
K R Puram,2019,Grievous Injury,Rear end,City or Town Road,13.019942,77.714683
K R Puram,2019,Simple Injury,Not Applicable,Not Applicable,12.998104,77.721618
K R Puram,2019,Damage Only,Vehicle to Vehicle,Others,12.998713,77.672743
K R Puram,2019,Fatal,Not Applicable,Arterial,13.009123,77.682667
K R Puram,2019,Fatal,Vehicle to Vehicle,One way,13.041299,77.679727
K R Puram,2019,Grievous Injury,Not Applicable,NH,13.008405,77.675622
K R Puram,2019,Grievous Injury,Vehicle to Vehicle,Others,13.013299,77.662202
K R Puram,2019,Grievous Injury,Not Applicable,Others,13.013512,77.662202
K R Puram,2019,Fatal,Hit and Run,City or Town Road,13.023247,77.714774
K R Puram,2019,Grievous Injury,Rear end,City or Town Road,12.992293,77.718817
K R Puram,2019,Fatal,Vehicle to Vehicle,Others,12.996283,77.683813
K R Puram,2019,Damage Only,Rear end,City or Town Road,12.978036,77.709752
K R Puram,2019,Simple Injury,Vehicle to Vehicle,Not Applicable,12.99044,77.723645
K R Puram,2019,Grievous Injury,Not Applicable,One way,13.008951,77.654584
K R Puram,2019,Damage Only,Not Applicable,Not Applicable,13.001058,77.678229
K R Puram,2019,Grievous Injury,Not Applicable,Service Road,13.003456,77.682475
K R Puram,2019,Grievous Injury,Hit pedestrian,One way,12.994879,77.717807
K R Puram,2019,Damage Only,Vehicle to Vehicle,Others,12.992251,77.71881
K R Puram,2019,Grievous Injury,Hit and Run,City or Town Road,13.008103,77.692647
K R Puram,2019,Damage Only,Hit parked vehicle,City or Town Road,13.021255,77.676569
K R Puram,2019,Fatal,Hit pedestrian,NH,12.993997,77.685259
K R Puram,2019,Simple Injury,Vehicle to Vehicle,Others,13.02215,77.712649
K R Puram,2019,Fatal,Vehicle to Vehicle,Arterial,12.982141,77.692793
K R Puram,2019,Grievous Injury,Not Applicable,One way,12.996882,77.683498
K R Puram,2019,Grievous Injury,Not Applicable,Others,13.019123,77.707611
K R Puram,2019,Fatal,Not Applicable,Others,12.974922,77.697453
K R Puram,2019,Grievous Injury,Not Applicable,One way,12.993757,77.703794
K R Puram,2019,Grievous Injury,Vehicle to Vehicle,Others,13.037863,77.683606
K R Puram,2019,Grievous Injury,Vehicle to Vehicle,Others,13.016092,77.709317
K R Puram,2019,Grievous Injury,Vehicle to Vehicle,Others,12.976298,77.696889
K R Puram,2019,Fatal,Not Applicable,NH,13.002485,77.680391
K R Puram,2019,Grievous Injury,Hit pedestrian,Others,13.011764,77.717595
K R Puram,2019,Grievous Injury,Rear end,City or Town Road,12.982839,77.692615
K R Puram,2019,Fatal,Rear end,City or Town Road,12.978134,77.707378
K R Puram,2019,Fatal,Hit and Run,City or Town Road,12.994843,77.684918
K R Puram,2019,Damage Only,Rear end,City or Town Road,13.001959,77.663357
K R Puram,2019,Grievous Injury,Vehicle to Vehicle,Service Road,13.017353,77.705317
K R Puram,2019,Fatal,Vehicle to Vehicle,NH,12.997076,77.669566
K R Puram,2019,Grievous Injury,Not Applicable,One way,13.009858,77.682219
K R Puram,2019,Fatal,Hit pedestrian,NH,13.008455,77.695287
K R Puram,2019,Fatal,Vehicle to Vehicle,Residential Street,12.980275,77.694017
K R Puram,2019,Simple Injury,Vehicle to Vehicle,NH,13.023131,77.715212
K R Puram,2019,Simple Injury,Vehicle to Vehicle,NH,13.008315,77.692682
K R Puram,2020,Grievous Injury,Hit pedestrian,Others,13.012642,77.677233
K R Puram,2020,Damage Only,Vehicle to Vehicle,Others,13.012868,77.699649
K R Puram,2020,Simple Injury,Vehicle to Vehicle,Others,13.013214,77.662376
K R Puram,2020,Fatal,Hit pedestrian,Others,12.998348,77.688756
K R Puram,2020,Grievous Injury,Hit pedestrian,Service Road,13.020353,77.710357
K R Puram,2020,Grievous Injury,Not Applicable,Others,12.991139,77.687468
K R Puram,2020,Grievous Injury,Vehicle to Vehicle,One way,13.004847,77.662942
K R Puram,2020,Grievous Injury,Vehicle to Vehicle,Others,13.003525,77.66338
K R Puram,2020,Grievous Injury,Hit pedestrian,Others,13.003731,77.663482
K R Puram,2020,Grievous Injury,Vehicle to Vehicle,Others,12.990509,77.72297
K R Puram,2020,Fatal,Vehicle to Vehicle,NH,13.017183,77.704418
K R Puram,2020,Fatal,Not Applicable,Others,12.97483,77.697762
K R Puram,2020,Grievous Injury,Vehicle to Vehicle,Others,12.974961,77.697411
K R Puram,2020,Grievous Injury,Vehicle to Vehicle,Others,13.01284,77.662294
K R Puram,2020,Fatal,Not Applicable,Mixed,13.00287,77.663164
K R Puram,2020,Grievous Injury,Hit pedestrian,Others,13.000324,77.676589
K R Puram,2020,Grievous Injury,Vehicle to Vehicle,NH,13.008482,77.69597
K R Puram,2020,Grievous Injury,Hit pedestrian,Others,13.017454,77.659163
K R Puram,2020,Simple Injury,Vehicle to Vehicle,Others,12.991221,77.714853
K R Puram,2020,Grievous Injury,Vehicle to Vehicle,Others,13.004193,77.663264
K R Puram,2020,Grievous Injury,Hit pedestrian,Others,12.989289,77.688644
K R Puram,2020,Fatal,Hit pedestrian,Others,12.994874,77.684814
K R Puram,2020,Damage Only,Not Applicable,Others,13.003694,77.663274
K R Puram,2020,Damage Only,Vehicle to Vehicle,Others,13.006076,77.648542
K R Puram,2020,Grievous Injury,Not Applicable,One way,13.011452,77.676775
K R Puram,2020,Fatal,Not Applicable,Others,12.984258,77.69199
K R Puram,2020,Grievous Injury,Hit pedestrian,Not Applicable,13.003654,77.6634456
K R Puram,2020,Grievous Injury,Vehicle to Vehicle,Others,13.00319,77.682009
K R Puram,2020,Simple Injury,Vehicle to Vehicle,Others,12.972679,77.700803
K R Puram,2020,Grievous Injury,Vehicle to Vehicle,Others,13.016426,77.661758
K R Puram,2020,Damage Only,Vehicle to Vehicle,Not Applicable,12.998743,77.673099
K R Puram,2020,Fatal,Hit pedestrian,Others,12.996934,77.669319
K R Puram,2020,Grievous Injury,Vehicle to Vehicle,Others,13.020658,77.710493
K R Puram,2020,Grievous Injury,Vehicle to Vehicle,Others,12.998137,77.671641
K R Puram,2020,Simple Injury,Vehicle to Vehicle,NH,13.008237,77.692541
K R Puram,2020,Fatal,Vehicle to Vehicle,Others,13.008678,77.662681
K R Puram,2020,Grievous Injury,Vehicle to Vehicle,Others,12.982288,77.693119
K R Puram,2020,Grievous Injury,Vehicle to Vehicle,NH,13.019991,77.709719
K R Puram,2020,Fatal,Vehicle to Vehicle,NH,13.025804,77.719782
K R Puram,2020,Grievous Injury,Vehicle to Vehicle,NH,13.017065,77.704572
K R Puram,2020,Simple Injury,Vehicle to Vehicle,One way,13.007128,77.692566
K R Puram,2020,Simple Injury,Vehicle to Vehicle,Others,13.005207,77.702505
K R Puram,2020,Damage Only,Not Applicable,NH,13.01298,77.699611
K R Puram,2020,Fatal,Hit pedestrian,Others,12.986044,77.690788
K R Puram,2020,Damage Only,Vehicle to Vehicle,NH,13.011756,77.698885
K R Puram,2020,Simple Injury,Not Applicable,Two way,12.975053,77.697529
K R Puram,2020,Grievous Injury,Not Applicable,Residential Street,12.994369,77.700725
K R Puram,2020,Simple Injury,Hit pedestrian,NH,13.005017,77.68503
K R Puram,2020,Grievous Injury,Hit pedestrian,Others,12.979687,77.694764
K R Puram,2020,Grievous Injury,Vehicle to Vehicle,Others,13.011672,77.670076
K R Puram,2020,Grievous Injury,Not Applicable,Others,12.990722,77.70028
K R Puram,2020,Grievous Injury,Vehicle to Vehicle,NH,13.019957,77.70967
K R Puram,2020,Grievous Injury,Vehicle to Vehicle,Others,13.019425,77.678175
K R Puram,2020,Grievous Injury,Vehicle to Vehicle,Others,13.006214,77.716984
K R Puram,2020,Grievous Injury,Vehicle to Vehicle,Others,12.993966,77.685169
K R Puram,2020,Grievous Injury,Hit pedestrian,Not Applicable,12.983798,77.692126
K R Puram,2020,Grievous Injury,Hit pedestrian,Others,13.021192,77.679328
K R Puram,2020,Fatal,Not Applicable,Others,13.011561,77.672678
K R Puram,2020,Fatal,Not Applicable,Others,12.995624,77.665676
K R Puram,2020,Grievous Injury,Hit pedestrian,NH,12.997142,77.669511
K R Puram,2020,Grievous Injury,Vehicle to Vehicle,Others,13.017324,77.704653
K R Puram,2020,Simple Injury,Vehicle to Vehicle,Others,13.010344,77.703487
K R Puram,2020,Grievous Injury,Hit pedestrian,Others,13.013708,77.662329
K R Puram,2020,Grievous Injury,Vehicle to Vehicle,Others,13.022694,77.714344
K R Puram,2020,Fatal,Vehicle to Vehicle,Others,12.989427,77.688856
K R Puram,2020,Grievous Injury,Vehicle to Vehicle,Others,12.994128,77.700776
K R Puram,2020,Grievous Injury,Vehicle to Vehicle,Residential Street,13.024059,77.669177
K R Puram,2020,Grievous Injury,Vehicle to Vehicle,Others,12.992619,77.711729
K R Puram,2020,Fatal,Vehicle to Vehicle,Others,13.004837,77.704157
K R Puram,2020,Simple Injury,Vehicle to Vehicle,Others,12.990837,77.687604
K R Puram,2020,Fatal,Not Applicable,NH,13.005534,77.685954
K R Puram,2020,Fatal,Vehicle to Vehicle,Mixed,12.986863,77.708973
K R Puram,2020,Grievous Injury,Not Applicable,Others,12.994205,77.700824
K R Puram,2020,Grievous Injury,Hit pedestrian,Others,13.009932,77.662458
K R Puram,2020,Fatal,Not Applicable,NH,13.005406,77.685514
K R Puram,2020,Grievous Injury,Vehicle to Vehicle,Others,12.991912,77.714732
K R Puram,2020,Damage Only,Vehicle to Vehicle,Others,12.996386,77.664565
K R Puram,2020,Fatal,Vehicle to Vehicle,Others,13.017949,77.658037
K R Puram,2020,Grievous Injury,Hit pedestrian,NH,13.023895,77.716632
K R Puram,2020,Grievous Injury,Vehicle to Vehicle,Others,12.989997,77.679764
K R Puram,2020,Grievous Injury,Vehicle to Vehicle,One way,13.009383,77.696732
K R Puram,2020,Damage Only,Not Applicable,Others,12.982982,77.692475
K R Puram,2020,Damage Only,Vehicle to Vehicle,Others,13.006257,77.699908
K R Puram,2020,Damage Only,Vehicle to Vehicle,NH,13.019484,77.708458
K R Puram,2020,Grievous Injury,Vehicle to Vehicle,Others,13.001266,77.660392
K R Puram,2020,Grievous Injury,Vehicle to Vehicle,Service Road,13.00031,77.676211
K R Puram,2020,Grievous Injury,Vehicle to Vehicle,NH,13.017142,77.704446
K R Puram,2020,Grievous Injury,Vehicle to Vehicle,Others,12.997519,77.670328
K R Puram,2020,Simple Injury,Vehicle to Vehicle,Others,12.994552,77.664517
K R Puram,2020,Fatal,Vehicle to Vehicle,NH,13.019441,77.708533
K R Puram,2020,Fatal,Vehicle to Vehicle,Mixed,13.004611,77.719195
K R Puram,2020,Grievous Injury,Vehicle to Vehicle,NH,12.9995,77.663382
K R Puram,2020,Grievous Injury,Vehicle to Vehicle,NH,13.017564,77.705293
K R Puram,2020,Simple Injury,Vehicle to Vehicle,Others,13.036498,77.665196
K R Puram,2020,Simple Injury,Vehicle to Vehicle,Others,13.000333,77.676571
K R Puram,2020,Grievous Injury,Vehicle to Vehicle,Others,13.000272,77.680513
K R Puram,2020,Grievous Injury,Vehicle to Vehicle,Others,12.99907,77.663586
K R Puram,2020,Grievous Injury,Hit pedestrian,Others,13.017537,77.659373
K R Puram,2020,Grievous Injury,Vehicle to Vehicle,Not Applicable,13.005782,77.65046
K R Puram,2020,Simple Injury,Not Applicable,Others,12.99598,77.665023
K R Puram,2020,Fatal,Hit pedestrian,Others,12.994257,77.685119
K R Puram,2020,Grievous Injury,Vehicle to Vehicle,Others,12.983068,77.693703
K R Puram,2020,Grievous Injury,Vehicle to Vehicle,Others,13.00155,77.676562
K R Puram,2020,Damage Only,Not Applicable,Others,12.991083,77.721707
K R Puram,2020,Simple Injury,Hit animal,Others,13.003581,77.723455
K R Puram,2020,Grievous Injury,Vehicle to Vehicle,Others,13.022629,77.696431
K R Puram,2020,Grievous Injury,Not Applicable,Others,12.975624,77.697003
K R Puram,2020,Grievous Injury,Hit pedestrian,Others,13.009525,77.696615
K R Puram,2020,Grievous Injury,Vehicle to Vehicle,Others,12.992931,77.686202
K R Puram,2020,Fatal,Vehicle to Vehicle,Others,13.01755,77.659067
K R Puram,2020,Damage Only,Vehicle to Vehicle,Others,13.023844,77.716008
K R Puram,2020,Grievous Injury,Vehicle to Vehicle,Others,12.980385,77.723743
K R Puram,2020,Grievous Injury,Vehicle to Vehicle,NH,13.025138,77.718629
K R Puram,2020,Fatal,Not Applicable,Two way,12.992913,77.708299
K R Puram,2020,Fatal,Vehicle to Vehicle,Others,12.982541,77.692614
K R Puram,2020,Grievous Injury,Vehicle to Vehicle,NH,12.999387,77.674778
K R Puram,2020,Damage Only,Vehicle to Vehicle,NH,13.008088,77.692531
K R Puram,2020,Grievous Injury,Vehicle to Vehicle,Others,13.003383,77.663677
K R Puram,2020,Simple Injury,Vehicle to Vehicle,NH,13.017964,77.657785
K R Puram,2020,Grievous Injury,Vehicle to Vehicle,Others,12.992019,77.715131
K R Puram,2020,Grievous Injury,Vehicle to Vehicle,NH,13.019385,77.708616
K R Puram,2020,Grievous Injury,Vehicle to Vehicle,Others,13.021805,77.720618
K R Puram,2020,Grievous Injury,Vehicle to Vehicle,Others,13.011595,77.671523
K R Puram,2020,Grievous Injury,Vehicle to Vehicle,Service Road,13.005752,77.650684
K R Puram,2020,Simple Injury,Not Applicable,One way,12.983162,77.692672
K R Puram,2020,Grievous Injury,Vehicle to Vehicle,Service Road,13.004695,77.684619
K R Puram,2020,Grievous Injury,Vehicle to Vehicle,Service Road,13.010503,77.697079
K R Puram,2020,Damage Only,Not Applicable,NH,12.999114,77.674013
K R Puram,2020,Grievous Injury,Vehicle to Vehicle,Others,12.978687,77.695402
K R Puram,2020,Grievous Injury,Vehicle to Vehicle,Others,13.003523,77.682099
K R Puram,2020,Grievous Injury,Vehicle to Vehicle,NH,13.01721,77.704555
K R Puram,2020,Fatal,Not Applicable,Others,13.00042,77.681535
K R Puram,2020,Grievous Injury,Hit pedestrian,Others,13.004857,77.704164
K R Puram,2020,Grievous Injury,Hit pedestrian,NH,13.014459,77.700526
K R Puram,2020,Fatal,Not Applicable,Others,12.983007,77.692223
K R Puram,2020,Fatal,Not Applicable,Mixed,12.982697,77.692702
K R Puram,2020,Grievous Injury,Not Applicable,Others,13.003056,77.663117
K R Puram,2020,Grievous Injury,Hit pedestrian,Others,12.995926,77.684064
K R Puram,2020,Damage Only,Vehicle to Vehicle,Others,13.000398,77.679309
K R Puram,2020,Damage Only,Vehicle to Vehicle,Others,13.00793,77.68941
K R Puram,2020,Grievous Injury,Vehicle to Vehicle,Others,12.99973,77.67579
K R Puram,2020,Fatal,Hit bicyclist,NH,13.003785,77.6822944
K R Puram,2020,Fatal,Not Applicable,Others,12.982691,77.692849
K R Puram,2020,Grievous Injury,Hit pedestrian,Others,12.992212,77.716233
K R Puram,2020,Fatal,Hit pedestrian,NH,13.022738,77.714034
K R Puram,2020,Grievous Injury,Vehicle to Vehicle,NH,12.996902,77.669205
K R Puram,2020,Fatal,Not Applicable,Others,13.016431,77.661586
K R Puram,2020,Grievous Injury,Vehicle to Vehicle,Others,12.992531,77.711458
K R Puram,2020,Fatal,Not Applicable,Service Road,12.982658,77.693033
K R Puram,2020,Fatal,Vehicle to Vehicle,NH,13.013361,77.662202
K R Puram,2020,Grievous Injury,Not Applicable,Others,13.018453,77.65709
K R Puram,2020,Fatal,Not Applicable,NH,13.008404,77.695825
K R Puram,2020,Damage Only,Vehicle to Vehicle,Others,13.010965,77.662503
K R Puram,2020,Fatal,Not Applicable,Service Road,13.016463,77.661359
K R Puram,2020,Damage Only,Vehicle to Vehicle,Others,13.018373,77.672151
K R Puram,2020,Grievous Injury,Vehicle to Vehicle,NH,13.01962,77.708663
K R Puram,2020,Grievous Injury,Vehicle to Vehicle,Others,13.00176,77.66192
K R Puram,2020,Grievous Injury,Vehicle to Vehicle,Others,12.991075,77.707127
K R Puram,2020,Fatal,Vehicle to Vehicle,Service Road,12.988802,77.68881
K R Puram,2021,Damage Only,Vehicle to Vehicle,Others,12.99644,77.690409
K R Puram,2021,Damage Only,Vehicle to Vehicle,Others,13.004962,77.692684
K R Puram,2021,Grievous Injury,Vehicle to Vehicle,Others,13.000187,77.676624
K R Puram,2021,Grievous Injury,Hit pedestrian,Not Applicable,13.007214,77.683764
K R Puram,2021,Simple Injury,Vehicle to Vehicle,Not Applicable,13.003926,77.721638
K R Puram,2021,Fatal,Not Applicable,Others,13.000336,77.679176
K R Puram,2021,Grievous Injury,Vehicle to Vehicle,Not Applicable,13.014251,77.717002
K R Puram,2021,Fatal,Not Applicable,Others,12.985748,77.691176
K R Puram,2021,Simple Injury,Not Applicable,Others,13.022,77.713162
K R Puram,2021,Simple Injury,Not Applicable,Others,13.012828,77.673107
K R Puram,2021,Simple Injury,Vehicle to Vehicle,Others,13.000088,77.676603
K R Puram,2021,Grievous Injury,Vehicle to Vehicle,Others,13.002037,77.683226
K R Puram,2021,Fatal,Not Applicable,Service Road,13.018056,77.657557
K R Puram,2021,Damage Only,Vehicle to Vehicle,Others,12.974702,77.697715
K R Puram,2021,Grievous Injury,Vehicle to Vehicle,Service Road,13.003339,77.682275
K R Puram,2021,Simple Injury,Vehicle to Vehicle,One way,12.992546,77.711581
K R Puram,2021,Grievous Injury,Vehicle to Vehicle,Mixed,13.013269,77.662212
K R Puram,2021,Grievous Injury,Vehicle to Vehicle,Service Road,13.023866,77.71629
K R Puram,2021,Simple Injury,Vehicle to Vehicle,Service Road,13.017644,77.70571
K R Puram,2021,Damage Only,Vehicle to Vehicle,Others,13.01322,77.662318
K R Puram,2021,Simple Injury,Vehicle to Vehicle,Not Applicable,13.024275,77.706943
K R Puram,2021,Simple Injury,Vehicle to Vehicle,NH,12.989975,77.68844
K R Puram,2021,Grievous Injury,Vehicle to Vehicle,Others,12.991141,77.687466
K R Puram,2021,Simple Injury,Vehicle to Vehicle,NH,13.008217,77.692421
K R Puram,2021,Grievous Injury,Vehicle to Vehicle,NH,13.013266,77.699645
K R Puram,2021,Simple Injury,Vehicle to Vehicle,Others,13.009665,77.667482
K R Puram,2021,Grievous Injury,Vehicle to Vehicle,Others,12.989348,77.688606
K R Puram,2021,Damage Only,Vehicle to Vehicle,Others,12.997587,77.670574
K R Puram,2021,Fatal,Vehicle to Vehicle,Service Road,13.018583,77.706727
K R Puram,2021,Fatal,Vehicle to Vehicle,NH,13.005923,77.68673
K R Puram,2021,Grievous Injury,Vehicle to Vehicle,One way,12.992897,77.705761
K R Puram,2021,Fatal,Vehicle to Vehicle,NH,13.013273,77.699613
K R Puram,2021,Grievous Injury,Not Applicable,Others,13.008886,77.696343
K R Puram,2021,Fatal,Not Applicable,Others,13.016459,77.661732
K R Puram,2021,Grievous Injury,Not Applicable,Residential Street,13.010466,77.697604
K R Puram,2021,Grievous Injury,Vehicle to Vehicle,NH,13.010275,77.697595
K R Puram,2021,Simple Injury,Vehicle to Vehicle,NH,13.008349,77.693528
K R Puram,2021,Fatal,Not Applicable,Not Applicable,13.016455,77.66148
K R Puram,2021,Damage Only,Vehicle to Vehicle,NH,12.996886,77.669143
K R Puram,2021,Fatal,Not Applicable,Others,13.015943,77.662072
K R Puram,2021,Simple Injury,Hit pedestrian,Service Road,12.994654,77.721083
K R Puram,2021,Fatal,Hit pedestrian,NH,13.009503,77.696834
K R Puram,2021,Fatal,Hit pedestrian,Others,12.994319,77.700507
K R Puram,2021,Grievous Injury,Vehicle to Vehicle,Not Applicable,12.994135,77.685378
K R Puram,2021,Grievous Injury,Vehicle to Vehicle,Two way,12.986202,77.707822
K R Puram,2021,Grievous Injury,Vehicle to Vehicle,Service Road,12.999673,77.663596
K R Puram,2021,Simple Injury,Vehicle to Vehicle,Service Road,13.012818,77.673099
K R Puram,2021,Simple Injury,Hit pedestrian,Others,13.003196,77.695474
K R Puram,2021,Simple Injury,Vehicle to Vehicle,NH,13.019833,77.709134
K R Puram,2021,Damage Only,Vehicle to Vehicle,Others,13.031774,77.716026
K R Puram,2023,Grievous Injury,Vehicle to Vehicle,Others,13.019255,77.675695
K R Puram,2023,Grievous Injury,Vehicle to Vehicle,Expressway,12.99827,77.721707
K R Puram,2023,Grievous Injury,Hit pedestrian,Major District Road,13.021446,77.711084
K R Puram,2023,Simple Injury,Vehicle to Vehicle,NH,13.019355,77.708337
K R Puram,2023,Simple Injury,Hit pedestrian,Expressway,12.997512,77.670084
K R Puram,2023,Damage Only,Vehicle to Vehicle,Expressway,13.020447,77.690957
K R Puram,2023,Grievous Injury,Vehicle to Vehicle,Arterial,13.024503,77.668721
K R Puram,2023,Grievous Injury,Vehicle to Vehicle,Two way,13.024,77.694212
K R Puram,2023,Grievous Injury,Not Applicable,Expressway,13.004317,77.662975
K R Puram,2023,Grievous Injury,Vehicle to Vehicle,Arterial,13.020656,77.685018
K R Puram,2023,Grievous Injury,Vehicle to Vehicle,Others,13.012868,77.650182
K R Puram,2023,Fatal,Hit pedestrian,Residential Street,13.022744,77.693084
K R Puram,2023,Not Applicable,Vehicle to Vehicle,Others,13.002415,77.664049
K R Puram,2023,Damage Only,Vehicle to Vehicle,Expressway,13.012429,77.699953
K R Puram,2023,Damage Only,Vehicle to Vehicle,NH,13.008959,77.695661
K R Puram,2023,Simple Injury,Vehicle to Vehicle,Expressway,13.012544,77.699824
K R Puram,2023,Grievous Injury,Vehicle to Vehicle,Expressway,13.005279,77.686488
K R Puram,2023,Grievous Injury,Vehicle to Vehicle,Others,13.009962,77.706031
K R Puram,2023,Simple Injury,Vehicle to Vehicle,Not Applicable,13.019966,77.708938
K R Puram,2023,Grievous Injury,Vehicle to Vehicle,Expressway,13.011958,77.674192
K R Puram,2023,Grievous Injury,Vehicle to Vehicle,Arterial,12.993243,77.706434
K R Puram,2023,Grievous Injury,Vehicle to Vehicle,Arterial,12.99218,77.713493
K R Puram,2023,Grievous Injury,Vehicle to Vehicle,Others,13.027873,77.662344
K R Puram,2023,Grievous Injury,Hit pedestrian,Others,13.019563,77.67553
K R Puram,2023,Grievous Injury,Vehicle to Vehicle,NH,13.019804,77.709021
K R Puram,2023,Grievous Injury,Vehicle to Vehicle,Expressway,13.012105,77.66636
K R Puram,2023,Grievous Injury,Hit pedestrian,Arterial,13.00921,77.696793
K R Puram,2023,Grievous Injury,Vehicle to Vehicle,Arterial,13.005791,77.651075
K R Puram,2023,Damage Only,Vehicle to Vehicle,Others,13.002415,77.664049
K R Puram,2023,Damage Only,Vehicle to Vehicle,Others,13.007348,77.697662
K R Puram,2023,Grievous Injury,Vehicle to Vehicle,Major District Road,13.008223,77.693028
K R Puram,2023,Grievous Injury,Hit pedestrian,Expressway,13.017342,77.704877
K R Puram,2023,Simple Injury,Hit bicyclist,Two way,13.00737,77.709357
K R Puram,2023,Grievous Injury,Vehicle to Vehicle,Expressway,12.996811,77.663455
K R Puram,2023,Grievous Injury,Hit pedestrian,One way,13.010537,77.70515
K R Puram,2023,Grievous Injury,Not Applicable,Others,13.006912,77.700797
K R Puram,2023,Grievous Injury,Vehicle to Vehicle,Expressway,12.998118,77.670773
K R Puram,2023,Grievous Injury,Vehicle to Vehicle,Not Applicable,13.003544,77.662895
K R Puram,2023,Grievous Injury,Vehicle to Vehicle,Arterial,13.021931,77.698453
K R Puram,2023,Fatal,Not Applicable,Major District Road,13.004027,77.683205
K R Puram,2023,Damage Only,Vehicle to Vehicle,Expressway,13.016422,77.703664
K R Puram,2023,Simple Injury,Vehicle to Vehicle,Expressway,13.016422,77.703889
K R Puram,2023,Grievous Injury,Vehicle to Vehicle,Expressway,13.009868,77.662297
K R Puram,2023,Grievous Injury,Hit pedestrian,Others,13.016767,77.669115
K R Puram,2023,Grievous Injury,Not Applicable,Expressway,13.01729,77.660192
K R Puram,2023,Grievous Injury,Vehicle to Vehicle,Expressway,13.024802,77.684486
K R Puram,2023,Damage Only,Vehicle to Vehicle,Expressway,12.998118,77.670773
K R Puram,2023,Grievous Injury,Hit pedestrian,Expressway,13.021241,77.67865
K R Puram,2023,Grievous Injury,Vehicle to Vehicle,Major District Road,12.997501,77.669923
K R Puram,2023,Fatal,Not Applicable,Service Road,13.012644,77.662474
K R Puram,2023,Grievous Injury,Hit pedestrian,Others,13.011049,77.710011
K R Puram,2023,Simple Injury,Hit pedestrian,Two way,13.021446,77.711083
K R Puram,2023,Damage Only,Vehicle to Vehicle,Major District Road,13.01729,77.660192
K R Puram,2023,Damage Only,Vehicle to Vehicle,Expressway,13.028617,77.692321
K R Puram,2023,Grievous Injury,Vehicle to Vehicle,Others,13.024053,77.694084
K R Puram,2023,Grievous Injury,Vehicle to Vehicle,Expressway,13.01218,77.666809
K R Puram,2023,Fatal,Hit pedestrian,Others,12.997721,77.670336
K R Puram,2023,Grievous Injury,Vehicle to Vehicle,Others,13.025015,77.719356
K R Puram,2023,Grievous Injury,Vehicle to Vehicle,Arterial,13.018565,77.70727
K R Puram,2023,Damage Only,Vehicle to Vehicle,Expressway,13.015304,77.665395
K R Puram,2023,Simple Injury,Vehicle to Vehicle,Expressway,13.016969,77.704546
K R Puram,2023,Fatal,Hit pedestrian,Residential Street,13.046159,77.679897
Kamakshipalya,2017,Grievous Injury,Not Applicable,Two way,12.968211,77.512784
Kamakshipalya,2017,Fatal,Hit and Run,Not Applicable,12.987775,77.51343
Kamakshipalya,2017,Grievous Injury,Head on,City or Town Road,12.968211,77.512784
Kamakshipalya,2018,Grievous Injury,Hit pedestrian,Two way,12.978051,77.514735
Kamakshipalya,2019,Grievous Injury,Hit pedestrian,Others,12.983158,77.502503
Kamakshipalya,2019,Simple Injury,Vehicle to Vehicle,Others,12.951814,77.497433
Kamakshipalya,2019,Grievous Injury,Not Applicable,State Highway,12.999753,77.504332
Kamakshipalya,2019,Grievous Injury,Vehicle to Vehicle,Two way,12.96556,77.509539
Kamakshipalya,2020,Simple Injury,Not Applicable,Others,12.975,77.517
Kamakshipalya,2020,Grievous Injury,Not Applicable,Two way,12.948652,77.497056
Kamakshipalya,2021,Fatal,Not Applicable,Others,12.949409,77.471809
Kamakshipalya,2021,Fatal,Hit pedestrian,Others,12.957584,77.503154
Kamakshipalya,2022,Grievous Injury,Vehicle to Vehicle,Expressway,12.964217,77.512186
Kamakshipalya,2022,Grievous Injury,Hit pedestrian,State Highway,12.983902,77.528991
Kamakshipalya,2022,Fatal,Vehicle to Vehicle,Service Road,12.991196,77.520597
Kamakshipalya,2022,Fatal,Not Applicable,Two way,12.939561,77.507949
Kamakshipalya,2022,Fatal,Vehicle to Vehicle,One way,12.987895,77.515648
Kamakshipalya,2022,Fatal,Vehicle to Vehicle,Sub Arterial,12.93738859,77.5111602
Kamakshipalya,2022,Grievous Injury,Vehicle to Vehicle,Residential Street,12.994301,77.521842
Kamakshipalya,2022,Fatal,Not Applicable,Not Applicable,12.952502,77.500959
Kamakshipalya,2022,Fatal,Vehicle to Vehicle,Sub Arterial,12.994487,77.522093
Kamakshipalya,2023,Grievous Injury,Hit pedestrian,Arterial,13.139914,77.375675
Kamakshipalya,2023,Grievous Injury,Not Applicable,Arterial,12.972247,77.512688
Kamakshipalya,2023,Damage Only,Vehicle to Vehicle,Arterial,12.961025,77.512688
Kamakshipalya,2023,Grievous Injury,Vehicle to Vehicle,Two way,12.971565,77.498696
Kamakshipalya,2023,Fatal,Vehicle to Vehicle,Sub Arterial,12.984556,77.556545
Kamakshipalya,2023,Fatal,Hit pedestrian,State Highway,12.98713,77.491998
Kamakshipalya,2023,Not Applicable,Hit pedestrian,Others,12.971599,77.594566
Kamakshipalya,2023,Grievous Injury,Vehicle to Vehicle,Arterial,13.006752,77.561737
Kamakshipalya,2023,Grievous Injury,Vehicle to Vehicle,Sub Arterial,12.997639,77.523646
Kamakshipalya,2023,Grievous Injury,Vehicle to Vehicle,Arterial,12.990615,77.487875
Kamakshipalya,2023,Fatal,Vehicle to Vehicle,State Highway,12.987316,77.519743
Kamakshipalya,2023,Damage Only,Vehicle to Vehicle,Sub Arterial,12.9845,77.511677
Kamakshipalya,2023,Fatal,Vehicle to Vehicle,State Highway,12.98564,77.546056
Kamakshipalya,2023,Fatal,Hit pedestrian,Sub Arterial,12.960445,77.54065
Kamakshipalya,2023,Damage Only,Vehicle to Vehicle,Sub Arterial,12.899162,77.616859
Kamakshipalya,2023,Grievous Injury,Vehicle to Vehicle,Sub Arterial,13.01026168,77.49657165
Kamakshipalya,2023,Fatal,Vehicle to Vehicle,Arterial,12.971834,77.507723
Kamakshipalya,2023,Grievous Injury,Not Applicable,Arterial,12.972274,77.508051
Kamakshipalya,2023,Fatal,Vehicle to Vehicle,State Highway,12.985651,77.484244
Kamakshipalya,2023,Damage Only,Vehicle to Vehicle,State Highway,12.96988,77.55731
Kamakshipalya,2023,Grievous Injury,Vehicle to Vehicle,Sub Arterial,12.998401,77.50324
Kamakshipalya,2023,Grievous Injury,Vehicle to Vehicle,Arterial,12.984371,77.528034
Kamakshipalya,2023,Grievous Injury,Hit pedestrian,Sub Arterial,13.031359,77.570244
Kamakshipalya,2023,Fatal,Hit pedestrian,Sub Arterial,12.935681,77.512866
Kamakshipalya,2023,Grievous Injury,Hit pedestrian,Two way,12.96187,77.503371
Kamakshipalya,2023,Grievous Injury,Vehicle to Vehicle,Sub Arterial,12.985626,77.568524
Kamakshipalya,2023,Fatal,Vehicle to Vehicle,Sub Arterial,12.994343,77.488927
Kamakshipalya,2023,Grievous Injury,Vehicle to Vehicle,Sub Arterial,12.98678,77.52072
Kamakshipalya,2023,Grievous Injury,Hit pedestrian,State Highway,12.96988,77.55731
Kamakshipalya,2023,Grievous Injury,Vehicle to Vehicle,Arterial,12.961025,77.512688
Kamakshipalya,2023,Grievous Injury,Hit pedestrian,State Highway,12.988376,77.51625
Kamakshipalya,2023,Grievous Injury,Hit pedestrian,Residential Street,13.0092783,77.482545
Kamakshipalya,2023,Grievous Injury,Vehicle to Vehicle,Arterial,12.972442,77.580643
Kamakshipalya,2023,Grievous Injury,Not Applicable,Arterial,12.96844,77.48199
Kamakshipalya,2023,Grievous Injury,Vehicle to Vehicle,Service Road,12.970136,77.512522
Kamakshipalya,2023,Grievous Injury,Hit pedestrian,Sub Arterial,12.973078,77.513129
Kamakshipalya,2023,Grievous Injury,Not Applicable,Sub Arterial,12.993067,77.521617
Kamakshipalya,2023,Fatal,Hit pedestrian,State Highway,12.965415,77.565152
Kamakshipalya,2023,Simple Injury,Hit pedestrian,Sub Arterial,12.995739,77.502409
Kamakshipalya,2023,Grievous Injury,Vehicle to Vehicle,Sub Arterial,12.963093,77.512637
Kamakshipalya,2023,Grievous Injury,Not Applicable,Arterial,13.069521,77.582284
Kamakshipalya,2023,Fatal,Not Applicable,Sub Arterial,12.986541,77.564562
Kamakshipalya,2023,Damage Only,Vehicle to Vehicle,State Highway,13.030032,77.604721
Kamakshipalya,2023,Grievous Injury,Hit pedestrian,State Highway,12.98677,77.49125
Kamakshipalya,2023,Grievous Injury,Not Applicable,Sub Arterial,12.84479,77.36961
Kamakshipalya,2023,Grievous Injury,Not Applicable,Arterial,12.961025,77.522688
Kamakshipalya,2023,Grievous Injury,Hit pedestrian,Major District Road,12.973022,77.512703
Kamakshipalya,2023,Grievous Injury,Hit pedestrian,State Highway,12.990244,77.504203
Kamakshipalya,2023,Grievous Injury,Vehicle to Vehicle,Service Road,12.981811,77.517167
Kamakshipalya,2023,Grievous Injury,Hit pedestrian,Sub Arterial,12.972855,77.512753
Kamakshipalya,2023,Grievous Injury,Hit pedestrian,Arterial,12.972907,77.512157
Kamakshipalya,2023,Damage Only,Vehicle to Vehicle,Sub Arterial,12.972442,77.580643
Kamakshipalya,2023,Grievous Injury,Vehicle to Vehicle,Residential Street,13.000139,77.485143
Kamakshipalya,2023,Simple Injury,Not Applicable,Arterial,12.961025,77.512688
Kamakshipalya,2023,Simple Injury,Vehicle to Vehicle,Sub Arterial,12.961025,77.512688
Kamakshipalya,2023,Grievous Injury,Vehicle to Vehicle,Sub Arterial,12.899162,77.616859
Kamakshipalya,2023,Grievous Injury,Hit pedestrian,Arterial,12.917212,77.457126
Kamakshipalya,2023,Grievous Injury,Not Applicable,Sub Arterial,12.9832,77.4787
Kamakshipalya,2023,Grievous Injury,Vehicle to Vehicle,Sub Arterial,12.998038,77.523412
Kamakshipalya,2023,Grievous Injury,Vehicle to Vehicle,Sub Arterial,12.974646,77.513335
Kamakshipalya,2023,Grievous Injury,Vehicle to Vehicle,Arterial,12.990946,77.507925
Kamakshipalya,2023,Fatal,Not Applicable,Sub Arterial,12.965842,77.541258
Kamakshipalya,2023,Fatal,Not Applicable,Arterial,12.961316,77.51259
Kamakshipalya,2023,Simple Injury,Vehicle to Vehicle,Others,12.990067,77.501609
Kamakshipalya,2023,Fatal,Vehicle to Vehicle,State Highway,12.975414,77.541247
Kamakshipalya,2023,Fatal,Vehicle to Vehicle,State Highway,12.987446,77.492662
Kamakshipalya,2023,Grievous Injury,Hit pedestrian,Major District Road,12.985923,77.486061
Kamakshipalya,2023,Grievous Injury,Hit pedestrian,Sub Arterial,12.964784,77.504986
Kamakshipalya,2023,Grievous Injury,Hit pedestrian,Sub Arterial,12.985803,77.511485
Kamakshipalya,2023,Fatal,Not Applicable,NH,12.999698,77.473998
Kamakshipalya,2023,Grievous Injury,Vehicle to Vehicle,Sub Arterial,12.977101,77.514201
Kamakshipalya,2023,Grievous Injury,Vehicle to Vehicle,State Highway,12.964585,77.562546
Kamakshipalya,2023,Fatal,Not Applicable,State Highway,12.984576,77.553011
Kamakshipalya,2023,Damage Only,Vehicle to Vehicle,Others,12.98995,77.47285
Kamakshipalya,2023,Damage Only,Vehicle to Vehicle,Arterial,12.961025,77.512688
Kamakshipalya,2023,Grievous Injury,Vehicle to Vehicle,Arterial,13.010816,77.493259
Kamakshipalya,2023,Grievous Injury,Vehicle to Vehicle,Arterial,12.97182,77.5079
Kamakshipalya,2023,Grievous Injury,Vehicle to Vehicle,Sub Arterial,12.961025,77.512688
Kamakshipalya,2023,Fatal,Vehicle to Vehicle,One way,12.9609783,77.4792983
Kamakshipalya,2023,Grievous Injury,Vehicle to Vehicle,Sub Arterial,12.993818,77.513721
Kamakshipalya,2023,Grievous Injury,Vehicle to Vehicle,Arterial,12.980769,77.50609
Kamakshipalya,2023,Grievous Injury,Vehicle to Vehicle,Arterial,12.972442,77.580643
Kamakshipalya,2023,Simple Injury,Hit pedestrian,State Highway,12.983547,77.494574
Kamakshipalya,2023,Fatal,Vehicle to Vehicle,Major District Road,12.991468,77.472604
Kengeri,2017,Fatal,Hit pedestrian,NH,12.9195572,77.4921234
Kengeri,2017,Fatal,Side swipe,NH,12.9035241,77.4700867
Kengeri,2017,Grievous Injury,Others,City or Town Road,12.9039457,77.5092279
Kengeri,2017,Fatal,Skidding or Self accident,Others,12.8945076,77.5147398
Kengeri,2017,Fatal,Side impact or Right angle,Expressway,12.8957423,77.4763041
Kengeri,2017,Grievous Injury,Hit pedestrian,NH,12.9142246,77.4866588
Kengeri,2022,Grievous Injury,Hit pedestrian,Others,12.916121,77.509067
Kengeri,2022,Grievous Injury,Vehicle to Vehicle,Others,12.934235,77.531424
Kengeri,2022,Fatal,Vehicle to Vehicle,NH,12.922905,77.495975
Kengeri,2022,Grievous Injury,Vehicle to Vehicle,NH,12.931277,77.506449
Kengeri,2022,Grievous Injury,Vehicle to Vehicle,NH,12.906666,77.473155
Kengeri,2022,Fatal,Vehicle to Vehicle,Others,12.883628,77.500799
Kengeri,2022,Grievous Injury,Vehicle to Vehicle,NH,12.897301,77.531732
Kengeri,2022,Grievous Injury,Hit pedestrian,NH,12.913949,77.486228
Kengeri,2022,Grievous Injury,Hit bicyclist,Others,12.888366,77.525357
Kengeri,2022,Fatal,Vehicle to Vehicle,NH,12.909849,77.480361
Kengeri,2022,Grievous Injury,Vehicle to Vehicle,Others,12.909142,77.513162
Kengeri,2022,Fatal,Not Applicable,Expressway,12.937459,77.469325
Kengeri,2022,Fatal,Not Applicable,Others,12.903872,77.525357
Kengeri,2022,Fatal,Vehicle to Vehicle,Mixed,12.904023,77.511723
Kengeri,2022,Fatal,Hit pedestrian,Expressway,12.921408,77.469146
Kengeri,2022,Fatal,Hit pedestrian,Others,12.91063,77.486607
Kengeri,2022,Fatal,Vehicle to Vehicle,Others,12.928142,77.531732
Kengeri,2022,Grievous Injury,Hit pedestrian,Others,12.92906,77.486756
Kengeri,2022,Fatal,Hit pedestrian,Others,12.887039,77.485939
Kengeri,2022,Fatal,Vehicle to Vehicle,NH,12.910465,77.484077
Kengeri,2022,Simple Injury,Vehicle to Vehicle,Others,12.895767,77.47628
Kengeri,2022,Grievous Injury,Vehicle to Vehicle,Others,12.90839,77.512302
Kengeri,2022,Grievous Injury,Vehicle to Vehicle,NH,12.922759,77.496062
Kengeri,2022,Grievous Injury,Vehicle to Vehicle,Others,12.887399,77.525929
Kengeri,2022,Fatal,Vehicle to Vehicle,Others,12.895687,77.476268
Kengeri,2022,Grievous Injury,Vehicle to Vehicle,Others,12.928357,77.474157
Kengeri,2022,Fatal,Vehicle to Vehicle,Others,12.915387,77.46765
Kengeri,2022,Fatal,Vehicle to Vehicle,Residential Street,12.91715979,77.50996989
Kengeri,2022,Simple Injury,Vehicle to Vehicle,Others,12.850214,77.589437
Kengeri,2022,Grievous Injury,Vehicle to Vehicle,Others,12.911833,77.48513
Kengeri,2022,Fatal,Hit pedestrian,Others,12.897301,77.512424
Kengeri,2022,Fatal,Not Applicable,Residential Street,12.882088,77.497582
Kengeri,2022,Grievous Injury,Not Applicable,NH,12.927895,77.502428
Kengeri,2022,Grievous Injury,Vehicle to Vehicle,NH,12.930563,77.506123
Kengeri,2022,Damage Only,Vehicle to Vehicle,NH,12.895687,77.469313
Kengeri,2022,Fatal,Vehicle to Vehicle,Others,12.913948,77.467469
Kengeri,2022,Simple Injury,Vehicle to Vehicle,Others,12.904046,77.511839
Kengeri,2022,Fatal,Hit pedestrian,Others,12.903238,77.51659
Kengeri,2022,Damage Only,Not Applicable,NH,12.888366,77.525357
Kengeri,2022,Grievous Injury,Vehicle to Vehicle,Others,12.912136,77.513619
Kengeri,2022,Fatal,Not Applicable,NH,12.914324,77.486904
Kengeri,2022,Fatal,Vehicle to Vehicle,NH,12.921789,77.493914
Kengeri,2022,Damage Only,Not Applicable,Others,12.919398,77.468863
Kengeri,2022,Damage Only,Vehicle to Vehicle,Others,12.926249,77.488192
Kengeri,2022,Grievous Injury,Not Applicable,Others,12.883628,77.531732
Kengeri,2022,Fatal,Hit pedestrian,Residential Street,12.910268,77.490226
Kengeri,2022,Fatal,Vehicle to Vehicle,Expressway,12.907015,77.468912
Kengeri,2022,Damage Only,Not Applicable,Others,12.892488,77.469312
Kengeri,2022,Fatal,Vehicle to Vehicle,Others,12.89535,77.476742
Kengeri,2022,Fatal,Not Applicable,Others,12.901781,77.470602
Kengeri,2022,Grievous Injury,Hit pedestrian,Others,12.897301,77.512424
Kengeri,2022,Grievous Injury,Vehicle to Vehicle,Others,12.919029,77.477441
Kengeri,2022,Damage Only,Vehicle to Vehicle,Others,12.897301,77.525357
Kengeri,2022,Grievous Injury,Vehicle to Vehicle,NH,12.887399,77.525357
Kengeri,2022,Grievous Injury,Vehicle to Vehicle,Others,12.927895,77.525511
Kengeri,2022,Grievous Injury,Hit pedestrian,NH,12.926457,77.500487
Kengeri,2022,Damage Only,Not Applicable,NH,12.924213,77.498295
Kengeri,2022,Grievous Injury,Vehicle to Vehicle,Others,12.883628,77.512302
Kengeri,2022,Fatal,Not Applicable,NH,12.91026,77.481538
Kengeri,2022,Fatal,Not Applicable,Others,12.929884,77.474738
Kengeri,2022,Fatal,Not Applicable,NH,12.905236,77.471556
Kengeri,2022,Grievous Injury,Vehicle to Vehicle,Others,12.919288,77.468773
Kengeri,2022,Grievous Injury,Not Applicable,Others,12.882088,77.531732
Kengeri,2022,Grievous Injury,Hit bicyclist,Others,12.933572,77.525929
Kengeri,2022,Damage Only,Vehicle to Vehicle,Others,12.926064,77.517882
Kengeri,2022,Grievous Injury,Vehicle to Vehicle,Others,12.880704,77.496959
Kengeri,2022,Damage Only,Vehicle to Vehicle,Others,12.850219,77.468863
Kengeri,2022,Fatal,Vehicle to Vehicle,NH,12.922719,77.495941
Kengeri,2022,Simple Injury,Vehicle to Vehicle,Others,12.914818,77.467469
Kengeri,2022,Grievous Injury,Vehicle to Vehicle,Others,12.928142,77.525511
Kengeri,2022,Fatal,Vehicle to Vehicle,Others,12.907247,77.468778
Kengeri,2022,Grievous Injury,Hit pedestrian,Others,12.92344,77.52218
Kengeri,2022,Grievous Injury,Vehicle to Vehicle,Not Applicable,12.927895,77.525511
Kengeri,2023,Grievous Injury,Hit pedestrian,Others,12.934235,77.525929
Kengeri,2023,Fatal,Hit pedestrian,Not Applicable,12.941547,77.49355
Kengeri,2023,Grievous Injury,Vehicle to Vehicle,Others,12.883628,77.46886
Kengeri,2023,Not Applicable,Vehicle to Vehicle,Others,12.904013,77.474355
Kengeri,2023,Fatal,Not Applicable,Others,12.909049,77.499644
Kengeri,2023,Fatal,Not Applicable,Others,12.951824,77.477423
Kengeri,2023,Grievous Injury,Hit pedestrian,NH,12.926272,77.500248
Kengeri,2023,Grievous Injury,Vehicle to Vehicle,Others,12.904701,77.470602
Kengeri,2023,Not Applicable,Vehicle to Vehicle,Others,12.970967,77.673108
Kengeri,2023,Simple Injury,Vehicle to Vehicle,State Highway,12.934231,77.525929
Kengeri,2023,Fatal,Vehicle to Vehicle,Two way,12.903757,77.514118
Kengeri,2023,Damage Only,Vehicle to Vehicle,Others,12.887399,77.467549
Kengeri,2023,Damage Only,Not Applicable,Others,12.898915,77.473152
Kengeri,2023,Grievous Injury,Vehicle to Vehicle,Others,12.966359,77.52083
Kengeri,2023,Grievous Injury,Vehicle to Vehicle,Others,12.934235,77.525929
Kengeri,2023,Fatal,Hit pedestrian,Expressway,12.913021,77.467533
Kengeri,2023,Grievous Injury,Vehicle to Vehicle,Others,12.964461,77.470837
Kengeri,2023,Simple Injury,Not Applicable,NH,12.888366,77.471556
Kengeri,2023,Simple Injury,Vehicle to Vehicle,Others,12.936373,77.580552
Kengeri,2023,Fatal,Hit pedestrian,NH,12.906791,77.473366
Kengeri,2023,Not Applicable,Vehicle to Vehicle,Others,12.897301,77.471186
Kengeri,2023,Simple Injury,Not Applicable,Others,12.904013,77.479232
Kengeri,2023,Grievous Injury,Vehicle to Vehicle,Others,12.904013,77.470446
Kengeri,2023,Grievous Injury,Vehicle to Vehicle,NH,12.903255,77.470837
Kengeri,2023,Fatal,Hit pedestrian,Expressway,12.920643,77.531994
Kengeri,2023,Simple Injury,Vehicle to Vehicle,Not Applicable,12.934235,77.531732
Kengeri,2023,Fatal,Hit pedestrian,Residential Street,12.90517,77.521044
Kengeri,2023,Damage Only,Hit pedestrian,Others,12.903255,77.473152
Kengeri,2023,Grievous Injury,Vehicle to Vehicle,Others,12.934231,77.525511
Kengeri,2023,Damage Only,Vehicle to Vehicle,Others,12.883628,77.469536
Kengeri,2023,Grievous Injury,Vehicle to Vehicle,Others,12.968255,77.531732
Kengeri,2023,Damage Only,Vehicle to Vehicle,Others,12.903872,77.470446
Kengeri,2023,Grievous Injury,Vehicle to Vehicle,Others,12.887399,77.46899
Kengeri,2023,Fatal,Not Applicable,State Highway,12.904701,77.4708371
Kengeri,2023,Fatal,Vehicle to Vehicle,Not Applicable,12.904029,77.510228
Kengeri,2023,Fatal,Not Applicable,Expressway,12.896303,77.475176
Kengeri,2023,Fatal,Vehicle to Vehicle,Residential Street,12.91315,77.521713
Kengeri,2023,Simple Injury,Vehicle to Vehicle,Others,12.887039,77.471556
Kengeri,2023,Grievous Injury,Vehicle to Vehicle,Others,12.901781,77.470602
Kengeri,2023,Grievous Injury,Vehicle to Vehicle,Others,12.900403,77.469395
Kengeri,2023,Fatal,Vehicle to Vehicle,Service Road,12.893591,77.513502
Kengeri,2023,Fatal,Not Applicable,NH,12.922792,77.496029
Kengeri,2023,Grievous Injury,Not Applicable,NH,12.898915,77.531994
Kengeri,2023,Fatal,Hit pedestrian,Residential Street,12.930403,77.513784
Kengeri,2023,Simple Injury,Vehicle to Vehicle,Others,12.900403,77.469395
Kengeri,2023,Simple Injury,Hit pedestrian,Others,12.896299,77.468863
Kengeri,2023,Fatal,Vehicle to Vehicle,Expressway,12.887604,77.485525
Kengeri,2023,Simple Injury,Hit pedestrian,Others,12.898915,77.470602
Kengeri,2023,Grievous Injury,Vehicle to Vehicle,Others,12.903255,77.470837
Kengeri,2023,Grievous Injury,Vehicle to Vehicle,Others,12.899643,77.531994
Kengeri,2023,Fatal,Vehicle to Vehicle,NH,12.905187,77.471035
Kengeri,2023,Grievous Injury,Hit pedestrian,Two way,12.924671,77.49867
Kengeri,2023,Fatal,Not Applicable,Two way,12.912508,77.483166
Kengeri,2023,Grievous Injury,Vehicle to Vehicle,Others,12.934235,77.531732
Kengeri,2023,Fatal,Vehicle to Vehicle,One way,12.970967,77.471186
Kengeri,2023,Fatal,Vehicle to Vehicle,Expressway,12.968192,77.471169
Kengeri,2023,Grievous Injury,Vehicle to Vehicle,Others,12.888366,77.467569
Kengeri,2023,Grievous Injury,Vehicle to Vehicle,NH,12.887039,77.525511
Kengeri,2023,Fatal,Vehicle to Vehicle,Residential Street,12.912185,77.520887
Kengeri,2023,Damage Only,Vehicle to Vehicle,Others,12.883628,77.469359
Kengeri,2023,Not Applicable,Not Applicable,Others,12.897301,77.468992
Kengeri,2023,Grievous Injury,Vehicle to Vehicle,Others,12.932511,77.516402
Kengeri,2023,Fatal,Hit pedestrian,Residential Street,12.937761,77.489282
Kengeri,2023,Grievous Injury,Vehicle to Vehicle,NH,12.910448,77.483881
Kengeri,2023,Fatal,Vehicle to Vehicle,Others,12.913159,77.467235
Kengeri,2023,Fatal,Vehicle to Vehicle,Expressway,12.962608,77.471322
Kengeri,2023,Not Applicable,Not Applicable,Others,12.887039,77.469536
Kengeri,2023,Fatal,Hit pedestrian,Two way,12.963383,77.48874
Kengeri,2023,Fatal,Not Applicable,Others,12.926014,77.514658
Kengeri,2023,Grievous Injury,Vehicle to Vehicle,Others,12.887746,77.467739
Kengeri,2023,Grievous Injury,Hit pedestrian,Others,12.887399,77.469395
Kengeri,2023,Grievous Injury,Vehicle to Vehicle,Residential Street,12.904023,77.471035
Kengeri,2023,Grievous Injury,Vehicle to Vehicle,Others,12.883628,77.468995
Kengeri,2023,Simple Injury,Vehicle to Vehicle,Not Applicable,12.964461,77.525929
Kengeri,2023,Grievous Injury,Not Applicable,Others,12.936474,77.52083
Kengeri,2023,Fatal,Hit pedestrian,NH,12.912641,77.485288
Kengeri,2023,Grievous Injury,Vehicle to Vehicle,Others,12.898915,77.473152
Kengeri,2023,Grievous Injury,Vehicle to Vehicle,Others,12.968255,77.531732
Kengeri,2023,Grievous Injury,Hit pedestrian,NH,12.924805,77.498793
Kengeri,2023,Grievous Injury,Not Applicable,Others,12.92901,77.474355
Kengeri,2023,Fatal,Vehicle to Vehicle,Others,12.935958,77.469422
Kengeri,2023,Grievous Injury,Vehicle to Vehicle,Others,12.904023,77.469536
Kengeri,2023,Damage Only,Hit pedestrian,Others,12.887039,77.469359
Kengeri,2023,Simple Injury,Vehicle to Vehicle,Two way,12.883628,77.516693
Kengeri,2023,Grievous Injury,Vehicle to Vehicle,NH,12.933572,77.513619
Kengeri,2023,Grievous Injury,Hit pedestrian,NH,12.904029,77.470837
Kengeri,2023,Grievous Injury,Not Applicable,NH,12.897301,77.470446
Kengeri,2023,Fatal,Vehicle to Vehicle,NH,12.904144,77.470546
Kengeri,2023,Grievous Injury,Vehicle to Vehicle,Others,12.900403,77.477431
Kengeri,2023,Grievous Injury,Vehicle to Vehicle,Others,12.897301,77.471651
Kengeri,2023,Grievous Injury,Vehicle to Vehicle,Others,12.900403,77.469395
Kengeri,2023,Simple Injury,Vehicle to Vehicle,Not Applicable,12.933572,77.525511
Kengeri,2023,Simple Injury,Not Applicable,Others,12.883628,77.468778
Kengeri,2023,Grievous Injury,Vehicle to Vehicle,Others,12.893591,77.473152
Kengeri,2023,Damage Only,Hit pedestrian,Others,12.963383,77.691403
Kengeri,2023,Grievous Injury,Vehicle to Vehicle,NH,12.887746,77.467563
Kengeri,2023,Fatal,Vehicle to Vehicle,Others,12.936777,77.512155
Kengeri,2023,Damage Only,Vehicle to Vehicle,Others,12.948849,77.501379
Kengeri,2023,Grievous Injury,Vehicle to Vehicle,Others,12.933572,77.531732
Kengeri,2023,Grievous Injury,Not Applicable,Not Applicable,12.933572,77.525929
Kengeri,2023,Grievous Injury,Hit pedestrian,Others,12.956787,77.478839
Kengeri,2023,Fatal,Hit pedestrian,NH,12.9129,77.485314
Kengeri,2023,Grievous Injury,Vehicle to Vehicle,Others,12.893591,77.470446
Kengeri,2023,Grievous Injury,Vehicle to Vehicle,Others,12.963383,77.467469
Kengeri,2023,Grievous Injury,Not Applicable,Others,12.893591,77.468992
Kengeri,2023,Not Applicable,Not Applicable,Others,12.888366,77.467739
Kengeri,2023,Simple Injury,Not Applicable,Not Applicable,12.905818,77.501722
Kengeri,2023,Fatal,Not Applicable,Two way,12.966359,77.480763
Kengeri,2023,Grievous Injury,Hit pedestrian,Residential Street,12.898915,77.470602
Kengeri,2023,Grievous Injury,Vehicle to Vehicle,Others,12.896299,77.469536
Kengeri,2023,Grievous Injury,Vehicle to Vehicle,Others,12.883628,77.470446
Kengeri,2023,Not Applicable,Vehicle to Vehicle,NH,12.897301,77.470446
Kengeri,2023,Grievous Injury,Vehicle to Vehicle,Others,12.902752,77.471556
Kengeri,2023,Damage Only,Vehicle to Vehicle,Others,12.897301,77.473152
K S Layout,2016,Grievous Injury,Head on,Others,12.90823368,77.53949652
K S Layout,2017,Grievous Injury,Head on,Residential Street,12.89047086,77.57081006
K S Layout,2017,Grievous Injury,Hit pedestrian,State Highway,12.89344428,77.56993532
K S Layout,2017,Simple Injury,Hit and Run,City or Town Road,12.88050587,77.57503794
K S Layout,2017,Grievous Injury,Others,NH,12.8841203,77.5510012
K S Layout,2017,Grievous Injury,Hit pedestrian,City or Town Road,12.88289563,77.56647782
K S Layout,2017,Damage Only,Rear end,NH,12.8831411,77.56498259
K S Layout,2017,Simple Injury,Others,Residential Street,12.83962,77.571729
K S Layout,2017,Grievous Injury,Others,Others,12.936197,77.555886
K S Layout,2017,Fatal,Rear end,City or Town Road,12.861265,77.518625
K S Layout,2017,Fatal,Side swipe,NH,12.89344428,77.56993532
K S Layout,2017,Grievous Injury,Hit and Run,City or Town Road,12.9054085,77.54224539
K S Layout,2017,Grievous Injury,Head on,Others,12.88273327,77.55665531
K S Layout,2017,Simple Injury,Others,City or Town Road,12.90711393,77.5439924
K S Layout,2017,Damage Only,Others,Two way,12.90752818,77.55291611
K S Layout,2017,Damage Only,Rear end,NH,12.88273327,77.55665531
K S Layout,2017,Simple Injury,Others,Others,12.88253699,77.55773814
K S Layout,2017,Damage Only,Others,Others,12.88273327,77.55665531
K S Layout,2017,Grievous Injury,Others,City or Town Road,12.91568054,77.55016337
K S Layout,2017,Fatal,Head on,Two way,12.88253699,77.55773814
K S Layout,2017,Fatal,Hit and Run,City or Town Road,12.870075,77.586013
K S Layout,2017,Grievous Injury,Others,Others,12.88563257,77.5482591
K S Layout,2017,Fatal,Others,Others,12.88253699,77.55773814
K S Layout,2017,Damage Only,Others,NH,12.906527,77.572182
K S Layout,2017,Grievous Injury,Others,Others,12.85389,77.54081
K S Layout,2017,Fatal,Hit bicyclist,City or Town Road,12.856254,77.58003
K S Layout,2017,Fatal,Hit pedestrian,Others,12.90616017,77.52982708
K S Layout,2017,Grievous Injury,Hit pedestrian,City or Town Road,12.90534901,77.54242972
K S Layout,2017,Damage Only,Others,City or Town Road,12.91555492,77.55578319
K S Layout,2017,Fatal,Rear end,Others,12.956482,77.471613
K S Layout,2017,Grievous Injury,Not Applicable,Two way,12.90471042,77.54488816
K S Layout,2017,Damage Only,Head on,City or Town Road,12.90958449,77.55159728
K S Layout,2017,Grievous Injury,Others,City or Town Road,12.91718048,77.55090694
K S Layout,2017,Damage Only,Hit and Run,City or Town Road,12.90942992,77.55478262
K S Layout,2017,Fatal,Rear end,Others,12.90616017,77.52982708
K S Layout,2017,Simple Injury,Others,City or Town Road,12.9142454,77.54672348
K S Layout,2017,Simple Injury,Hit pedestrian,City or Town Road,12.88289439,77.55752851
K S Layout,2017,Fatal,Others,Others,12.856542,77.529974
K S Layout,2017,Simple Injury,Hit pedestrian,City or Town Road,12.90862774,77.55451594
K S Layout,2017,Grievous Injury,Head on,Residential Street,12.88812763,77.58114661
K S Layout,2017,Grievous Injury,Head on,City or Town Road,12.89619414,77.57095214
K S Layout,2017,Fatal,Others,Others,12.90796006,77.53209199
K S Layout,2017,Grievous Injury,Others,City or Town Road,12.88215423,77.56834477
K S Layout,2017,Grievous Injury,Head on,Two way,12.90958449,77.55159728
K S Layout,2017,Damage Only,Head on,City or Town Road,12.9072655,77.53613997
K S Layout,2017,Grievous Injury,Others,City or Town Road,12.88563257,77.5482591
K S Layout,2017,Damage Only,Others,Others,12.89528068,77.55067452
K S Layout,2017,Grievous Injury,Head on,City or Town Road,12.88994985,77.57472108
K S Layout,2017,Fatal,Hit pedestrian,Others,12.860597,77.521024
K S Layout,2017,Simple Injury,Overturning,Residential Street,12.90471042,77.54488816
K S Layout,2017,Fatal,Rear end,Residential Street,12.89189796,77.55236918
K S Layout,2017,Grievous Injury,Others,Two way,12.886335,77.541633
K S Layout,2017,Grievous Injury,Right Turn Collision,City or Town Road,12.89062558,77.56405571
K S Layout,2017,Damage Only,Hit and Run,City or Town Road,12.90591074,77.54967296
K S Layout,2017,Simple Injury,Head on,Others,12.88994985,77.57472108
K S Layout,2017,Fatal,Hit pedestrian,NH,12.89344428,77.56993532
K S Layout,2017,Grievous Injury,Others,City or Town Road,12.745493,77.488566
K S Layout,2017,Fatal,Rear end,City or Town Road,12.856842,77.529974
K S Layout,2017,Grievous Injury,Others,City or Town Road,12.86854765,77.5801126
K S Layout,2017,Grievous Injury,Others,City or Town Road,12.91719593,77.54208621
K S Layout,2017,Simple Injury,Hit pedestrian,Others,12.90958449,77.55159728
K S Layout,2017,Grievous Injury,Others,NH,12.861829,77.529993
K S Layout,2017,Grievous Injury,Head on,City or Town Road,12.86984938,77.58764682
K S Layout,2018,Fatal,Rear end,Others,12.871665,77.500167
K S Layout,2018,Fatal,Rear end,Others,12.865101,77.509915
K S Layout,2018,Fatal,Others,Others,12.852881,77.563311
K S Layout,2018,Fatal,Others,City or Town Road,12.851538,77.549682
K S Layout,2018,Fatal,Head on,Others,12.840809,77.58164
K S Layout,2018,Fatal,Rear end,Others,12.871852,77.49949
K S Layout,2018,Grievous Injury,Others,Others,12.852635,77.527742
K S Layout,2018,Fatal,Others,Others,12.856433,77.531475
K S Layout,2018,Fatal,Rear end,City or Town Road,12.884747,77.58265
K S Layout,2018,Fatal,Drowned,City or Town Road,12.871221,77.566432
K S Layout,2018,Fatal,Hit and Run,City or Town Road,12.884827,77.541503
K S Layout,2018,Fatal,Others,Others,12.851529,77.549787
K S Layout,2018,Fatal,Run Off Road,Village Road,12.879314,77.510879
K S Layout,2018,Grievous Injury,Others,Village Road,12.865101,77.509915
K S Layout,2018,Grievous Injury,Rear end,Others,12.866565,77.578119
K S Layout,2018,Fatal,Rear end,City or Town Road,12.891484,77.560588
K S Layout,2018,Fatal,Rear end,NH,12.859069,77.528358
K S Layout,2018,Fatal,Hit pedestrian,City or Town Road,12.87043,77.580072
K S Layout,2018,Fatal,Others,City or Town Road,12.945086,77.550451
K S Layout,2019,Fatal,Hit pedestrian,Others,12.8492218,77.558551
K S Layout,2019,Fatal,Vehicle to Vehicle,Others,12.87564,77.566829
K S Layout,2019,Fatal,Rear end,City or Town Road,12.8900371,77.564365
K S Layout,2019,Fatal,Hit pedestrian,Residential Street,12.845204,77.581794
K S Layout,2019,Fatal,Not Applicable,Forest Road,12.876921,77.518947
K S Layout,2019,Fatal,Vehicle to Vehicle,NH,12.902382,77.57341
K S Layout,2019,Fatal,Hit pedestrian,Others,12.891679,77.531313
K S Layout,2019,Fatal,Others,City or Town Road,12.911408,77.572943
K S Layout,2019,Fatal,Vehicle to Vehicle,Others,12.849829,77.5577
K S Layout,2019,Fatal,Vehicle to Vehicle,NH,12.886147,77.557423
K S Layout,2020,Fatal,Vehicle to Vehicle,Others,12.882552,77.516357
K S Layout,2020,Fatal,Hit pedestrian,Others,12.850147,77.583795
K S Layout,2020,Fatal,Vehicle to Vehicle,NH,12.87212,77.53894
K S Layout,2020,Fatal,Vehicle to Vehicle,Others,12.857586,77.528227
K S Layout,2020,Fatal,Hit pedestrian,Others,12.85192,77.55288
K S Layout,2020,Fatal,Hit pedestrian,Others,12.848703,77.583929
K S Layout,2020,Fatal,Vehicle to Vehicle,Others,12.892945,77.52789
K S Layout,2020,Fatal,Not Applicable,Others,12.872176,77.499345
K S Layout,2020,Fatal,Not Applicable,NH,12.868979,77.53653
K S Layout,2021,Fatal,Not Applicable,Others,12.858478,77.526088
K S Layout,2021,Fatal,Hit pedestrian,Others,12.852594,77.545318
K S Layout,2021,Fatal,Hit pedestrian,Others,12.871161,77.59295
K S Layout,2021,Fatal,Vehicle to Vehicle,Others,12.869396,77.587904
K S Layout,2021,Fatal,Vehicle to Vehicle,Others,12.862893,77.514883
K S Layout,2021,Fatal,Vehicle to Vehicle,Others,12.850011,77.556383
K S Layout,2021,Fatal,Vehicle to Vehicle,Others,12.848213,77.567083
K S Layout,2021,Fatal,Vehicle to Vehicle,Others,12.856822,77.530311
K S Layout,2021,Fatal,Vehicle to Vehicle,Others,12.857925,77.527591
K S Layout,2021,Fatal,Hit pedestrian,Others,12.850619,77.554296
K S Layout,2021,Fatal,Vehicle to Vehicle,Others,12.866445,77.534633
K S Layout,2021,Fatal,Vehicle to Vehicle,Others,12.861964,77.517703
K S Layout,2021,Fatal,Not Applicable,Others,12.903086,77.530451
K S Layout,2021,Fatal,Vehicle to Vehicle,Others,12.85789,77.527554
K S Layout,2021,Fatal,Vehicle to Vehicle,Others,12.860386,77.521312
K S Layout,2021,Fatal,Hit pedestrian,Others,12.87432467,77.54019209
K S Layout,2021,Fatal,Vehicle to Vehicle,Others,12.849364,77.558724
K S Layout,2021,Fatal,Not Applicable,Others,12.856943,77.530011
K S Layout,2021,Grievous Injury,Vehicle to Vehicle,Others,12.874923,77.510499
K S Layout,2021,Fatal,Hit pedestrian,Others,12.89713,77.571018
K S Layout,2022,Grievous Injury,Vehicle to Vehicle,Others,12.908696,77.548641
K S Layout,2022,Grievous Injury,Vehicle to Vehicle,Expressway,12.86461,77.511026
K S Layout,2022,Grievous Injury,Vehicle to Vehicle,Others,12.889723,77.563401
K S Layout,2022,Grievous Injury,Vehicle to Vehicle,Others,12.856897,77.530159
K S Layout,2022,Grievous Injury,Vehicle to Vehicle,Expressway,12.873466,77.497748
K S Layout,2022,Grievous Injury,Hit pedestrian,Others,12.880828,77.546065
K S Layout,2022,Grievous Injury,Vehicle to Vehicle,Others,12.870871,77.564884
K S Layout,2022,Damage Only,Not Applicable,Others,12.872752,77.566555
K S Layout,2022,Damage Only,Vehicle to Vehicle,Expressway,12.852688,77.544427
K S Layout,2022,Damage Only,Vehicle to Vehicle,Others,12.909693,77.550132
K S Layout,2022,Fatal,Vehicle to Vehicle,Others,12.915593,77.561159
K S Layout,2022,Damage Only,Not Applicable,Others,12.867936,77.572062
K S Layout,2022,Grievous Injury,Vehicle to Vehicle,Expressway,12.850311,77.582564
K S Layout,2022,Fatal,Not Applicable,Others,12.882194,77.565972
K S Layout,2022,Fatal,Vehicle to Vehicle,Others,12.857086,77.530289
K S Layout,2022,Damage Only,Vehicle to Vehicle,Others,12.863648,77.560791
K S Layout,2022,Grievous Injury,Vehicle to Vehicle,Others,12.87643,77.495698
K S Layout,2022,Grievous Injury,Vehicle to Vehicle,Others,12.908716,77.570221
K S Layout,2022,Simple Injury,Vehicle to Vehicle,State Highway,12.856929,77.530073
K S Layout,2022,Fatal,Not Applicable,Others,12.848551,77.572874
K S Layout,2022,Grievous Injury,Hit pedestrian,Others,12.891951,77.572055
K S Layout,2022,Grievous Injury,Hit pedestrian,Others,12.868485,77.516674
K S Layout,2022,Grievous Injury,Vehicle to Vehicle,Others,12.875902,77.5684085
K S Layout,2022,Grievous Injury,Vehicle to Vehicle,Residential Street,12.897157,77.571247
K S Layout,2022,Fatal,Not Applicable,Others,12.908292,77.534422
K S Layout,2022,Grievous Injury,Vehicle to Vehicle,Others,12.90474,77.573292
K S Layout,2022,Fatal,Vehicle to Vehicle,Others,12.872976,77.565626
K S Layout,2022,Grievous Injury,Hit pedestrian,Others,12.855292,77.587556
K S Layout,2022,Damage Only,Vehicle to Vehicle,Others,12.911542,77.55531
K S Layout,2022,Fatal,Vehicle to Vehicle,Others,12.8952,77.525275
K S Layout,2022,Fatal,Vehicle to Vehicle,Others,12.856712,77.531384
K S Layout,2022,Grievous Injury,Not Applicable,Expressway,12.86795,77.505608
K S Layout,2022,Damage Only,Vehicle to Vehicle,Others,12.883954,77.550809
K S Layout,2022,Grievous Injury,Vehicle to Vehicle,Others,12.909494,77.566799
K S Layout,2022,Grievous Injury,Hit pedestrian,Others,12.891429,77.565427
K S Layout,2022,Damage Only,Vehicle to Vehicle,Others,12.865051,77.510238
K S Layout,2022,Grievous Injury,Hit pedestrian,Residential Street,12.909731,77.550156
K S Layout,2022,Grievous Injury,Vehicle to Vehicle,Others,12.883043,77.542021
K S Layout,2022,Fatal,Vehicle to Vehicle,Others,12.913989,77.573371
K S Layout,2022,Grievous Injury,Not Applicable,Others,12.865539,77.483427
K S Layout,2022,Simple Injury,Not Applicable,Others,12.879589,77.494417
K S Layout,2022,Grievous Injury,Vehicle to Vehicle,Others,12.894193,77.54348
K S Layout,2022,Grievous Injury,Vehicle to Vehicle,Others,12.900852,77.543918
K S Layout,2022,Grievous Injury,Hit pedestrian,Others,12.906014,77.541735
K S Layout,2022,Grievous Injury,Vehicle to Vehicle,Others,12.96506,77.544129
K S Layout,2022,Grievous Injury,Hit pedestrian,Others,12.852043,77.547251
K S Layout,2022,Fatal,Not Applicable,Others,12.866466,77.534477
K S Layout,2022,Fatal,Not Applicable,Others,12.888366,77.582032
K S Layout,2022,Grievous Injury,Vehicle to Vehicle,Others,12.905868,77.562997
K S Layout,2022,Grievous Injury,Vehicle to Vehicle,Others,12.895264,77.571889
K S Layout,2022,Grievous Injury,Vehicle to Vehicle,Others,12.887466,77.550084
K S Layout,2022,Fatal,Vehicle to Vehicle,Others,12.858468,77.526072
K S Layout,2022,Fatal,Hit pedestrian,Others,12.912421,77.572934
K S Layout,2022,Damage Only,Vehicle to Vehicle,Others,12.880688,77.55242
K S Layout,2022,Damage Only,Vehicle to Vehicle,Others,12.898837,77.543846
K S Layout,2022,Grievous Injury,Hit pedestrian,Others,12.893342,77.53817
K S Layout,2022,Grievous Injury,Hit pedestrian,Others,12.885788,77.556187
K S Layout,2022,Grievous Injury,Vehicle to Vehicle,Others,12.887165,77.564884
K S Layout,2022,Grievous Injury,Vehicle to Vehicle,Others,12.921147,77.547235
K S Layout,2022,Grievous Injury,Not Applicable,Others,12.887627,77.561227
K S Layout,2022,Simple Injury,Vehicle to Vehicle,Others,12.858886,77.528311
K S Layout,2022,Grievous Injury,Vehicle to Vehicle,Others,12.894008,77.556357
K S Layout,2022,Fatal,Vehicle to Vehicle,Others,12.88400396,77.50177019
K S Layout,2022,Fatal,Hit pedestrian,Others,12.882705,77.566112
K S Layout,2022,Damage Only,Vehicle to Vehicle,Others,12.864722,77.510787
K S Layout,2022,Fatal,Hit bicyclist,Others,12.914582,77.564702
K S Layout,2022,Damage Only,Vehicle to Vehicle,Others,12.88357,77.548625
K S Layout,2022,Simple Injury,Hit pedestrian,Others,12.911849,77.572851
K S Layout,2022,Grievous Injury,Hit pedestrian,Others,12.910983,77.572845
K S Layout,2022,Fatal,Vehicle to Vehicle,Others,12.849252,77.574545
K S Layout,2022,Grievous Injury,Not Applicable,Others,12.876072,77.492687
K S Layout,2022,Simple Injury,Vehicle to Vehicle,Others,12.866395,77.534784
K S Layout,2022,Grievous Injury,Vehicle to Vehicle,Others,12.87753,77.493935
K S Layout,2022,Fatal,Vehicle to Vehicle,Others,12.8545054,77.5455221
K S Layout,2022,Grievous Injury,Hit pedestrian,Others,12.909391,77.564202
K S Layout,2022,Grievous Injury,Hit pedestrian,Others,12.911836,77.558529
K S Layout,2022,Fatal,Hit pedestrian,Others,12.90488,77.562505
K S Layout,2022,Damage Only,Vehicle to Vehicle,Major District Road,12.852817,77.544523
K S Layout,2022,Simple Injury,Not Applicable,Others,12.878286,77.515981
K S Layout,2022,Grievous Injury,Vehicle to Vehicle,Others,12.861028,77.566122
K S Layout,2022,Grievous Injury,Vehicle to Vehicle,Others,12.864661,77.51089
K S Layout,2022,Grievous Injury,Vehicle to Vehicle,Others,12.894383,77.5686
K S Layout,2022,Fatal,Vehicle to Vehicle,Others,12.850575,77.580554
K S Layout,2022,Grievous Injury,Vehicle to Vehicle,Others,12.88054,77.568234
K S Layout,2022,Fatal,Vehicle to Vehicle,Others,12.860438,77.52928
K S Layout,2022,Simple Injury,Vehicle to Vehicle,Others,12.858447,77.527944
K S Layout,2022,Grievous Injury,Vehicle to Vehicle,Others,12.906462,77.573252
K S Layout,2022,Grievous Injury,Vehicle to Vehicle,Others,12.885153,77.543891
K S Layout,2022,Fatal,Vehicle to Vehicle,Others,12.894801,77.56906
K S Layout,2022,Grievous Injury,Vehicle to Vehicle,Others,12.856546,77.5311
K S Layout,2022,Grievous Injury,Hit pedestrian,Others,12.899704,77.570786
K S Layout,2022,Grievous Injury,Vehicle to Vehicle,Others,12.87503,77.51061
K S Layout,2022,Grievous Injury,Vehicle to Vehicle,Expressway,12.86987555,77.50233118
K S Layout,2022,Fatal,Hit pedestrian,Others,12.905762,77.542712
K S Layout,2022,Grievous Injury,Vehicle to Vehicle,Residential Street,12.873857,77.561547
K S Layout,2022,Grievous Injury,Vehicle to Vehicle,Expressway,12.851917,77.547057
K S Layout,2022,Fatal,Vehicle to Vehicle,Others,12.857851,77.527704
K S Layout,2022,Grievous Injury,Hit pedestrian,Others,12.870871,77.50177019
K S Layout,2022,Fatal,Hit pedestrian,Others,12.882434,77.546864
K S Layout,2022,Fatal,Hit pedestrian,Others,12.886148,77.538676
K S Layout,2022,Grievous Injury,Vehicle to Vehicle,Others,12.892193,77.515629
K S Layout,2022,Fatal,Vehicle to Vehicle,Others,12.896935,77.571047
K S Layout,2022,Fatal,Hit pedestrian,Others,12.850345,77.58138
K S Layout,2022,Simple Injury,Vehicle to Vehicle,Others,12.848145,77.566474
K S Layout,2022,Grievous Injury,Hit pedestrian,Others,12.912133,77.55177
K S Layout,2022,Simple Injury,Hit bicyclist,Others,12.896277,77.552472
K S Layout,2022,Grievous Injury,Vehicle to Vehicle,Others,12.893337,77.538159
K S Layout,2022,Damage Only,Vehicle to Vehicle,Others,12.850542,77.580163
K S Layout,2022,Damage Only,Vehicle to Vehicle,Others,12.880887,77.583882
K S Layout,2022,Damage Only,Vehicle to Vehicle,Residential Street,12.9044451,77.5602733
K S Layout,2022,Grievous Injury,Hit pedestrian,Others,12.906594,77.548721
K S Layout,2022,Grievous Injury,Vehicle to Vehicle,Others,12.887174,77.564344
K S Layout,2022,Grievous Injury,Hit pedestrian,Others,12.915901,77.544727
K S Layout,2022,Simple Injury,Vehicle to Vehicle,Others,12.866484,77.534645
K S Layout,2023,Grievous Injury,Vehicle to Vehicle,Major District Road,12.888304,77.562098
K S Layout,2023,Grievous Injury,Vehicle to Vehicle,Others,12.907519,77.563868
K S Layout,2023,Grievous Injury,Vehicle to Vehicle,Others,12.911854,77.567741
K S Layout,2023,Fatal,Vehicle to Vehicle,Others,12.896311,77.552471
K S Layout,2023,Grievous Injury,Vehicle to Vehicle,Others,12.903534,77.544594
K S Layout,2023,Grievous Injury,Vehicle to Vehicle,Others,12.88631,77.558451
K S Layout,2023,Grievous Injury,Vehicle to Vehicle,Major District Road,12.900874,77.573166
K S Layout,2023,Damage Only,Vehicle to Vehicle,Others,12.863125,77.514288
K S Layout,2023,Grievous Injury,Vehicle to Vehicle,Others,12.876841,77.544397
K S Layout,2023,Grievous Injury,Vehicle to Vehicle,Others,12.869407,77.587862
K S Layout,2023,Fatal,Not Applicable,Others,12.881651,77.558818
K S Layout,2023,Grievous Injury,Hit bicyclist,Others,12.887942,77.58191
K S Layout,2023,Fatal,Hit pedestrian,Others,12.893599,77.557263
K S Layout,2023,Fatal,Vehicle to Vehicle,Others,12.875454,77.569139
K S Layout,2023,Grievous Injury,Hit pedestrian,Others,12.895913,77.570185
K S Layout,2023,Grievous Injury,Hit pedestrian,Others,12.906997,77.54622
K S Layout,2023,Damage Only,Vehicle to Vehicle,Others,12.888204,77.580308
K S Layout,2023,Fatal,Hit pedestrian,Others,12.873998,77.573291
K S Layout,2023,Grievous Injury,Hit pedestrian,Others,12.89118,77.579872
K S Layout,2023,Grievous Injury,Vehicle to Vehicle,Others,12.885463,77.582325
K S Layout,2023,Grievous Injury,Vehicle to Vehicle,Others,12.891106,77.551911
K S Layout,2023,Grievous Injury,Hit pedestrian,Others,12.914468,77.573577
K S Layout,2023,Damage Only,Not Applicable,Others,12.88092,77.56847
K S Layout,2023,Damage Only,Vehicle to Vehicle,Others,12.891929,77.572058
K S Layout,2023,Grievous Injury,Vehicle to Vehicle,Two way,12.911411,77.568081
K S Layout,2023,Grievous Injury,Vehicle to Vehicle,Others,12.896297,77.55102
K S Layout,2023,Grievous Injury,Vehicle to Vehicle,Others,12.865681,77.580944
K S Layout,2023,Grievous Injury,Not Applicable,One way,12.886044,77.582175
K S Layout,2023,Grievous Injury,Hit pedestrian,Others,12.903757,77.544465
K S Layout,2023,Simple Injury,Vehicle to Vehicle,Others,12.911551,77.55833
K S Layout,2023,Damage Only,Vehicle to Vehicle,Others,12.890535,77.581806
K S Layout,2023,Simple Injury,Vehicle to Vehicle,Others,12.906537,77.544209
K S Layout,2023,Grievous Injury,Vehicle to Vehicle,Residential Street,12.852043,77.525441
K S Layout,2023,Grievous Injury,Hit pedestrian,Others,12.894736,77.555348
K S Layout,2023,Fatal,Not Applicable,Others,12.911262,77.57242
K S Layout,2023,Grievous Injury,Hit pedestrian,Others,12.910264,77.56911
K S Layout,2023,Simple Injury,Vehicle to Vehicle,Major District Road,12.906569,77.573327
K S Layout,2023,Grievous Injury,Hit pedestrian,Others,12.889208,77.550592
K S Layout,2023,Grievous Injury,Vehicle to Vehicle,Major District Road,12.894808,77.569048
K S Layout,2023,Fatal,Vehicle to Vehicle,Others,12.908951,77.570143
K S Layout,2023,Grievous Injury,Hit pedestrian,Others,12.905694,77.558282
K S Layout,2023,Grievous Injury,Vehicle to Vehicle,Others,12.864614,77.510974
K S Layout,2023,Grievous Injury,Vehicle to Vehicle,Others,12.873409,77.497842
K S Layout,2023,Grievous Injury,Hit pedestrian,Others,12.885393,77.575547
K S Layout,2023,Damage Only,Vehicle to Vehicle,Others,12.901413,77.573423
K S Layout,2023,Grievous Injury,Hit pedestrian,Two way,12.90823,77.542531
K S Layout,2023,Simple Injury,Vehicle to Vehicle,Others,12.885465,77.563344
K S Layout,2023,Grievous Injury,Vehicle to Vehicle,Others,12.904737,77.573439
K S Layout,2023,Grievous Injury,Hit pedestrian,Others,12.862097,77.585018
K S Layout,2023,Grievous Injury,Vehicle to Vehicle,Others,12.897497,77.556982
K S Layout,2023,Grievous Injury,Vehicle to Vehicle,Others,12.888494,77.564188
K S Layout,2023,Grievous Injury,Hit bicyclist,Others,12.886377,77.569241
K S Layout,2023,Fatal,Hit pedestrian,Others,12.906255,77.573381
K S Layout,2023,Grievous Injury,Hit pedestrian,Others,12.883217,77.565653
K S Layout,2023,Simple Injury,Hit pedestrian,Major District Road,12.896049,77.570144
K S Layout,2023,Simple Injury,Vehicle to Vehicle,Others,12.871023,77.578207
K S Layout,2023,Grievous Injury,Vehicle to Vehicle,Others,12.875308,77.57169
K S Layout,2023,Fatal,Vehicle to Vehicle,Expressway,12.848488,77.571432
K S Layout,2023,Grievous Injury,Vehicle to Vehicle,Others,12.912897,77.54647
K S Layout,2023,Grievous Injury,Vehicle to Vehicle,Others,12.895216,77.55266
K S Layout,2023,Grievous Injury,Hit pedestrian,Others,12.752785,77.56253
K S Layout,2023,Fatal,Not Applicable,Others,12.907591,77.528183
K S Layout,2023,Grievous Injury,Vehicle to Vehicle,Others,12.909741,77.55023
K S Layout,2023,Grievous Injury,Vehicle to Vehicle,Expressway,12.850157,77.588018
K S Layout,2023,Grievous Injury,Hit pedestrian,Others,12.892238,77.566247
K S Layout,2023,Grievous Injury,Hit animal,Others,12.909611,77.549994
K S Layout,2023,Grievous Injury,Vehicle to Vehicle,Others,12.888039,77.580982
K S Layout,2023,Grievous Injury,Hit pedestrian,Others,12.904721,77.573454
K S Layout,2023,Grievous Injury,Hit pedestrian,Others,12.90073,77.53065
K S Layout,2023,Grievous Injury,Hit pedestrian,Others,12.892666,77.566763
K S Layout,2023,Grievous Injury,Hit pedestrian,Others,12.873338,77.570424
K S Layout,2023,Grievous Injury,Not Applicable,Others,12.863935,77.584147
K S Layout,2023,Grievous Injury,Hit pedestrian,Others,12.908841,77.535838
K S Layout,2023,Grievous Injury,Vehicle to Vehicle,Others,12.91119,77.567077
K S Layout,2023,Grievous Injury,Vehicle to Vehicle,Others,12.901681,77.529997
K S Layout,2023,Grievous Injury,Hit pedestrian,Minor District Road,12.914728,77.546545
K S Layout,2023,Simple Injury,Hit pedestrian,Others,12.883922,77.582963
K S Layout,2023,Fatal,Hit pedestrian,Others,12.891534,77.577045
K S Layout,2023,Grievous Injury,Vehicle to Vehicle,Others,12.867006,77.577409
K S Layout,2023,Simple Injury,Vehicle to Vehicle,Others,12.879939,77.544457
K S Layout,2023,Damage Only,Vehicle to Vehicle,Expressway,12.848073,77.564709
K S Layout,2023,Grievous Injury,Vehicle to Vehicle,Others,12.886542,77.577755
K S Layout,2023,Grievous Injury,Hit pedestrian,Others,12.876524,77.52867
K S Layout,2023,Grievous Injury,Vehicle to Vehicle,Others,12.909658,77.572951
K S Layout,2023,Simple Injury,Hit pedestrian,Others,12.855102,77.581516
K S Layout,2023,Simple Injury,Vehicle to Vehicle,Others,12.906641,77.563394
K S Layout,2023,Simple Injury,Vehicle to Vehicle,Others,12.909596,77.549988
K S Layout,2023,Grievous Injury,Vehicle to Vehicle,Others,12.898886,77.567723
K S Layout,2023,Damage Only,Vehicle to Vehicle,Major District Road,12.897707,77.571585
K S Layout,2023,Grievous Injury,Vehicle to Vehicle,Others,12.889579,77.563543
K S Layout,2023,Fatal,Vehicle to Vehicle,Others,12.903313,77.544589
K S Layout,2023,Fatal,Not Applicable,Others,12.885814,77.556299
K S Layout,2023,Grievous Injury,Hit pedestrian,Two way,12.904713,77.573441
K S Layout,2023,Grievous Injury,Hit pedestrian,Two way,12.902798,77.573359
K S Layout,2023,Simple Injury,Hit pedestrian,Others,12.903165,77.561684
K S Layout,2023,Grievous Injury,Hit pedestrian,Others,12.908411,77.537163
K S Layout,2023,Damage Only,Vehicle to Vehicle,Others,12.908686,77.570866
K S Layout,2023,Grievous Injury,Vehicle to Vehicle,Others,12.907103,77.573074
K S Layout,2023,Grievous Injury,Vehicle to Vehicle,Others,12.876359,77.574473
K S Layout,2023,Damage Only,Vehicle to Vehicle,Others,12.91571,77.561459
K S Layout,2023,Simple Injury,Not Applicable,Others,12.849063,77.583289
K S Layout,2023,Grievous Injury,Vehicle to Vehicle,Others,12.904238,77.562212
K S Layout,2023,Grievous Injury,Vehicle to Vehicle,Others,12.902928,77.563368
K S Layout,2023,Fatal,Vehicle to Vehicle,Others,12.894849,77.569049
K S Layout,2023,Grievous Injury,Hit bicyclist,Others,12.917708,77.541875
K S Layout,2023,Grievous Injury,Hit pedestrian,Others,12.915953,77.541839
K S Layout,2023,Grievous Injury,Vehicle to Vehicle,Two way,12.912524,77.56707
K S Layout,2023,Grievous Injury,Vehicle to Vehicle,One way,12.889501,77.563451
Madivala,2016,Grievous Injury,Hit pedestrian,City or Town Road,12.900629,77.633625
Madivala,2016,Simple Injury,Hit pedestrian,City or Town Road,12.90374,77.63047
Madivala,2016,Grievous Injury,Others,City or Town Road,12.889501,77.64093
Madivala,2016,Grievous Injury,Hit and Run,City or Town Road,12.924493,77.618197
Madivala,2016,Grievous Injury,Hit and Run,City or Town Road,12.92091,77.61822
Madivala,2016,Grievous Injury,Hit pedestrian,City or Town Road,12.91193,77.62562
Madivala,2016,Grievous Injury,Hit pedestrian,City or Town Road,12.89873,77.6338
Madivala,2016,Fatal,Hit and Run,City or Town Road,12.9223,77.61956
Madivala,2016,Grievous Injury,Skidding or Self accident,City or Town Road,12.93202,77.61344
Madivala,2016,Fatal,Hit and Run,City or Town Road,12.91192,77.62611
Madivala,2016,Grievous Injury,Hit pedestrian,City or Town Road,12.89919,77.63357
Madivala,2016,Grievous Injury,Hit and Run,City or Town Road,12.89585,77.63607
Madivala,2016,Damage Only,Hit and Run,City or Town Road,12.90023,77.63349
Madivala,2017,Grievous Injury,Head on,City or Town Road,12.92043,77.63571
Madivala,2017,Grievous Injury,Hit animal,Expressway,12.91324,77.63803
Madivala,2017,Grievous Injury,Head on,City or Town Road,12.90647,77.629
Madivala,2017,Grievous Injury,Hit and Run,City or Town Road,12.92655,77.61562
Madivala,2017,Simple Injury,Drowned,City or Town Road,12.91772,77.62442
Madivala,2017,Simple Injury,Hit and Run,City or Town Road,12.89283,77.63772
Madivala,2017,Simple Injury,Head on,City or Town Road,12.92655,77.61683
Madivala,2017,Simple Injury,Hit and Run,City or Town Road,12.922185,77.619536
Madivala,2017,Simple Injury,Rear end,Expressway,12.898681,77.634009
Madivala,2017,Simple Injury,Head on,City or Town Road,12.91907,77.63833
Madivala,2017,Damage Only,Head on,City or Town Road,12.902676,77.631264
Madivala,2017,Grievous Injury,Hit and Run,Expressway,12.90702,77.628823
Madivala,2017,Grievous Injury,Hit and Run,Expressway,12.90534,77.63007
Madivala,2017,Fatal,Hit and Run,Expressway,12.901701,77.63224
Madivala,2017,Fatal,Hit and Run,Expressway,12.89436,77.63683
Madivala,2017,Fatal,Hit pedestrian,Expressway,12.90016,77.63314
Madivala,2017,Grievous Injury,Hit and Run,Expressway,12.906998,77.628757
Madivala,2017,Grievous Injury,Hit bicyclist,Expressway,12.929382,77.615116
Madivala,2017,Grievous Injury,Head on,City or Town Road,12.89098,77.64001
Madivala,2017,Simple Injury,Head on,City or Town Road,12.89438,77.63675
Madivala,2017,Grievous Injury,Rear end,Expressway,12.92226,77.61962
Madivala,2017,Simple Injury,Head on,Expressway,12.931848,77.613634
Madivala,2017,Grievous Injury,Hit pedestrian,Expressway,12.894349,77.63688
Madivala,2017,Grievous Injury,Hit and Run,City or Town Road,12.92474,77.61861
Madivala,2017,Grievous Injury,Hit and Run,City or Town Road,12.892476,77.637787
Madivala,2017,Grievous Injury,Side impact or Right angle,Expressway,12.89785,77.63455
Madivala,2017,Grievous Injury,Hit bicyclist,Expressway,12.91742,77.62296
Madivala,2017,Fatal,Head on,Expressway,12.910732,77.626556
Madivala,2017,Grievous Injury,Hit and Run,Expressway,12.914322,77.624626
Madivala,2017,Grievous Injury,Hit pedestrian,Expressway,12.897785,77.634486
Madivala,2017,Grievous Injury,Hit and Run,Expressway,12.89688,77.63501
Madivala,2017,Fatal,Head on,City or Town Road,12.91661,77.62294
Madivala,2017,Fatal,Hit and Run,Expressway,12.929602,77.615161
Madivala,2017,Grievous Injury,Hit and Run,Expressway,12.901717,77.632294
Madivala,2017,Grievous Injury,Hit bicyclist,State Highway,12.917103,77.627727
Madivala,2017,Damage Only,Head on,City or Town Road,12.9059,77.6296
Madivala,2017,Grievous Injury,Hit and Run,City or Town Road,12.91251,77.62558
Madivala,2017,Fatal,Rear end,Expressway,12.89744,77.63477
Madivala,2017,Simple Injury,Hit and Run,Expressway,12.909864,77.627223
Madivala,2017,Grievous Injury,Hit pedestrian,City or Town Road,12.91355,77.62502
Madivala,2017,Grievous Injury,Rear end,Two way,12.91643,77.63397
Madivala,2017,Simple Injury,Hit and Run,City or Town Road,12.91606,77.63645
Madivala,2017,Simple Injury,Head on,City or Town Road,12.9127,77.62555
Madivala,2017,Simple Injury,Others,City or Town Road,12.92362,77.61872
Madivala,2017,Damage Only,Rear end,City or Town Road,12.91738,77.62324
Madivala,2017,Simple Injury,Hit and Run,City or Town Road,12.89619,77.63549
Madivala,2017,Grievous Injury,Hit and Run,City or Town Road,12.923146,77.624243
Madivala,2017,Grievous Injury,Head on,City or Town Road,12.92222,77.61954
Madivala,2017,Fatal,Hit and Run,Expressway,12.90673,77.62904
Madivala,2017,Grievous Injury,Hit and Run,Expressway,12.91265,77.62544
Madivala,2017,Grievous Injury,Hit and Run,City or Town Road,12.89193,77.62592
Madivala,2017,Grievous Injury,Hit and Run,Expressway,12.91183,77.62602
Madivala,2017,Grievous Injury,Hit and Run,Expressway,12.93128,77.613945
Madivala,2017,Simple Injury,Hit and Run,Expressway,12.906682,77.628935
Madivala,2017,Simple Injury,Drowned,City or Town Road,12.89307,77.63748
Madivala,2017,Grievous Injury,Hit and Run,City or Town Road,12.91723,77.62299
Madivala,2017,Grievous Injury,Rear end,Expressway,12.91292,77.62541
Madivala,2017,Grievous Injury,Hit and Run,Expressway,12.92955,77.61519
Madivala,2017,Simple Injury,Head on,City or Town Road,12.900973,77.632607
Madivala,2017,Grievous Injury,Hit pedestrian,City or Town Road,12.894434,77.636519
Madivala,2017,Simple Injury,Head on,City or Town Road,12.91683,77.62127
Madivala,2017,Grievous Injury,Hit and Run,Expressway,12.89287,77.63779
Madivala,2017,Fatal,Hit and Run,Expressway,12.909995,77.627154
Madivala,2017,Fatal,Hit and Run,Expressway,12.917291,77.622885
Madivala,2017,Grievous Injury,Hit and Run,City or Town Road,12.90693,77.62907
Madivala,2017,Grievous Injury,Head on,City or Town Road,12.91346,77.62503
Madivala,2017,Grievous Injury,Head on,City or Town Road,12.91388,77.616547
Madivala,2017,Grievous Injury,Hit and Run,City or Town Road,12.8984,77.634046
Madivala,2017,Damage Only,Hit and Run,City or Town Road,12.89706,77.63508
Madivala,2017,Grievous Injury,Hit pedestrian,Expressway,12.91742,77.62298
Madivala,2017,Grievous Injury,Hit and Run,Expressway,12.91347,77.62497
Madivala,2017,Simple Injury,Head on,City or Town Road,12.91573,77.63239
Madivala,2017,Fatal,Hit bicyclist,Expressway,12.90661,77.62909
Madivala,2017,Simple Injury,Hit and Run,City or Town Road,12.91691,77.62158
Madivala,2017,Grievous Injury,Hit and Run,Expressway,12.91305,77.62527
Madivala,2017,Grievous Injury,Hit and Run,Expressway,12.89669,77.63527
Madivala,2017,Grievous Injury,Hit bicyclist,Expressway,12.917105,77.622898
Madivala,2017,Grievous Injury,Hit and Run,City or Town Road,12.91651,77.6345
Madivala,2017,Grievous Injury,Hit and Run,Expressway,12.90983,77.62708
Madivala,2017,Simple Injury,Hit pedestrian,Expressway,12.92119,77.620153
Madivala,2018,Fatal,Hit pedestrian,Expressway,12.90186,77.631956
Madivala,2018,Simple Injury,Hit bicyclist,Service Road,12.919276,77.621606
Madivala,2018,Grievous Injury,Hit and Run,Expressway,12.902048,77.632163
Madivala,2018,Simple Injury,Hit and Run,Expressway,12.90703,77.628819
Madivala,2018,Fatal,Hit and Run,Expressway,12.912489,77.625505
Madivala,2018,Simple Injury,Hit and Run,City or Town Road,12.928264,77.615776
Madivala,2018,Grievous Injury,Hit pedestrian,Others,12.929441,77.61511
Madivala,2018,Grievous Injury,Hit pedestrian,City or Town Road,12.922332,77.619476
Madivala,2018,Grievous Injury,Hit pedestrian,Expressway,12.903548,77.631159
Madivala,2018,Simple Injury,Hit and Run,Expressway,12.898348,77.634064
Madivala,2018,Fatal,Hit pedestrian,Expressway,12.896136,77.635489
Madivala,2018,Damage Only,Rear end,Expressway,12.92947,77.615237
Madivala,2018,Simple Injury,Hit and Run,City or Town Road,12.917978,77.622113
Madivala,2018,Fatal,Hit and Run,Expressway,12.896112,77.635673
Madivala,2018,Simple Injury,Hit and Run,Expressway,12.933879,77.610954
Madivala,2018,Grievous Injury,Hit pedestrian,Service Road,12.91676,77.631934
Madivala,2018,Grievous Injury,Hit bicyclist,Service Road,12.891713,77.625559
Madivala,2018,Fatal,Hit bicyclist,Expressway,12.912879,77.625391
Madivala,2018,Fatal,Hit and Run,Service Road,12.903006,77.62421
Madivala,2018,Grievous Injury,Hit and Run,Expressway,12.894854,77.636606
Madivala,2018,Fatal,Hit and Run,Expressway,12.911854,77.626032
Madivala,2018,Grievous Injury,Hit pedestrian,City or Town Road,12.924027,77.628708
Madivala,2018,Grievous Injury,Hit pedestrian,Expressway,12.90872,77.628123
Madivala,2018,Grievous Injury,Hit bicyclist,Expressway,12.929434,77.615066
Madivala,2018,Grievous Injury,Hit and Run,Expressway,12.932646,77.612342
Madivala,2018,Grievous Injury,Hit and Run,Others,12.919632,77.621226
Madivala,2018,Grievous Injury,Hit and Run,Expressway,12.917417,77.622895
Madivala,2018,Fatal,Hit pedestrian,City or Town Road,12.929744,77.613678
Madivala,2018,Grievous Injury,Hit bicyclist,Expressway,12.927896,77.61601
Madivala,2018,Grievous Injury,Hit bicyclist,Others,12.917239,77.622805
Madivala,2018,Damage Only,Others,Others,12.917396,77.622916
Madivala,2018,Grievous Injury,Hit pedestrian,City or Town Road,12.927817,77.616064
Madivala,2018,Grievous Injury,Hit bicyclist,Others,12.931607,77.613888
Madivala,2018,Grievous Injury,Hit bicyclist,Expressway,12.929567,77.615171
Madivala,2018,Fatal,Hit and Run,Expressway,12.921228,77.620266
Madivala,2018,Grievous Injury,Hit and Run,Expressway,12.929461,77.615239
Madivala,2018,Grievous Injury,Hit and Run,Others,12.923989,77.628563
Madivala,2018,Simple Injury,Hit and Run,City or Town Road,12.917802,77.624968
Madivala,2018,Fatal,Hit bicyclist,Expressway,12.897018,77.635044
Madivala,2018,Simple Injury,Hit and Run,Expressway,12.898932,77.633687
Madivala,2018,Grievous Injury,Hit bicyclist,Expressway,12.906353,77.629465
Madivala,2018,Simple Injury,Rear end,Expressway,12.900876,77.632547
Madivala,2018,Damage Only,Rear end,City or Town Road,12.916492,77.620073
Madivala,2018,Simple Injury,Hit pedestrian,City or Town Road,12.922365,77.619472
Madivala,2018,Grievous Injury,Hit pedestrian,Expressway,12.911747,77.626086
Madivala,2018,Simple Injury,Head on,Forest Road,12.90028,77.633106
Madivala,2018,Grievous Injury,Hit pedestrian,Expressway,12.896232,77.635698
Madivala,2018,Grievous Injury,Hit bicyclist,City or Town Road,12.916329,77.615187
Madivala,2018,Grievous Injury,Rear end,Expressway,12.922395,77.61947
Madivala,2018,Grievous Injury,Hit and Run,Expressway,12.916398,77.615288
Madivala,2018,Simple Injury,Hit and Run,City or Town Road,12.916777,77.631754
Madivala,2018,Damage Only,Hit and Run,City or Town Road,12.917477,77.623825
Madivala,2018,Grievous Injury,Hit and Run,Expressway,12.89824,77.634113
Madivala,2018,Grievous Injury,Hit pedestrian,Expressway,12.905254,77.629883
Madivala,2018,Grievous Injury,Hit bicyclist,Expressway,12.896088,77.635513
Madivala,2018,Grievous Injury,Hit bicyclist,Expressway,12.91174,77.625926
Madivala,2018,Grievous Injury,Hit and Run,Expressway,12.904668,77.630491
Madivala,2018,Grievous Injury,Rear end,Expressway,12.905266,77.629973
Madivala,2018,Grievous Injury,Hit bicyclist,Expressway,12.907006,77.628816
Madivala,2018,Grievous Injury,Rear end,Service Road,12.903567,77.626985
Madivala,2018,Grievous Injury,Hit pedestrian,Expressway,12.901719,77.632305
Madivala,2018,Simple Injury,Hit pedal cyclist,Others,12.91765,77.624172
Madivala,2018,Simple Injury,Hit pedestrian,Expressway,12.920153,77.620726
Madivala,2019,Fatal,Hit and Run,Expressway,12.909681,77.627393
Madivala,2019,Fatal,Hit pedestrian,Expressway,12.9,77.633437
Madivala,2019,Fatal,Hit pedestrian,Expressway,12.896766,77.63502
Madivala,2019,Grievous Injury,Rear end,Expressway,12.900994,77.63248
Madivala,2019,Grievous Injury,Vehicle to Vehicle,Service Road,12.906154,77.629627
Madivala,2019,Fatal,Hit and Run,Expressway,12.907395,77.628797
Madivala,2019,Simple Injury,Right Turn Collision,Service Road,12.917722,77.622714
Madivala,2019,Fatal,Rear end,Expressway,12.907228,77.629025
Madivala,2019,Grievous Injury,Hit pedestrian,Expressway,12.895207,77.63635
Madivala,2019,Grievous Injury,Rear end,Expressway,12.908507,77.627916
Madivala,2019,Damage Only,Rear end,Expressway,12.914735,77.624109
Madivala,2019,Fatal,Hit pedestrian,Expressway,12.899783,77.633214
Madivala,2019,Grievous Injury,Hit pedestrian,Expressway,12.911945,77.626139
Madivala,2019,Grievous Injury,Rear end,Expressway,12.902903,77.631562
Madivala,2019,Grievous Injury,Vehicle to Vehicle,Service Road,12.913944,77.624852
Madivala,2019,Grievous Injury,Hit and Run,Expressway,12.900302,77.633241
Madivala,2019,Grievous Injury,Hit pedestrian,Expressway,12.90299,77.631221
Madivala,2019,Damage Only,Rear end,Expressway,12.91187,77.626023
Madivala,2019,Fatal,Hit pedestrian,Expressway,12.896122,77.635503
Madivala,2019,Grievous Injury,Hit pedestrian,Expressway,12.909977,77.626989
Madivala,2019,Simple Injury,Hit pedestrian,Others,12.916828,77.629231
Madivala,2019,Fatal,Hit pedestrian,Expressway,12.912839,77.625262
Madivala,2019,Damage Only,Others,Expressway,12.909901,77.627202
Madivala,2023,Grievous Injury,Vehicle to Vehicle,NH,12.923032,77.619743
Madivala,2023,Grievous Injury,Vehicle to Vehicle,Others,12.917879,77.622377
Madivala,2023,Grievous Injury,Hit bicyclist,Sub Arterial,12.90021,77.622231
Madivala,2023,Damage Only,Vehicle to Vehicle,Arterial,12.914238,77.641352
Madivala,2023,Simple Injury,Vehicle to Vehicle,Arterial,12.929747,77.615173
Madivala,2023,Grievous Injury,Vehicle to Vehicle,Arterial,12.917439,77.622946
Madivala,2023,Fatal,Not Applicable,NH,12.910431,77.626122
Madivala,2023,Fatal,Not Applicable,Arterial,12.924315,77.618087
Madivala,2023,Grievous Injury,Vehicle to Vehicle,Service Road,12.917829,77.626906
Madivala,2023,Simple Injury,Vehicle to Vehicle,Arterial,12.919744,77.613095
Madivala,2023,Simple Injury,Vehicle to Vehicle,Service Road,12.905313,77.627992
Madivala,2023,Grievous Injury,Hit pedestrian,Others,12.931866,77.613464
Madivala,2023,Damage Only,Vehicle to Vehicle,Others,12.929542,77.615102
Madivala,2023,Simple Injury,Vehicle to Vehicle,Arterial,12.917238,77.610536
Madivala,2023,Simple Injury,Vehicle to Vehicle,NH,12.912464,77.625397
Madivala,2023,Grievous Injury,Vehicle to Vehicle,Expressway,12.942165,77.62599
Madivala,2023,Fatal,Vehicle to Vehicle,NH,12.917485,77.622847
Madivala,2023,Fatal,Hit pedestrian,Arterial,12.918029,77.632054
Madivala,2023,Simple Injury,Vehicle to Vehicle,Arterial,12.929551,77.615017
Magadi Road,2016,Grievous Injury,Skidding or Self accident,City or Town Road,12.98000593,77.56430395
Magadi Road,2016,Grievous Injury,Hit pedestrian,City or Town Road,12.97589873,77.55263194
Magadi Road,2016,Simple Injury,Hit pedestrian,City or Town Road,12.96106514,77.55085301
Magadi Road,2016,Damage Only,Hit fixed object,City or Town Road,12.96106514,77.55085301
Magadi Road,2016,Grievous Injury,Hit pedestrian,City or Town Road,12.975888,77.55744
Magadi Road,2016,Simple Injury,Not Applicable,City or Town Road,12.98100761,77.5491366
Magadi Road,2016,Grievous Injury,Hit pedestrian,City or Town Road,12.98148505,77.55392705
Magadi Road,2016,Simple Injury,Hit pedestrian,City or Town Road,12.96292125,77.55878602
Magadi Road,2016,Damage Only,Side swipe,City or Town Road,12.98024715,77.56448256
Magadi Road,2016,Fatal,Hit and Run,City or Town Road,12.98024715,77.56448256
Magadi Road,2016,Damage Only,Rear end,City or Town Road,12.98117594,77.56424351
Magadi Road,2016,Grievous Injury,Overturning,City or Town Road,12.98073938,77.54994599
Magadi Road,2016,Grievous Injury,Head on,City or Town Road,12.97589873,77.55263194
Magadi Road,2016,Grievous Injury,Hit pedestrian,City or Town Road,12.9758569,77.5610411
Magadi Road,2016,Grievous Injury,Head on,City or Town Road,12.97566,77.55548
Magadi Road,2016,Fatal,Hit and Run,City or Town Road,12.96633438,77.5445331
Magadi Road,2016,Simple Injury,Hit pedestrian,City or Town Road,12.97570684,77.56057748
Magadi Road,2016,Fatal,Head on,City or Town Road,12.97265334,77.56623363
Magadi Road,2016,Grievous Injury,Hit pedestrian,City or Town Road,12.97037508,77.5653444
Magadi Road,2016,Grievous Injury,Hit pedestrian,City or Town Road,12.9799158,77.5537945
Magadi Road,2016,Simple Injury,Hit and Run,City or Town Road,12.9799158,77.5537945
Magadi Road,2016,Grievous Injury,Rear end,City or Town Road,12.98189903,77.56453176
Magadi Road,2016,Grievous Injury,Hit pedestrian,City or Town Road,12.9799158,77.5537945
Magadi Road,2016,Grievous Injury,Hit pedestrian,City or Town Road,12.97570684,77.56057748
Magadi Road,2016,Grievous Injury,Hit pedestrian,City or Town Road,12.97427624,77.55145877
Magadi Road,2016,Grievous Injury,Side swipe,City or Town Road,12.97432682,77.54924807
Magadi Road,2016,Damage Only,Side impact or Right angle,City or Town Road,12.98024715,77.56448256
Magadi Road,2016,Damage Only,Head on,City or Town Road,12.98073938,77.54994599
Magadi Road,2016,Grievous Injury,Side impact or Right angle,City or Town Road,12.98271993,77.55487313
Magadi Road,2016,Damage Only,Rear end,City or Town Road,12.97836017,77.56469685
Magadi Road,2016,Grievous Injury,Hit pedestrian,City or Town Road,12.9758569,77.5610411
Magadi Road,2016,Grievous Injury,Hit bicyclist,City or Town Road,12.98024715,77.56448256
Magadi Road,2016,Simple Injury,Hit pedestrian,City or Town Road,12.98062459,77.55870901
Magadi Road,2016,Grievous Injury,Hit pedestrian,City or Town Road,12.97589873,77.55263194
Magadi Road,2017,Grievous Injury,Hit pedestrian,City or Town Road,12.98071349,77.56712579
Magadi Road,2017,Grievous Injury,Rear end,City or Town Road,12.975596,77.55522
Magadi Road,2017,Grievous Injury,Side impact or Right angle,City or Town Road,12.973855,77.549625
Magadi Road,2017,Fatal,Hit pedestrian,City or Town Road,12.96292125,77.55878602
Magadi Road,2017,Fatal,Hit pedestrian,City or Town Road,12.975795,77.560375
Magadi Road,2017,Damage Only,Hit fixed object,City or Town Road,12.983771,77.537868
Magadi Road,2017,Grievous Injury,Overturning,City or Town Road,12.98071349,77.56712579
Magadi Road,2017,Simple Injury,Hit pedestrian,City or Town Road,12.963964,77.557015
Magadi Road,2017,Grievous Injury,Side swipe,City or Town Road,12.97240143,77.54828978
Magadi Road,2017,Grievous Injury,Side impact or Right angle,City or Town Road,12.98073938,77.54994599
Magadi Road,2017,Grievous Injury,Side impact or Right angle,City or Town Road,12.97550721,77.55391769
Magadi Road,2017,Grievous Injury,Side swipe,City or Town Road,12.97547292,77.55707981
Magadi Road,2017,Simple Injury,Hit pedestrian,Two way,12.97550721,77.55391769
Magadi Road,2017,Simple Injury,Rear end,City or Town Road,12.975739,77.560452
Magadi Road,2017,Grievous Injury,Rear end,City or Town Road,12.974251,77.549167
Magadi Road,2017,Grievous Injury,Side impact or Right angle,City or Town Road,12.983297,77.550874
Magadi Road,2017,Grievous Injury,Not Applicable,City or Town Road,12.97390339,77.54955487
Magadi Road,2017,Simple Injury,Hit parked vehicle,City or Town Road,12.96106514,77.55085301
Magadi Road,2017,Grievous Injury,Hit pedestrian,City or Town Road,12.97589873,77.55263194
Magadi Road,2017,Grievous Injury,Rear end,City or Town Road,12.97547292,77.55707981
Magadi Road,2017,Fatal,Skidding or Self accident,City or Town Road,12.97240143,77.54828978
Magadi Road,2017,Damage Only,Rear end,City or Town Road,12.98271993,77.55487313
Magadi Road,2017,Grievous Injury,Hit pedestrian,City or Town Road,12.97037508,77.5653444
Magadi Road,2017,Grievous Injury,Hit pedestrian,City or Town Road,12.97769,77.551237
Magadi Road,2017,Simple Injury,Head on,City or Town Road,12.964443,77.556606
Magadi Road,2017,Damage Only,Side impact or Right angle,City or Town Road,12.975863,77.564365
Magadi Road,2017,Grievous Injury,Others,City or Town Road,12.974749,77.548762
Magadi Road,2017,Grievous Injury,Hit pedestrian,City or Town Road,12.966622,77.563019
Magadi Road,2017,Grievous Injury,Side swipe,City or Town Road,12.984371,77.555755
Magadi Road,2017,Grievous Injury,Hit pedestrian,City or Town Road,12.97293361,77.54782437
Magadi Road,2017,Simple Injury,Head on,City or Town Road,12.96392199,77.55123723
Magadi Road,2017,Grievous Injury,Side swipe,City or Town Road,12.975622,77.562798
Magadi Road,2017,Grievous Injury,Hit pedestrian,City or Town Road,12.96566977,77.54817682
Magadi Road,2017,Grievous Injury,Others,City or Town Road,12.974699,77.552044
Magadi Road,2017,Grievous Injury,Hit pedestrian,City or Town Road,12.979094,77.549076
Magadi Road,2018,Damage Only,Rear end,City or Town Road,12.977386,77.549612
Magadi Road,2018,Grievous Injury,Hit and Run,City or Town Road,12.980311,77.553057
Magadi Road,2018,Damage Only,Side swipe,City or Town Road,12.98061,77.55387
Magadi Road,2018,Grievous Injury,Hit pedestrian,City or Town Road,12.98131,77.5603
Magadi Road,2018,Grievous Injury,Hit and Run,City or Town Road,12.978173,77.565978
Magadi Road,2018,Damage Only,Head on,City or Town Road,12.985649,77.537721
Magadi Road,2018,Grievous Injury,Hit pedestrian,City or Town Road,12.980788,77.549856
Magadi Road,2018,Grievous Injury,Hit pedestrian,City or Town Road,12.975623,77.562843
Magadi Road,2018,Grievous Injury,Hit pedestrian,City or Town Road,12.982841,77.560297
Magadi Road,2018,Damage Only,Head on,City or Town Road,12.966512,77.547465
Magadi Road,2018,Grievous Injury,Hit pedestrian,City or Town Road,12.975758,77.557037
Magadi Road,2018,Grievous Injury,Side swipe,City or Town Road,12.975721,77.555875
Magadi Road,2018,Grievous Injury,Hit pedestrian,City or Town Road,12.975864,77.558627
Magadi Road,2018,Grievous Injury,Head on,City or Town Road,12.980728,77.551475
Magadi Road,2018,Grievous Injury,Rear end,City or Town Road,12.983816,77.542981
Magadi Road,2018,Simple Injury,Hit pedestrian,City or Town Road,12.979398,77.550827
Magadi Road,2018,Damage Only,Rear end,City or Town Road,12.97795,77.54903
Magadi Road,2018,Simple Injury,Head on,City or Town Road,12.969353,77.552984
Magadi Road,2018,Damage Only,Rear end,City or Town Road,12.977306,77.548066
Magadi Road,2018,Grievous Injury,Hit pedestrian,City or Town Road,12.975713,77.556288
Magadi Road,2018,Grievous Injury,Hit pedestrian,City or Town Road,12.975757,77.559712
Magadi Road,2018,Grievous Injury,Hit pedestrian,City or Town Road,12.970411,77.556817
Magadi Road,2018,Grievous Injury,Head on,City or Town Road,12.982055,77.560188
Magadi Road,2018,Grievous Injury,Head on,City or Town Road,12.965088,77.543986
Magadi Road,2018,Fatal,Hit pedestrian,City or Town Road,12.969169,77.559595
Magadi Road,2018,Grievous Injury,Hit and Run,City or Town Road,12.975325,77.552638
Magadi Road,2018,Grievous Injury,Head on,City or Town Road,12.974623,77.548889
Magadi Road,2018,Grievous Injury,Head on,City or Town Road,12.975813,77.564583
Magadi Road,2018,Grievous Injury,Head on,City or Town Road,12.964326,77.551439
Magadi Road,2018,Grievous Injury,Hit pedestrian,City or Town Road,12.98477,77.546591
Magadi Road,2018,Grievous Injury,Side impact or Right angle,City or Town Road,12.981473,77.547058
Magadi Road,2018,Grievous Injury,Hit pedestrian,City or Town Road,12.97575,77.561075
Magadi Road,2018,Grievous Injury,Hit pedestrian,City or Town Road,12.978122,77.548942
Magadi Road,2018,Grievous Injury,Others,City or Town Road,12.982419,77.563037
Magadi Road,2019,Fatal,Hit and Run,City or Town Road,12.964055,77.551104
Magadi Road,2019,Simple Injury,Hit pedestrian,Others,12.962832,77.560172
Magadi Road,2019,Grievous Injury,Hit pedestrian,City or Town Road,12.984478,77.555787
Magadi Road,2019,Grievous Injury,Hit pedestrian,Two way,12.964097,77.548953
Magadi Road,2019,Grievous Injury,Hit pedestrian,Two way,12.966581,77.548848
Magadi Road,2019,Grievous Injury,Hit pedestrian,Two way,12.968467,77.559182
Magadi Road,2019,Grievous Injury,Hit pedestrian,City or Town Road,12.978121,77.554534
Magadi Road,2019,Fatal,Hit pedestrian,Residential Street,12.969787,77.562335
Magadi Road,2019,Grievous Injury,Hit pedestrian,Two way,12.961537,77.3547439
Magadi Road,2019,Grievous Injury,Hit pedestrian,City or Town Road,12.975713,77.556288
Magadi Road,2019,Grievous Injury,Hit pedestrian,Two way,12.964364,77.555118
Magadi Road,2019,Grievous Injury,Hit pedestrian,Two way,12.966428,77.555081
Magadi Road,2019,Grievous Injury,Side swipe,City or Town Road,12.980117,77.54795
Magadi Road,2019,Simple Injury,Not Applicable,Two way,12.975712,77.56284
Magadi Road,2019,Grievous Injury,Hit pedestrian,Two way,12.98053,77.542742
Magadi Road,2019,Fatal,Not Applicable,Two way,12.9659,77.5444
Magadi Road,2019,Fatal,Hit pedestrian,Others,12.975864,77.558633
Magadi Road,2019,Fatal,Hit pedestrian,Two way,12.978993,77.559783
Magadi Road,2019,Simple Injury,Vehicle to Vehicle,Others,12.978027,77.548885
Magadi Road,2019,Grievous Injury,Vehicle to Vehicle,Two way,12.981944,77.565711
Magadi Road,2019,Grievous Injury,Vehicle to Vehicle,Two way,12.973876,77.566432
Magadi Road,2019,Grievous Injury,Vehicle to Vehicle,Two way,12.980346,77.553838
Magadi Road,2019,Simple Injury,Vehicle to Vehicle,Two way,12.975725,77.564634
Magadi Road,2019,Grievous Injury,Hit pedestrian,Two way,12.964868,77.553239
Magadi Road,2019,Damage Only,Vehicle to Vehicle,Two way,12.974697,77.548804
Magadi Road,2019,Simple Injury,Vehicle to Vehicle,Two way,12.98082,77.564428
Magadi Road,2019,Grievous Injury,Hit pedestrian,One way,12.964027,77.5536662
Magadi Road,2019,Simple Injury,Hit pedestrian,Two way,12.982066,77.549061
Magadi Road,2019,Grievous Injury,Head on,City or Town Road,12.966813,77.561474
Magadi Road,2019,Simple Injury,Hit pedestrian,Two way,12.975762,77.55973
Magadi Road,2019,Grievous Injury,Hit pedestrian,Two way,12.963344,77.548771
Magadi Road,2019,Fatal,Hit pedestrian,City or Town Road,12.973984,77.549673
Magadi Road,2019,Grievous Injury,Vehicle to Vehicle,Two way,12.966391,77.547598
Magadi Road,2019,Grievous Injury,Head on,City or Town Road,12.959689,77.555795
Magadi Road,2019,Grievous Injury,Not Applicable,Others,12.966441,77.547499
Magadi Road,2019,Simple Injury,Hit pedestrian,Two way,12.978404,77.549161
Magadi Road,2019,Grievous Injury,Vehicle to Vehicle,Others,12.980602,77.553873
Magadi Road,2019,Simple Injury,Hit pedestrian,Two way,12.975758,77.556924
Magadi Road,2019,Simple Injury,Vehicle to Vehicle,Others,12.976954,77.548725
Magadi Road,2019,Grievous Injury,Vehicle to Vehicle,Two way,12.980147,77.567779
Magadi Road,2019,Simple Injury,Hit pedestrian,Two way,12.970446,77.555149
Magadi Road,2019,Simple Injury,Hit pedestrian,Others,12.975478,77.554104
Magadi Road,2019,Grievous Injury,Head on,City or Town Road,12.973639,77.551142
Magadi Road,2019,Grievous Injury,Vehicle to Vehicle,Two way,12.974414,77.551743
Magadi Road,2020,Grievous Injury,Hit pedestrian,Two way,12.9758,77.5494
Magadi Road,2020,Fatal,Vehicle to Vehicle,Two way,12.9832,77.5528
Magadi Road,2020,Grievous Injury,Vehicle to Vehicle,Two way,12.9781,77.5545
Magadi Road,2020,Grievous Injury,Hit pedestrian,Two way,12.9741,77.5662
Magadi Road,2020,Grievous Injury,Hit pedestrian,Service Road,12.975685,77.5486
Magadi Road,2020,Fatal,Vehicle to Vehicle,Two way,12.9732,77.5664
Magadi Road,2020,Grievous Injury,Hit pedestrian,Service Road,12.979643,77.549138
Magadi Road,2020,Grievous Injury,Hit pedestrian,Two way,12.9709,77.5492
Magadi Road,2020,Simple Injury,Vehicle to Vehicle,Two way,12.9755,77.5566
Magadi Road,2020,Grievous Injury,Vehicle to Vehicle,Two way,12.9831,77.554
Magadi Road,2020,Simple Injury,Vehicle to Vehicle,Two way,12.9644,77.5437
Magadi Road,2020,Damage Only,Vehicle to Vehicle,Two way,12.9755,77.5486
Magadi Road,2020,Grievous Injury,Vehicle to Vehicle,Two way,12.9827,77.5491
Magadi Road,2020,Fatal,Hit pedestrian,Two way,12.9691,77.558691
Magadi Road,2020,Grievous Injury,Vehicle to Vehicle,Two way,12.978216,77.55323
Magadi Road,2020,Fatal,Not Applicable,Two way,12.9841,77.5424
Magadi Road,2020,Grievous Injury,Vehicle to Vehicle,Two way,12.9766,77.5473
Magadi Road,2020,Grievous Injury,Hit pedestrian,Two way,12.9729,77.5501
Magadi Road,2020,Damage Only,Not Applicable,Others,12.979,77.552
Magadi Road,2020,Grievous Injury,Vehicle to Vehicle,Two way,12.9755,77.5486
Magadi Road,2020,Grievous Injury,Vehicle to Vehicle,Two way,12.973786,77.549406
Magadi Road,2020,Grievous Injury,Hit pedestrian,One way,12.9653,77.5472
Magadi Road,2020,Simple Injury,Not Applicable,Two way,12.9723,77.5474
Magadi Road,2021,Grievous Injury,Hit pedestrian,Two way,12.9751,77.5523
Magadi Road,2021,Grievous Injury,Vehicle to Vehicle,Two way,12.9762,77.5525
Magadi Road,2021,Simple Injury,Hit pedestrian,Residential Street,12.9802,77.5528
Magadi Road,2021,Simple Injury,Vehicle to Vehicle,Two way,12.97731,77.5648
Magadi Road,2021,Grievous Injury,Hit pedestrian,Others,12.9707,77.5537
Magadi Road,2021,Grievous Injury,Vehicle to Vehicle,Residential Street,12.9824,77.5373
Magadi Road,2021,Fatal,Hit pedestrian,Service Road,12.9774,77.5493
Magadi Road,2021,Simple Injury,Hit pedestrian,Sub Arterial,12.9697,77.5495
Magadi Road,2021,Grievous Injury,Hit pedestrian,Residential Street,12.9731,77.5504
Magadi Road,2021,Grievous Injury,Vehicle to Vehicle,Two way,12.9793,77.5644
Magadi Road,2021,Simple Injury,Vehicle to Vehicle,Two way,12.974,77.5495
Magadi Road,2021,Simple Injury,Vehicle to Vehicle,Two way,12.9845,77.5492
Magadi Road,2021,Grievous Injury,Vehicle to Vehicle,Two way,12.9836,77.4562
Magadi Road,2021,Simple Injury,Not Applicable,Others,12.9781,77.5532
Magadi Road,2021,Fatal,Not Applicable,Service Road,12.9803,77.5487
Magadi Road,2021,Grievous Injury,Vehicle to Vehicle,Sub Arterial,12.98051,77.55785
Magadi Road,2021,Fatal,Hit pedestrian,Two way,12.9655,77.5481
Magadi Road,2021,Grievous Injury,Vehicle to Vehicle,Two way,12.9756,77.5649
Magadi Road,2021,Fatal,Not Applicable,Sub Arterial,12.9818,77.5394
Magadi Road,2021,Damage Only,Vehicle to Vehicle,Two way,12.9808,77.5586
Magadi Road,2021,Grievous Injury,Hit pedestrian,Two way,12.9808,77.5427
Magadi Road,2021,Fatal,Hit pedestrian,Service Road,12.9778,77.5491
Magadi Road,2021,Simple Injury,Hit pedestrian,Others,12.97221,77.54995
Magadi Road,2021,Simple Injury,Vehicle to Vehicle,Others,12.9757,77.5557
Magadi Road,2021,Simple Injury,Hit pedestrian,Arterial,12.9756,77.5568
Magadi Road,2021,Grievous Injury,Vehicle to Vehicle,Two way,12.9776,77.5584
Magadi Road,2021,Simple Injury,Hit pedestrian,Two way,12.9798,77.5537
Magadi Road,2021,Grievous Injury,Hit pedestrian,Residential Street,12.984284,77.555731
Magadi Road,2022,Grievous Injury,Vehicle to Vehicle,Two way,12.9748,77.5484
Magadi Road,2022,Simple Injury,Hit pedestrian,Two way,12.9644,77.5495
Magadi Road,2022,Fatal,Vehicle to Vehicle,Two way,12.9739,77.5496
Magadi Road,2022,Grievous Injury,Vehicle to Vehicle,Sub Arterial,12.9757,77.5576
Magadi Road,2022,Grievous Injury,Vehicle to Vehicle,Two way,12.9757,77.5565
Magadi Road,2022,Grievous Injury,Vehicle to Vehicle,Sub Arterial,12.9757,77.5645
Magadi Road,2022,Grievous Injury,Vehicle to Vehicle,Others,12.968,77.5453
Magadi Road,2022,Grievous Injury,Vehicle to Vehicle,Not Applicable,12.9777,77.5531
Magadi Road,2022,Fatal,Hit pedestrian,Two way,12.96407,77.5566
Magadi Road,2022,Grievous Injury,Vehicle to Vehicle,Two way,12.9722,77.5667
Magadi Road,2022,Grievous Injury,Not Applicable,Two way,12.9656,77.5482
Magadi Road,2022,Grievous Injury,Hit pedestrian,Sub Arterial,12.9651,77.5553
Magadi Road,2022,Grievous Injury,Vehicle to Vehicle,Sub Arterial,12.9576,77.5341
Magadi Road,2022,Grievous Injury,Hit pedestrian,One way,12.9727,77.5491
Magadi Road,2022,Fatal,Not Applicable,Sub Arterial,12.98463,77.54517
Magadi Road,2022,Grievous Injury,Vehicle to Vehicle,Others,12.9783,77.5512
Magadi Road,2023,Grievous Injury,Hit pedestrian,Others,12.975002,77.552226
Magadi Road,2023,Simple Injury,Vehicle to Vehicle,Arterial,12.956842,77.542315
Magadi Road,2023,Simple Injury,Not Applicable,Residential Street,12.96325,77.63259
Magadi Road,2023,Simple Injury,Vehicle to Vehicle,Others,12.980828,77.549129
Magadi Road,2023,Fatal,Not Applicable,Sub Arterial,12.977565,77.564773
Magadi Road,2023,Grievous Injury,Vehicle to Vehicle,Arterial,12.974563,77.548263
Magadi Road,2023,Grievous Injury,Hit pedestrian,Sub Arterial,12.9856,77.6985
Magadi Road,2023,Grievous Injury,Vehicle to Vehicle,Sub Arterial,12.974563,77.542315
Magadi Road,2023,Grievous Injury,Hit pedestrian,Others,12.9736,77.5491
Magadi Road,2023,Simple Injury,Vehicle to Vehicle,Arterial,12.975596,77.554514
Magadi Road,2023,Fatal,Not Applicable,Sub Arterial,12.9749,77.5497
Magadi Road,2023,Fatal,Not Applicable,Arterial,12.9773,77.56481
Magadi Road,2023,Fatal,Not Applicable,Arterial,12.975634,77.542638
Magadi Road,2023,Grievous Injury,Not Applicable,Sub Arterial,12.98066,77.54277
Magadi Road,2023,Simple Injury,Vehicle to Vehicle,Arterial,12.978999,77.564429
Magadi Road,2023,Fatal,Hit pedestrian,Sub Arterial,12.974,77.551
Magadi Road,2023,Simple Injury,Vehicle to Vehicle,Arterial,12.974563,77.548265
Magadi Road,2023,Grievous Injury,Hit pedestrian,Not Applicable,12.77975,77.543738
Magadi Road,2023,Grievous Injury,Vehicle to Vehicle,Sub Arterial,12.9767,77.5228
Magadi Road,2023,Grievous Injury,Vehicle to Vehicle,Two way,12.9759,77.5525
Magadi Road,2023,Grievous Injury,Hit pedestrian,Others,12.98008,77.54267
Magadi Road,2023,Simple Injury,Hit pedestrian,Arterial,12.975634,77.54263
Magadi Road,2023,Fatal,Hit pedestrian,Sub Arterial,12.96054,77.54635
Magadi Road,2023,Grievous Injury,Not Applicable,Sub Arterial,12.986564,77.632565
Magadi Road,2023,Fatal,Vehicle to Vehicle,Arterial,12.968523,77.542563
Magadi Road,2023,Grievous Injury,Vehicle to Vehicle,Not Applicable,12.980806,77.549165
Mahadevapura,2023,Grievous Injury,Vehicle to Vehicle,Others,12.982875,77.692617
Mahadevapura,2023,Fatal,Vehicle to Vehicle,One way,12.995667,77.666989
Mahadevapura,2023,Grievous Injury,Vehicle to Vehicle,Others,12.975086,77.697481
Mahadevapura,2023,Grievous Injury,Vehicle to Vehicle,Others,12.991351,77.68757
Mahadevapura,2023,Grievous Injury,Not Applicable,Others,12.983203,77.692665
Mahadevapura,2023,Grievous Injury,Not Applicable,Others,12.998947,77.683471
Mahadevapura,2023,Grievous Injury,Hit pedestrian,Others,12.991484,77.720729
Mahadevapura,2023,Fatal,Vehicle to Vehicle,Major District Road,12.998824,77.68615
Mahadevapura,2023,Grievous Injury,Vehicle to Vehicle,Others,13.000093,77.67668
Mahadevapura,2023,Damage Only,Vehicle to Vehicle,Others,13.000286,77.678788
Mahadevapura,2023,Grievous Injury,Not Applicable,Residential Street,12.996285,77.67596
Mahadevapura,2023,Grievous Injury,Hit bicyclist,Others,12.994854,77.681696
Mahadevapura,2023,Grievous Injury,Hit pedestrian,NH,12.996951,77.669538
Mahadevapura,2023,Simple Injury,Vehicle to Vehicle,Others,12.996845,77.669323
Mahadevapura,2023,Grievous Injury,Hit pedestrian,Others,12.974079,77.698252
Mahadevapura,2023,Damage Only,Vehicle to Vehicle,Others,12.975044,77.69765
Mahadevapura,2023,Grievous Injury,Vehicle to Vehicle,Not Applicable,12.995013,77.684699
Mahadevapura,2023,Grievous Injury,Vehicle to Vehicle,Residential Street,12.990429,77.723554
Mahadevapura,2023,Damage Only,Not Applicable,Residential Street,12.998568,77.699304
Mahadevapura,2023,Grievous Injury,Vehicle to Vehicle,Others,12.980923,77.71416
Mahadevapura,2023,Grievous Injury,Hit pedestrian,One way,13.000185,77.676318
Mahadevapura,2023,Grievous Injury,Not Applicable,Others,12.991818,77.706086
Mahadevapura,2023,Grievous Injury,Vehicle to Vehicle,Others,12.992967,77.70549
Mahadevapura,2023,Fatal,Hit pedestrian,Major District Road,13.000431,77.683395
Mahadevapura,2023,Simple Injury,Vehicle to Vehicle,Others,12.992155,77.713363
Mahadevapura,2023,Grievous Injury,Vehicle to Vehicle,Others,12.991285,77.68752
Mahadevapura,2023,Damage Only,Vehicle to Vehicle,Others,12.974335,77.69778
Mahadevapura,2023,Grievous Injury,Hit pedestrian,Others,12.987658,77.689799
Mahadevapura,2023,Grievous Injury,Not Applicable,One way,12.989266,77.687077
Mahadevapura,2023,Grievous Injury,Not Applicable,Residential Street,13.0004,77.679288
Malleshwaram,2020,Damage Only,Vehicle to Vehicle,One way,12.9819898,77.5702332
Malleshwaram,2020,Grievous Injury,Not Applicable,Two way,13.00035,77.54975
Malleshwaram,2020,Simple Injury,Vehicle to Vehicle,One way,12.983333,77.583333
Malleshwaram,2020,Grievous Injury,Vehicle to Vehicle,One way,13.00772,77.56236
Malleshwaram,2021,Simple Injury,Not Applicable,One way,12.982526,77.567869
Malleshwaram,2021,Grievous Injury,Hit pedestrian,Two way,13.0094,77.564
Malleshwaram,2021,Grievous Injury,Not Applicable,One way,13.00439,77.5572
Malleshwaram,2021,Grievous Injury,Not Applicable,One way,12.9835,77.5655
Malleshwaram,2021,Grievous Injury,Vehicle to Vehicle,Two way,12.9998,77.5506
Malleshwaram,2022,Grievous Injury,Hit pedestrian,Others,12.9861155664,77.5649573
Malleshwaram,2022,Fatal,Hit pedestrian,Others,12.996661,77.56986
Malleshwaram,2022,Fatal,Vehicle to Vehicle,Others,12.99661,77.56986
Malleshwaram,2022,Fatal,Vehicle to Vehicle,Two way,12.98253,77.561623
Malleshwaram,2022,Grievous Injury,Vehicle to Vehicle,Others,12.999655,77.563894
Malleshwaram,2023,Grievous Injury,Vehicle to Vehicle,Others,12.9983,77.553
Malleshwaram,2023,Fatal,Vehicle to Vehicle,Others,12.982798,77.569099
Malleshwaram,2023,Simple Injury,Vehicle to Vehicle,Not Applicable,13.003803,77.54887
Malleshwaram,2023,Grievous Injury,Vehicle to Vehicle,Others,13.002291,77.553194
Malleshwaram,2023,Fatal,Not Applicable,Not Applicable,13.011787,77.554536
Malleshwaram,2023,Simple Injury,Vehicle to Vehicle,Others,13.008681,77.569102
Malleshwaram,2023,Fatal,Not Applicable,Others,13.012343,77.554223
Malleshwaram,2023,Fatal,Vehicle to Vehicle,Not Applicable,12.996647,77.569826
Malleshwaram,2023,Grievous Injury,Not Applicable,Not Applicable,13.003803,77.54887
Malleshwaram,2023,Simple Injury,Vehicle to Vehicle,Others,12.998301,77.553107
Malleshwaram,2023,Simple Injury,Vehicle to Vehicle,Others,12.99488,77.548691
Malleshwaram,2023,Grievous Injury,Hit pedestrian,Others,13.001116,77.58159
Malleshwaram,2023,Simple Injury,Vehicle to Vehicle,Others,13.002207,77.553211
Malleshwaram,2023,Simple Injury,Vehicle to Vehicle,Others,12.982084,77.563252
Malleshwaram,2023,Simple Injury,Vehicle to Vehicle,Not Applicable,12.993347,77.568774
Malleshwaram,2023,Simple Injury,Vehicle to Vehicle,Not Applicable,13.007583,77.555503
Malleshwaram,2023,Simple Injury,Vehicle to Vehicle,Not Applicable,12.982042,77.566503
Malleshwaram,2023,Not Applicable,Vehicle to Vehicle,Others,13.006107,77.54909
Malleshwaram,2023,Simple Injury,Not Applicable,Not Applicable,13.004313,77.553888
Malleshwaram,2023,Simple Injury,Not Applicable,Others,13.008122,77.554299
Malleshwaram,2023,Fatal,Not Applicable,Not Applicable,13.003986,77.549277
Malleshwaram,2023,Simple Injury,Vehicle to Vehicle,Not Applicable,13.008493,77.557268
Malleshwaram,2023,Simple Injury,Vehicle to Vehicle,Others,13.008721,77.569111
Malleshwaram,2023,Simple Injury,Vehicle to Vehicle,Not Applicable,12.980056,77.548879
Malleshwaram,2023,Simple Injury,Hit pedestrian,Others,12.996444,77.563362
Micolayout,2016,Grievous Injury,Hit and Run,City or Town Road,12.909739,77.600233
Micolayout,2018,Grievous Injury,Hit pedestrian,City or Town Road,12.921416,77.59
Micolayout,2019,Not Applicable,Others,City or Town Road,12.897266,77.606863
Micolayout,2019,Grievous Injury,Vehicle to Vehicle,Residential Street,12.913995,77.610548
Micolayout,2019,Grievous Injury,Vehicle to Vehicle,Two way,12.919715,77.591482
Micolayout,2019,Damage Only,Vehicle to Vehicle,Arterial,12.928426,77.600532
Micolayout,2019,Grievous Injury,Hit pedestrian,Two way,12.916889,77.596935
Micolayout,2019,Grievous Injury,Head on,City or Town Road,12.895851,77.599716
Micolayout,2019,Grievous Injury,Hit pedestrian,Sub Arterial,12.910815,77.610005
Micolayout,2019,Grievous Injury,Vehicle to Vehicle,Two way,12.937157,77.601715
Micolayout,2019,Grievous Injury,Vehicle to Vehicle,Two way,12.927837,77.600565
Micolayout,2019,Grievous Injury,Vehicle to Vehicle,Two way,12.886846,77.610457
Micolayout,2019,Damage Only,Not Applicable,Arterial,12.916741,77.600023
Micolayout,2019,Damage Only,Vehicle to Vehicle,Arterial,12.92857,77.591011
Micolayout,2019,Grievous Injury,Hit and Run,City or Town Road,12.924452,77.600334
Micolayout,2019,Grievous Injury,Hit pedestrian,City or Town Road,12.919675,77.61197
Micolayout,2019,Damage Only,Right Turn Collision,City or Town Road,12.909204,77.614068
Micolayout,2019,Grievous Injury,Hit and Run,City or Town Road,12.886802,77.610508
Micolayout,2019,Simple Injury,Vehicle to Vehicle,Others,12.923162,77.5982949
Micolayout,2019,Fatal,Hit pedestrian,Arterial,12.935448,77.6014229
Micolayout,2019,Grievous Injury,Side impact or Right angle,City or Town Road,12.912368,77.606311
Micolayout,2019,Grievous Injury,Vehicle to Vehicle,Others,12.929231,77.609423
Micolayout,2019,Grievous Injury,Hit pedestrian,City or Town Road,12.925349,77.593517
Micolayout,2019,Simple Injury,Hit and Run,City or Town Road,12.935244,77.601396
Micolayout,2019,Grievous Injury,Hit pedestrian,City or Town Road,12.916597,77.609605
Micolayout,2019,Grievous Injury,Vehicle to Vehicle,Two way,12.937012,77.603237
Micolayout,2019,Damage Only,Vehicle to Vehicle,Two way,12.93519,77.601408
Micolayout,2019,Grievous Injury,Hit pedestrian,Two way,12.905176,77.611063
Micolayout,2019,Grievous Injury,Vehicle to Vehicle,Two way,12.913746,77.607361
Micolayout,2019,Simple Injury,Vehicle to Vehicle,Arterial,12.92331,77.593462
Micolayout,2019,Damage Only,Vehicle to Vehicle,Arterial,12.923123,77.59688
Micolayout,2019,Grievous Injury,Hit pedestrian,Arterial,12.918682,77.596853
Micolayout,2019,Simple Injury,Head on,City or Town Road,12.930137,77.609646
Micolayout,2019,Grievous Injury,Hit and Run,City or Town Road,12.925113,77.593509
Micolayout,2019,Grievous Injury,Vehicle to Vehicle,Sub Arterial,12.926272,77.608886
Micolayout,2019,Fatal,Side impact or Right angle,City or Town Road,12.920611,77.591468
Micolayout,2019,Grievous Injury,Head on,City or Town Road,12.921508,77.611096
Micolayout,2019,Grievous Injury,Hit pedestrian,City or Town Road,12.913908,77.609596
Micolayout,2019,Grievous Injury,Hit pedestrian,City or Town Road,12.928459,77.595433
Micolayout,2019,Grievous Injury,Vehicle to Vehicle,Not Applicable,12.917688,77.612544
Micolayout,2019,Grievous Injury,Vehicle to Vehicle,Two way,12.909956,77.600202
Micolayout,2019,Grievous Injury,Side impact or Right angle,City or Town Road,12.890982,77.608226
Micolayout,2019,Grievous Injury,Hit and Run,City or Town Road,12.92538,77.5964549
Micolayout,2019,Grievous Injury,Hit pedestrian,Arterial,12.92135,77.5935009
Micolayout,2019,Damage Only,Vehicle to Vehicle,Arterial,12.936772,77.603755
Micolayout,2019,Grievous Injury,Hit pedestrian,Two way,12.923196,77.59357
Micolayout,2019,Grievous Injury,Hit and Run,City or Town Road,12.926263,77.60889
Micolayout,2019,Grievous Injury,Head on,City or Town Road,12.903358,77.60272
Micolayout,2019,Fatal,Vehicle to Vehicle,Two way,12.916801,77.592262
Micolayout,2019,Fatal,Hit pedestrian,City or Town Road,12.887257,77.610582
Micolayout,2019,Grievous Injury,Rear end,City or Town Road,12.927029,77.5971129
Micolayout,2019,Grievous Injury,Hit and Run,City or Town Road,12.920603,77.591544
Micolayout,2019,Fatal,Hit pedestrian,Arterial,12.918782,77.6000869
Micolayout,2019,Grievous Injury,Vehicle to Vehicle,Two way,12.916819,77.595161
Micolayout,2019,Grievous Injury,Vehicle to Vehicle,Arterial,12.919156,77.597086
Micolayout,2019,Grievous Injury,Vehicle to Vehicle,Two way,12.930561,77.600596
Micolayout,2019,Grievous Injury,Hit pedestrian,City or Town Road,12.933543,77.601107
Micolayout,2019,Fatal,Side impact or Right angle,City or Town Road,12.916862,77.612404
Micolayout,2019,Grievous Injury,Side impact or Right angle,City or Town Road,12.89055,77.598126
Micolayout,2019,Fatal,Side impact or Right angle,City or Town Road,12.886792,77.610517
Micolayout,2019,Grievous Injury,Hit pedestrian,Two way,12.92392,77.597017
Micolayout,2019,Simple Injury,Vehicle to Vehicle,Two way,12.920593,77.61061
Micolayout,2019,Grievous Injury,Rear end,City or Town Road,12.9298,77.60073
Micolayout,2019,Grievous Injury,Hit pedestrian,City or Town Road,12.928588,77.591889
Micolayout,2019,Damage Only,Rear end,City or Town Road,12.916533,77.607006
Micolayout,2019,Grievous Injury,Hit pedestrian,Arterial,12.924945,77.5936899
Micolayout,2019,Grievous Injury,Vehicle to Vehicle,Others,12.916934,77.592704
Micolayout,2019,Grievous Injury,Vehicle to Vehicle,Two way,12.913927,77.614568
Micolayout,2019,Grievous Injury,Hit and Run,City or Town Road,12.921554,77.593417
Micolayout,2019,Grievous Injury,Side impact or Right angle,City or Town Road,12.893104,77.598997
Micolayout,2019,Grievous Injury,Hit and Run,City or Town Road,12.913662,77.599774
Micolayout,2019,Grievous Injury,Hit and Run,City or Town Road,12.920642,77.5900479
Micolayout,2019,Simple Injury,Vehicle to Vehicle,Two way,12.927189,77.609063
Micolayout,2020,Fatal,Not Applicable,Arterial,12.910827,77.610008
Micolayout,2020,Fatal,Vehicle to Vehicle,Arterial,12.918615,77.595126
Micolayout,2021,Grievous Injury,Vehicle to Vehicle,Residential Street,12.932803,77.586591
Micolayout,2021,Grievous Injury,Vehicle to Vehicle,Residential Street,12.912814,77.618895
Micolayout,2021,Grievous Injury,Not Applicable,One way,12.896941,77.599849
Micolayout,2021,Simple Injury,Not Applicable,Others,12.918223,77.600167
Micolayout,2021,Fatal,Not Applicable,Others,12.936931,77.602296
Micolayout,2021,Grievous Injury,Vehicle to Vehicle,Residential Street,12.924561,77.609192
Micolayout,2021,Fatal,Not Applicable,Residential Street,12.928536,77.591662
Micolayout,2021,Grievous Injury,Vehicle to Vehicle,Residential Street,12.916595,77.612364
Micolayout,2021,Damage Only,Vehicle to Vehicle,Residential Street,12.918851,77.610234
Micolayout,2021,Grievous Injury,Hit pedestrian,Two way,12.916796,77.593275
Micolayout,2021,Grievous Injury,Vehicle to Vehicle,Residential Street,12.931601,77.590386
Micolayout,2022,Grievous Injury,Vehicle to Vehicle,Residential Street,12.916356,77.609593
Micolayout,2022,Grievous Injury,Vehicle to Vehicle,Residential Street,12.916625,77.603117
Micolayout,2022,Simple Injury,Vehicle to Vehicle,Others,12.905572,77.601789
Micolayout,2022,Fatal,Hit pedestrian,Others,12.899102,77.607528
Micolayout,2022,Grievous Injury,Not Applicable,One way,12.894529,77.599157
Micolayout,2022,Fatal,Hit pedestrian,Others,12.933032,77.592657
Micolayout,2022,Grievous Injury,Vehicle to Vehicle,Residential Street,12.926994,77.594583
Micolayout,2022,Grievous Injury,Hit pedestrian,Residential Street,12.924932,77.607067
Micolayout,2022,Grievous Injury,Vehicle to Vehicle,Residential Street,12.893796,77.610735
Micolayout,2022,Damage Only,Vehicle to Vehicle,Residential Street,12.904176,77.601544
Micolayout,2022,Grievous Injury,Vehicle to Vehicle,Two way,12.928357,77.59986
Micolayout,2023,Fatal,Vehicle to Vehicle,Others,12.905431,77.609402
Micolayout,2023,Grievous Injury,Vehicle to Vehicle,Not Applicable,12.917147,77.589497
Micolayout,2023,Damage Only,Vehicle to Vehicle,Others,12.92402,77.606319
Micolayout,2023,Simple Injury,Not Applicable,Others,12.936128,77.607304
Micolayout,2023,Grievous Injury,Vehicle to Vehicle,Others,12.913321,77.606255
Micolayout,2023,Grievous Injury,Vehicle to Vehicle,Others,12.936772,77.601462
Micolayout,2023,Grievous Injury,Hit pedestrian,Others,12.916668,77.59883
Micolayout,2023,Grievous Injury,Vehicle to Vehicle,Others,12.913973,77.610116
Micolayout,2023,Grievous Injury,Vehicle to Vehicle,Others,12.916856,77.595052
Micolayout,2023,Grievous Injury,Not Applicable,Others,12.905618,77.601723
Micolayout,2023,Grievous Injury,Hit pedestrian,Others,12.916525,77.610195
Micolayout,2023,Grievous Injury,Hit pedestrian,Others,12.928445,77.94736
Micolayout,2023,Grievous Injury,Vehicle to Vehicle,One way,12.916283,77.609499
Micolayout,2023,Grievous Injury,Vehicle to Vehicle,Not Applicable,12.930788,77.603795
Micolayout,2023,Grievous Injury,Hit pedestrian,Others,12.931099,77.607101
Micolayout,2023,Grievous Injury,Hit pedestrian,Others,12.937138,77.602129
Micolayout,2023,Grievous Injury,Vehicle to Vehicle,Others,12.916813,77.596865
Micolayout,2023,Grievous Injury,Vehicle to Vehicle,Others,12.926681,77.600533
Micolayout,2023,Damage Only,Hit pedestrian,Residential Street,12.903218,77.606236
Micolayout,2023,Fatal,Not Applicable,Others,12.910589,77.610008
Micolayout,2023,Fatal,Not Applicable,Others,12.930922,77.606572
Micolayout,2023,Grievous Injury,Vehicle to Vehicle,Others,12.927016,77.59466
Micolayout,2023,Grievous Injury,Hit pedestrian,Residential Street,12.915328,77.617553
Micolayout,2023,Fatal,Hit pedestrian,Others,12.9364403,77.606758
Micolayout,2023,Grievous Injury,Hit pedestrian,Others,12.936701,77.605073
Micolayout,2023,Grievous Injury,Hit pedestrian,Others,12.928381,77.598029
Micolayout,2023,Grievous Injury,Hit pedestrian,Not Applicable,12.919782,77.58955
Micolayout,2023,Grievous Injury,Vehicle to Vehicle,Others,12.89607,77.599816
Micolayout,2023,Simple Injury,Hit bicyclist,Others,12.907313,77.600622
Micolayout,2023,Fatal,Hit pedestrian,Others,12.916689,77.604226
Peenya,2016,Grievous Injury,Head on,City or Town Road,13.00143894,77.50461311
Peenya,2016,Simple Injury,Hit pedestrian,City or Town Road,13.00846598,77.49929515
Peenya,2016,Grievous Injury,Others,NH,13.04763758,77.5006398
Peenya,2016,Damage Only,Head on,City or Town Road,13.04617363,77.50460059
Peenya,2016,Grievous Injury,Head on,City or Town Road,13.01229093,77.50901097
Peenya,2016,Fatal,Hit pedestrian,City or Town Road,13.03521238,77.52784256
Peenya,2016,Simple Injury,Side impact or Right angle,City or Town Road,13.02643192,77.51458752
Peenya,2016,Grievous Injury,Hit pedestrian,Residential Street,13.01776914,77.51435542
Peenya,2016,Simple Injury,Head on,City or Town Road,13.02525213,77.51114818
Peenya,2016,Damage Only,Others,Others,12.99982369,77.50426357
Peenya,2016,Damage Only,Head on,City or Town Road,13.00885036,77.50674493
Peenya,2016,Grievous Injury,Hit pedestrian,City or Town Road,13.01856245,77.51323427
Peenya,2016,Simple Injury,Hit pedestrian,City or Town Road,13.02882868,77.51013696
Peenya,2016,Damage Only,Head on,City or Town Road,13.04541318,77.50748944
Peenya,2016,Grievous Injury,Rear end,One way,13.03279437,77.51279252
Peenya,2016,Simple Injury,Hit parked vehicle,Feeder Road,13.0411208,77.51897594
Peenya,2016,Grievous Injury,Hit pedestrian,NH,13.03548112,77.52735647
Peenya,2016,Damage Only,Head on,City or Town Road,13.00253038,77.51094054
Peenya,2016,Damage Only,Head on,City or Town Road,13.04039518,77.51784449
Peenya,2016,Grievous Injury,Others,City or Town Road,13.04539698,77.50722719
Peenya,2016,Grievous Injury,Head on,City or Town Road,13.00556588,77.51341365
Peenya,2016,Fatal,Hit and Run,City or Town Road,13.04198699,77.51593243
Peenya,2016,Damage Only,Head on,City or Town Road,13.04738818,77.50049497
Peenya,2016,Grievous Injury,Hit pedestrian,City or Town Road,13.03123501,77.50512815
Peenya,2016,Fatal,Hit bicyclist,Residential Street,13.06164332,77.49538803
Peenya,2016,Grievous Injury,Hit and Run,Others,13.03193752,77.52038793
Peenya,2016,Grievous Injury,Hit bicyclist,Mixed,13.0098147,77.505309
Peenya,2016,Grievous Injury,Head on,City or Town Road,13.00949474,77.50168256
Peenya,2016,Simple Injury,Head on,City or Town Road,13.00845022,77.52674258
Peenya,2016,Damage Only,Head on,City or Town Road,13.04539698,77.50722719
Peenya,2016,Grievous Injury,Head on,City or Town Road,13.04979029,77.49469029
Peenya,2016,Grievous Injury,Others,City or Town Road,13.00357745,77.50452294
Peenya,2016,Fatal,Head on,City or Town Road,13.04515435,77.50719692
Peenya,2016,Grievous Injury,Hit pedestrian,City or Town Road,13.04305883,77.51298428
Peenya,2016,Fatal,Head on,City or Town Road,13.04449683,77.50917899
Peenya,2016,Simple Injury,Hit pedestrian,City or Town Road,13.04089554,77.51709709
Peenya,2016,Simple Injury,Hit and Run,City or Town Road,13.01136157,77.50700435
Peenya,2016,Grievous Injury,Head on,City or Town Road,13.02177523,77.52674173
Peenya,2016,Simple Injury,Head on,City or Town Road,13.04775842,77.500294
Peenya,2016,Grievous Injury,Head on,City or Town Road,13.03791448,77.52200867
Peenya,2016,Grievous Injury,Head on,City or Town Road,13.00577473,77.52629814
Peenya,2016,Simple Injury,Others,NH,13.03491413,77.52939198
Peenya,2016,Grievous Injury,Others,City or Town Road,13.01259136,77.50425525
Peenya,2016,Simple Injury,Head on,City or Town Road,13.03538944,77.51806767
Peenya,2016,Fatal,Hit pedestrian,City or Town Road,13.03073908,77.50713953
Peenya,2016,Grievous Injury,Hit pedestrian,City or Town Road,13.04177453,77.51561989
Peenya,2016,Fatal,Side impact or Right angle,NH,13.03795567,77.52196499
Peenya,2016,Fatal,Others,Expressway,13.03958063,77.5183413
Peenya,2016,Simple Injury,Hit pedestrian,City or Town Road,13.03902019,77.51382374
Peenya,2016,Damage Only,Others,City or Town Road,13.00488163,77.52662378
Peenya,2016,Grievous Injury,Head on,City or Town Road,13.04252231,77.51454121
Peenya,2016,Simple Injury,Head on,City or Town Road,13.04539698,77.50722719
Peenya,2016,Damage Only,Others,NH,13.04569864,77.5057749
Peenya,2016,Fatal,Hit pedestrian,City or Town Road,13.00043644,77.52611811
Peenya,2016,Grievous Injury,Head on,City or Town Road,13.00526773,77.52682826
Peenya,2016,Simple Injury,Head on,City or Town Road,13.01644438,77.48318731
Peenya,2016,Simple Injury,Head on,City or Town Road,13.02947365,77.51214095
Peenya,2016,Grievous Injury,Hit pedestrian,City or Town Road,13.04036276,77.51851812
Peenya,2016,Damage Only,Head on,City or Town Road,13.0377148,77.52257417
Peenya,2016,Fatal,Hit pedestrian,City or Town Road,13.02845075,77.51953939
Peenya,2016,Simple Injury,Head on,City or Town Road,13.02262909,77.52348834
Peenya,2016,Simple Injury,Right Turn Collision,City or Town Road,13.01799011,77.51497675
Peenya,2016,Grievous Injury,Hit pedestrian,City or Town Road,13.02556134,77.52044394
Peenya,2016,Grievous Injury,Hit pedestrian,City or Town Road,13.03659964,77.51317424
Peenya,2016,Grievous Injury,Hit pedestrian,City or Town Road,13.02249773,77.5167315
Peenya,2016,Fatal,Hit pedestrian,City or Town Road,13.01470217,77.50647233
Peenya,2016,Grievous Injury,Hit pedestrian,City or Town Road,13.04541026,77.50743243
Peenya,2016,Grievous Injury,Hit pedestrian,Residential Street,13.05021865,77.51600691
Peenya,2016,Grievous Injury,Head on,City or Town Road,13.03418717,77.5306115
Peenya,2016,Simple Injury,Head on,City or Town Road,13.02861371,77.5196924
Peenya,2016,Grievous Injury,Hit pedestrian,City or Town Road,13.01637209,77.51157338
Peenya,2016,Simple Injury,Hit pedestrian,City or Town Road,13.04181473,77.51589672
Peenya,2016,Grievous Injury,Hit and Run,City or Town Road,13.05352555,77.49406417
Peenya,2016,Grievous Injury,Head on,Residential Street,13.04111563,77.50478782
Peenya,2016,Grievous Injury,Hit pedestrian,Feeder Road,13.00893962,77.5267261
Peenya,2016,Grievous Injury,Others,Two way,13.01081182,77.52209662
Peenya,2016,Grievous Injury,Others,City or Town Road,12.99978397,77.50420117
Peenya,2016,Damage Only,Others,Others,13.00493306,77.52676406
Peenya,2016,Grievous Injury,Hit pedal cyclist,City or Town Road,13.03786676,77.52187787
Peenya,2016,Simple Injury,Hit and Run,City or Town Road,13.04202194,77.51582955
Peenya,2016,Grievous Injury,Not Applicable,Not Applicable,13.01608696,77.52033943
Peenya,2016,Grievous Injury,Hit pedestrian,City or Town Road,13.02041093,77.50819282
Peenya,2016,Simple Injury,Rear end,NH,13.03487798,77.52953532
Peenya,2016,Grievous Injury,Hit and Run,Residential Street,13.04970064,77.51672895
Peenya,2016,Grievous Injury,Head on,City or Town Road,13.03465752,77.52959584
Peenya,2016,Simple Injury,Run Off Road,City or Town Road,13.04539387,77.52182749
Peenya,2016,Grievous Injury,Head on,City or Town Road,13.01093097,77.52202521
Peenya,2016,Damage Only,Others,NH,13.043211,77.51229649
Peenya,2016,Grievous Injury,Hit pedestrian,NH,13.02317415,77.30551025
Peenya,2016,Simple Injury,Hit pedestrian,City or Town Road,13.00779572,77.52165836
Peenya,2016,Grievous Injury,Hit pedestrian,City or Town Road,13.00763041,77.51508189
Peenya,2016,Fatal,Head on,City or Town Road,13.03487659,77.52820843
Peenya,2016,Fatal,Head on,City or Town Road,13.04226403,77.51406978
Peenya,2016,Grievous Injury,Hit pedestrian,City or Town Road,13.04509315,77.50892822
Peenya,2016,Simple Injury,Hit pedestrian,City or Town Road,13.00877364,77.52679886
Peenya,2016,Simple Injury,Hit and Run,City or Town Road,13.04801857,77.518733
Peenya,2016,Fatal,Hit pedestrian,NH,13.03511405,77.52779642
Peenya,2016,Grievous Injury,Head on,City or Town Road,13.04230046,77.51459192
Peenya,2016,Grievous Injury,Hit pedestrian,City or Town Road,13.03768599,77.49308415
Peenya,2016,Grievous Injury,Hit pedestrian,Service Road,13.04692064,77.50212916
Peenya,2016,Grievous Injury,Hit pedestrian,NH,13.04998426,77.49305429
Peenya,2016,Damage Only,Others,City or Town Road,13.04374301,77.52085575
Peenya,2016,Damage Only,Others,City or Town Road,13.03491413,77.52939198
Peenya,2016,Fatal,Hit pedestrian,City or Town Road,13.01647504,77.48325554
Peenya,2016,Grievous Injury,Head on,City or Town Road,13.04319468,77.51256761
Peenya,2016,Simple Injury,Hit pedestrian,City or Town Road,13.02360918,77.52195103
Peenya,2016,Fatal,Head on,City or Town Road,13.02028432,77.50804771
Peenya,2016,Grievous Injury,Head on,City or Town Road,13.00400713,77.50820007
Peenya,2016,Grievous Injury,Hit pedestrian,City or Town Road,13.00998057,77.50608157
Peenya,2016,Simple Injury,Head on,City or Town Road,13.03963184,77.51830411
Peenya,2016,Damage Only,Head on,City or Town Road,13.03569277,77.52126756
Peenya,2016,Damage Only,Head on,City or Town Road,13.01521056,77.49951296
Peenya,2016,Grievous Injury,Hit pedestrian,City or Town Road,13.04539698,77.50722719
Peenya,2016,Simple Injury,Head on,City or Town Road,13.04534489,77.50724326
Peenya,2016,Grievous Injury,Head on,City or Town Road,13.04790758,77.50787958
Peenya,2016,Damage Only,Others,City or Town Road,13.05601334,77.50748456
Peenya,2016,Simple Injury,Hit pedestrian,NH,13.04081653,77.51760763
Peenya,2016,Simple Injury,Hit and Run,City or Town Road,13.04293386,77.51394553
Peenya,2016,Grievous Injury,Rear end,City or Town Road,13.03238596,77.51087293
Peenya,2016,Grievous Injury,Hit pedestrian,City or Town Road,13.03424674,77.5294222
Peenya,2016,Grievous Injury,Hit pedestrian,City or Town Road,13.03957093,77.51839246
Peenya,2016,Grievous Injury,Head on,City or Town Road,13.05002212,77.51641335
Peenya,2016,Grievous Injury,Hit bicyclist,City or Town Road,13.02648227,77.51513672
Peenya,2016,Simple Injury,Head on,NH,13.03804366,77.52214354
Peenya,2016,Simple Injury,Hit pedestrian,Residential Street,13.00050266,77.52078232
Peenya,2016,Grievous Injury,Others,NH,13.04724764,77.50223393
Peenya,2016,Grievous Injury,Head on,City or Town Road,13.05677806,77.5072378
Peenya,2016,Grievous Injury,Others,Mixed,13.02994728,77.51904415
Peenya,2016,Simple Injury,Head on,City or Town Road,13.03511844,77.51799657
Peenya,2016,Damage Only,Others,NH,13.03999213,77.51838986
Peenya,2016,Simple Injury,Hit pedestrian,City or Town Road,12.99927617,77.52057689
Peenya,2016,Simple Injury,Hit pedestrian,City or Town Road,13.05129659,77.50779756
Peenya,2016,Simple Injury,Head on,City or Town Road,13.04536036,77.50747353
Peenya,2016,Grievous Injury,Hit bicyclist,City or Town Road,13.01247955,77.52161662
Peenya,2016,Grievous Injury,Hit pedestrian,City or Town Road,13.03088247,77.50240379
Peenya,2016,Damage Only,Head on,City or Town Road,13.03787732,77.5218945
Peenya,2016,Grievous Injury,Hit pedestrian,City or Town Road,13.02851977,77.51962679
Peenya,2016,Damage Only,Hit fixed object,Residential Street,13.05492595,77.51673779
Peenya,2016,Grievous Injury,Others,NH,13.0453105,77.507935
Peenya,2016,Grievous Injury,Head on,City or Town Road,13.0482853,77.49795191
Peenya,2016,Grievous Injury,Others,City or Town Road,13.04240699,77.51465935
Peenya,2016,Simple Injury,Hit pedestrian,City or Town Road,13.01694268,77.51215718
Peenya,2016,Grievous Injury,Head on,City or Town Road,13.04532157,77.50725011
Peenya,2016,Damage Only,Head on,City or Town Road,13.00358877,77.50452965
Peenya,2016,Simple Injury,Others,NH,13.03983376,77.51854815
Peenya,2016,Damage Only,Head on,City or Town Road,13.04377088,77.52094252
Peenya,2016,Grievous Injury,Hit pedestrian,City or Town Road,13.06250042,77.49718316
Peenya,2016,Simple Injury,Hit and Run,Not Applicable,13.00095241,77.52480714
Peenya,2016,Simple Injury,Others,NH,13.03998781,77.51883523
Peenya,2016,Fatal,Head on,City or Town Road,13.00827594,77.52669561
Peenya,2016,Grievous Injury,Hit pedestrian,City or Town Road,13.040959,77.51900201
Peenya,2016,Grievous Injury,Not Applicable,City or Town Road,13.03814879,77.52142163
Peenya,2016,Grievous Injury,Hit pedestrian,City or Town Road,13.05023208,77.49378907
Peenya,2016,Grievous Injury,Head on,City or Town Road,13.03798386,77.52211392
Peenya,2016,Simple Injury,Head on,City or Town Road,13.04113848,77.51435518
Peenya,2016,Grievous Injury,Head on,City or Town Road,13.04769828,77.50017221
Peenya,2016,Simple Injury,Hit bicyclist,Feeder Road,13.02556624,77.51121967
Peenya,2016,Simple Injury,Hit and Run,Service Road,13.04451129,77.50981325
Peenya,2016,Grievous Injury,Head on,Others,13.03995186,77.52670473
Peenya,2016,Grievous Injury,Hit and Run,NH,13.04070535,77.51763534
Peenya,2016,Simple Injury,Hit pedestrian,Others,13.03074328,77.51557583
Peenya,2016,Grievous Injury,Hit pedestrian,Others,13.04314146,77.52018883
Peenya,2016,Grievous Injury,Hit puchcart,Service Road,13.05372284,77.51142559
Peenya,2016,Grievous Injury,Head on,City or Town Road,13.02582326,77.52071139
Peenya,2016,Fatal,Head on,City or Town Road,13.04580801,77.50542757
Peenya,2016,Damage Only,Others,Service Road,13.04724911,77.50088397
Peenya,2016,Damage Only,Others,NH,13.03803141,77.52204271
Peenya,2016,Simple Injury,Hit pedestrian,City or Town Road,13.00961574,77.50689347
Peenya,2016,Fatal,Hit pedestrian,NH,13.04210105,77.5155976
Peenya,2016,Grievous Injury,Head on,City or Town Road,13.00342354,77.52618129
Peenya,2016,Fatal,Head on,City or Town Road,13.04539713,77.50732271
Peenya,2016,Damage Only,Others,NH,13.03757892,77.52250612
Peenya,2016,Simple Injury,Head on,City or Town Road,13.02870405,77.51978496
Peenya,2016,Damage Only,Head on,City or Town Road,13.04916412,77.49667901
Peenya,2016,Grievous Injury,Hit pedestrian,City or Town Road,13.02224816,77.52489434
Peenya,2016,Grievous Injury,Head on,City or Town Road,13.03373662,77.50400898
Peenya,2016,Grievous Injury,Hit pedestrian,City or Town Road,13.04910591,77.49658084
Peenya,2016,Grievous Injury,Hit pedestrian,NH,13.04481001,77.50901133
Peenya,2016,Damage Only,Head on,City or Town Road,13.03477495,77.52969969
Peenya,2016,Grievous Injury,Head on,City or Town Road,13.03803511,77.5220671
Peenya,2016,Fatal,Head on,City or Town Road,13.04778122,77.49976078
Peenya,2016,Damage Only,Others,City or Town Road,13.01091483,77.50684317
Peenya,2016,Damage Only,Hit and Run,NH,13.04294575,77.51288189
Peenya,2016,Grievous Injury,Others,City or Town Road,13.02645354,77.51457059
Peenya,2016,Grievous Injury,Others,City or Town Road,13.06687085,77.50239813
Peenya,2016,Grievous Injury,Hit animal,City or Town Road,13.04339007,77.51364565
Peenya,2016,Grievous Injury,Others,Service Road,13.04670058,77.50247356
Peenya,2016,Grievous Injury,Hit pedestrian,City or Town Road,13.04719698,77.51431943
Peenya,2016,Simple Injury,Hit pedestrian,City or Town Road,13.02740884,77.51697145
Peenya,2016,Simple Injury,Others,Service Road,13.03582059,77.52612273
Peenya,2016,Grievous Injury,Hit pedestrian,City or Town Road,13.00976257,77.50495635
Peenya,2016,Damage Only,Others,NH,13.03780591,77.52204403
Peenya,2016,Fatal,Rear end,NH,13.0379464,77.52175425
Peenya,2016,Grievous Injury,Hit pedestrian,City or Town Road,13.0222483,77.52476598
Peenya,2016,Grievous Injury,Hit and Run,NH,13.04219901,77.51456022
Peenya,2016,Grievous Injury,Hit pedestrian,City or Town Road,13.02839847,77.51948777
Peenya,2016,Damage Only,Others,Others,13.02251179,77.50399436
Peenya,2016,Simple Injury,Hit pedestrian,NH,13.03473669,77.52983232
Peenya,2016,Grievous Injury,Hit pedestrian,City or Town Road,13.03166054,77.51294969
Peenya,2016,Grievous Injury,Hit pedestrian,City or Town Road,13.06057555,77.51634841
Peenya,2016,Grievous Injury,Others,NH,13.03612148,77.52519357
Peenya,2016,Fatal,Hit pedestrian,City or Town Road,13.04536441,77.50730293
Peenya,2016,Damage Only,Hit and Run,City or Town Road,13.00511362,77.52677382
Peenya,2016,Fatal,Hit pedestrian,City or Town Road,13.03873129,77.521091
Peenya,2016,Fatal,Hit and Run,City or Town Road,13.02253887,77.52389373
Peenya,2016,Grievous Injury,Hit pedestrian,City or Town Road,13.04298278,77.51293792
Peenya,2016,Simple Injury,Others,City or Town Road,13.00577473,77.52629814
Peenya,2016,Grievous Injury,Others,Residential Street,13.03353705,77.50410984
Peenya,2016,Simple Injury,Head on,City or Town Road,13.02334167,77.52222383
Peenya,2017,Damage Only,Others,City or Town Road,13.03580338,77.51829947
Peenya,2017,Simple Injury,Others,City or Town Road,13.04023672,77.518066
Peenya,2017,Grievous Injury,Hit pedestrian,City or Town Road,13.00476096,77.4969767
Peenya,2017,Grievous Injury,Others,NH,13.03467958,77.5292811
Peenya,2017,Fatal,Not Applicable,NH,13.047315,77.50074176
Peenya,2017,Simple Injury,Side impact or Right angle,NH,13.03975578,77.5187063
Peenya,2017,Fatal,Hit pedestrian,Residential Street,13.05583968,77.51058162
Peenya,2017,Fatal,Side swipe,NH,13.04918016,77.496714
Peenya,2017,Simple Injury,Head on,City or Town Road,13.06265225,77.50636091
Peenya,2017,Grievous Injury,Hit pedestrian,City or Town Road,13.02768895,77.49375846
Peenya,2017,Fatal,Hit pedestrian,City or Town Road,13.02550762,77.52087348
Peenya,2017,Grievous Injury,Hit and Run,Feeder Road,13.03177688,77.51100772
Peenya,2017,Grievous Injury,Head on,City or Town Road,13.04227037,77.52701069
Peenya,2017,Simple Injury,Rear end,NH,13.03467958,77.5292811
Peenya,2017,Simple Injury,Hit pedestrian,NH,13.03939172,77.51928
Peenya,2017,Simple Injury,Hit pedestrian,NH,13.04748846,77.50116106
Peenya,2017,Simple Injury,Others,Others,13.01830615,77.50662164
Peenya,2017,Grievous Injury,Hit pedestrian,City or Town Road,13.04018362,77.51873861
Peenya,2017,Grievous Injury,Others,City or Town Road,13.05673219,77.50754425
Peenya,2017,Grievous Injury,Hit pedestrian,NH,13.04228878,77.51476924
Peenya,2017,Fatal,Hit pedestrian,City or Town Road,13.01889622,77.50984208
Peenya,2017,Grievous Injury,Hit pedestrian,City or Town Road,13.04103859,77.50482669
Peenya,2017,Damage Only,Hit fixed object,NH,13.03651392,77.52519659
Peenya,2017,Grievous Injury,Hit pedestrian,NH,13.04337213,77.51151884
Peenya,2017,Grievous Injury,Hit pedestrian,NH,13.04543059,77.50726181
Peenya,2017,Grievous Injury,Hit pedestrian,NH,13.04216847,77.51481553
Peenya,2017,Grievous Injury,Hit and Run,City or Town Road,13.02659836,77.52166954
Peenya,2017,Simple Injury,Rear end,NH,13.04000115,77.51824818
Peenya,2017,Grievous Injury,Hit pedestrian,NH,13.04278924,77.51298092
Peenya,2017,Grievous Injury,Hit pedestrian,City or Town Road,13.0174034,77.51295705
Peenya,2017,Simple Injury,Hit pedestrian,NH,13.04828926,77.49804806
Peenya,2017,Fatal,Hit pedestrian,Expressway,13.05009845,77.49295934
Peenya,2017,Fatal,Hit bicyclist,Others,13.02639639,77.51460428
Peenya,2017,Grievous Injury,Others,City or Town Road,13.01641794,77.50180391
Peenya,2017,Simple Injury,Hit pedestrian,NH,13.04850079,77.49681732
Peenya,2017,Simple Injury,Hit pedestrian,NH,13.04337213,77.51151884
Peenya,2017,Simple Injury,Hit pedestrian,Residential Street,13.0426277,77.51433349
Peenya,2017,Grievous Injury,Hit pedestrian,City or Town Road,13.03272167,77.50391238
Peenya,2017,Damage Only,Head on,NH,13.03778087,77.52214952
Peenya,2017,Grievous Injury,Others,City or Town Road,13.00849604,77.50612816
Peenya,2017,Simple Injury,Others,NH,13.04397162,77.51049734
Peenya,2017,Grievous Injury,Side swipe,Service Road,13.04579386,77.50533523
Peenya,2017,Simple Injury,Hit pedestrian,Others,13.05110959,77.5145789
Peenya,2017,Grievous Injury,Hit pedestrian,City or Town Road,13.02852634,77.51943318
Peenya,2017,Fatal,Head on,Not Applicable,13.02755718,77.49378338
Peenya,2017,Grievous Injury,Hit pedestrian,Feeder Road,13.04595292,77.50749195
Peenya,2017,Simple Injury,Hit pedestrian,City or Town Road,13.01097398,77.5071718
Peenya,2017,Simple Injury,Head on,NH,13.04730034,77.50093999
Peenya,2017,Simple Injury,Others,City or Town Road,13.05644673,77.50130751
Peenya,2017,Grievous Injury,Hit pedestrian,City or Town Road,13.01371905,77.51016833
Peenya,2017,Simple Injury,Others,NH,13.05001232,77.49401361
Peenya,2017,Grievous Injury,Others,NH,13.03464781,77.52962944
Peenya,2017,Grievous Injury,Head on,City or Town Road,13.03360582,77.50269208
Peenya,2017,Fatal,Side impact or Right angle,NH,13.04740106,77.50134731
Peenya,2017,Fatal,Head on,City or Town Road,13.02745425,77.51708196
Peenya,2017,Damage Only,Hit and Run,City or Town Road,13.04942735,77.49476225
Peenya,2017,Grievous Injury,Hit pedestrian,Residential Street,13.007551,77.5200708
Peenya,2017,Grievous Injury,Others,City or Town Road,13.03171469,77.50369477
Peenya,2017,Fatal,Hit pedestrian,City or Town Road,13.00864141,77.52700943
Peenya,2017,Grievous Injury,Others,NH,13.04322697,77.51224435
Peenya,2017,Damage Only,Others,City or Town Road,13.02690194,77.52014114
Peenya,2017,Simple Injury,Hit pedestrian,City or Town Road,13.0098033,77.50518585
Peenya,2017,Grievous Injury,Side swipe,City or Town Road,13.03754245,77.51829116
Peenya,2017,Grievous Injury,Side impact or Right angle,City or Town Road,13.04199779,77.51559794
Peenya,2017,Fatal,Hit pedestrian,City or Town Road,13.01830615,77.50662164
Peenya,2017,Fatal,Hit pedestrian,City or Town Road,13.06167849,77.51913443
Peenya,2017,Simple Injury,Rear end,NH,13.03641468,77.52494567
Peenya,2017,Simple Injury,Hit pedestrian,City or Town Road,13.0534143,77.5081114
Peenya,2017,Grievous Injury,Hit pedestrian,NH,13.04748846,77.50116106
Peenya,2017,Grievous Injury,Not Applicable,NH,13.04543059,77.50726181
Peenya,2017,Grievous Injury,Hit pedestrian,Service Road,13.05012437,77.49389269
Peenya,2017,Grievous Injury,Hit pedestrian,NH,13.04724453,77.50132461
Peenya,2017,Grievous Injury,Others,NH,13.04532004,77.50692247
Peenya,2017,Damage Only,Rear end,NH,13.04216062,77.51466047
Peenya,2017,Damage Only,Right Turn Collision,City or Town Road,13.04530645,77.50725623
Peenya,2017,Grievous Injury,Hit pedestrian,City or Town Road,13.01399272,77.51023962
Peenya,2017,Grievous Injury,Others,NH,13.04786512,77.49992261
Peenya,2017,Simple Injury,Hit pedestrian,Two way,13.04196314,77.51965973
Peenya,2017,Fatal,Others,Residential Street,13.02533821,77.51525689
Peenya,2017,Grievous Injury,Hit pedestrian,City or Town Road,13.04799984,77.49750771
Peenya,2017,Grievous Injury,Not Applicable,NH,13.03464781,77.52962944
Peenya,2017,Grievous Injury,Hit pedestrian,NH,13.04217329,77.51575346
Peenya,2017,Simple Injury,Hit pedestrian,City or Town Road,13.04722882,77.50161807
Peenya,2017,Grievous Injury,Rear end,City or Town Road,13.05688954,77.50724994
Peenya,2017,Grievous Injury,Hit pedestrian,City or Town Road,13.03305126,77.52812429
Peenya,2017,Damage Only,Skidding or Self accident,City or Town Road,13.03442614,77.53005789
Peenya,2017,Fatal,Others,City or Town Road,13.03316654,77.49247554
Peenya,2017,Simple Injury,Hit parked vehicle,Others,13.05035055,77.51668116
Peenya,2017,Fatal,Others,NH,13.03787863,77.52190509
Peenya,2017,Grievous Injury,Others,NH,13.04563704,77.50569499
Peenya,2017,Grievous Injury,Others,Others,13.00390699,77.50454554
Peenya,2017,Grievous Injury,Others,City or Town Road,13.00586693,77.50554755
Peenya,2017,Damage Only,Others,Expressway,13.04933475,77.49514183
Peenya,2017,Fatal,Side impact or Right angle,NH,13.04588574,77.50699479
Peenya,2017,Grievous Injury,Head on,NH,13.03782719,77.52235042
Peenya,2017,Simple Injury,Others,City or Town Road,13.063507,77.50528504
Peenya,2017,Fatal,Rear end,City or Town Road,13.01890177,77.5126605929
Peenya,2017,Fatal,Head on,City or Town Road,13.06231452,77.50596917
Peenya,2017,Fatal,Hit and Run,City or Town Road,13.04235348,77.51462396
Peenya,2017,Grievous Injury,Others,City or Town Road,13.01093529,77.50687723
Peenya,2017,Grievous Injury,Others,City or Town Road,13.01270247,77.52469861
Peenya,2017,Simple Injury,Rear end,NH,13.04761679,77.50124274
Peenya,2017,Simple Injury,Hit pedestrian,Feeder Road,13.00331205,77.52639042
Peenya,2017,Simple Injury,Hit parked vehicle,NH,13.03594873,77.52549638
Peenya,2017,Grievous Injury,Rear end,NH,13.04233125,77.51471349
Peenya,2017,Grievous Injury,Others,NH,13.02508516,77.51109196
Peenya,2017,Fatal,Others,NH,13.04740106,77.50134731
Peenya,2017,Simple Injury,Hit pedestrian,Feeder Road,13.031847,77.52595951
Peenya,2017,Simple Injury,Others,City or Town Road,13.03449662,77.5298022
Peenya,2017,Damage Only,Others,City or Town Road,13.04003238,77.51839237
Peenya,2017,Grievous Injury,Side impact or Right angle,Feeder Road,13.01773594,77.51464845
Peenya,2017,Grievous Injury,Hit pedestrian,City or Town Road,13.02988007,77.51020828
Peenya,2017,Grievous Injury,Side swipe,NH,13.04513013,77.50751086
Peenya,2017,Grievous Injury,Hit pedestrian,NH,13.03978964,77.51844486
Peenya,2017,Damage Only,Hit and Run,City or Town Road,13.04801084,77.49954448
Peenya,2017,Grievous Injury,Hit and Run,Service Road,13.03983693,77.51853141
Peenya,2017,Simple Injury,Others,City or Town Road,13.0357491,77.51371969
Peenya,2017,Grievous Injury,Hit pedestrian,City or Town Road,13.06189125,77.50675946
Peenya,2017,Grievous Injury,Others,City or Town Road,13.05924117,77.5070571
Peenya,2017,Damage Only,Others,NH,13.0428808,77.51314904
Peenya,2017,Damage Only,Others,City or Town Road,13.02350661,77.51019653
Peenya,2017,Grievous Injury,Others,Not Applicable,13.05329199,77.50808091
Peenya,2017,Grievous Injury,Others,Service Road,13.04871934,77.49684356
Peenya,2017,Grievous Injury,Right Turn Collision,City or Town Road,13.00028633,77.50440037
Peenya,2017,Grievous Injury,Hit and Run,City or Town Road,13.077626,77.561535
Peenya,2017,Damage Only,Others,NH,13.04225327,77.51473299
Peenya,2017,Damage Only,Side swipe,NH,13.03778087,77.52214952
Peenya,2017,Damage Only,Others,NH,13.03482394,77.5295285
Peenya,2017,Grievous Injury,Hit pedestrian,Others,13.0167103,77.51922032
Peenya,2017,Simple Injury,Others,NH,13.04002495,77.51834338
Peenya,2017,Grievous Injury,Hit pedestrian,City or Town Road,13.03610721,77.51500837
Peenya,2017,Damage Only,Rear end,City or Town Road,13.01097398,77.5071718
Peenya,2017,Grievous Injury,Hit and Run,City or Town Road,13.0456624,77.51378288
Peenya,2017,Grievous Injury,Others,City or Town Road,13.01626419,77.502015
Peenya,2017,Grievous Injury,Others,NH,13.04284712,77.51311898
Peenya,2017,Grievous Injury,Others,City or Town Road,13.0682035,77.48954272
Peenya,2017,Grievous Injury,Hit and Run,City or Town Road,13.02588465,77.52077598
Peenya,2017,Grievous Injury,Hit pedestrian,City or Town Road,13.04007004,77.51833965
Peenya,2017,Grievous Injury,Hit pedestrian,Others,13.04112961,77.50487702
Peenya,2017,Simple Injury,Hit pedestrian,Others,13.0449917,77.48550439
Peenya,2017,Grievous Injury,Others,City or Town Road,13.02498613,77.51110448
Peenya,2017,Grievous Injury,Hit pedestrian,City or Town Road,13.04223604,77.50501406
Peenya,2017,Grievous Injury,Hit pedestrian,City or Town Road,13.05817712,77.50716537
Peenya,2017,Grievous Injury,Others,City or Town Road,13.04493967,77.50553736
Peenya,2017,Simple Injury,Hit pedestrian,City or Town Road,13.00689254,77.50540594
Peenya,2017,Grievous Injury,Head on,Mixed,13.00352999,77.50472849
Peenya,2017,Grievous Injury,Head on,City or Town Road,13.01250605,77.50825885
Peenya,2017,Damage Only,Rear end,City or Town Road,13.03460533,77.52970477
Peenya,2017,Simple Injury,Hit pedestrian,NH,13.04901623,77.49579637
Peenya,2017,Simple Injury,Overturning,NH,13.04007108,77.51813849
Peenya,2017,Simple Injury,Hit and Run,City or Town Road,13.04417184,77.5258366
Peenya,2017,Damage Only,Others,City or Town Road,13.04691407,77.52044572
Peenya,2017,Simple Injury,Others,City or Town Road,13.0187103,77.51921932
Peenya,2017,Grievous Injury,Others,NH,13.03792314,77.52231509
Peenya,2017,Grievous Injury,Others,Two way,13.00920273,77.49788804
Peenya,2017,Damage Only,Head on,City or Town Road,13.03914091,77.51801019
Peenya,2017,Simple Injury,Hit pedestrian,NH,13.04298743,77.51287377
Peenya,2017,Fatal,Hit pedestrian,City or Town Road,13.01863255,77.50171631
Peenya,2017,Grievous Injury,Hit pedestrian,City or Town Road,13.060694,77.50124767
Peenya,2017,Simple Injury,Overturning,NH,13.04007003,77.51833965
Peenya,2017,Grievous Injury,Others,Residential Street,13.00348574,77.50260066
Peenya,2017,Grievous Injury,Hit pedestrian,NH,13.04786557,77.4991702
Peenya,2017,Grievous Injury,Hit pedestrian,NH,13.03615983,77.52545675
Peenya,2017,Grievous Injury,Head on,City or Town Road,13.01918915,77.51398682
Peenya,2017,Damage Only,Rear end,City or Town Road,13.01648123,77.50556718
Peenya,2017,Grievous Injury,Hit pedestrian,NH,13.0400700269954,77.5183396500071
Peenya,2018,Simple Injury,Not Applicable,Others,13.03708116,77.50168552
Peenya,2018,Simple Injury,Hit pedestrian,NH,13.04043014,77.50717415
Peenya,2018,Not Applicable,Overturning,NH,13.04260595,77.51386875
Peenya,2018,Fatal,Rear end,NH,13.04285507,77.51299509
Peenya,2018,Fatal,Rear end,NH,13.0380541,77.52192105
Peenya,2018,Grievous Injury,Hit pedestrian,NH,13.04541328,77.50717415
Peenya,2018,Simple Injury,Others,NH,13.03472685,77.5296472
Peenya,2018,Simple Injury,Others,NH,13.04249374,77.51422615
Peenya,2018,Simple Injury,Rear end,NH,13.0368923,77.52443658
Peenya,2018,Grievous Injury,Others,Residential Street,13.04543155,77.5136492
Peenya,2018,Grievous Injury,Others,Residential Street,13.03708116,77.50168612
Peenya,2018,Grievous Injury,Others,Residential Street,13.06750685,77.51584304
Peenya,2018,Simple Injury,Hit and Run,City or Town Road,13.0437368,77.52525359
Peenya,2018,Grievous Injury,Others,Residential Street,13.05693081,77.50151017
Peenya,2018,Fatal,Hit and Run,City or Town Road,13.03979213,77.50254223
Peenya,2018,Not Applicable,Others,Service Road,13.04543,77.50726175
Peenya,2018,Fatal,Hit pedestrian,City or Town Road,13.0165183,77.50557793
Peenya,2018,Simple Injury,Hit pedestrian,NH,13.04328519,77.51209222
Peenya,2018,Simple Injury,Not Applicable,Others,13.03147882,77.51286015
Peenya,2018,Simple Injury,Others,One way,13.03661282,77.50432331
Peenya,2018,Grievous Injury,Hit pedestrian,Residential Street,13.04517735,77.51457253
Peenya,2018,Damage Only,Rear end,NH,13.04950498,77.49455019
Peenya,2018,Grievous Injury,Others,One way,13.04978835,77.50765134
Peenya,2018,Grievous Injury,Others,Residential Street,13.04130551,77.51917996
Peenya,2018,Grievous Injury,Hit pedestrian,Residential Street,13.02819508,77.4962111
Peenya,2018,Grievous Injury,Others,Residential Street,13.03460735,77.52213665
Peenya,2018,Simple Injury,Others,Two way,13.03452659,77.52940711
Peenya,2018,Grievous Injury,Hit bicyclist,City or Town Road,13.0165183,77.50557793
Peenya,2018,Not Applicable,Rear end,NH,13.04872909,77.49778644
Peenya,2018,Simple Injury,Others,NH,13.03788892,77.52234766
Peenya,2018,Simple Injury,Others,City or Town Road,13.04978835,77.50765134
Peenya,2018,Damage Only,Not Applicable,Others,13.06378829,77.50499638
Peenya,2018,Simple Injury,Hit pedestrian,Residential Street,13.05159411,77.51721334
Peenya,2018,Grievous Injury,Others,Two way,13.0200954,77.5043233
Peenya,2018,Grievous Injury,Hit pedestrian,City or Town Road,13.0109739,77.50124767
Peenya,2018,Grievous Injury,Others,Residential Street,13.04285507,77.51299509
Peenya,2018,Simple Injury,Not Applicable,NH,13.04542764,77.5073854
Peenya,2018,Not Applicable,Rear end,NH,13.04640223,77.5039402
Peenya,2018,Grievous Injury,Rear end,Residential Street,13.03602242,77.52134218
Peenya,2018,Fatal,Hit pedestrian,City or Town Road,13.02420499,77.52394391
Peenya,2018,Grievous Injury,Others,Residential Street,13.06025156,77.50690792
Peenya,2018,Simple Injury,Drowned,City or Town Road,13.03624923,77.5252628
Peenya,2018,Fatal,Not Applicable,NH,13.04043014,77.51801479
Peenya,2018,Grievous Injury,Hit pedestrian,City or Town Road,13.01088285,77.50681297
Peenya,2018,Fatal,Hit and Run,City or Town Road,13.0167103,77.50374507
Peenya,2018,Simple Injury,Others,Residential Street,13.03451422,77.5179061
Peenya,2018,Grievous Injury,Hit pedestrian,Two way,13.04105717,77.50486689
Peenya,2018,Fatal,Hit pedestrian,Others,13.02816095,77.51892936
Peenya,2018,Grievous Injury,Others,Others,13.02882643,77.51498278
Peenya,2018,Simple Injury,Rear end,NH,13.04542933,77.50729154
Peenya,2018,Simple Injury,Side impact or Right angle,City or Town Road,13.03805002,77.52232083
Peenya,2018,Simple Injury,Others,Others,13.02333653,77.51823558
Peenya,2018,Grievous Injury,Hit pedestrian,City or Town Road,13.00717716,77.50231024
Peenya,2018,Grievous Injury,Rear end,NH,13.02819917,77.5055671
Peenya,2018,Grievous Injury,Others,Others,13.02246955,77.51920406
Peenya,2018,Grievous Injury,Head on,Residential Street,13.03382594,77.50306401
Peenya,2018,Grievous Injury,Head on,Residential Street,13.05995979,77.52004532
Peenya,2018,Simple Injury,Others,Two way,13.0640171,77.50495817
Peenya,2018,Fatal,Others,Residential Street,13.04374388,77.52089886
Peenya,2018,Simple Injury,Hit and Run,NH,13.04234975,77.51456178
Peenya,2018,Grievous Injury,Overturning,City or Town Road,13.03990904,77.51844871
Peenya,2018,Grievous Injury,Hit parked vehicle,City or Town Road,13.03195262,77.512896
Peenya,2018,Simple Injury,Hit pedestrian,Residential Street,13.04006212,77.49869416
Peenya,2018,Simple Injury,Hit pedestrian,NH,13.04516201,77.50848477
Peenya,2018,Grievous Injury,Not Applicable,NH,13.03669727,77.5245682
Peenya,2018,Not Applicable,Others,NH,13.03788892,77.52234766
Peenya,2018,Simple Injury,Overturning,Mixed,13.0284877,77.51966482
Peenya,2018,Fatal,Head on,Residential Street,13.04750086,77.49303879
Peenya,2018,Not Applicable,Others,NH,13.04225856,77.51484324
Peenya,2018,Grievous Injury,Others,Residential Street,13.04181493,77.51958603
Peenya,2018,Simple Injury,Hit pedestrian,City or Town Road,13.04950498,77.49455019
Peenya,2018,Fatal,Rear end,Residential Street,13.04007003,77.51833965
Peenya,2018,Grievous Injury,Head on,City or Town Road,13.00846096,77.5057386
Peenya,2018,Grievous Injury,Hit pedestrian,City or Town Road,13.0400206,77.51857922
Peenya,2018,Grievous Injury,Head on,NH,13.04037678,77.51792428
Peenya,2018,Damage Only,Rear end,NH,13.04285507,77.51299509
Peenya,2018,Grievous Injury,Others,Residential Street,13.02395846,77.51163652
Peenya,2018,Grievous Injury,Others,NH,13.04225856,77.51484324
Peenya,2018,Grievous Injury,Others,Residential Street,13.02399211,77.50795481
Peenya,2018,Fatal,Others,NH,13.04230991,77.51460751
Peenya,2018,Simple Injury,Others,Residential Street,13.01684687,77.48299386
Peenya,2018,Simple Injury,Hit and Run,City or Town Road,13.04201474,77.50512062
Peenya,2018,Grievous Injury,Hit and Run,City or Town Road,13.007551,77.50557793
Peenya,2018,Simple Injury,Hit pedestrian,NH,13.04927676,77.49611604
Peenya,2018,Simple Injury,Others,NH,13.04225856,77.51484324
Peenya,2018,Grievous Injury,Head on,Residential Street,13.00417104,77.5081323
Peenya,2018,Grievous Injury,Hit pedestrian,Residential Street,13.01286238,77.503481
Peenya,2018,Grievous Injury,Others,Others,13.03958753,77.52748703
Peenya,2018,Grievous Injury,Others,Others,13.04958413,77.50451048
Peenya,2018,Grievous Injury,Others,NH,13.04744929,77.50092431
Peenya,2018,Grievous Injury,Hit pedestrian,NH,13.04303252,77.51294009
Peenya,2018,Fatal,Hit pedestrian,Residential Street,13.05259324,77.51276826
Peenya,2018,Fatal,Side swipe,NH,13.04211345,77.51541733
Peenya,2018,Simple Injury,Others,Others,13.02334224,77.52171077
Peenya,2018,Grievous Injury,Head on,NH,13.04927676,77.49611604
Peenya,2018,Grievous Injury,Side impact or Right angle,City or Town Road,13.05659233,77.50725636
Peenya,2018,Simple Injury,Others,NH,13.04897249,77.497201
Peenya,2018,Grievous Injury,Hit pedestrian,NH,13.04872204,77.49703232
Peenya,2018,Grievous Injury,Head on,City or Town Road,13.06139539,77.50660502
Peenya,2018,Not Applicable,Others,NH,13.04950498,77.49455019
Peenya,2018,Grievous Injury,Rear end,Expressway,13.04042889,77.51795946
Peenya,2018,Grievous Injury,Side impact or Right angle,NH,13.04231145,77.51459408
Peenya,2018,Grievous Injury,Rear end,City or Town Road,13.03451422,77.5179061
Peenya,2018,Grievous Injury,Side swipe,City or Town Road,13.03656548,77.51319359
Peenya,2018,Grievous Injury,Head on,City or Town Road,13.05626969,77.50733316
Peenya,2018,Grievous Injury,Others,Residential Street,13.04278825,77.51474438
Peenya,2018,Grievous Injury,Others,One way,13.02819508,77.4962111
Peenya,2018,Grievous Injury,Head on,Others,13.00928923,77.52039918
Peenya,2018,Grievous Injury,Others,Residential Street,13.02575925,77.52071208
Peenya,2018,Simple Injury,Others,NH,13.04278278,77.51294678
Peenya,2018,Fatal,Rear end,NH,13.04894351,77.49651648
Peenya,2018,Grievous Injury,Hit pedestrian,City or Town Road,13.04507567,77.52161208
Peenya,2018,Not Applicable,Others,NH,13.04326159,77.51229413
Peenya,2018,Damage Only,Rear end,NH,13.04942734,77.49475842
Peenya,2018,Damage Only,Head on,NH,13.03798003,77.52216895
Peenya,2018,Grievous Injury,Others,Residential Street,13.04842769,77.5077898
Peenya,2018,Grievous Injury,Head on,Service Road,13.03746031,77.52332163
Peenya,2018,Grievous Injury,Others,Residential Street,13.04889679,77.5130877
Peenya,2018,Grievous Injury,Others,Residential Street,13.02091509,77.50842814
Peenya,2018,Simple Injury,Hit animal,Residential Street,13.024194685,77.52266256
Peenya,2018,Grievous Injury,Others,Residential Street,13.06017358,77.50693344
Peenya,2018,Simple Injury,Hit pedal cyclist,City or Town Road,13.05699203,77.50717028
Peenya,2018,Simple Injury,Rear end,Service Road,13.04542933,77.50729154
Peenya,2018,Simple Injury,Hit bicyclist,Others,13.0283619,77.5084513
Peenya,2018,Grievous Injury,Hit pedestrian,NH,13.0430808,77.51208142
Peenya,2018,Grievous Injury,Hit pedal cyclist,City or Town Road,13.0413337,77.51918356
Peenya,2018,Grievous Injury,Hit and Run,City or Town Road,13.03488131,77.52105784
Peenya,2018,Grievous Injury,Head on,City or Town Road,13.02399211,77.50795481
Peenya,2018,Simple Injury,Others,One way,13.05777961,77.50752855
Peenya,2018,Grievous Injury,Others,NH,13.04541328,77.50717415
Peenya,2018,Grievous Injury,Others,NH,13.03471048,77.52956664
Peenya,2018,Simple Injury,Hit and Run,NH,13.04640223,77.5039402
Peenya,2018,Simple Injury,Head on,City or Town Road,13.04230991,77.51460751
Peenya,2018,Grievous Injury,Others,Residential Street,13.03848783,77.50451856
Peenya,2018,Grievous Injury,Others,NH,13.04543832,77.5072496
Peenya,2018,Fatal,Others,Residential Street,13.06411432,77.50486079
Peenya,2018,Fatal,Side impact or Right angle,NH,13.04536453,77.50727767
Peenya,2018,Simple Injury,Others,Others,13.05658833,77.50353422
Peenya,2018,Simple Injury,Others,Others,13.04112316,77.50482768
Peenya,2018,Fatal,Hit bicyclist,NH,13.04234975,77.51456178
Peenya,2018,Grievous Injury,Head on,City or Town Road,13.02784824,77.49219538
Peenya,2018,Simple Injury,Hit pedestrian,NH,13.04870668,77.49689698
Peenya,2018,Simple Injury,Others,One way,13.05659233,77.50725636
Peenya,2018,Not Applicable,Others,One way,13.03847046,77.50450731
Peenya,2018,Grievous Injury,Head on,NH,13.04621929,77.50389864
Peenya,2018,Grievous Injury,Not Applicable,NH,13.04728682,77.50096787
Peenya,2018,Simple Injury,Hit pedestrian,City or Town Road,13.02125097,77.51143224
Peenya,2018,Grievous Injury,Hit pedestrian,City or Town Road,13.05749156,77.50715807
Peenya,2018,Grievous Injury,Hit pedestrian,City or Town Road,13.0200954,77.557793
Peenya,2018,Grievous Injury,Hit pedestrian,City or Town Road,13.0250954,77.5055671
Peenya,2018,Grievous Injury,Head on,NH,13.04225856,77.51484324
Peenya,2018,Simple Injury,Hit pedestrian,Residential Street,13.01817567,77.50662894
Peenya,2018,Not Applicable,Others,One way,13.02813122,77.51921539
Peenya,2018,Grievous Injury,Others,Residential Street,13.0599541,77.50682706
Peenya,2018,Fatal,Hit pedestrian,Residential Street,13.05628178,77.50738172
Peenya,2018,Simple Injury,Hit pedestrian,Residential Street,13.03003563,77.51028526
Peenya,2018,Simple Injury,Others,NH,13.04943576,77.49483167
Peenya,2018,Simple Injury,Hit pedestrian,City or Town Road,13.06415783,77.50486477
Peenya,2018,Grievous Injury,Hit pedestrian,City or Town Road,13.05544656,77.50432486
Peenya,2018,Grievous Injury,Head on,City or Town Road,13.02419493,77.52266404
Peenya,2018,Simple Injury,Others,Others,13.02339131,77.5101626
Peenya,2018,Not Applicable,Others,NH,13.03994335,77.51844374
Peenya,2018,Grievous Injury,Rear end,Expressway,13.03983519,77.51880394
Peenya,2018,Grievous Injury,Right Turn Collision,City or Town Road,13.0437113,77.52525211
Peenya,2018,Grievous Injury,Others,Residential Street,13.00783394,77.50556827
Peenya,2018,Grievous Injury,Others,NH,13.04503254,77.50785536
Peenya,2018,Grievous Injury,Others,NH,13.04554762,77.50705185
Peenya,2018,Grievous Injury,Others,Residential Street,13.03940812,77.51952472
Peenya,2018,Not Applicable,Overturning,NH,13.04050925,77.51755118
Peenya,2018,Simple Injury,Head on,City or Town Road,13.03624923,77.5252628
Peenya,2019,Grievous Injury,Hit pedestrian,Arterial,13.06250809,77.49512641
Peenya,2019,Grievous Injury,Others,NH,13.04788459,77.49999662
Peenya,2019,Simple Injury,Hit pedestrian,City or Town Road,13.01728859,77.5000856
Peenya,2019,Simple Injury,Vehicle to Vehicle,Residential Street,13.03623575,77.5182686
Peenya,2019,Damage Only,Vehicle to Vehicle,Residential Street,13.05652245,77.50725906
Peenya,2019,Grievous Injury,Rear end,NH,13.0424793,77.51474392
Peenya,2019,Simple Injury,Hit pedestrian,City or Town Road,13.05057737,77.49215382
Peenya,2019,Fatal,Hit and Run,City or Town Road,13.04532654,77.50385278
Peenya,2019,Damage Only,Rear end,NH,13.03932401,77.51941659
Peenya,2019,Fatal,Vehicle to Vehicle,NH,13.04047319,77.51822931
Peenya,2019,Fatal,Hit and Run,NH,13.04225856,77.51229413
Peenya,2019,Simple Injury,Hit pedestrian,NH,13.04298743,77.51287377
Peenya,2019,Grievous Injury,Hit and Run,State Highway,13.06025156,77.50690792
Peenya,2019,Simple Injury,Head on,City or Town Road,13.01239021,77.51114857
Peenya,2019,Grievous Injury,Others,NH,13.0386163,77.52084887
Peenya,2019,Grievous Injury,Drowned,City or Town Road,13.01654155,77.49999662
Peenya,2019,Damage Only,Vehicle to Vehicle,Residential Street,13.06819005,77.50068153
Peenya,2019,Simple Injury,Hit pedestrian,NH,13.04376195,77.52530604
Peenya,2019,Fatal,Others,Residential Street,13.00815563,77.50057418
Peenya,2019,Simple Injury,Hit pedestrian,City or Town Road,13.03717919,77.52416623
Peenya,2019,Simple Injury,Hit pedestrian,City or Town Road,13.04354105,77.52063593
Peenya,2019,Grievous Injury,Head on,City or Town Road,13.04004513,77.51822089
Peenya,2019,Damage Only,Rear end,NH,13.02641158,77.50952631
Peenya,2019,Fatal,Hit pedestrian,Residential Street,13.0137,77.312
Peenya,2019,Simple Injury,Hit pedestrian,City or Town Road,13.01057668,77.5155192
Peenya,2019,Damage Only,Rear end,Others,13.03667058,77.5182686
Peenya,2019,Grievous Injury,Hit pedestrian,Residential Street,13.01728543,77.51309285
Peenya,2019,Simple Injury,Others,NH,13.0368923,77.52443658
Peenya,2019,Simple Injury,Vehicle to Vehicle,NH,13.05033363,77.49313573
Peenya,2019,Damage Only,Not Applicable,Others,13.04116048,77.51439357
Peenya,2019,Fatal,Vehicle to Vehicle,Residential Street,13.06760137,77.5026944
Peenya,2019,Grievous Injury,Vehicle to Vehicle,NH,13.01728543,77.4934639
Peenya,2019,Grievous Injury,Hit pedestrian,Residential Street,13.00586693,77.50554755
Peenya,2019,Simple Injury,Hit pedestrian,NH,13.03994687,77.51840562
Peenya,2019,Fatal,Hit pedestrian,Residential Street,13.04047319,77.51822931
Peenya,2019,Grievous Injury,Skidding or Self accident,NH,13.0386163,77.52084887
Peenya,2019,Simple Injury,Vehicle to Vehicle,Residential Street,13.05024086,77.51304881
Peenya,2019,Grievous Injury,Hit pedestrian,NH,13.04532654,77.50755154
Peenya,2019,Grievous Injury,Hit pedestrian,Expressway,13.04365419,77.51145991
Peenya,2019,Grievous Injury,Hit and Run,City or Town Road,13.02858118,77.49860021
Peenya,2019,Fatal,Head on,City or Town Road,13.04509692,77.52331282
Peenya,2019,Simple Injury,Head on,City or Town Road,13.02641158,77.51461918
Peenya,2019,Damage Only,Rear end,NH,13.03626628,77.52522879
Peenya,2019,Grievous Injury,Head on,NH,13.04398722,77.51015389
Peenya,2019,Grievous Injury,Vehicle to Vehicle,Others,13.04540865,77.50739043
Peenya,2019,Simple Injury,Hit and Run,City or Town Road,13.04293675,77.50385278
Peenya,2019,Simple Injury,Hit pedestrian,City or Town Road,13.05716197,77.50721979
Peenya,2019,Grievous Injury,Head on,Residential Street,13.02125097,77.51143224
Peenya,2019,Grievous Injury,Others,NH,13.04365419,77.51145991
Peenya,2019,Fatal,Hit pedestrian,NH,13.0234,77.3046
Peenya,2019,Simple Injury,Head on,City or Town Road,13.03906625,77.52045476
Peenya,2019,Damage Only,Hit fixed object,Others,13.00992556,77.50620031
Peenya,2019,Grievous Injury,Hit pedestrian,Two way,13.06351498,77.50524927
Peenya,2019,Grievous Injury,Hit pedestrian,NH,13.03465737,77.5296711
Peenya,2019,Grievous Injury,Others,Residential Street,13.03378654,77.5000856
Peenya,2019,Simple Injury,Head on,City or Town Road,13.03976443,77.50264777
Peenya,2019,Grievous Injury,Hit pedestrian,NH,13.02798329,77.50705536
Peenya,2019,Damage Only,Vehicle to Vehicle,NH,13.021,77.313
Peenya,2019,Grievous Injury,Vehicle to Vehicle,Residential Street,13.0101,77.3021
Peenya,2019,Simple Injury,Head on,NH,13.04811839,77.49867631
Peenya,2019,Fatal,Hit bicyclist,City or Town Road,13.01728859,77.51309658
Peenya,2019,Fatal,Vehicle to Vehicle,NH,13.04303252,77.51294009
Peenya,2019,Fatal,Hit pedestrian,City or Town Road,13.04745367,77.50113737
Peenya,2019,Grievous Injury,Overturning,Others,13.0074154,77.50553892
Peenya,2019,Fatal,Vehicle to Vehicle,Others,13.01239093,77.51114527
Peenya,2019,Grievous Injury,Others,Residential Street,13.04879526,77.5181503
Peenya,2019,Simple Injury,Head on,City or Town Road,13.00133925,77.50549109
Peenya,2019,Simple Injury,Head on,City or Town Road,13.0424793,77.51474392
Peenya,2019,Damage Only,Rear end,Expressway,13.04234975,77.51456178
Peenya,2019,Grievous Injury,Hit pedestrian,Residential Street,13.01728543,77.51309285
Peenya,2019,Grievous Injury,Others,NH,13.05033363,77.49313573
Peenya,2019,Fatal,Vehicle to Vehicle,NH,13.03467135,77.52961936
Peenya,2019,Grievous Injury,Head on,Residential Street,13.0481183,77.49867621
Peenya,2019,Simple Injury,Head on,City or Town Road,13.02249205,77.50952631
Peenya,2019,Grievous Injury,Vehicle to Vehicle,Residential Street,13.0591633,77.5066774
Peenya,2019,Simple Injury,Vehicle to Vehicle,Residential Street,13.0151,77.313
Peenya,2019,Grievous Injury,Head on,Residential Street,13.02495574,77.51843837
Peenya,2019,Grievous Injury,Hit pedestrian,Residential Street,13.0315057,77.50349406
Peenya,2019,Fatal,Others,Residential Street,13.04978551,77.51665994
Peenya,2019,Fatal,Others,NH,13.04503254,77.50705536
Peenya,2019,Grievous Injury,Head on,City or Town Road,13.03795568,77.52185022
Peenya,2019,Simple Injury,Vehicle to Vehicle,NH,13.04732938,77.50086491
Peenya,2021,Grievous Injury,Vehicle to Vehicle,Residential Street,13.022491,77.5121504
Peenya,2021,Grievous Injury,Hit pedestrian,NH,13.041339,77.516652
Peenya,2021,Grievous Injury,Vehicle to Vehicle,NH,13.0454975,77.5074816
Peenya,2021,Fatal,Vehicle to Vehicle,Others,13.034853,77.520971
Peenya,2021,Grievous Injury,Hit pedestrian,Residential Street,13.048461,77.518547
Peenya,2021,Fatal,Vehicle to Vehicle,Others,13.0056487,77.513799
Peenya,2021,Grievous Injury,Hit pedestrian,Residential Street,13.045403,77.507425
Peenya,2021,Grievous Injury,Vehicle to Vehicle,Others,13.306661,77.5012051
Peenya,2021,Grievous Injury,Hit pedestrian,NH,13.039624,77.518892
Peenya,2021,Fatal,Hit pedestrian,NH,13.0360957,77.5212217
Peenya,2021,Grievous Injury,Vehicle to Vehicle,Residential Street,13.284052,77.5200138
Peenya,2021,Fatal,Hit bicyclist,Residential Street,13.0187504,77.5154578
Peenya,2021,Grievous Injury,Hit pedestrian,Others,13.062409,77.4981472
Peenya,2021,Fatal,Vehicle to Vehicle,NH,13.0488446,77.4972623
Peenya,2021,Grievous Injury,Hit pedestrian,Others,12.999221666,77.510333333
Peenya,2021,Simple Injury,Vehicle to Vehicle,NH,13.04644595,77.50330466
Peenya,2021,Fatal,Hit pedestrian,Others,13.059037,77.511266
Peenya,2021,Simple Injury,Vehicle to Vehicle,Residential Street,13.0152149,77.5077319
Peenya,2021,Simple Injury,Vehicle to Vehicle,NH,13.042009,77.519747
Peenya,2021,Grievous Injury,Vehicle to Vehicle,Others,13.032169,77.519356
Peenya,2021,Fatal,Hit pedestrian,NH,13.042356,77.514392
Peenya,2021,Grievous Injury,Vehicle to Vehicle,Residential Street,13.013556,77.499641
Peenya,2021,Grievous Injury,Hit pedestrian,Residential Street,13.045371,77.5136109
Peenya,2022,Grievous Injury,Hit pedestrian,Residential Street,13.024981,77.510821
Peenya,2022,Grievous Injury,Hit pedestrian,Residential Street,13.019901,77.502157
Peenya,2022,Grievous Injury,Vehicle to Vehicle,NH,13.0453685,77.5073541
Peenya,2022,Damage Only,Vehicle to Vehicle,NH,13.04103,77.51715
Peenya,2022,Damage Only,Vehicle to Vehicle,NH,13.037959,77.521846
Peenya,2022,Grievous Injury,Vehicle to Vehicle,Others,13.0603544,77.5043573
Peenya,2022,Grievous Injury,Vehicle to Vehicle,Residential Street,13.013203,77.508439
Peenya,2022,Fatal,Vehicle to Vehicle,Residential Street,13.025148,77.511155
Peenya,2022,Fatal,Vehicle to Vehicle,NH,13.050385,77.492847
Peenya,2022,Grievous Injury,Vehicle to Vehicle,Others,13.036092,77.5212862
Peenya,2022,Grievous Injury,Hit pedestrian,NH,13.0424438,77.514652
Peenya,2022,Grievous Injury,Hit pedestrian,Others,13.038662,77.513014
Peenya,2022,Damage Only,Not Applicable,Others,13.009063,77.506956
Peenya,2022,Grievous Injury,Vehicle to Vehicle,Others,13.039887,77.51843
Peenya,2022,Damage Only,Vehicle to Vehicle,NH,13.038175,77.52182
Peenya,2022,Grievous Injury,Hit pedestrian,NH,13.045724,77.506344
Peenya,2022,Fatal,Not Applicable,Others,13.033865,77.510342
Peenya,2022,Grievous Injury,Vehicle to Vehicle,NH,13.046035,77.504571
Peenya,2022,Damage Only,Vehicle to Vehicle,NH,13.042424,77.51465
Peenya,2022,Fatal,Vehicle to Vehicle,Residential Street,13.038354,77.522592
Peenya,2022,Simple Injury,Vehicle to Vehicle,NH,13.03987,77.518386
Peenya,2022,Grievous Injury,Hit pedestrian,Residential Street,13.015791,77.501395
Peenya,2022,Grievous Injury,Hit pedestrian,Sub Arterial,13.051148,77.514879
Peenya,2022,Grievous Injury,Vehicle to Vehicle,NH,13.047587,77.500043
Peenya,2022,Grievous Injury,Hit pedestrian,Others,13.0099279,77.5060418
Peenya,2022,Grievous Injury,Vehicle to Vehicle,Others,13.055193,77.510421
Peenya,2022,Damage Only,Vehicle to Vehicle,NH,13.045988,77.505365
Peenya,2022,Grievous Injury,Hit pedestrian,NH,13.039676,77.518661
Peenya,2022,Grievous Injury,Vehicle to Vehicle,One way,13.045567,77.506625
Peenya,2022,Fatal,Hit pedestrian,Others,13.028093,77.4907336
Peenya,2022,Damage Only,Vehicle to Vehicle,Others,13.016133,77.506147
Peenya,2022,Damage Only,Vehicle to Vehicle,NH,13.039789,77.518899
Peenya,2022,Grievous Injury,Vehicle to Vehicle,NH,13.0478439,77.4994599
Peenya,2022,Fatal,Hit pedestrian,Two way,13.047594,77.51953
Peenya,2022,Damage Only,Vehicle to Vehicle,Service Road,13.041329,77.501189
Peenya,2022,Damage Only,Not Applicable,NH,13.037753,77.522317
Peenya,2022,Grievous Injury,Hit pedestrian,Others,13.038976,77.521669
Peenya,2022,Grievous Injury,Vehicle to Vehicle,NH,13.042439,77.514144
Peenya,2022,Grievous Injury,Hit pedestrian,Residential Street,13.045424,77.522863
Peenya,2022,Grievous Injury,Vehicle to Vehicle,NH,13.040003,77.518407
Peenya,2022,Damage Only,Vehicle to Vehicle,NH,13.04281,77.513084
Peenya,2022,Fatal,Vehicle to Vehicle,Others,13.014451,77.508829
Peenya,2022,Damage Only,Not Applicable,Others,13.004312,77.495761
Peenya,2022,Grievous Injury,Vehicle to Vehicle,NH,13.0347827,77.5291473
Peenya,2022,Grievous Injury,Vehicle to Vehicle,Others,13.0528042,77.5077312
Peenya,2022,Grievous Injury,Hit pedestrian,Others,13.051699,77.506402
Peenya,2022,Grievous Injury,Vehicle to Vehicle,Others,13.01912773,77.51011892
Peenya,2022,Grievous Injury,Hit pedestrian,NH,13.042884,77.513098
Peenya,2022,Grievous Injury,Vehicle to Vehicle,Others,13.013681,77.505766
Peenya,2022,Grievous Injury,Hit pedestrian,Arterial,13.048465,77.507741
Peenya,2022,Simple Injury,Vehicle to Vehicle,NH,13.0347,77.529
Peenya,2022,Fatal,Hit pedestrian,NH,13.039887,77.51843
Peenya,2022,Damage Only,Vehicle to Vehicle,NH,13.039915,77.518444
Peenya,2022,Fatal,Not Applicable,NH,13.038014,77.521862
Peenya,2022,Simple Injury,Hit pedestrian,State Highway,13.05692,77.507282
Peenya,2022,Grievous Injury,Not Applicable,Two way,13.0176454,77.50329336
Peenya,2022,Simple Injury,Vehicle to Vehicle,Others,13.060831,77.515548
Peenya,2022,Fatal,Vehicle to Vehicle,Others,13.018013,77.506616
Peenya,2022,Grievous Injury,Vehicle to Vehicle,NH,13.04714,77.501499
Peenya,2022,Grievous Injury,Hit pedestrian,NH,13.056616,77.505123
Peenya,2022,Grievous Injury,Vehicle to Vehicle,NH,13.045338,77.507316
Peenya,2022,Grievous Injury,Vehicle to Vehicle,NH,13.04902,77.497218
Peenya,2022,Grievous Injury,Vehicle to Vehicle,NH,13.04643,77.503676
Peenya,2022,Damage Only,Vehicle to Vehicle,NH,13.042252,77.51476
Peenya,2022,Grievous Injury,Vehicle to Vehicle,NH,13.045067,77.50812
Peenya,2022,Fatal,Vehicle to Vehicle,NH,13.036189,77.525032
Peenya,2022,Grievous Injury,Vehicle to Vehicle,NH,13.04527,77.507316
Peenya,2022,Simple Injury,Vehicle to Vehicle,NH,13.037983,77.521933
Peenya,2022,Grievous Injury,Vehicle to Vehicle,Others,13.059179,77.520251
Peenya,2022,Grievous Injury,Vehicle to Vehicle,Others,13.04527626,77.5147318
Peenya,2022,Grievous Injury,Vehicle to Vehicle,NH,13.0459152,77.5053608
Peenya,2022,Fatal,Hit pedestrian,NH,13.045562,77.506622
Peenya,2022,Grievous Injury,Vehicle to Vehicle,Others,13.013649,77.499571
Peenya,2022,Grievous Injury,Vehicle to Vehicle,Two way,13.038461,77.504607
Peenya,2022,Grievous Injury,Vehicle to Vehicle,NH,13.044923,77.5089166
Peenya,2022,Fatal,Hit pedestrian,NH,13.041045,77.517421
Peenya,2022,Grievous Injury,Vehicle to Vehicle,Others,13.015576,77.506975
Peenya,2022,Grievous Injury,Vehicle to Vehicle,Sub Arterial,13.026872,77.515619
Peenya,2022,Grievous Injury,Vehicle to Vehicle,Others,13.065551,77.503988
Peenya,2022,Damage Only,Vehicle to Vehicle,Others,13.05053522,77.507651
Peenya,2022,Grievous Injury,Vehicle to Vehicle,Others,13.060108,77.498362
Peenya,2022,Grievous Injury,Hit pedestrian,Arterial,13.0496952,77.5076923
Peenya,2022,Grievous Injury,Hit pedestrian,Residential Street,13.03598,77.51825
Peenya,2022,Grievous Injury,Vehicle to Vehicle,NH,13.044044,77.510153
Peenya,2022,Damage Only,Not Applicable,Others,13.046176,77.521555
Peenya,2022,Grievous Injury,Vehicle to Vehicle,Others,13.154,77.50943
Peenya,2022,Grievous Injury,Vehicle to Vehicle,Others,13.035477,77.502067
Peenya,2022,Grievous Injury,Hit pedestrian,Residential Street,13.055314,77.510351
Peenya,2022,Grievous Injury,Vehicle to Vehicle,Others,13.062713,77.495187
Peenya,2022,Grievous Injury,Vehicle to Vehicle,Residential Street,13.0182827,77.5067408
Peenya,2022,Fatal,Hit pedestrian,NH,13.039928,77.518325
Peenya,2022,Grievous Injury,Vehicle to Vehicle,NH,13.0399056,77.5184175
Peenya,2022,Grievous Injury,Vehicle to Vehicle,Residential Street,13.0372468,77.4996091
Peenya,2022,Grievous Injury,Vehicle to Vehicle,State Highway,13.06523,77.504182
Peenya,2022,Grievous Injury,Vehicle to Vehicle,NH,13.034655,77.529636
Peenya,2022,Damage Only,Vehicle to Vehicle,Others,13.037912,77.521903
Peenya,2022,Simple Injury,Vehicle to Vehicle,NH,13.03778,77.52225
Peenya,2022,Damage Only,Vehicle to Vehicle,NH,13.049908,77.493684
Peenya,2022,Grievous Injury,Vehicle to Vehicle,Residential Street,13.061562,77.518947
Peenya,2022,Grievous Injury,Hit pedestrian,Residential Street,13.005086,77.50309
Peenya,2022,Damage Only,Vehicle to Vehicle,Others,13.036354,77.518354
Peenya,2022,Grievous Injury,Vehicle to Vehicle,NH,13.0490426,77.4969082
Peenya,2022,Grievous Injury,Hit pedestrian,Others,13.032386,77.503801
Peenya,2022,Grievous Injury,Vehicle to Vehicle,NH,13.045576,77.506269
Peenya,2022,Grievous Injury,Hit pedestrian,Service Road,13.022739,77.516791
Peenya,2022,Grievous Injury,Vehicle to Vehicle,NH,13.039991,77.518414
Peenya,2022,Fatal,Hit pedestrian,NH,13.043095,77.512907
Peenya,2022,Grievous Injury,Vehicle to Vehicle,Residential Street,13.025811,77.520778
Peenya,2022,Simple Injury,Hit pedestrian,NH,13.039934,77.518314
Peenya,2022,Grievous Injury,Vehicle to Vehicle,NH,13.040046,77.518342
Peenya,2022,Simple Injury,Vehicle to Vehicle,Others,13.0318968,77.5258857
Peenya,2022,Simple Injury,Vehicle to Vehicle,Others,13.04372,77.525555
Peenya,2022,Fatal,Hit pedestrian,NH,13.043477,77.511301
Peenya,2022,Grievous Injury,Vehicle to Vehicle,Others,13.013839,77.500036
Peenya,2022,Simple Injury,Hit pedestrian,Two way,13.03859898,77.48441495
Peenya,2022,Grievous Injury,Vehicle to Vehicle,Others,13.030941,77.501614
Peenya,2022,Fatal,Hit pedestrian,Sub Arterial,13.0286565,77.5195678
Peenya,2022,Grievous Injury,Vehicle to Vehicle,Two way,13.023513,77.77521695
Peenya,2022,Grievous Injury,Vehicle to Vehicle,Residential Street,13.01628,77.483889
Peenya,2022,Grievous Injury,Vehicle to Vehicle,NH,13.0347298,77.529606
Peenya,2022,Grievous Injury,Vehicle to Vehicle,Residential Street,13.0424681,77.5259337
Peenya,2022,Damage Only,Vehicle to Vehicle,NH,13.0452,77.50664
Peenya,2022,Fatal,Vehicle to Vehicle,Others,13.0343733,77.5048596
Peenya,2022,Simple Injury,Hit pedestrian,NH,13.04348,77.511373
Peenya,2022,Grievous Injury,Vehicle to Vehicle,Residential Street,13.04658,77.520147
Peenya,2022,Grievous Injury,Vehicle to Vehicle,NH,13.045253,77.507359
Peenya,2022,Grievous Injury,Vehicle to Vehicle,NH,13.043359,77.511786
Peenya,2022,Grievous Injury,Vehicle to Vehicle,Others,13.0577883,77.5212751
Peenya,2022,Damage Only,Vehicle to Vehicle,Residential Street,13.042395,77.51463
Peenya,2022,Fatal,Vehicle to Vehicle,Two way,13.0290863,77.4832824
Peenya,2022,Grievous Injury,Hit pedestrian,Sub Arterial,13.0498987,77.5166177
Peenya,2022,Grievous Injury,Vehicle to Vehicle,Others,13.005727,77.510534
Peenya,2023,Grievous Injury,Hit pedestrian,Others,13.0069467,77.5054567
Peenya,2023,Grievous Injury,Vehicle to Vehicle,Arterial,13.026432,77.514599
Peenya,2023,Fatal,Hit pedestrian,Arterial,13.055548,77.510448
Peenya,2023,Simple Injury,Vehicle to Vehicle,NH,13.034206,77.5240053
Peenya,2023,Simple Injury,Vehicle to Vehicle,NH,13.022491,77.326548
Peenya,2023,Simple Injury,Not Applicable,Sub Arterial,13.02815,77.503293
Peenya,2023,Grievous Injury,Vehicle to Vehicle,Two way,13.0446443,77.5088245
Peenya,2023,Grievous Injury,Hit pedestrian,Residential Street,13.027226,77.492262
Peenya,2023,Grievous Injury,Hit pedestrian,Others,13.02188,77.495262
Peenya,2023,Grievous Injury,Hit pedestrian,Others,13.016703,77.511776
Peenya,2023,Simple Injury,Vehicle to Vehicle,NH,13.042286,77.51459
Peenya,2023,Simple Injury,Vehicle to Vehicle,NH,13.042426,77.514647
Peenya,2023,Simple Injury,Hit pedestrian,NH,13.042584,77.513085
Peenya,2023,Simple Injury,Vehicle to Vehicle,Others,13.035915,77.513102
Peenya,2023,Grievous Injury,Vehicle to Vehicle,Others,13.025267,77.519108
Peenya,2023,Grievous Injury,Vehicle to Vehicle,NH,13.050622,77.492846
Peenya,2023,Fatal,Vehicle to Vehicle,NH,13.050292,77.49343
Peenya,2023,Simple Injury,Vehicle to Vehicle,NH,13.045402,77.50734
Peenya,2023,Damage Only,Vehicle to Vehicle,NH,13.042762,77.512972
Peenya,2023,Not Applicable,Hit pedestrian,Others,13.040068,77.523607
Peenya,2023,Simple Injury,Vehicle to Vehicle,NH,13.049144,77.495667
Peenya,2023,Grievous Injury,Vehicle to Vehicle,Not Applicable,13.007691,77.501169
Peenya,2023,Grievous Injury,Vehicle to Vehicle,Others,13.038494,77.504543
Peenya,2023,Fatal,Hit pedestrian,Sub Arterial,13.0053,77.31003
Peenya,2023,Grievous Injury,Hit pedestrian,Residential Street,13.007138,77.502473
Peenya,2023,Grievous Injury,Vehicle to Vehicle,Sub Arterial,13.052776,77.49551
Peenya,2023,Simple Injury,Vehicle to Vehicle,NH,13.047821,77.499947
Peenya,2023,Grievous Injury,Vehicle to Vehicle,Sub Arterial,13.044734,77.508822
Peenya,2023,Damage Only,Vehicle to Vehicle,NH,13.030958,77.512633
Peenya,2023,Damage Only,Vehicle to Vehicle,NH,13.046544,77.503499
Peenya,2023,Fatal,Vehicle to Vehicle,NH,13.039275,77.519632
Peenya,2023,Simple Injury,Vehicle to Vehicle,NH,13.034776,77.529693
Peenya,2023,Grievous Injury,Hit pedestrian,NH,13.035418,77.526692
Peenya,2023,Fatal,Not Applicable,Residential Street,13.030464,77.501497
Peenya,2023,Grievous Injury,Hit pedestrian,Not Applicable,13.035996,77.493697
Peenya,2023,Simple Injury,Vehicle to Vehicle,NH,13.034723,77.529652
Peenya,2023,Damage Only,Vehicle to Vehicle,NH,13.037849,77.522269
Peenya,2023,Fatal,Vehicle to Vehicle,NH,13.022491,77.325648
Peenya,2023,Simple Injury,Vehicle to Vehicle,Others,13.009586,77.520511
Peenya,2023,Fatal,Hit pedestrian,NH,13.045359,77.507301
Peenya,2023,Grievous Injury,Vehicle to Vehicle,Others,13.06056,77.513771
Peenya,2023,Grievous Injury,Vehicle to Vehicle,Others,13.03749,77.496206
Peenya,2023,Simple Injury,Vehicle to Vehicle,Two way,13.040652,77.496228
Peenya,2023,Damage Only,Not Applicable,NH,13.034707,77.529644
Peenya,2023,Grievous Injury,Vehicle to Vehicle,Not Applicable,13.01201231,77.50491368
Peenya,2023,Simple Injury,Vehicle to Vehicle,NH,13.03791,77.521825
Peenya,2023,Fatal,Not Applicable,NH,13.048065,77.507994
Peenya,2023,Simple Injury,Vehicle to Vehicle,NH,13.05085,77.49201
Peenya,2023,Simple Injury,Vehicle to Vehicle,Others,13.04899,77.502081
Peenya,2023,Grievous Injury,Vehicle to Vehicle,Sub Arterial,13.036366,77.50435
Peenya,2023,Simple Injury,Vehicle to Vehicle,Others,13.008437,77.509761
Peenya,2023,Simple Injury,Vehicle to Vehicle,Others,13.019901,77.326548
Peenya,2023,Simple Injury,Hit pedestrian,Others,13.034208,77.504171
Peenya,2023,Grievous Injury,Hit pedestrian,Others,13.013203,77.326548
Peenya,2023,Damage Only,Vehicle to Vehicle,NH,13.036987,77.5238
Peenya,2023,Grievous Injury,Vehicle to Vehicle,Not Applicable,13.022492,77.5184369
Peenya,2023,Grievous Injury,Vehicle to Vehicle,Two way,13.04419,77.5052659
Peenya,2023,Grievous Injury,Vehicle to Vehicle,Others,13.032532,77.499229
Peenya,2023,Grievous Injury,Vehicle to Vehicle,Others,13.040102,77.504661
Peenya,2023,Grievous Injury,Hit pedestrian,Not Applicable,13.006166,77.505244
Peenya,2023,Grievous Injury,Vehicle to Vehicle,NH,13.046183,77.504135
Peenya,2023,Simple Injury,Vehicle to Vehicle,Others,13.03694,77.52969
Peenya,2023,Simple Injury,Vehicle to Vehicle,Others,13.0154,77.483282
Peenya,2023,Grievous Injury,Hit pedestrian,Others,13.025381,77.503988
Peenya,2023,Simple Injury,Vehicle to Vehicle,NH,13.044923,77.509821
Peenya,2023,Simple Injury,Vehicle to Vehicle,NH,13.037854,77.522232
Peenya,2023,Grievous Injury,Vehicle to Vehicle,NH,13.0469421,77.5020054
Peenya,2023,Grievous Injury,Vehicle to Vehicle,Not Applicable,13.046286,77.513983
Peenya,2023,Grievous Injury,Hit pedestrian,Not Applicable,13.003381,77.515808
Peenya,2023,Grievous Injury,Hit pedestrian,NH,13.043007,77.513223
Peenya,2023,Simple Injury,Hit pedestrian,NH,13.034723,77.529652
Peenya,2023,Simple Injury,Not Applicable,NH,13.036305,77.525001
Peenya,2023,Not Applicable,Vehicle to Vehicle,NH,13.036374,77.525504
Peenya,2023,Fatal,Vehicle to Vehicle,NH,13.025381,77.326548
Peenya,2023,Grievous Injury,Hit pedestrian,Others,13.02508,77.511096
Peenya,2023,Grievous Injury,Vehicle to Vehicle,Others,13.056923,77.508308
Peenya,2023,Simple Injury,Vehicle to Vehicle,State Highway,13.060019,77.506849
Peenya,2023,Grievous Injury,Vehicle to Vehicle,Two way,13.048479,77.507759
Peenya,2023,Grievous Injury,Hit pedestrian,Others,13.025047,77.511047
Peenya,2023,Grievous Injury,Vehicle to Vehicle,Service Road,13.042249,77.515517
Peenya,2023,Fatal,Vehicle to Vehicle,NH,13.045267,77.507321
Peenya,2023,Grievous Injury,Hit pedestrian,NH,13.034723,77.529652
Peenya,2023,Damage Only,Vehicle to Vehicle,NH,13.0395,77.519
Peenya,2023,Fatal,Vehicle to Vehicle,NH,13.04294,77.51329
Peenya,2023,Simple Injury,Hit pedestrian,NH,13.034723,77.529652
Peenya,2023,Fatal,Vehicle to Vehicle,NH,13.039956,77.518457
Peenya,2023,Simple Injury,Hit pedestrian,NH,13.034723,77.529652
Peenya,2023,Simple Injury,Vehicle to Vehicle,Others,13.016879,77.502036
Peenya,2023,Simple Injury,Hit pedestrian,Others,13.107136,77.506717
Peenya,2023,Fatal,Hit pedestrian,Others,13.030487,77.5249979
Peenya,2023,Grievous Injury,Vehicle to Vehicle,NH,13.0049354,77.494979
Peenya,2023,Fatal,Hit pedestrian,NH,13.04002021,77.51874055
Peenya,2023,Grievous Injury,Vehicle to Vehicle,Others,13.044382,77.484282
Peenya,2023,Simple Injury,Hit pedestrian,NH,13.046638,77.503169
Peenya,2023,Simple Injury,Not Applicable,Others,13.028987,77.486644
Peenya,2023,Grievous Injury,Vehicle to Vehicle,Others,13.025173,77.49539
Peenya,2023,Simple Injury,Hit pedestrian,One way,13.046248,77.496119
Peenya,2023,Simple Injury,Vehicle to Vehicle,NH,13.044378,77.509672
Peenya,2023,Simple Injury,Vehicle to Vehicle,Residential Street,13.012876,77.505257
Peenya,2023,Grievous Injury,Vehicle to Vehicle,NH,13.046544,77.503499
Peenya,2023,Simple Injury,Vehicle to Vehicle,Two way,13.060077,77.506893
Peenya,2023,Not Applicable,Not Applicable,Others,13.047784,77.499869
Peenya,2023,Grievous Injury,Vehicle to Vehicle,NH,13.042439,77.514703
Peenya,2023,Grievous Injury,Hit pedestrian,Service Road,13.040089,77.527784
Peenya,2023,Grievous Injury,Vehicle to Vehicle,Residential Street,13.0382543,77.493888
Peenya,2023,Fatal,Hit pedestrian,Others,13.028093,77.483282
Peenya,2023,Simple Injury,Vehicle to Vehicle,Not Applicable,13.027854,77.51753
Peenya,2023,Fatal,Vehicle to Vehicle,NH,13.009341,77.493697
Peenya,2023,Grievous Injury,Hit pedestrian,Two way,13.021191,77.497137
Peenya,2023,Simple Injury,Vehicle to Vehicle,Others,13.04118,77.528441
Peenya,2023,Simple Injury,Vehicle to Vehicle,NH,13.037527,77.522464
Peenya,2023,Fatal,Vehicle to Vehicle,Arterial,13.056644,77.507333
Peenya,2023,Simple Injury,Hit pedestrian,Not Applicable,13.006177,77.505207
Peenya,2023,Simple Injury,Hit pedestrian,NH,13.042964,77.512926
Peenya,2023,Simple Injury,Vehicle to Vehicle,NH,13.047656,77.500015
Peenya,2023,Fatal,Hit pedestrian,NH,13.045043,77.50833
Peenya,2023,Simple Injury,Vehicle to Vehicle,Others,13.036013,77.521221
Peenya,2023,Simple Injury,Hit pedestrian,Others,13.030985,77.512767
Peenya,2023,Grievous Injury,Vehicle to Vehicle,Others,13.036372,77.492323
Peenya,2023,Grievous Injury,Hit pedestrian,NH,13.042735,77.513107
Peenya,2023,Grievous Injury,Vehicle to Vehicle,Others,13.04360191,77.5254069
Peenya,2023,Grievous Injury,Vehicle to Vehicle,Expressway,13.03472,77.529693
Peenya,2023,Simple Injury,Vehicle to Vehicle,One way,13.043381,77.511721
Peenya,2023,Simple Injury,Vehicle to Vehicle,NH,13.041928,77.515997
Peenya,2023,Simple Injury,Vehicle to Vehicle,NH,13.037324,77.523518
Peenya,2023,Fatal,Not Applicable,Others,13.008645,77.509407
Peenya,2023,Simple Injury,Vehicle to Vehicle,Others,13.028142,77.326548
Peenya,2023,Simple Injury,Vehicle to Vehicle,NH,13.048483,77.498991
Peenya,2023,Not Applicable,Vehicle to Vehicle,Others,13.051238,77.507346
Peenya,2023,Simple Injury,Vehicle to Vehicle,Residential Street,13.0238917,77.5105093
Peenya,2023,Simple Injury,Vehicle to Vehicle,Not Applicable,13.0225,77.5039
Peenya,2023,Grievous Injury,Hit pedestrian,Residential Street,13.01398,77.4991
Peenya,2023,Fatal,Not Applicable,Others,13.020816,77.518718
Peenya,2023,Simple Injury,Vehicle to Vehicle,Others,13.041602,77.50486
Peenya,2023,Fatal,Vehicle to Vehicle,NH,13.042734,77.513708
Peenya,2023,Grievous Injury,Vehicle to Vehicle,NH,13.0466,77.5033
Peenya,2023,Grievous Injury,Vehicle to Vehicle,Others,13.028434,77.48874
Peenya,2023,Grievous Injury,Vehicle to Vehicle,Others,13.05171,77.507785
Peenya,2023,Grievous Injury,Vehicle to Vehicle,Others,13.006049,77.497921
Peenya,2023,Damage Only,Vehicle to Vehicle,Not Applicable,13.037841,77.522254
Peenya,2023,Grievous Injury,Vehicle to Vehicle,Not Applicable,13.030958,77.512633
Peenya,2023,Grievous Injury,Hit pedestrian,Residential Street,12.985316,77.489904
Peenya,2023,Grievous Injury,Vehicle to Vehicle,NH,13.045427,77.514669
Peenya,2023,Fatal,Vehicle to Vehicle,NH,13.0504526,77.4927517
Peenya,2023,Simple Injury,Vehicle to Vehicle,Others,13.03592,77.513094
Peenya,2023,Simple Injury,Vehicle to Vehicle,NH,13.045692,77.506385
Peenya,2023,Grievous Injury,Vehicle to Vehicle,NH,13.042301,77.514585
Peenya,2023,Grievous Injury,Hit pedestrian,Others,13.034974,77.52373
Peenya,2023,Simple Injury,Vehicle to Vehicle,NH,13.044668,77.509103
Peenya,2023,Not Applicable,Vehicle to Vehicle,NH,13.042314,77.5146
Peenya,2023,Grievous Injury,Vehicle to Vehicle,Service Road,13.049158,77.496575
Peenya,2023,Grievous Injury,Vehicle to Vehicle,NH,13.04474,77.50915
Peenya,2023,Grievous Injury,Vehicle to Vehicle,Two way,13.022404,77.509474
Peenya,2023,Simple Injury,Vehicle to Vehicle,NH,13.047167,77.501462
Peenya,2023,Fatal,Vehicle to Vehicle,Others,13.052491,77.50792
Peenya,2023,Fatal,Vehicle to Vehicle,NH,13.043295,77.511473
Peenya,2023,Fatal,Hit pedestrian,Others,13.056789,77.501523
Peenya,2023,Simple Injury,Vehicle to Vehicle,NH,13.037973,77.521931
Peenya,2023,Fatal,Not Applicable,Others,13.04389,77.510283
Peenya,2023,Grievous Injury,Vehicle to Vehicle,Others,13.048553,77.518398
Pulikeshinagar,2017,Fatal,Hit and Run,City or Town Road,12.99355,77.61132
Pulikeshinagar,2018,Fatal,Head on,City or Town Road,13.000861,77.612874
Pulikeshinagar,2018,Fatal,Hit and Run,City or Town Road,13.0030491,77.6197124
Pulikeshinagar,2018,Grievous Injury,Hit and Run,City or Town Road,12.984056,77.614901
Pulikeshinagar,2018,Damage Only,Hit parked vehicle,City or Town Road,12.996492,77.609033
Pulikeshinagar,2018,Fatal,Hit and Run,City or Town Road,12.985788,77.609132
Pulikeshinagar,2018,Grievous Injury,Overturning,City or Town Road,13.000136,77.620296
Pulikeshinagar,2019,Fatal,Not Applicable,Residential Street,12.999624,77.615917
Pulikeshinagar,2019,Grievous Injury,Hit pedestrian,Residential Street,13.001522,77.621454
Pulikeshinagar,2019,Grievous Injury,Vehicle to Vehicle,Others,12.991946,77.601048
Pulikeshinagar,2019,Fatal,Hit pedestrian,Residential Street,12.98439,77.61432
Pulikeshinagar,2019,Fatal,Not Applicable,Residential Street,12.994926,77.616104
Pulikeshinagar,2020,Damage Only,Vehicle to Vehicle,Two way,13.000383,77.617802
Pulikeshinagar,2020,Fatal,Not Applicable,Residential Street,13.007289,77.623198
Pulikeshinagar,2020,Simple Injury,Vehicle to Vehicle,Two way,13.001049,77.611912
Pulikeshinagar,2020,Fatal,Vehicle to Vehicle,Two way,12.998147,77.623208
Pulikeshinagar,2020,Grievous Injury,Vehicle to Vehicle,Residential Street,12.99525,77.60831
Pulikeshinagar,2020,Fatal,Hit pedestrian,Two way,13.006426,77.620979
Pulikeshinagar,2020,Fatal,Hit pedestrian,Two way,12.9987859,77.620971
Pulikeshinagar,2021,Fatal,Vehicle to Vehicle,Sub Arterial,13.005948,77.620649
Pulikeshinagar,2021,Fatal,Not Applicable,Residential Street,13.000621,77.629394
Pulikeshinagar,2021,Fatal,Hit pedestrian,Others,12.987497,77.616532
Pulikeshinagar,2021,Fatal,Not Applicable,Two way,12.9918386,77.610502
Pulikeshinagar,2021,Grievous Injury,Hit pedestrian,Residential Street,12.983472,77.612674
Pulikeshinagar,2021,Fatal,Hit pedestrian,Residential Street,12.994234,77.613362
Pulikeshinagar,2022,Grievous Injury,Hit pedestrian,Sub Arterial,12.988464,77.6177224
Pulikeshinagar,2022,Grievous Injury,Hit pedestrian,Residential Street,12.9852674,77.6187623
Pulikeshinagar,2022,Grievous Injury,Vehicle to Vehicle,Sub Arterial,12.98404,77.61761
Pulikeshinagar,2022,Fatal,Hit pedestrian,Sub Arterial,12.990719,77.609327
Pulikeshinagar,2022,Fatal,Hit pedestrian,Others,13.002599,77.612107
Pulikeshinagar,2023,Fatal,Not Applicable,Arterial,12.996085,77.617518
Pulikeshinagar,2023,Grievous Injury,Not Applicable,Sub Arterial,12.989106,77.609855
Pulikeshinagar,2023,Grievous Injury,Hit pedestrian,Two way,13.001331,77.629204
Pulikeshinagar,2023,Simple Injury,Vehicle to Vehicle,One way,12.993523,77.607382
Pulikeshinagar,2023,Grievous Injury,Vehicle to Vehicle,One way,12.987695,77.618145
Pulikeshinagar,2023,Grievous Injury,Vehicle to Vehicle,Two way,13.00085,77.611496
Pulikeshinagar,2023,Grievous Injury,Hit pedestrian,One way,12.99167,77.607138
Pulikeshinagar,2023,Damage Only,Vehicle to Vehicle,Two way,12.993525,77.607391
Pulikeshinagar,2023,Grievous Injury,Not Applicable,One way,12.999902,77.610872
Pulikeshinagar,2023,Grievous Injury,Vehicle to Vehicle,Arterial,12.990584,77.613912
Pulikeshinagar,2023,Grievous Injury,Vehicle to Vehicle,Arterial,13.003822,77.620093
Pulikeshinagar,2023,Simple Injury,Vehicle to Vehicle,Two way,13.002819,77.622143
R T Nagar,2016,Grievous Injury,Hit and Run,City or Town Road,13.025611,77.585235
R T Nagar,2016,Simple Injury,Others,Arterial,13.018994,77.572467
R T Nagar,2016,Simple Injury,Others,Expressway,13.027011,77.58575
R T Nagar,2016,Simple Injury,Not Applicable,City or Town Road,13.041394,77.58796
R T Nagar,2016,Simple Injury,Others,City or Town Road,13.009157,77.594547
R T Nagar,2016,Simple Injury,Hit and Run,City or Town Road,13.033178,77.88174
R T Nagar,2016,Simple Injury,Hit and Run,City or Town Road,13.035875,77.589097
R T Nagar,2016,Fatal,Others,City or Town Road,13.027011,77.58575
R T Nagar,2016,Simple Injury,Hit and Run,City or Town Road,13.018994,77.572467
R T Nagar,2016,Simple Injury,Not Applicable,Feeder Road,13.024189,77.596961
R T Nagar,2016,Simple Injury,Hit and Run,City or Town Road,13.03345,77.575954
R T Nagar,2016,Simple Injury,Others,City or Town Road,13.020666,77.592423
R T Nagar,2016,Not Applicable,Hit and Run,City or Town Road,13.027011,77.58575
R T Nagar,2016,Simple Injury,Others,City or Town Road,13.001338,77.594526
R T Nagar,2016,Simple Injury,Not Applicable,City or Town Road,13.033178,77.88174
R T Nagar,2016,Simple Injury,Rear end,Arterial,13.025611,77.585235
R T Nagar,2016,Simple Injury,Others,City or Town Road,13.039282,77.589462
R T Nagar,2016,Simple Injury,Hit and Run,City or Town Road,13.004286,77.604289
R T Nagar,2016,Damage Only,Others,City or Town Road,13.037735,77.574152
R T Nagar,2016,Simple Injury,Hit and Run,City or Town Road,13.01844,77.598882
R T Nagar,2016,Simple Injury,Not Applicable,City or Town Road,13.025611,77.585235
R T Nagar,2016,Simple Injury,Others,City or Town Road,13.028391,77.871223
R T Nagar,2016,Fatal,Hit and Run,City or Town Road,13.001338,77.594526
R T Nagar,2016,Simple Injury,Others,City or Town Road,13.028391,77.871223
R T Nagar,2016,Damage Only,Not Applicable,City or Town Road,13.016976,77.583947
R T Nagar,2016,Simple Injury,Others,City or Town Road,13.039282,77.589462
R T Nagar,2016,Fatal,Hit and Run,City or Town Road,13.020666,77.592423
R T Nagar,2016,Fatal,Others,City or Town Road,13.028642,77.586136
R T Nagar,2016,Simple Injury,Others,City or Town Road,13.025611,77.585235
R T Nagar,2016,Simple Injury,Others,City or Town Road,13.024889,77.592884
R T Nagar,2016,Grievous Injury,Head on,Sub Arterial,13.031872,77.576866
R T Nagar,2016,Damage Only,Hit and Run,City or Town Road,13.039282,77.589462
R T Nagar,2016,Simple Injury,Head on,City or Town Road,13.02387,77.576866
R T Nagar,2016,Damage Only,Others,Arterial,13.002028,77.598817
R T Nagar,2016,Fatal,Hit and Run,City or Town Road,13.016245,77.59149
R T Nagar,2016,Damage Only,Others,City or Town Road,13.006147,77.592959
R T Nagar,2016,Simple Injury,Others,City or Town Road,13.013443,77.593646
R T Nagar,2016,Simple Injury,Others,City or Town Road,13.016976,77.583947
R T Nagar,2016,Damage Only,Hit and Run,City or Town Road,13.001338,77.594526
R T Nagar,2016,Simple Injury,Side swipe,Arterial,13.039282,77.589462
R T Nagar,2016,Simple Injury,Not Applicable,City or Town Road,13.019172,77.583969
R T Nagar,2016,Simple Injury,Hit and Run,City or Town Road,13.035875,77.589097
R T Nagar,2016,Damage Only,Others,City or Town Road,13.028642,77.586136
R T Nagar,2016,Damage Only,Others,City or Town Road,13.028642,77.586136
R T Nagar,2016,Simple Injury,Hit and Run,City or Town Road,13.006147,77.592959
R T Nagar,2016,Simple Injury,Not Applicable,Expressway,13.041394,77.58796
R T Nagar,2016,Damage Only,Others,City or Town Road,13.025611,77.585235
R T Nagar,2016,Simple Injury,Others,City or Town Road,13.016976,77.583947
R T Nagar,2016,Simple Injury,Hit and Run,City or Town Road,13.020666,77.59149
R T Nagar,2016,Simple Injury,Hit and Run,City or Town Road,13.041394,77.58796
R T Nagar,2016,Simple Injury,Hit and Run,City or Town Road,13.009157,77.594547
R T Nagar,2016,Simple Injury,Hit and Run,Feeder Road,13.022057,77.603817
R T Nagar,2016,Simple Injury,Others,City or Town Road,13.025611,77.585235
R T Nagar,2016,Damage Only,Hit and Run,City or Town Road,13.022924,77.600834
R T Nagar,2016,Simple Injury,Others,City or Town Road,13.03345,77.575954
R T Nagar,2016,Simple Injury,Hit and Run,City or Town Road,13.024889,77.592884
R T Nagar,2016,Damage Only,Hit and Run,City or Town Road,13.016245,77.59149
R T Nagar,2016,Simple Injury,Side impact or Right angle,Arterial,13.016976,77.583947
R T Nagar,2016,Simple Injury,Hit and Run,City or Town Road,13.001338,77.594526
R T Nagar,2016,Fatal,Hit and Run,City or Town Road,13.006147,77.592959
R T Nagar,2016,Damage Only,Others,City or Town Road,13.031872,77.576866
R T Nagar,2016,Damage Only,Others,City or Town Road,13.001338,77.594547
R T Nagar,2016,Damage Only,Others,City or Town Road,13.020666,77.592423
R T Nagar,2016,Simple Injury,Others,City or Town Road,13.041394,77.58796
R T Nagar,2016,Simple Injury,Others,City or Town Road,13.006147,77.592959
R T Nagar,2016,Simple Injury,Others,Arterial,13.01844,77.598882
R T Nagar,2016,Simple Injury,Others,City or Town Road,13.033178,77.88174
R T Nagar,2016,Fatal,Hit and Run,City or Town Road,13.025611,77.585235
R T Nagar,2016,Fatal,Hit and Run,City or Town Road,13.025611,77.585235
R T Nagar,2016,Simple Injury,Not Applicable,City or Town Road,13.024189,77.596961
R T Nagar,2016,Simple Injury,Hit and Run,City or Town Road,13.022809,77.584505
R T Nagar,2016,Simple Injury,Others,City or Town Road,13.040411,77.579452
R T Nagar,2016,Simple Injury,Hit and Run,City or Town Road,13.011865,77.593571
R T Nagar,2016,Damage Only,Others,Arterial,13.039282,77.589462
R T Nagar,2016,Simple Injury,Others,City or Town Road,13.024189,77.600834
R T Nagar,2016,Grievous Injury,Others,City or Town Road,13.039282,77.58549962
R T Nagar,2016,Damage Only,Others,City or Town Road,13.006147,77.592959
R T Nagar,2016,Simple Injury,Others,City or Town Road,13.033178,77.88174
R T Nagar,2016,Simple Injury,Others,City or Town Road,13.040411,77.579452
R T Nagar,2016,Simple Injury,Hit and Run,City or Town Road,13.0009157,77.594547
R T Nagar,2016,Damage Only,Hit and Run,Expressway,12.999017,77.600105
R T Nagar,2016,Damage Only,Hit and Run,City or Town Road,13.033178,77.88174
R T Nagar,2016,Simple Injury,Not Applicable,City or Town Road,12.998097,77.606499
R T Nagar,2016,Simple Injury,Others,City or Town Road,13.006147,77.592959
R T Nagar,2016,Simple Injury,Others,City or Town Road,13.028391,77.871223
R T Nagar,2016,Damage Only,Hit and Run,Expressway,12.995756,77.601714
R T Nagar,2017,Grievous Injury,Others,City or Town Road,13.024889,77.592884
R T Nagar,2017,Damage Only,Hit and Run,City or Town Road,13.024889,77.592884
R T Nagar,2017,Damage Only,Not Applicable,City or Town Road,13.039282,77.589462
R T Nagar,2017,Simple Injury,Hit and Run,City or Town Road,13.027011,77.585235
R T Nagar,2017,Simple Injury,Hit and Run,City or Town Road,13.024888,77.592884
R T Nagar,2017,Simple Injury,Others,City or Town Road,13.026834,77.579741
R T Nagar,2017,Grievous Injury,Hit and Run,City or Town Road,13.025611,77.585235
R T Nagar,2017,Simple Injury,Hit and Run,City or Town Road,13.020666,77.592423
R T Nagar,2017,Simple Injury,Others,City or Town Road,13.019172,77.583969
R T Nagar,2017,Simple Injury,Others,City or Town Road,13.025611,77.58575
R T Nagar,2017,Simple Injury,Others,City or Town Road,13.033178,77.88174
R T Nagar,2017,Grievous Injury,Hit and Run,City or Town Road,13.016976,77.583947
R T Nagar,2017,Grievous Injury,Hit and Run,City or Town Road,13.011865,77.593571
R T Nagar,2017,Grievous Injury,Hit and Run,City or Town Road,13.041394,77.58796
R T Nagar,2017,Simple Injury,Not Applicable,City or Town Road,13.039282,77.589462
R T Nagar,2017,Simple Injury,Others,City or Town Road,13.011854,77.595577
R T Nagar,2017,Simple Injury,Hit and Run,City or Town Road,13.004558,77.599976
R T Nagar,2017,Fatal,Others,City or Town Road,13.036805,77.566019
R T Nagar,2017,Damage Only,Others,City or Town Road,13.039282,77.589462
R T Nagar,2017,Grievous Injury,Hit and Run,City or Town Road,13.009868,77.590653
R T Nagar,2017,Simple Injury,Others,City or Town Road,13.006147,77.592959
R T Nagar,2017,Simple Injury,Others,City or Town Road,13.024858,77.587563
R T Nagar,2017,Simple Injury,Others,City or Town Road,13.03783,77.568326
R T Nagar,2017,Simple Injury,Others,City or Town Road,13.040798,77.568326
R T Nagar,2017,Grievous Injury,Hit and Run,City or Town Road,13.001338,77.594526
R T Nagar,2017,Grievous Injury,Others,City or Town Road,13.020666,77.592423
R T Nagar,2017,Grievous Injury,Others,City or Town Road,12.999017,77.600105
R T Nagar,2017,Damage Only,Hit and Run,City or Town Road,13.020666,77.592423
R T Nagar,2017,Damage Only,Hit and Run,City or Town Road,13.019172,77.583947
R T Nagar,2017,Damage Only,Others,City or Town Road,13.025611,77.585235
R T Nagar,2017,Simple Injury,Others,City or Town Road,13.042481,77.573251
R T Nagar,2017,Fatal,Hit and Run,City or Town Road,13.006147,77.600105
R T Nagar,2017,Damage Only,Others,City or Town Road,13.002028,77.598817
R T Nagar,2017,Grievous Injury,Others,City or Town Road,13.042481,77.580889
R T Nagar,2017,Grievous Injury,Others,City or Town Road,13.028642,77.58575
R T Nagar,2017,Simple Injury,Hit and Run,City or Town Road,13.011844,77.598882
R T Nagar,2017,Simple Injury,Others,City or Town Road,13.025611,77.585235
R T Nagar,2017,Simple Injury,Not Applicable,City or Town Road,13.009868,77.590653
R T Nagar,2017,Grievous Injury,Others,City or Town Road,13.025611,77.58575
R T Nagar,2017,Grievous Injury,Hit and Run,City or Town Road,13.042481,77.573266
R T Nagar,2017,Simple Injury,Others,City or Town Road,13.039282,77.589927
R T Nagar,2017,Damage Only,Others,City or Town Road,13.022924,77.60239
R T Nagar,2017,Grievous Injury,Others,City or Town Road,13.027387,77.576866
R T Nagar,2017,Grievous Injury,Hit and Run,City or Town Road,13.009868,77.590653
R T Nagar,2017,Grievous Injury,Hit and Run,City or Town Road,13.035875,77.589097
R T Nagar,2017,Grievous Injury,Hit and Run,City or Town Road,13.02815,77.579937
R T Nagar,2017,Simple Injury,Hit and Run,City or Town Road,13.020666,77.592423
R T Nagar,2017,Grievous Injury,Others,City or Town Road,12.999017,77.600105
R T Nagar,2017,Simple Injury,Others,City or Town Road,13.024889,77.592884
R T Nagar,2017,Grievous Injury,Hit and Run,City or Town Road,13.011854,77.595577
R T Nagar,2017,Fatal,Hit and Run,City or Town Road,13.028642,77.586136
R T Nagar,2017,Simple Injury,Hit and Run,City or Town Road,13.016245,77.59149
R T Nagar,2017,Simple Injury,Others,City or Town Road,13.027011,77.58575
R T Nagar,2017,Simple Injury,Others,City or Town Road,13.033178,77.88174
R T Nagar,2017,Grievous Injury,Not Applicable,City or Town Road,13.034129,77.871223
R T Nagar,2017,Damage Only,Hit and Run,City or Town Road,13.041226,77.589827
R T Nagar,2017,Simple Injury,Run Off Road,City or Town Road,13.006147,77.592959
R T Nagar,2017,Simple Injury,Others,City or Town Road,13.006147,77.592959
R T Nagar,2017,Damage Only,Hit and Run,City or Town Road,13.006147,77.592959
R T Nagar,2017,Grievous Injury,Others,City or Town Road,13.01844,77.598882
R T Nagar,2017,Damage Only,Hit and Run,City or Town Road,13.035875,77.589097
R T Nagar,2017,Grievous Injury,Hit and Run,City or Town Road,13.041394,77.58796
R T Nagar,2017,Simple Injury,Others,City or Town Road,13.022924,77.600834
R T Nagar,2017,Damage Only,Others,City or Town Road,13.027011,77.58575
R T Nagar,2017,Grievous Injury,Hit and Run,City or Town Road,13.02214,77.592423
R T Nagar,2017,Grievous Injury,Others,City or Town Road,13.0256611,77.58575
R T Nagar,2017,Grievous Injury,Others,City or Town Road,13.025611,77.585235
R T Nagar,2017,Grievous Injury,Not Applicable,City or Town Road,13.028642,77.586136
R T Nagar,2017,Damage Only,Hit and Run,City or Town Road,13.02809,77.584505
R T Nagar,2017,Simple Injury,Not Applicable,City or Town Road,13.020666,77.593646
R T Nagar,2017,Simple Injury,Others,City or Town Road,13.024189,77.596961
R T Nagar,2017,Simple Injury,Others,City or Town Road,13.01844,77.598882
R T Nagar,2017,Grievous Injury,Others,City or Town Road,13.001338,77.594526
R T Nagar,2017,Damage Only,Not Applicable,City or Town Road,13.041226,77.589462
R T Nagar,2017,Grievous Injury,Hit and Run,City or Town Road,12.99901,77.600105
R T Nagar,2017,Grievous Injury,Hit and Run,City or Town Road,13.026834,77.579741
R T Nagar,2017,Simple Injury,Hit and Run,Others,13.006147,77.592959
R T Nagar,2017,Grievous Injury,Others,City or Town Road,13.041551,77.57266
R T Nagar,2017,Simple Injury,Hit and Run,City or Town Road,13.024503,77.572038
R T Nagar,2017,Damage Only,Others,City or Town Road,13.006147,77.592959
R T Nagar,2017,Grievous Injury,Hit and Run,City or Town Road,13.021712,77.603259
R T Nagar,2017,Grievous Injury,Hit and Run,City or Town Road,13.035875,77.589097
R T Nagar,2017,Simple Injury,Hit and Run,City or Town Road,13.04155,77.57266
R T Nagar,2017,Damage Only,Hit and Run,City or Town Road,13.016245,77.59149
R T Nagar,2017,Grievous Injury,Others,City or Town Road,13.039282,77.589462
R T Nagar,2017,Simple Injury,Hit and Run,City or Town Road,13.013443,77.593646
R T Nagar,2017,Fatal,Others,City or Town Road,13.016245,77.59149
R T Nagar,2017,Grievous Injury,Hit and Run,City or Town Road,13.033178,77.88174
R T Nagar,2017,Simple Injury,Hit and Run,City or Town Road,13.018994,77.572467
R T Nagar,2017,Simple Injury,Others,City or Town Road,13.013443,77.593646
R T Nagar,2017,Damage Only,Not Applicable,City or Town Road,13.040411,77.579452
R T Nagar,2017,Simple Injury,Others,City or Town Road,13.025611,77.58575
R T Nagar,2018,Simple Injury,Hit and Run,City or Town Road,13.024889,77.592884
R T Nagar,2018,Grievous Injury,Others,City or Town Road,13.028642,77.586136
R T Nagar,2018,Damage Only,Others,Others,13.009868,77.590653
R T Nagar,2018,Simple Injury,Not Applicable,City or Town Road,13.013778,77.587788
R T Nagar,2018,Simple Injury,Others,City or Town Road,13.025611,77.585235
R T Nagar,2018,Simple Injury,Others,City or Town Road,13.035875,77.589097
R T Nagar,2018,Simple Injury,Others,City or Town Road,13.025611,77.58575
R T Nagar,2018,Simple Injury,Others,City or Town Road,13.042481,77.573251
R T Nagar,2018,Simple Injury,Others,City or Town Road,13.027011,77.58575
R T Nagar,2018,Simple Injury,Others,City or Town Road,13.035875,77.5899097
R T Nagar,2018,Simple Injury,Others,City or Town Road,13.001338,77.592959
R T Nagar,2018,Simple Injury,Others,City or Town Road,13.028642,77.586136
R T Nagar,2018,Simple Injury,Hit and Run,City or Town Road,13.030638,77.574238
R T Nagar,2018,Damage Only,Not Applicable,City or Town Road,13.025611,77.58575
R T Nagar,2018,Damage Only,Hit and Run,City or Town Road,13.004558,77.599976
R T Nagar,2018,Grievous Injury,Others,City or Town Road,13.026185,77.58899
R T Nagar,2018,Simple Injury,Others,City or Town Road,13.025611,77.585235
R T Nagar,2018,Simple Injury,Others,City or Town Road,13.039282,77.589462
R T Nagar,2018,Simple Injury,Others,City or Town Road,12.998892,77.608409
R T Nagar,2018,Grievous Injury,Head on,City or Town Road,13.041394,77.5876
R T Nagar,2018,Grievous Injury,Others,Others,13.027387,77.576866
R T Nagar,2018,Grievous Injury,Hit and Run,City or Town Road,13.01844,77.598882
R T Nagar,2018,Simple Injury,Others,City or Town Road,13.035875,77.589097
R T Nagar,2018,Simple Injury,Others,City or Town Road,13.016245,77.59149
R T Nagar,2018,Simple Injury,Hit and Run,City or Town Road,13.041394,77.5876
R T Nagar,2018,Damage Only,Others,City or Town Road,13.040798,77.568498
R T Nagar,2018,Damage Only,Others,City or Town Road,13.009868,77.590653
R T Nagar,2018,Grievous Injury,Others,Others,13.033178,77.88174
R T Nagar,2018,Grievous Injury,Not Applicable,City or Town Road,13.011865,77.593571
R T Nagar,2018,Damage Only,Others,City or Town Road,13.033875,77.589097
R T Nagar,2018,Damage Only,Others,City or Town Road,13.006147,77.592959
R T Nagar,2018,Damage Only,Others,City or Town Road,12.995756,77.601717
R T Nagar,2018,Simple Injury,Others,City or Town Road,13.040798,77.568498
R T Nagar,2018,Fatal,Others,Others,13.025611,77.585235
R T Nagar,2018,Simple Injury,Hit and Run,City or Town Road,13.020629,77.603817
R T Nagar,2018,Not Applicable,Others,City or Town Road,13.041226,77.589827
R T Nagar,2018,Grievous Injury,Others,City or Town Road,13.026185,77.58899
R T Nagar,2018,Simple Injury,Others,City or Town Road,13.020666,77.592423
R T Nagar,2018,Simple Injury,Others,City or Town Road,13.011865,77.593571
R T Nagar,2018,Simple Injury,Others,City or Town Road,13.027387,77.579741
R T Nagar,2018,Damage Only,Not Applicable,City or Town Road,12.998097,77.606499
R T Nagar,2018,Damage Only,Others,City or Town Road,13.006147,77.592959
R T Nagar,2018,Grievous Injury,Others,City or Town Road,12.999017,77.600105
R T Nagar,2018,Simple Injury,Hit and Run,City or Town Road,13.001338,77.594526
R T Nagar,2018,Simple Injury,Others,Others,13.041226,77.589827
R T Nagar,2018,Simple Injury,Others,City or Town Road,13.041551,77.573251
R T Nagar,2018,Damage Only,Others,City or Town Road,13.006147,77.592959
R T Nagar,2018,Simple Injury,Others,City or Town Road,13.011865,77.593571
R T Nagar,2018,Grievous Injury,Hit and Run,City or Town Road,13.022057,77.60239
R T Nagar,2018,Fatal,Others,City or Town Road,13.02214,77.59253
R T Nagar,2018,Fatal,Others,City or Town Road,13.025611,77.585235
R T Nagar,2018,Fatal,Others,City or Town Road,13.01844,77.598882
R T Nagar,2018,Grievous Injury,Hit and Run,City or Town Road,13.025611,77.585235
R T Nagar,2018,Damage Only,Others,City or Town Road,13.013778,77.587788
R T Nagar,2018,Simple Injury,Not Applicable,City or Town Road,13.027011,77.58575
R T Nagar,2018,Simple Injury,Others,City or Town Road,13.042376,77.580889
R T Nagar,2018,Simple Injury,Not Applicable,City or Town Road,13.030638,77.574238
R T Nagar,2018,Grievous Injury,Others,City or Town Road,13.026029,77.603817
R T Nagar,2018,Grievous Injury,Hit and Run,City or Town Road,13.022809,77.584505
R T Nagar,2018,Grievous Injury,Others,City or Town Road,13.03783,77.568326
R T Nagar,2018,Grievous Injury,Others,City or Town Road,13.027011,77.58575
R T Nagar,2018,Simple Injury,Hit and Run,City or Town Road,13.009157,77.594547
R T Nagar,2018,Simple Injury,Hit and Run,City or Town Road,13.009157,77.594547
R T Nagar,2018,Grievous Injury,Not Applicable,City or Town Road,13.041551,77.57266
R T Nagar,2018,Damage Only,Hit and Run,City or Town Road,13.026029,77.603817
R T Nagar,2018,Damage Only,Others,City or Town Road,13.025611,77.585235
R T Nagar,2018,Grievous Injury,Hit and Run,City or Town Road,13.013443,77.59149
R T Nagar,2018,Damage Only,Others,City or Town Road,13.034129,77.568487
R T Nagar,2018,Grievous Injury,Hit and Run,City or Town Road,13.020666,77.59253
R T Nagar,2018,Simple Injury,Others,City or Town Road,13.011865,77.593571
R T Nagar,2018,Simple Injury,Others,City or Town Road,13.022809,77.584505
R T Nagar,2018,Grievous Injury,Others,Others,13.027011,77.585235
R T Nagar,2018,Simple Injury,Hit and Run,City or Town Road,13.027387,77.576866
R T Nagar,2018,Simple Injury,Others,City or Town Road,13.025611,77.585235
R T Nagar,2018,Damage Only,Others,City or Town Road,13.03345,77.575954
R T Nagar,2018,Grievous Injury,Others,City or Town Road,13.039282,77.589462
R T Nagar,2018,Damage Only,Not Applicable,City or Town Road,13.026029,77.603817
R T Nagar,2018,Simple Injury,Others,City or Town Road,13.006147,77.592959
R T Nagar,2018,Simple Injury,Others,City or Town Road,13.013778,77.787758
R T Nagar,2018,Simple Injury,Others,City or Town Road,13.011196,77.589698
R T Nagar,2018,Grievous Injury,Others,Others,13.042481,77.573251
R T Nagar,2018,Simple Injury,Hit and Run,City or Town Road,13.024889,77.592884
R T Nagar,2019,Grievous Injury,Others,City or Town Road,13.026834,77.579741
R T Nagar,2019,Simple Injury,Others,Others,13.022809,77.584505
R T Nagar,2019,Grievous Injury,Not Applicable,Not Applicable,13.031872,77.576866
R T Nagar,2019,Grievous Injury,Not Applicable,Others,13.009868,77.590653
R T Nagar,2019,Simple Injury,Vehicle to Vehicle,Others,13.040798,77.568326
R T Nagar,2019,Grievous Injury,Vehicle to Vehicle,Others,13.020666,77.592423
R T Nagar,2019,Grievous Injury,Not Applicable,Others,13.041394,77.58796
R T Nagar,2019,Grievous Injury,Hit pedestrian,Others,13.025611,77.585235
R T Nagar,2019,Simple Injury,Others,City or Town Road,13.001338,77.594526
R T Nagar,2019,Damage Only,Right Turn Collision,City or Town Road,13.027387,77.576866
R T Nagar,2019,Grievous Injury,Hit and Run,Not Applicable,13.022924,77.600834
R T Nagar,2019,Simple Injury,Others,Others,13.025611,77.585235
R T Nagar,2019,Grievous Injury,Hit and Run,City or Town Road,13.042376,77.580889
R T Nagar,2019,Grievous Injury,Others,City or Town Road,13.001338,77.594526
R T Nagar,2019,Grievous Injury,Not Applicable,Others,13.035875,77.589097
R T Nagar,2019,Simple Injury,Vehicle to Vehicle,Others,13.001338,77.594547
R T Nagar,2019,Grievous Injury,Others,Not Applicable,13.040798,77.568498
R T Nagar,2019,Grievous Injury,Hit pedestrian,Residential Street,13.024858,77.587563
R T Nagar,2019,Grievous Injury,Others,Not Applicable,13.040798,77.568498
R T Nagar,2019,Simple Injury,Others,City or Town Road,13.036805,77.566019
R T Nagar,2019,Damage Only,Others,City or Town Road,13.013443,77.593646
R T Nagar,2019,Simple Injury,Hit and Run,City or Town Road,13.006147,77.592959
R T Nagar,2019,Fatal,Others,Others,13.025611,77.58575
R T Nagar,2019,Grievous Injury,Others,City or Town Road,13.042376,77.58796
R T Nagar,2019,Damage Only,Others,City or Town Road,13.03783,77.568498
R T Nagar,2019,Simple Injury,Others,City or Town Road,13.034129,77.871223
R T Nagar,2019,Simple Injury,Vehicle to Vehicle,Others,13.031872,77.576866
R T Nagar,2019,Damage Only,Others,Others,13.001338,77.594547
R T Nagar,2019,Fatal,Vehicle to Vehicle,NH,13.028642,77.586136
R T Nagar,2019,Fatal,Vehicle to Vehicle,Others,13.040411,77.579452
R T Nagar,2019,Damage Only,Others,City or Town Road,12.999017,77.600105
R T Nagar,2020,Grievous Injury,Not Applicable,Not Applicable,13.035979,77.589121
R T Nagar,2020,Simple Injury,Vehicle to Vehicle,Others,13.035994,77.589153
R T Nagar,2020,Simple Injury,Not Applicable,Others,13.035985,77.589136
R T Nagar,2020,Fatal,Not Applicable,Not Applicable,13.02414,77.584694
R T Nagar,2020,Damage Only,Not Applicable,Not Applicable,13.035939,77.588987
R T Nagar,2020,Simple Injury,Not Applicable,Others,13.039341,77.5735889
R T Nagar,2020,Damage Only,Vehicle to Vehicle,Two way,13.029413,77.573539
R T Nagar,2020,Damage Only,Not Applicable,Others,13.037831,77.589115
R T Nagar,2020,Simple Injury,Vehicle to Vehicle,Others,13.041575,77.586768
R T Nagar,2020,Fatal,Hit pedestrian,Not Applicable,13.039107,77.5893829
R T Nagar,2020,Simple Injury,Vehicle to Vehicle,Others,13.026232,77.585298
R T Nagar,2020,Grievous Injury,Not Applicable,Not Applicable,13.038228,77.589454
R T Nagar,2020,Simple Injury,Not Applicable,Not Applicable,13.03365,77.588397
R T Nagar,2020,Damage Only,Not Applicable,Others,13.043206,77.572351
R T Nagar,2020,Grievous Injury,Vehicle to Vehicle,Not Applicable,13.033362,77.588284
R T Nagar,2020,Grievous Injury,Not Applicable,Others,13.039099,77.5893479
R T Nagar,2020,Simple Injury,Not Applicable,Others,13.043288,77.56681
R T Nagar,2020,Grievous Injury,Not Applicable,Others,13.036926,77.574515
R T Nagar,2020,Damage Only,Not Applicable,Others,13.026167,77.585268
R T Nagar,2020,Damage Only,Not Applicable,Others,13.039236,77.5895279
R T Nagar,2020,Damage Only,Not Applicable,NH,13.042148,77.582686
R T Nagar,2020,Grievous Injury,Not Applicable,Others,13.038617,77.589492
R T Nagar,2021,Damage Only,Not Applicable,Others,13.039125,77.589463
R T Nagar,2021,Damage Only,Not Applicable,Others,13.027745,77.5857559
R T Nagar,2021,Simple Injury,Not Applicable,Others,13.039267,77.589499
R T Nagar,2021,Simple Injury,Vehicle to Vehicle,Others,13.041641,77.585824
R T Nagar,2021,Simple Injury,Vehicle to Vehicle,Others,13.040594,77.573145
R T Nagar,2021,Damage Only,Vehicle to Vehicle,Others,13.028383,77.5861309
R T Nagar,2021,Simple Injury,Not Applicable,Others,13.033982,77.575754
R T Nagar,2021,Simple Injury,Not Applicable,Others,13.027809,77.574384
R T Nagar,2021,Fatal,Not Applicable,Others,13.022921,77.584492
R T Nagar,2021,Simple Injury,Not Applicable,Others,13.042196,77.582895
R T Nagar,2021,Simple Injury,Not Applicable,Others,13.043945,77.571221
R T Nagar,2021,Simple Injury,Not Applicable,Others,13.035128,77.588857
R T Nagar,2021,Simple Injury,Not Applicable,Others,13.04566,77.56934
R T Nagar,2021,Simple Injury,Not Applicable,Others,13.027017,77.578988
R T Nagar,2021,Simple Injury,Not Applicable,Others,13.026922,77.585869
R T Nagar,2021,Damage Only,Not Applicable,Others,13.028516,77.586064
R T Nagar,2021,Simple Injury,Not Applicable,Others,13.03923,77.589373
R T Nagar,2021,Grievous Injury,Vehicle to Vehicle,Others,13.042504,77.567924
R T Nagar,2021,Simple Injury,Not Applicable,Others,13.044318,77.565078
R T Nagar,2021,Grievous Injury,Not Applicable,Others,13.032141,77.576657
R T Nagar,2021,Fatal,Not Applicable,Others,13.041545,77.587234
R T Nagar,2021,Simple Injury,Vehicle to Vehicle,Not Applicable,13.028469,77.58618
R T Nagar,2021,Simple Injury,Hit pedestrian,Not Applicable,13.041126,77.580994
R T Nagar,2021,Simple Injury,Not Applicable,Others,13.028035,77.585733
R T Nagar,2021,Grievous Injury,Vehicle to Vehicle,Others,13.032854,77.587879
R T Nagar,2021,Fatal,Not Applicable,Others,13.028476,77.586048
R T Nagar,2021,Simple Injury,Not Applicable,Others,13.030436,77.586988
R T Nagar,2021,Simple Injury,Vehicle to Vehicle,Two way,13.033633,77.575857
R T Nagar,2021,Simple Injury,Not Applicable,Others,13.030532,77.577638
R T Nagar,2021,Damage Only,Not Applicable,Others,13.037038,77.565946
R T Nagar,2021,Damage Only,Not Applicable,Others,13.04574,77.57108
R T Nagar,2021,Grievous Injury,Not Applicable,Others,13.045131,77.5642419
R T Nagar,2021,Simple Injury,Not Applicable,Others,13.038235,77.58925
R T Nagar,2021,Simple Injury,Not Applicable,Others,13.032467,77.587806
R T Nagar,2021,Simple Injury,Vehicle to Vehicle,Two way,13.023522,77.585847
R T Nagar,2021,Simple Injury,Not Applicable,Others,13.028364,77.585981
R T Nagar,2021,Damage Only,Not Applicable,Others,13.028313,77.585844
R T Nagar,2021,Simple Injury,Not Applicable,Others,13.038326,77.568798
R T Nagar,2021,Damage Only,Not Applicable,Others,13.041567,77.586977
R T Nagar,2021,Damage Only,Not Applicable,Others,13.026965,77.585734
R T Nagar,2021,Fatal,Not Applicable,Others,13.041859,77.584402
R T Nagar,2022,Simple Injury,Vehicle to Vehicle,Others,13.023232,77.58486
R T Nagar,2022,Simple Injury,Vehicle to Vehicle,Others,13.027978,77.585844
R T Nagar,2022,Not Applicable,Not Applicable,Not Applicable,13.033571,77.58831
R T Nagar,2022,Grievous Injury,Vehicle to Vehicle,Others,13.038567,77.589398
R T Nagar,2022,Damage Only,Not Applicable,Others,13.025299,77.58116
R T Nagar,2022,Simple Injury,Not Applicable,Others,13.040971,77.567941
R T Nagar,2022,Simple Injury,Vehicle to Vehicle,Others,13.042556,77.573677
R T Nagar,2022,Not Applicable,Not Applicable,Others,13.029273,77.5864
R T Nagar,2022,Grievous Injury,Vehicle to Vehicle,Others,13.027151,77.578192
R T Nagar,2022,Simple Injury,Vehicle to Vehicle,Others,13.028,77.573351
R T Nagar,2022,Fatal,Not Applicable,Others,13.038569,77.5892659
R T Nagar,2022,Damage Only,Vehicle to Vehicle,Not Applicable,13.038546,77.589383
R T Nagar,2022,Simple Injury,Vehicle to Vehicle,Others,13.040966,77.567952
R T Nagar,2022,Simple Injury,Vehicle to Vehicle,Others,13.033455,77.575942
R T Nagar,2022,Grievous Injury,Vehicle to Vehicle,Others,13.032441,77.58781
R T Nagar,2022,Not Applicable,Vehicle to Vehicle,Others,13.039051,77.589454
R T Nagar,2022,Damage Only,Vehicle to Vehicle,Not Applicable,13.039271,77.589491
R T Nagar,2022,Simple Injury,Hit pedestrian,Others,13.02788,77.573963
R T Nagar,2022,Grievous Injury,Vehicle to Vehicle,Others,13.036015,77.58915
R T Nagar,2022,Simple Injury,Vehicle to Vehicle,Others,13.039243,77.589365
R T Nagar,2022,Damage Only,Vehicle to Vehicle,Others,13.022222,77.584497
R T Nagar,2022,Simple Injury,Not Applicable,Others,13.024215,77.586907
R T Nagar,2022,Simple Injury,Vehicle to Vehicle,Others,13.027697,77.585749
R T Nagar,2023,Grievous Injury,Vehicle to Vehicle,Others,13.041439,77.56848
R T Nagar,2023,Damage Only,Vehicle to Vehicle,Others,12.997286,77.598377
R T Nagar,2023,Grievous Injury,Vehicle to Vehicle,Others,13.019318,77.595718
R T Nagar,2023,Simple Injury,Hit pedestrian,Others,13.008928,77.591409
R T Nagar,2023,Grievous Injury,Vehicle to Vehicle,Not Applicable,13.027329,77.577366
R T Nagar,2023,Damage Only,Vehicle to Vehicle,Others,12.973864,77.713768
R T Nagar,2023,Simple Injury,Vehicle to Vehicle,Others,13.036464,77.597008
R T Nagar,2023,Fatal,Hit pedestrian,Others,13.038502,77.589253
R T Nagar,2023,Fatal,Hit pedestrian,Others,12.99993,77.594897
R T Nagar,2023,Grievous Injury,Vehicle to Vehicle,Others,13.02631,77.60291
R T Nagar,2023,Simple Injury,Vehicle to Vehicle,Others,13.019318,77.595718
Rajajinagar,2016,Grievous Injury,Hit pedestrian,City or Town Road,13.033271,77.60468
Rajajinagar,2016,Simple Injury,Rear end,City or Town Road,13.071208,77.552553
Rajajinagar,2016,Damage Only,Rear end,City or Town Road,13.015991,77.533823
Rajajinagar,2016,Simple Injury,Hit pedestrian,City or Town Road,13.015991,77.533823
Rajajinagar,2016,Damage Only,Rear end,City or Town Road,13.017349,77.536863
Rajajinagar,2016,Grievous Injury,Hit pedestrian,City or Town Road,12.990098,77.558843
Rajajinagar,2016,Grievous Injury,Head on,City or Town Road,13.018799,77.536863
Rajajinagar,2016,Grievous Injury,Hit pedestrian,City or Town Road,12.987433,77.559172
Rajajinagar,2016,Fatal,Others,Others,13.033271,77.60468
Rajajinagar,2016,Grievous Injury,Head on,City or Town Road,13.037495,77.630452
Rajajinagar,2016,Simple Injury,Rear end,City or Town Road,13.018799,77.536863
Rajajinagar,2016,Grievous Injury,Head on,City or Town Road,13.033271,77.60468
Rajajinagar,2016,Damage Only,Rear end,City or Town Road,13.027954,77.632168
Rajajinagar,2016,Grievous Injury,Hit pedestrian,City or Town Road,13.033271,77.60468
Rajajinagar,2016,Grievous Injury,Hit and Run,City or Town Road,13.033271,77.60468
Rajajinagar,2016,Grievous Injury,Hit pedestrian,City or Town Road,13.033271,77.60468
Rajajinagar,2016,Grievous Injury,Overturning,City or Town Road,13.019077,77.542596
Rajajinagar,2016,Simple Injury,Overturning,City or Town Road,12.990023,77.553232
Rajajinagar,2016,Damage Only,Hit and Run,City or Town Road,12.943651,77.579179
Rajajinagar,2016,Simple Injury,Hit and Run,City or Town Road,13.033271,77.60468
Rajajinagar,2016,Grievous Injury,Rear end,City or Town Road,13.027954,77.552553
Rajajinagar,2016,Grievous Injury,Head on,City or Town Road,12.990098,77.558843
Rajajinagar,2016,Simple Injury,Others,Others,12.989815,77.55255
Rajajinagar,2016,Grievous Injury,Rear end,City or Town Road,13.005328,77.547417
Rajajinagar,2016,Grievous Injury,Hit and Run,City or Town Road,13.017349,77.539559
Rajajinagar,2016,Grievous Injury,Head on,City or Town Road,13.021339,77.53063
Rajajinagar,2016,Grievous Injury,Head on,City or Town Road,13.005328,77.547417
Rajajinagar,2016,Grievous Injury,Head on,City or Town Road,13.021339,77.53063
Rajajinagar,2016,Grievous Injury,Head on,City or Town Road,12.990098,77.558843
Rajajinagar,2016,Grievous Injury,Hit and Run,City or Town Road,13.071208,77.506054
Rajajinagar,2016,Damage Only,Head on,City or Town Road,13.027954,77.632168
Rajajinagar,2016,Grievous Injury,Hit pedestrian,City or Town Road,13.02954,77.632168
Rajajinagar,2017,Fatal,Hit pedestrian,City or Town Road,13.01383,77.32334
Rajajinagar,2017,Damage Only,Rear end,City or Town Road,13.0139,77.332161
Rajajinagar,2017,Fatal,Overturning,City or Town Road,13.10887,77.315317
Rajajinagar,2017,Simple Injury,Rear end,City or Town Road,13.05644,77.323178
Rajajinagar,2017,Fatal,Hit pedestrian,City or Town Road,13.11287,77.313183
Rajajinagar,2017,Simple Injury,Rear end,City or Town Road,13.1768,77.321271
Rajajinagar,2017,Simple Injury,Hit pedestrian,City or Town Road,13.0894,77.315485
Rajajinagar,2017,Simple Injury,Rear end,City or Town Road,13.0139,77.332161
Rajajinagar,2017,Simple Injury,Rear end,City or Town Road,13.001453,77.525079
Rajajinagar,2017,Simple Injury,Hit pedestrian,City or Town Road,13.008836,77.527092
Rajajinagar,2017,Simple Injury,Hit pedestrian,City or Town Road,13.009346,77.526715
Rajajinagar,2017,Fatal,Rear end,City or Town Road,13.0220708,77.5244444
Rajajinagar,2017,Fatal,Head on,City or Town Road,13.003959,77.526298
Rajajinagar,2017,Fatal,Hit pedestrian,City or Town Road,13.05423,77.32378
Rajajinagar,2017,Damage Only,Rear end,City or Town Road,13.05418,77.7322211
Rajajinagar,2017,Simple Injury,Hit pedestrian,City or Town Road,13.014414,77.538733
Rajajinagar,2017,Simple Injury,Hit pedestrian,City or Town Road,12.997534,77.554282
Rajajinagar,2018,Simple Injury,Hit pedestrian,City or Town Road,13.01452,77.53064
Rajajinagar,2018,Simple Injury,Rear end,City or Town Road,13.05418,77.322211
Rajajinagar,2018,Simple Injury,Rear end,City or Town Road,13.05418,77.322211
Rajajinagar,2018,Simple Injury,Rear end,City or Town Road,13.04549,77.322204
Rajajinagar,2018,Simple Injury,Head on,City or Town Road,13.04549,77.322204
Rajajinagar,2018,Simple Injury,Hit pedestrian,City or Town Road,13.1868,77.323334
Rajajinagar,2018,Simple Injury,Head on,City or Town Road,13.02714,77.313672
Rajajinagar,2018,Simple Injury,Hit pedestrian,City or Town Road,13.01597,77.32013
Rajajinagar,2018,Fatal,Rear end,City or Town Road,13.0014,77.5268
Rajajinagar,2018,Simple Injury,Rear end,City or Town Road,13.05418,77.322211
Rajajinagar,2018,Simple Injury,Rear end,City or Town Road,13.05254,77.33506
Rajajinagar,2018,Simple Injury,Rear end,City or Town Road,13.0139,77.332161
Rajajinagar,2018,Simple Injury,Rear end,City or Town Road,13.0036,77.33195
Rajajinagar,2018,Grievous Injury,Rear end,City or Town Road,13.0014,77.5268
Rajajinagar,2018,Fatal,Hit and Run,City or Town Road,13.0036,77.33195
Rajajinagar,2018,Grievous Injury,Head on,City or Town Road,13.0894,77.315485
Rajajinagar,2018,Simple Injury,Hit pedestrian,City or Town Road,13.0894,77.315485
Rajajinagar,2018,Simple Injury,Rear end,City or Town Road,13.009477,77.527088
Rajajinagar,2018,Simple Injury,Hit pedestrian,City or Town Road,13.02562,77.315729
Rajajinagar,2018,Simple Injury,Hit pedestrian,City or Town Road,13.000129,77.530829
Rajajinagar,2018,Simple Injury,Hit pedestrian,City or Town Road,13.02714,77.313672
Rajajinagar,2018,Simple Injury,Head on,City or Town Road,13.0014,77.5268
Rajajinagar,2018,Simple Injury,Rear end,City or Town Road,12.988546,77.559142
Rajajinagar,2018,Simple Injury,Hit pedestrian,City or Town Road,13.01834,77.311751
Rajajinagar,2018,Simple Injury,Hit pedestrian,City or Town Road,13.0014,77.5268
Rajajinagar,2018,Grievous Injury,Hit pedestrian,City or Town Road,13.0014,77.5268
Rajajinagar,2018,Simple Injury,Hit pedestrian,City or Town Road,13.0139,77.332161
Rajajinagar,2018,Simple Injury,Hit pedestrian,City or Town Road,13.05644,77.323178
Rajajinagar,2018,Simple Injury,Hit pedestrian,City or Town Road,13.01597,77.32013
Rajajinagar,2018,Simple Injury,Head on,City or Town Road,13.02714,77.313672
Rajajinagar,2018,Simple Injury,Hit pedestrian,City or Town Road,13.02562,77.315729
Rajajinagar,2018,Simple Injury,Hit pedestrian,City or Town Road,13.1768,77.321271
Rajajinagar,2018,Simple Injury,Head on,City or Town Road,13.02714,77.313672
Rajajinagar,2018,Simple Injury,Head on,City or Town Road,13.05644,77.323178
Rajajinagar,2018,Simple Injury,Hit pedestrian,City or Town Road,13.10887,77.315317
Rajajinagar,2018,Grievous Injury,Rear end,City or Town Road,13.10887,77.315317
Rajajinagar,2018,Simple Injury,Rear end,City or Town Road,13.05418,77.322211
Rajajinagar,2018,Simple Injury,Hit and Run,City or Town Road,13.0014,77.5268
Rajajinagar,2018,Simple Injury,Hit pedestrian,City or Town Road,13.02714,77.313672
Rajajinagar,2018,Simple Injury,Others,City or Town Road,13.003959,77.526298
Rajajinagar,2018,Simple Injury,Head on,City or Town Road,13.01398,77.323368
Rajajinagar,2018,Fatal,Run Off Road,City or Town Road,13.1529,77.315547
Rajajinagar,2018,Grievous Injury,Rear end,City or Town Road,13.05418,77.32211
Rajajinagar,2018,Fatal,Hit pedestrian,City or Town Road,13.0014,77.5268
Rajajinagar,2018,Fatal,Hit and Run,City or Town Road,13.03197,77.322352
Rajajinagar,2018,Fatal,Hit pedestrian,City or Town Road,13.017387,77.531653
Rajajinagar,2018,Simple Injury,Rear end,City or Town Road,13.02714,77.313672
Rajajinagar,2018,Simple Injury,Hit and Run,City or Town Road,13.05254,77.33506
Rajajinagar,2019,Grievous Injury,Head on,City or Town Road,13.02714,77.313672
Rajajinagar,2019,Grievous Injury,Right Turn Collision,City or Town Road,13.0139,77.332161
Rajajinagar,2019,Grievous Injury,Vehicle to Vehicle,Two way,13.05418,77.32211
Rajajinagar,2019,Grievous Injury,Vehicle to Vehicle,One way,13.05254,77.33506
Rajajinagar,2019,Grievous Injury,Others,City or Town Road,13.05638,77.323192
Rajajinagar,2019,Simple Injury,Hit pedestrian,City or Town Road,13.0014,77.5268
Rajajinagar,2019,Grievous Injury,Vehicle to Vehicle,Service Road,13.0014,77.5268
Rajajinagar,2019,Simple Injury,Hit pedestrian,Two way,13.0894,77.315485
Rajajinagar,2019,Simple Injury,Hit pedestrian,City or Town Road,13.02714,77.313672
Rajajinagar,2019,Simple Injury,Hit pedestrian,City or Town Road,13.0014,77.5268
Rajajinagar,2019,Grievous Injury,Vehicle to Vehicle,Two way,13.04549,77.322204
Rajajinagar,2019,Simple Injury,Rear end,City or Town Road,13.01398,77.323368
Rajajinagar,2019,Grievous Injury,Hit pedestrian,Two way,13.02714,77.313672
Rajajinagar,2019,Simple Injury,Not Applicable,One way,13.10887,77.315317
Rajajinagar,2019,Simple Injury,Hit pedestrian,Two way,13.0014,77.5268
Rajajinagar,2019,Simple Injury,Hit pedestrian,City or Town Road,13.05638,77.323192
Rajajinagar,2019,Fatal,Hit pedestrian,Two way,13.05638,77.323192
Rajajinagar,2019,Grievous Injury,Vehicle to Vehicle,One way,13.0014,77.5268
Rajajinagar,2019,Fatal,Vehicle to Vehicle,Two way,13.1868,77.323334
Rajajinagar,2019,Simple Injury,Skidding or Self accident,City or Town Road,13.05254,77.3306
Rajajinagar,2019,Simple Injury,Hit pedestrian,City or Town Road,13.05254,77.33506
Rajajinagar,2019,Fatal,Hit pedestrian,Two way,13.02714,77.313672
Rajajinagar,2019,Fatal,Rear end,City or Town Road,13.04549,77.322204
Rajajinagar,2019,Simple Injury,Hit pedestrian,Two way,13.04549,77.322204
Rajajinagar,2019,Grievous Injury,Hit pedestrian,Two way,13.0014,77.5268
Rajajinagar,2019,Simple Injury,Rear end,City or Town Road,13.0139,77.332161
Rajajinagar,2019,Simple Injury,Hit pedestrian,City or Town Road,13.0014,77.5268
Rajajinagar,2019,Simple Injury,Hit pedestrian,City or Town Road,13.10887,77.315317
Rajajinagar,2019,Fatal,Vehicle to Vehicle,Two way,13.10887,77.315317
Rajajinagar,2019,Simple Injury,Hit pedestrian,Residential Street,13.02562,77.315729
Rajajinagar,2019,Simple Injury,Hit pedestrian,City or Town Road,13.0014,77.5268
Rajajinagar,2019,Simple Injury,Vehicle to Vehicle,One way,13.05418,77.322211
Rajajinagar,2019,Simple Injury,Hit pedestrian,Two way,13.0014,77.5268
Rajajinagar,2019,Simple Injury,Vehicle to Vehicle,Two way,13.0139,77.332161
Rajajinagar,2019,Simple Injury,Hit pedestrian,City or Town Road,13.1768,77.321271
Rajajinagar,2020,Fatal,Vehicle to Vehicle,One way,13.0014,77.5268
Rajajinagar,2020,Grievous Injury,Vehicle to Vehicle,Two way,13.1868,77.323334
Rajajinagar,2020,Fatal,Vehicle to Vehicle,One way,13.10887,77.315317
Rajajinagar,2020,Grievous Injury,Hit pedestrian,Two way,13.10887,77.315317
Rajajinagar,2020,Simple Injury,Hit pedestrian,Two way,13.01398,77.323368
Rajajinagar,2020,Grievous Injury,Vehicle to Vehicle,Two way,13.02714,77.313672
Rajajinagar,2020,Grievous Injury,Vehicle to Vehicle,One way,13.05418,77.322211
Rajajinagar,2020,Fatal,Hit pedestrian,One way,13.0014,77.5268
Rajajinagar,2021,Grievous Injury,Vehicle to Vehicle,Two way,12.986182,77.556193
Rajajinagar,2021,Grievous Injury,Hit pedestrian,One way,13.017227,77.531621
Rajajinagar,2021,Fatal,Hit pedestrian,Others,13.05254,77.33506
Rajajinagar,2021,Grievous Injury,Hit pedestrian,Others,13.018971,77.539766
Rajajinagar,2021,Grievous Injury,Vehicle to Vehicle,Two way,12.990468,77.55248
Rajajinagar,2021,Fatal,Vehicle to Vehicle,One way,13.05418,77.322211
Rajajinagar,2022,Fatal,Hit pedestrian,Two way,13.019013,77.539748
Rajajinagar,2022,Grievous Injury,Hit pedestrian,Two way,13.0126,77.5661
Rajajinagar,2022,Fatal,Vehicle to Vehicle,One way,13.018502,77.53187
Rajajinagar,2022,Grievous Injury,Vehicle to Vehicle,Two way,12.989469,77.554198
Rajajinagar,2022,Fatal,Hit pedestrian,One way,13.1599,77.5338
Rajajinagar,2022,Grievous Injury,Vehicle to Vehicle,Two way,12.9949,77.5548
Rajajinagar,2022,Grievous Injury,Hit pedestrian,Two way,13.0023,77.52611
Rajajinagar,2022,Damage Only,Vehicle to Vehicle,One way,13.0148,77.5377
Rajajinagar,2022,Fatal,Vehicle to Vehicle,One way,12.9963,77.5507
Rajajinagar,2022,Fatal,Vehicle to Vehicle,Two way,13.01026,77.5254
Rajajinagar,2022,Fatal,Not Applicable,Two way,12.9895,77.5608
Rajajinagar,2022,Fatal,Not Applicable,Others,13.0101,77.5274
Rajajinagar,2022,Simple Injury,Vehicle to Vehicle,Others,12.9877,77.5506
Rajajinagar,2022,Damage Only,Vehicle to Vehicle,Two way,13.021021,77.528386
Rajajinagar,2022,Simple Injury,Vehicle to Vehicle,Two way,13.0014,77.542
Rajajinagar,2022,Grievous Injury,Vehicle to Vehicle,Two way,13.0077,77.544
Rajajinagar,2022,Simple Injury,Hit pedestrian,Two way,13.0031,77.5335
Rajajinagar,2022,Grievous Injury,Hit pedestrian,Two way,12.990014,77.552583
Rajajinagar,2022,Grievous Injury,Vehicle to Vehicle,Others,13.05418,77.322352
Rajajinagar,2022,Grievous Injury,Hit pedestrian,Service Road,12.998235,77.523606
Rajajinagar,2022,Damage Only,Vehicle to Vehicle,Two way,13.0084,77.5266
Rajajinagar,2023,Grievous Injury,Hit pedestrian,Two way,13.0066,77.533
Rajajinagar,2023,Fatal,Vehicle to Vehicle,Two way,13.001518,77.315729
Rajajinagar,2023,Fatal,Vehicle to Vehicle,Others,13.003946,77.526666
Rajajinagar,2023,Grievous Injury,Vehicle to Vehicle,Two way,13.000327,77.52638
Rajajinagar,2023,Grievous Injury,Vehicle to Vehicle,Two way,12.9981,77.553
Rajajinagar,2023,Grievous Injury,Vehicle to Vehicle,Others,13.2455,77.5145
Rajajinagar,2023,Grievous Injury,Not Applicable,Two way,13.008641,77.526417
Rajajinagar,2023,Grievous Injury,Hit pedestrian,Service Road,13.001379,77.525188
Rajajinagar,2023,Grievous Injury,Vehicle to Vehicle,Two way,13.2656,77.5588
Rajajinagar,2023,Grievous Injury,Hit pedestrian,Two way,13.008525,77.833645
Rajajinagar,2023,Grievous Injury,Hit pedestrian,Two way,13.004471,77.53488
Rajajinagar,2023,Simple Injury,Vehicle to Vehicle,Two way,13.245879,77.321458
Rajajinagar,2023,Grievous Injury,Vehicle to Vehicle,Service Road,13.014595,77.530607
Rajajinagar,2023,Grievous Injury,Vehicle to Vehicle,Two way,13.045866,77.42586
Rajajinagar,2023,Grievous Injury,Vehicle to Vehicle,Two way,13.024546,77.521369
Rajajinagar,2023,Grievous Injury,Hit animal,Two way,13.022185,77.532506
Rajajinagar,2023,Grievous Injury,Hit pedestrian,Two way,13.018924,77.523015
Rajajinagar,2023,Grievous Injury,Hit pedestrian,Two way,13.022916,77.53306
Rajajinagar,2023,Grievous Injury,Not Applicable,Two way,12.997406,77.523346
Rajajinagar,2023,Simple Injury,Hit pedestrian,Residential Street,12.988564,77.556067
Rajajinagar,2023,Grievous Injury,Vehicle to Vehicle,Others,13.002231,77.315485
Rajajinagar,2023,Fatal,Hit pedestrian,Two way,13.004242,77.519244
Rajajinagar,2023,Damage Only,Vehicle to Vehicle,One way,13.014235,77.530607
Rajajinagar,2023,Grievous Injury,Vehicle to Vehicle,Two way,12.994565,77.554583
Rajajinagar,2023,Grievous Injury,Hit pedestrian,Two way,13.011735,77.548657
Rajajinagar,2023,Grievous Injury,Vehicle to Vehicle,Two way,13.0233,77.5329
Rajajinagar,2023,Fatal,Vehicle to Vehicle,Two way,13.014543,77.530487
Rajajinagar,2023,Grievous Injury,Vehicle to Vehicle,Two way,12.9907,77.5578
Rajajinagar,2023,Grievous Injury,Vehicle to Vehicle,Not Applicable,13.0024,77.52461
Rajajinagar,2023,Grievous Injury,Hit pedestrian,Two way,13.00254,77.54232
Rajajinagar,2023,Simple Injury,Vehicle to Vehicle,Others,13.008933,77.53985
Rajajinagar,2023,Simple Injury,Vehicle to Vehicle,Two way,13.01861,77.52636
Rajajinagar,2023,Grievous Injury,Hit pedestrian,Others,13.006674,77.526857
Rajajinagar,2023,Grievous Injury,Vehicle to Vehicle,Two way,13.001237,77.547636
Rajajinagar,2023,Grievous Injury,Not Applicable,Two way,13.007675,77.529327
S.S.Nagar,2016,Simple Injury,Not Applicable,City or Town Road,13.00505,77.33568
S.S.Nagar,2016,Grievous Injury,Not Applicable,City or Town Road,13.003475,77.345405
S.S.Nagar,2016,Simple Injury,Hit pedestrian,Not Applicable,12.999728,77.583923
S.S.Nagar,2016,Grievous Injury,Not Applicable,City or Town Road,13.01452,77.58397
S.S.Nagar,2016,Damage Only,Not Applicable,City or Town Road,13.002273,77.344363
S.S.Nagar,2016,Damage Only,Not Applicable,City or Town Road,13.005188,77.350232
S.S.Nagar,2016,Simple Injury,Hit and Run,City or Town Road,13.010694,77.350248
S.S.Nagar,2016,Damage Only,Hit and Run,City or Town Road,13.014775,77.576419
S.S.Nagar,2016,Damage Only,Not Applicable,City or Town Road,13.003224,77.350267
S.S.Nagar,2016,Simple Injury,Not Applicable,City or Town Road,13.011271,77.334946
S.S.Nagar,2016,Damage Only,Not Applicable,City or Town Road,13.00505,77.33568
S.S.Nagar,2016,Fatal,Not Applicable,City or Town Road,13.005279,77.342864
S.S.Nagar,2016,Simple Injury,Others,City or Town Road,13.011405,77.350242
S.S.Nagar,2016,Simple Injury,Others,City or Town Road,13.002782,77.34213
S.S.Nagar,2016,Simple Injury,Hit and Run,City or Town Road,13.012144,77.569102
S.S.Nagar,2016,Simple Injury,Others,City or Town Road,13.016869,77.583895
S.S.Nagar,2016,Fatal,Others,City or Town Road,13.006387,77.578746
S.S.Nagar,2016,Fatal,Hit pedestrian,City or Town Road,13.001926,77.344858
S.S.Nagar,2016,Simple Injury,Others,City or Town Road,13.005188,77.350232
S.S.Nagar,2016,Simple Injury,Hit and Run,City or Town Road,13.022145,77.335083
S.S.Nagar,2016,Simple Injury,Others,City or Town Road,13.005319,77.578465
S.S.Nagar,2016,Damage Only,Not Applicable,City or Town Road,13.0039,77.350123
S.S.Nagar,2016,Fatal,Not Applicable,City or Town Road,13.005279,77.345588
S.S.Nagar,2016,Simple Injury,Not Applicable,City or Town Road,13.002283,77.34436
S.S.Nagar,2016,Grievous Injury,Hit pedestrian,City or Town Road,13.005659,77.350245
S.S.Nagar,2016,Damage Only,Hit and Run,City or Town Road,13.020329,77.584046
S.S.Nagar,2016,Fatal,Others,City or Town Road,13.005299,77.342954
S.S.Nagar,2016,Simple Injury,Hit and Run,City or Town Road,13.005299,77.342954
S.S.Nagar,2016,Simple Injury,Not Applicable,City or Town Road,13.0039,77.350123
S.S.Nagar,2016,Damage Only,Hit and Run,City or Town Road,13.00526,77.350292
S.S.Nagar,2016,Damage Only,Not Applicable,City or Town Road,13.00505,77.33568
S.S.Nagar,2016,Simple Injury,Not Applicable,City or Town Road,13.001785,77.35025
S.S.Nagar,2016,Simple Injury,Not Applicable,City or Town Road,13.005279,77.342864
S.S.Nagar,2016,Simple Injury,Hit and Run,City or Town Road,12.997942,77.581434
S.S.Nagar,2016,Simple Injury,Not Applicable,City or Town Road,13.005238,77.342333
S.S.Nagar,2016,Simple Injury,Hit and Run,City or Town Road,13.00335,77.34324
S.S.Nagar,2016,Damage Only,Others,Not Applicable,13.014455,77.584143
S.S.Nagar,2016,Grievous Injury,Others,City or Town Road,13.003617,77.350147
S.S.Nagar,2016,Fatal,Hit and Run,City or Town Road,13.0052533,77.345721
S.S.Nagar,2016,Grievous Injury,Not Applicable,City or Town Road,13.005279,77.342864
S.S.Nagar,2016,Simple Injury,Not Applicable,City or Town Road,13.001785,77.35025
S.S.Nagar,2016,Damage Only,Not Applicable,City or Town Road,13.010694,77.350248
S.S.Nagar,2016,Damage Only,Not Applicable,City or Town Road,13.000544,77.350291
S.S.Nagar,2016,Grievous Injury,Others,City or Town Road,13.010095,77.350171
S.S.Nagar,2016,Damage Only,Hit and Run,City or Town Road,12.998388,77.584232
S.S.Nagar,2016,Damage Only,Others,City or Town Road,13.003275,77.38368
S.S.Nagar,2016,Simple Injury,Others,City or Town Road,13.001108,77.341967
S.S.Nagar,2016,Fatal,Others,City or Town Road,13.024683,77.572069
S.S.Nagar,2016,Simple Injury,Others,City or Town Road,13.011405,77.350242
S.S.Nagar,2016,Simple Injury,Hit and Run,City or Town Road,13.027262,77.57169
S.S.Nagar,2016,Simple Injury,Hit and Run,Not Applicable,13.020329,77.584046
S.S.Nagar,2016,Damage Only,Others,City or Town Road,12.9993967,77.584109
S.S.Nagar,2016,Simple Injury,Not Applicable,City or Town Road,13.0008,77.341976
S.S.Nagar,2016,Damage Only,Not Applicable,City or Town Road,13.0022181,77.34411
S.S.Nagar,2016,Damage Only,Not Applicable,City or Town Road,13.005279,77.342864
S.S.Nagar,2016,Damage Only,Others,City or Town Road,13.005316,77.34324
S.S.Nagar,2016,Damage Only,Not Applicable,City or Town Road,13.0022181,77.344411
S.S.Nagar,2016,Damage Only,Not Applicable,City or Town Road,13.002241,77.344396
S.S.Nagar,2016,Grievous Injury,Not Applicable,City or Town Road,13.002241,77.344396
S.S.Nagar,2016,Damage Only,Not Applicable,City or Town Road,13.003617,77.350147
S.S.Nagar,2016,Damage Only,Others,City or Town Road,13.003788,77.583208
S.S.Nagar,2016,Damage Only,Others,City or Town Road,13.003255,77.584127
S.S.Nagar,2017,Simple Injury,Others,City or Town Road,13.028249,77.569817
S.S.Nagar,2017,Simple Injury,Hit and Run,City or Town Road,13.032226,77.56991
S.S.Nagar,2017,Simple Injury,Not Applicable,City or Town Road,13.011428,77.569179
S.S.Nagar,2017,Grievous Injury,Others,City or Town Road,13.011949,77.569161
S.S.Nagar,2017,Simple Injury,Others,City or Town Road,13.014251,77.56808
S.S.Nagar,2017,Damage Only,Others,City or Town Road,13.002477,77.584051
S.S.Nagar,2017,Simple Injury,Others,City or Town Road,12.994572,77.578193
S.S.Nagar,2017,Damage Only,Not Applicable,City or Town Road,13.020299,77.583857
S.S.Nagar,2017,Simple Injury,Hit and Run,City or Town Road,12.999733,77.583848
S.S.Nagar,2017,Fatal,Others,City or Town Road,12.998005,77.58431
S.S.Nagar,2017,Simple Injury,Hit and Run,City or Town Road,13.031395,77.56806
S.S.Nagar,2017,Simple Injury,Others,City or Town Road,13.014363,77.583985
S.S.Nagar,2017,Damage Only,Hit and Run,City or Town Road,13.007537,77.583819
S.S.Nagar,2017,Simple Injury,Others,City or Town Road,13.014614,77.581097
S.S.Nagar,2017,Simple Injury,Hit and Run,City or Town Road,13.010446,77.576373
S.S.Nagar,2017,Simple Injury,Others,City or Town Road,13.012252,77.56885
S.S.Nagar,2017,Simple Injury,Hit and Run,City or Town Road,13.001878,77.576027
S.S.Nagar,2017,Damage Only,Others,City or Town Road,13.014107,77.5759
S.S.Nagar,2017,Damage Only,Others,Not Applicable,13.014805,77.579008
S.S.Nagar,2017,Damage Only,Others,Not Applicable,13.002241,77.344396
S.S.Nagar,2017,Damage Only,Hit and Run,City or Town Road,13.003473,77.583805
S.S.Nagar,2017,Fatal,Others,City or Town Road,13.014069,77.565784
S.S.Nagar,2017,Simple Injury,Others,City or Town Road,13.021645,77.584303
S.S.Nagar,2017,Simple Injury,Hit and Run,City or Town Road,13.036677,77.566233
S.S.Nagar,2017,Simple Injury,Others,City or Town Road,13.007889,77.577702
S.S.Nagar,2017,Simple Injury,Others,City or Town Road,13.002529,77.584072
S.S.Nagar,2017,Damage Only,Hit and Run,City or Town Road,13.006572,77.584101
S.S.Nagar,2017,Fatal,Hit and Run,City or Town Road,13.008336,77.571796
S.S.Nagar,2017,Simple Injury,Others,City or Town Road,12.99969,77.584229
S.S.Nagar,2017,Simple Injury,Not Applicable,City or Town Road,12.99826,77.58446
S.S.Nagar,2017,Damage Only,Hit and Run,Two way,13.014671,77.572601
S.S.Nagar,2017,Simple Injury,Others,City or Town Road,13.035869,77.566965
S.S.Nagar,2017,Damage Only,Hit and Run,City or Town Road,13.03693,77.565965
S.S.Nagar,2017,Simple Injury,Others,City or Town Road,13.006181,77.583988
S.S.Nagar,2017,Damage Only,Others,City or Town Road,12.998143,77.583702
S.S.Nagar,2017,Simple Injury,Others,City or Town Road,13.014102,77.565841
S.S.Nagar,2017,Damage Only,Others,City or Town Road,12.99853,77.581991
S.S.Nagar,2017,Damage Only,Others,City or Town Road,13.011428,77.569179
S.S.Nagar,2017,Damage Only,Others,City or Town Road,13.006323,77.575913
S.S.Nagar,2017,Damage Only,Not Applicable,City or Town Road,13.039636,77.563922
S.S.Nagar,2017,Simple Injury,Others,City or Town Road,13.006431,77.578775
S.S.Nagar,2017,Grievous Injury,Hit pedestrian,Not Applicable,13.014713,77.574976
S.S.Nagar,2017,Simple Injury,Hit and Run,City or Town Road,13.003473,77.583805
S.S.Nagar,2017,Damage Only,Others,City or Town Road,13.016724,77.583911
S.S.Nagar,2017,Damage Only,Hit and Run,City or Town Road,13.003721,77.583218
S.S.Nagar,2017,Damage Only,Others,City or Town Road,13.014102,77.56584
S.S.Nagar,2017,Damage Only,Others,City or Town Road,13.014069,77.565184
S.S.Nagar,2017,Damage Only,Others,City or Town Road,12.998341,77.573902
S.S.Nagar,2017,Simple Injury,Others,City or Town Road,13.005371,77.572079
S.S.Nagar,2017,Damage Only,Others,City or Town Road,13.014451,77.5844113
S.S.Nagar,2017,Simple Injury,Others,City or Town Road,13.006436,77.578765
S.S.Nagar,2017,Damage Only,Not Applicable,City or Town Road,13.039257,77.564081
S.S.Nagar,2017,Damage Only,Hit and Run,City or Town Road,13.003473,77.583805
S.S.Nagar,2017,Simple Injury,Hit and Run,City or Town Road,13.002477,77.584051
S.S.Nagar,2017,Simple Injury,Hit and Run,City or Town Road,13.014759,77.579098
S.S.Nagar,2017,Damage Only,Not Applicable,City or Town Road,13.004678,77.576853
S.S.Nagar,2017,Simple Injury,Skidding or Self accident,City or Town Road,13.033672,77.566367
S.S.Nagar,2017,Simple Injury,Hit pedestrian,City or Town Road,12.99662,77.579211
S.S.Nagar,2017,Damage Only,Not Applicable,City or Town Road,13.021192,77.584094
S.S.Nagar,2017,Simple Injury,Others,City or Town Road,13.023251,77.572118
S.S.Nagar,2017,Damage Only,Hit and Run,City or Town Road,13.014069,77.565184
S.S.Nagar,2017,Damage Only,Others,City or Town Road,13.020238,77.583857
S.S.Nagar,2017,Simple Injury,Others,City or Town Road,13.006323,77.578913
S.S.Nagar,2017,Damage Only,Others,City or Town Road,12.998341,77.573902
S.S.Nagar,2017,Damage Only,Others,City or Town Road,12.99853,77.581991
S.S.Nagar,2017,Simple Injury,Not Applicable,City or Town Road,13.024495,77.572046
S.S.Nagar,2017,Simple Injury,Hit and Run,City or Town Road,13.016654,77.583892
S.S.Nagar,2017,Simple Injury,Not Applicable,City or Town Road,13.014671,77.572601
S.S.Nagar,2017,Simple Injury,Hit and Run,City or Town Road,13.022417,77.58445
S.S.Nagar,2017,Damage Only,Others,City or Town Road,13.002511,77.584179
S.S.Nagar,2017,Damage Only,Others,City or Town Road,13.014599,77.573444
S.S.Nagar,2017,Simple Injury,Hit and Run,City or Town Road,13.010983,77.569911
S.S.Nagar,2017,Simple Injury,Hit and Run,Two way,13.009839,77.570669
S.S.Nagar,2017,Grievous Injury,Others,City or Town Road,13.041617,77.562341
S.S.Nagar,2017,Damage Only,Others,City or Town Road,13.003558,77.584016
S.S.Nagar,2017,Damage Only,Others,City or Town Road,13.008141,77.584035
S.S.Nagar,2017,Damage Only,Hit and Run,City or Town Road,13.020238,77.583857
S.S.Nagar,2017,Simple Injury,Hit and Run,City or Town Road,13.040845,77.562896
S.S.Nagar,2017,Simple Injury,Others,City or Town Road,13.006911,77.57871
S.S.Nagar,2017,Damage Only,Others,City or Town Road,13.021138,77.584235
S.S.Nagar,2017,Simple Injury,Not Applicable,City or Town Road,13.022728,77.584599
S.S.Nagar,2017,Damage Only,Others,City or Town Road,12.998924,77.574295
S.S.Nagar,2017,Simple Injury,Others,City or Town Road,12.999644,77.584241
S.S.Nagar,2017,Simple Injury,Hit and Run,City or Town Road,12.999792,77.583904
S.S.Nagar,2017,Grievous Injury,Others,City or Town Road,13.014363,77.583985
S.S.Nagar,2017,Simple Injury,Hit and Run,City or Town Road,13.002821,77.572232
S.S.Nagar,2017,Damage Only,Others,City or Town Road,13.014658,77.583917
S.S.Nagar,2017,Damage Only,Not Applicable,City or Town Road,13.039636,77.563922
S.S.Nagar,2017,Grievous Injury,Hit pedestrian,City or Town Road,13.032781,77.566349
S.S.Nagar,2017,Damage Only,Others,City or Town Road,13.020348,77.584024
S.S.Nagar,2018,Damage Only,Others,City or Town Road,13.010909,77.569972
S.S.Nagar,2018,Simple Injury,Hit and Run,City or Town Road,13.005232,77.571188
S.S.Nagar,2018,Simple Injury,Others,City or Town Road,13.02819,77.569825
S.S.Nagar,2018,Simple Injury,Right Turn Collision,City or Town Road,13.017502,77.573233
S.S.Nagar,2018,Damage Only,Rear end,City or Town Road,12.998611,77.584191
S.S.Nagar,2018,Damage Only,Side swipe,City or Town Road,13.010236,77.580465
S.S.Nagar,2018,Simple Injury,Others,City or Town Road,13.014609,77.583947
S.S.Nagar,2018,Simple Injury,Hit and Run,City or Town Road,13.014561,77.583878
S.S.Nagar,2018,Damage Only,Others,City or Town Road,13.009537,77.575544
S.S.Nagar,2018,Damage Only,Others,City or Town Road,13.012162,77.584131
S.S.Nagar,2018,Simple Injury,Others,City or Town Road,13.022088,77.572198
S.S.Nagar,2018,Simple Injury,Hit and Run,City or Town Road,13.010245,77.58055
S.S.Nagar,2018,Simple Injury,Hit and Run,City or Town Road,13.020059,77.584028
S.S.Nagar,2018,Simple Injury,Others,City or Town Road,13.01448,77.583858
S.S.Nagar,2018,Simple Injury,Others,City or Town Road,13.016707,77.583932
S.S.Nagar,2018,Fatal,Head on,City or Town Road,13.006373,77.578704
S.S.Nagar,2018,Simple Injury,Hit pedestrian,City or Town Road,13.028464,77.571255
S.S.Nagar,2018,Simple Injury,Not Applicable,City or Town Road,13.039411,77.564121
S.S.Nagar,2018,Simple Injury,Hit pedestrian,City or Town Road,13.014194,77.56552
S.S.Nagar,2018,Simple Injury,Hit pedestrian,City or Town Road,13.010976,77.570026
S.S.Nagar,2018,Fatal,Hit and Run,City or Town Road,12.999583,77.58423
S.S.Nagar,2018,Simple Injury,Others,City or Town Road,13.005091,77.580923
S.S.Nagar,2018,Simple Injury,Others,City or Town Road,13.030464,77.569142
S.S.Nagar,2018,Fatal,Not Applicable,City or Town Road,13.004237,77.5824
S.S.Nagar,2018,Simple Injury,Hit and Run,City or Town Road,13.008205,77.577837
S.S.Nagar,2018,Simple Injury,Hit and Run,City or Town Road,13.014217,77.567792
S.S.Nagar,2018,Damage Only,Hit and Run,City or Town Road,13.007387,77.578298
S.S.Nagar,2018,Simple Injury,Hit and Run,City or Town Road,13.00846,77.57167
S.S.Nagar,2018,Simple Injury,Not Applicable,City or Town Road,12.99967,77.58415
S.S.Nagar,2018,Damage Only,Hit and Run,City or Town Road,13.028367,77.57126
S.S.Nagar,2018,Simple Injury,Head on,City or Town Road,13.008086,77.58388
S.S.Nagar,2018,Simple Injury,Hit pedestrian,City or Town Road,13.005925,77.576786
S.S.Nagar,2018,Simple Injury,Hit and Run,City or Town Road,13.014271,77.583925
S.S.Nagar,2018,Simple Injury,Others,City or Town Road,13.020282,77.583883
S.S.Nagar,2018,Simple Injury,Hit and Run,City or Town Road,13.003094,77.571981
S.S.Nagar,2018,Simple Injury,Hit and Run,City or Town Road,13.041792,77.562302
S.S.Nagar,2018,Simple Injury,Others,City or Town Road,13.040827,77.562922
S.S.Nagar,2018,Simple Injury,Hit pedestrian,City or Town Road,12.998956,77.573318
S.S.Nagar,2018,Simple Injury,Hit pedestrian,City or Town Road,13.022822,77.584484
S.S.Nagar,2018,Simple Injury,Others,City or Town Road,13.023511,77.572091
S.S.Nagar,2018,Fatal,Hit and Run,City or Town Road,13.031265,77.568076
S.S.Nagar,2018,Simple Injury,Hit pedestrian,City or Town Road,12.998434,77.584178
S.S.Nagar,2018,Simple Injury,Hit and Run,City or Town Road,13.014549,77.583994
S.S.Nagar,2018,Simple Injury,Others,City or Town Road,12.998724,77.584162
S.S.Nagar,2018,Simple Injury,Not Applicable,City or Town Road,13.017168,77.584038
S.S.Nagar,2018,Simple Injury,Hit and Run,City or Town Road,13.029764,77.569811
S.S.Nagar,2018,Simple Injury,Hit and Run,City or Town Road,13.034094,77.568538
S.S.Nagar,2018,Simple Injury,Others,City or Town Road,13.010306,77.583907
S.S.Nagar,2018,Damage Only,Not Applicable,City or Town Road,13.006332,77.583999
S.S.Nagar,2018,Simple Injury,Hit and Run,City or Town Road,13.014062,77.57376
S.S.Nagar,2018,Simple Injury,Hit and Run,City or Town Road,13.009058,77.583796
S.S.Nagar,2018,Fatal,Hit pedestrian,City or Town Road,13.005091,77.578543
S.S.Nagar,2018,Damage Only,Others,City or Town Road,13.014669,77.572821
S.S.Nagar,2018,Simple Injury,Hit pedestrian,City or Town Road,13.011232,77.583743
S.S.Nagar,2018,Simple Injury,Head on,City or Town Road,13.031489,77.570216
S.S.Nagar,2018,Simple Injury,Others,City or Town Road,13.002156,77.584157
S.S.Nagar,2018,Damage Only,Not Applicable,City or Town Road,13.026671,77.575702
S.S.Nagar,2018,Simple Injury,Not Applicable,City or Town Road,13.00261,77.584151
S.S.Nagar,2018,Damage Only,Others,City or Town Road,13.024273,77.572071
S.S.Nagar,2018,Simple Injury,Not Applicable,City or Town Road,13.005071,77.578547
S.S.Nagar,2018,Simple Injury,Hit and Run,City or Town Road,13.031265,77.568076
S.S.Nagar,2018,Simple Injury,Not Applicable,City or Town Road,13.014637,77.583809
S.S.Nagar,2018,Simple Injury,Others,City or Town Road,13.016561,77.584038
S.S.Nagar,2018,Simple Injury,Hit and Run,City or Town Road,13.021452,77.584306
S.S.Nagar,2018,Simple Injury,Not Applicable,City or Town Road,13.01711,77.572664
S.S.Nagar,2018,Simple Injury,Hit pedestrian,City or Town Road,12.999688,77.58423
S.S.Nagar,2018,Fatal,Head on,City or Town Road,13.003538,77.583948
S.S.Nagar,2018,Simple Injury,Not Applicable,City or Town Road,13.021564,77.584334
S.S.Nagar,2018,Damage Only,Hit and Run,City or Town Road,13.021556,77.584325
S.S.Nagar,2018,Damage Only,Others,City or Town Road,13.010449,77.576043
S.S.Nagar,2018,Simple Injury,Hit and Run,City or Town Road,13.017169,77.584026
S.S.Nagar,2018,Simple Injury,Others,City or Town Road,13.010388,77.577217
S.S.Nagar,2018,Simple Injury,Hit and Run,City or Town Road,13.020078,77.583852
S.S.Nagar,2018,Simple Injury,Hit and Run,City or Town Road,12.999309,77.583553
S.S.Nagar,2018,Simple Injury,Others,City or Town Road,13.024306,77.572071
S.S.Nagar,2018,Simple Injury,Others,City or Town Road,13.017218,77.584037
S.S.Nagar,2018,Simple Injury,Head on,City or Town Road,13.005368,77.574832
S.S.Nagar,2018,Damage Only,Hit and Run,City or Town Road,13.008905,77.583799
S.S.Nagar,2018,Simple Injury,Hit pedestrian,City or Town Road,13.002525,77.584158
S.S.Nagar,2018,Simple Injury,Hit and Run,City or Town Road,13.014505,77.58383
S.S.Nagar,2018,Damage Only,Not Applicable,City or Town Road,13.022322,77.58451
S.S.Nagar,2018,Fatal,Hit bicyclist,City or Town Road,13.024029,77.572076
S.S.Nagar,2018,Simple Injury,Others,City or Town Road,13.024319,77.572056
S.S.Nagar,2019,Simple Injury,Vehicle to Vehicle,Others,13.012134,77.569357
S.S.Nagar,2019,Fatal,Hit pedestrian,Others,13.03204,77.569849
S.S.Nagar,2019,Fatal,Hit pedestrian,Others,13.02,77.584021
S.S.Nagar,2019,Simple Injury,Others,City or Town Road,13.014542,77.583094
S.S.Nagar,2019,Simple Injury,Vehicle to Vehicle,Others,13.021638,77.584281
S.S.Nagar,2019,Damage Only,Vehicle to Vehicle,One way,13.009024,77.583939
S.S.Nagar,2019,Fatal,Vehicle to Vehicle,Others,13.010493,77.583751
S.S.Nagar,2019,Simple Injury,Vehicle to Vehicle,Others,13.040829,77.562939
S.S.Nagar,2019,Grievous Injury,Vehicle to Vehicle,Others,13.007986,77.583966
S.S.Nagar,2019,Simple Injury,Hit pedestrian,Others,13.011983,77.569168
S.S.Nagar,2019,Grievous Injury,Vehicle to Vehicle,Others,13.011921,77.583756
S.S.Nagar,2019,Simple Injury,Hit pedestrian,City or Town Road,13.027325,77.571793
S.S.Nagar,2019,Simple Injury,Hit pedestrian,City or Town Road,13.006252,77.574135
S.S.Nagar,2019,Damage Only,Vehicle to Vehicle,Residential Street,13.0102,77.581269
S.S.Nagar,2019,Damage Only,Vehicle to Vehicle,Residential Street,13.025105,77.57748
S.S.Nagar,2019,Simple Injury,Vehicle to Vehicle,Others,12.998912,77.575753
S.S.Nagar,2019,Grievous Injury,Hit pedestrian,Others,13.032375,77.5698
S.S.Nagar,2019,Fatal,Head on,City or Town Road,13.037028,77.565981
S.S.Nagar,2019,Simple Injury,Hit pedestrian,Others,13.00534,77.5805929
S.S.Nagar,2019,Fatal,Hit pedestrian,Others,13.008552,77.571752
S.S.Nagar,2019,Grievous Injury,Vehicle to Vehicle,Others,13.005209,77.578694
S.S.Nagar,2019,Simple Injury,Hit and Run,City or Town Road,13.002908,77.574589
S.S.Nagar,2019,Simple Injury,Vehicle to Vehicle,Others,13.017309,77.584022
S.S.Nagar,2019,Grievous Injury,Vehicle to Vehicle,Others,13.030436,77.569119
S.S.Nagar,2019,Damage Only,Vehicle to Vehicle,Others,13.010112,77.57067
S.S.Nagar,2019,Damage Only,Vehicle to Vehicle,Others,13.006763,77.583935
S.S.Nagar,2019,Simple Injury,Vehicle to Vehicle,Expressway,13.034064,77.568616
S.S.Nagar,2019,Damage Only,Hit and Run,City or Town Road,13.016509,77.584015
S.S.Nagar,2019,Grievous Injury,Vehicle to Vehicle,Others,13.014402,77.583969
S.S.Nagar,2019,Grievous Injury,Hit pedestrian,Others,12.999682,77.584092
S.S.Nagar,2019,Simple Injury,Others,City or Town Road,13.021312,77.584264
S.S.Nagar,2019,Damage Only,Head on,City or Town Road,13.024736,77.579719
S.S.Nagar,2019,Grievous Injury,Hit pedestrian,Others,13.011948,77.584094
S.S.Nagar,2019,Damage Only,Others,City or Town Road,13.014237,77.5837449
S.S.Nagar,2019,Grievous Injury,Hit pedestrian,Residential Street,13.006343,77.572562
S.S.Nagar,2019,Simple Injury,Vehicle to Vehicle,Others,12.999683,77.584264
S.S.Nagar,2019,Simple Injury,Vehicle to Vehicle,Others,13.022682,77.584563
S.S.Nagar,2019,Simple Injury,Vehicle to Vehicle,Others,13.013067,77.579574
S.S.Nagar,2019,Grievous Injury,Vehicle to Vehicle,Others,13.00438,77.584121
S.S.Nagar,2019,Simple Injury,Hit pedestrian,City or Town Road,13.003631,77.583856
S.S.Nagar,2019,Damage Only,Vehicle to Vehicle,Others,13.017555,77.583932
S.S.Nagar,2019,Simple Injury,Vehicle to Vehicle,Residential Street,13.003068,77.583095
S.S.Nagar,2019,Grievous Injury,Vehicle to Vehicle,Others,13.014009,77.566565
S.S.Nagar,2019,Simple Injury,Hit pedestrian,Others,13.006453,77.578764
S.S.Nagar,2019,Simple Injury,Hit pedestrian,Arterial,13.011341,77.580394
S.S.Nagar,2019,Simple Injury,Vehicle to Vehicle,Others,13.010905,77.5839
S.S.Nagar,2019,Simple Injury,Not Applicable,Others,13.003861,77.583111
S.S.Nagar,2019,Damage Only,Vehicle to Vehicle,Others,13.017408,77.584029
S.S.Nagar,2019,Damage Only,Others,City or Town Road,13.010232,77.583962
S.S.Nagar,2019,Simple Injury,Vehicle to Vehicle,Others,13.03614,77.566757
S.S.Nagar,2020,Simple Injury,Hit pedestrian,Others,13.028267,77.571244
S.S.Nagar,2020,Fatal,Vehicle to Vehicle,Others,13.014098,77.566741
S.S.Nagar,2020,Fatal,Hit pedestrian,Others,12.999629,77.584199
S.S.Nagar,2021,Fatal,Hit pedestrian,Others,13.021151,77.584228
S.S.Nagar,2023,Damage Only,Not Applicable,Residential Street,13.015958,77.583819
S.S.Nagar,2023,Grievous Injury,Hit pedestrian,Others,13.004601,77.581641
S.S.Nagar,2023,Grievous Injury,Vehicle to Vehicle,Residential Street,13.0325181,77.5666858
S.S.Nagar,2023,Damage Only,Vehicle to Vehicle,Not Applicable,13.014066,77.565597
S.S.Nagar,2023,Damage Only,Not Applicable,Others,13.002611,77.587729
S.S.Nagar,2023,Grievous Injury,Vehicle to Vehicle,Others,13.0033,77.583821
S.S.Nagar,2023,Fatal,Hit pedestrian,Others,13.0099459,77.5838922
S.S.Nagar,2023,Grievous Injury,Vehicle to Vehicle,Others,13.0148567,77.5758744
S.S.Nagar,2023,Damage Only,Vehicle to Vehicle,Others,13.020011,77.583946
S.S.Nagar,2023,Grievous Injury,Vehicle to Vehicle,Others,13.016683,77.5839086
S.S.Nagar,2023,Fatal,Not Applicable,Service Road,13.016117,77.583822
S.S.Nagar,2023,Grievous Injury,Vehicle to Vehicle,Others,13.0166971,77.5839043
S.S.Nagar,2023,Damage Only,Vehicle to Vehicle,Others,13.122023,77.583873
S.S.Nagar,2023,Grievous Injury,Vehicle to Vehicle,Residential Street,13.000971,77.583999
S.S.Nagar,2023,Grievous Injury,Hit pedestrian,Residential Street,13.000307,77.335071
S.S.Nagar,2023,Damage Only,Not Applicable,Residential Street,12.997503,77.34421
S.S.Nagar,2023,Grievous Injury,Hit bicyclist,Others,13.018799,77.568033
S.S.Nagar,2023,Grievous Injury,Vehicle to Vehicle,Others,13.016702,77.5838996
S.S.Nagar,2023,Damage Only,Vehicle to Vehicle,Residential Street,13.0063156,77.578919
S.S.Nagar,2023,Grievous Injury,Hit pedestrian,Others,13.000307,77.5841685
S.S.Nagar,2023,Damage Only,Vehicle to Vehicle,Residential Street,13.017219,77.58401
S.S.Nagar,2023,Grievous Injury,Vehicle to Vehicle,Residential Street,13.014674,77.572759
S.S.Nagar,2023,Damage Only,Not Applicable,Others,12.9987569,77.5842969
S.S.Nagar,2023,Damage Only,Vehicle to Vehicle,Residential Street,13.028449,77.571269
S.S.Nagar,2023,Grievous Injury,Not Applicable,Residential Street,13.01759,77.572537
S.S.Nagar,2023,Grievous Injury,Not Applicable,Others,13.0146597,77.5725538
Shivajinagar,2016,Grievous Injury,Hit and Run,Two way,12.98198863,77.60426247
Shivajinagar,2016,Damage Only,Drowned,Two way,12.99293828,77.61244901
Shivajinagar,2016,Fatal,Not Applicable,City or Town Road,12.97771212,77.60708732
Shivajinagar,2016,Fatal,Others,City or Town Road,12.97926992,77.60244543
Shivajinagar,2016,Grievous Injury,Others,One way,12.98195607,77.61220744
Shivajinagar,2016,Damage Only,Not Applicable,City or Town Road,12.98494252,77.61475315
Shivajinagar,2016,Fatal,Head on,City or Town Road,12.98207991,77.59889222
Shivajinagar,2016,Fatal,Not Applicable,City or Town Road,12.9772579,77.60861878
Shivajinagar,2016,Grievous Injury,Hit pedestrian,Two way,12.9807699,77.6029132
Shivajinagar,2016,Damage Only,Others,City or Town Road,12.97713934,77.60873627
Shivajinagar,2017,Grievous Injury,Hit pedal cyclist,City or Town Road,12.977337509265,77.608773669
Shivajinagar,2017,Grievous Injury,Hit parked vehicle,City or Town Road,12.979168,77.602358
Shivajinagar,2017,Simple Injury,Hit and Run,City or Town Road,12.980049,77.6074005
Shivajinagar,2017,Simple Injury,Right Turn Collision,City or Town Road,12.9845952685424,77.6016792674637
Shivajinagar,2017,Simple Injury,Right Turn Collision,City or Town Road,12.9839938220282,77.59791969477631
Shivajinagar,2017,Grievous Injury,Rear end,City or Town Road,12.983683,77.603503
Shivajinagar,2017,Simple Injury,Hit and Run,City or Town Road,12.9779355748146,77.6066269208779
Shivajinagar,2017,Simple Injury,Right Turn Collision,City or Town Road,12.980049,77.6074005000004
Shivajinagar,2017,Simple Injury,Hit pedestrian,City or Town Road,12.9837224,77.6036621
Shivajinagar,2017,Simple Injury,Others,City or Town Road,12.977337509265,77.608773669
Shivajinagar,2017,Simple Injury,Head on,City or Town Road,12.9792651595828,77.60274160195459
Shivajinagar,2017,Simple Injury,Hit and Run,City or Town Road,12.981477,77.613184
Shivajinagar,2017,Simple Injury,Hit pedestrian,City or Town Road,12.983805,77.603145
Shivajinagar,2017,Simple Injury,Others,City or Town Road,12.980851,77.610081
Shivajinagar,2017,Damage Only,Hit and Run,City or Town Road,12.9782387,77.6056664
Shivajinagar,2017,Simple Injury,Hit pedestrian,Residential Street,12.9763182,77.61465559999998
Shivajinagar,2017,Simple Injury,Hit and Run,City or Town Road,12.982196,77.603451
Shivajinagar,2017,Simple Injury,Hit and Run,City or Town Road,12.988773,77.598952
Shivajinagar,2017,Damage Only,Hit and Run,City or Town Road,12.977077,77.608857
Shivajinagar,2017,Simple Injury,Hit pedal cyclist,City or Town Road,12.978323,77.602513
Shivajinagar,2017,Damage Only,Right Turn Collision,City or Town Road,12.977461,77.607613
Shivajinagar,2017,Damage Only,Head on,City or Town Road,12.98399382,77.59791969
Shivajinagar,2018,Simple Injury,Hit and Run,City or Town Road,12.98428,77.597317
Shivajinagar,2018,Simple Injury,Side swipe,City or Town Road,12.979303,77.602419
Shivajinagar,2018,Simple Injury,Right Turn Collision,City or Town Road,12.977891,77.606624
Shivajinagar,2018,Damage Only,Others,One way,12.981123,77.613942
Shivajinagar,2018,Simple Injury,Hit and Run,City or Town Road,12.987733,77.605345
Shivajinagar,2018,Grievous Injury,Rear end,City or Town Road,12.979443,77.602525
Shivajinagar,2018,Simple Injury,Hit and Run,City or Town Road,12.984868,77.60235
Shivajinagar,2018,Grievous Injury,Hit and Run,City or Town Road,12.991341,77.599874
Shivajinagar,2018,Fatal,Others,Arterial,12.982075,77.598875
Shivajinagar,2018,Grievous Injury,Others,City or Town Road,12.981421,77.6133
Shivajinagar,2018,Simple Injury,Right Turn Collision,One way,12.9822,77.603455
Shivajinagar,2018,Damage Only,Others,City or Town Road,12.977769,77.606542
Shivajinagar,2018,Simple Injury,Hit and Run,City or Town Road,12.984404,77.59724
Shivajinagar,2018,Damage Only,Overturning,City or Town Road,12.980975,77.609985
Shivajinagar,2018,Simple Injury,Right Turn Collision,Others,12.982021,77.605705
Shivajinagar,2018,Simple Injury,Hit and Run,City or Town Road,12.984045,77.599529
Shivajinagar,2018,Fatal,Others,City or Town Road,12.976397,77.611001
Shivajinagar,2018,Damage Only,Others,City or Town Road,12.979187,77.60244
Shivajinagar,2018,Simple Injury,Others,City or Town Road,12.98068,77.598366
Shivajinagar,2018,Simple Injury,Hit and Run,City or Town Road,12.984328,77.600343
Shivajinagar,2018,Grievous Injury,Hit and Run,City or Town Road,12.984083,77.603546
Shivajinagar,2018,Grievous Injury,Hit and Run,Others,12.98536,77.60693
Shivajinagar,2019,Grievous Injury,Hit pedestrian,Residential Street,12.983286,77.598595
Shivajinagar,2019,Damage Only,Vehicle to Vehicle,Others,12.977904,77.606638
Shivajinagar,2019,Simple Injury,Vehicle to Vehicle,Arterial,12.977719,77.606693
Shivajinagar,2019,Grievous Injury,Hit pedestrian,One way,12.986678,77.598225
Shivajinagar,2019,Grievous Injury,Vehicle to Vehicle,Arterial,12.979051,77.602333
Shivajinagar,2019,Grievous Injury,Vehicle to Vehicle,Arterial,12.980121,77.612574
Shivajinagar,2019,Damage Only,Right Turn Collision,One way,12.988266,77.598801
Shivajinagar,2019,Grievous Injury,Hit pedestrian,Arterial,12.975607,77.613336
Shivajinagar,2019,Simple Injury,Hit pedestrian,Sub Arterial,12.984044,77.598794
Shivajinagar,2019,Grievous Injury,Vehicle to Vehicle,Sub Arterial,12.985344,77.607028
Shivajinagar,2019,Grievous Injury,Vehicle to Vehicle,Arterial,12.988247,77.5988
Shivajinagar,2019,Simple Injury,Vehicle to Vehicle,Residential Street,12.984054,77.604801
Shivajinagar,2019,Fatal,Hit pedestrian,Others,12.982283,77.60276
Shivajinagar,2019,Fatal,Not Applicable,Residential Street,12.984103,77.608776
Shivajinagar,2019,Damage Only,Vehicle to Vehicle,Arterial,12.97928,77.607091
Shivajinagar,2019,Grievous Injury,Vehicle to Vehicle,Sub Arterial,12.984176,77.599366
Shivajinagar,2019,Fatal,Hit pedestrian,Arterial,12.984305,77.59737
Shivajinagar,2019,Grievous Injury,Vehicle to Vehicle,Residential Street,12.983656,77.611062
Shivajinagar,2019,Damage Only,Vehicle to Vehicle,Arterial,12.979149,77.602406
Shivajinagar,2019,Grievous Injury,Vehicle to Vehicle,Others,12.979573,77.609615
Shivajinagar,2019,Grievous Injury,Vehicle to Vehicle,Arterial,12.977688,77.607284
Shivajinagar,2019,Grievous Injury,Hit pedestrian,Others,12.98413,77.604606
Shivajinagar,2019,Damage Only,Vehicle to Vehicle,Sub Arterial,12.97716,77.608755
Shivajinagar,2019,Grievous Injury,Vehicle to Vehicle,Sub Arterial,12.980839,77.614482
Shivajinagar,2020,Damage Only,Not Applicable,Sub Arterial,12.984228,77.60295
Shivajinagar,2020,Simple Injury,Vehicle to Vehicle,Sub Arterial,12.985194,77.597561
Shivajinagar,2020,Simple Injury,Vehicle to Vehicle,Arterial,12.978326,77.604969
Shivajinagar,2021,Fatal,Hit pedestrian,Two way,12.977865,77.606738
Shivajinagar,2021,Damage Only,Vehicle to Vehicle,Others,12.984006,77.59802
Shivajinagar,2021,Grievous Injury,Vehicle to Vehicle,One way,12.985169,77.597549
Shivajinagar,2022,Simple Injury,Not Applicable,One way,12.98827,77.598788
Shivajinagar,2022,Simple Injury,Not Applicable,Two way,12.980368,77.603904
Shivajinagar,2022,Grievous Injury,Vehicle to Vehicle,Residential Street,13.01155,77.606571
Shivajinagar,2022,Simple Injury,Vehicle to Vehicle,Sub Arterial,12.98685,77.598227
Shivajinagar,2022,Fatal,Hit pedestrian,Sub Arterial,12.983573,77.603359
Shivajinagar,2022,Simple Injury,Hit bicyclist,Two way,12.974928,77.605231
Shivajinagar,2022,Damage Only,Not Applicable,Not Applicable,12.978775,77.604093
Shivajinagar,2022,Simple Injury,Not Applicable,Two way,12.977543,77.607642
Shivajinagar,2022,Damage Only,Vehicle to Vehicle,Two way,12.979332,77.602352
Shivajinagar,2022,Grievous Injury,Vehicle to Vehicle,Sub Arterial,12.9771869,77.6087348
Shivajinagar,2022,Grievous Injury,Vehicle to Vehicle,Sub Arterial,12.980935,77.604125
Shivajinagar,2022,Simple Injury,Vehicle to Vehicle,Sub Arterial,12.98125,77.601336
Shivajinagar,2022,Simple Injury,Vehicle to Vehicle,Sub Arterial,12.977478,77.607637
Shivajinagar,2022,Simple Injury,Vehicle to Vehicle,Others,12.980374,77.603878
Shivajinagar,2022,Grievous Injury,Hit pedestrian,Two way,12.9841128,77.6043838
Shivajinagar,2022,Simple Injury,Hit pedestrian,One way,12.982396,77.612455
Shivajinagar,2022,Grievous Injury,Vehicle to Vehicle,Sub Arterial,12.97792,77.606645
Shivajinagar,2022,Grievous Injury,Vehicle to Vehicle,Two way,12.98396,77.597712
Shivajinagar,2023,Fatal,Vehicle to Vehicle,Sub Arterial,12.977812,77.606884
Shivajinagar,2023,Fatal,Hit pedestrian,One way,12.989406,77.599329
Shivajinagar,2023,Grievous Injury,Hit pedestrian,One way,12.988326,77.598792
Shivajinagar,2023,Fatal,Not Applicable,Sub Arterial,12.976325,77.6115699
Shivajinagar,2023,Grievous Injury,Hit pedestrian,Sub Arterial,12.984021,77.597662
Shivajinagar,2023,Damage Only,Vehicle to Vehicle,Sub Arterial,12.979862,77.605448
Shivajinagar,2023,Grievous Injury,Not Applicable,Arterial,12.977489,77.608896
Shivajinagar,2023,Fatal,Vehicle to Vehicle,Sub Arterial,12.977799,77.606676
Shivajinagar,2023,Damage Only,Vehicle to Vehicle,Major District Road,12.979293,77.602426
Shivajinagar,2023,Grievous Injury,Vehicle to Vehicle,Sub Arterial,12.990124,77.600909
Thalagattapura,2023,Grievous Injury,Not Applicable,Expressway,12.851067,77.552123
Thalagattapura,2023,Grievous Injury,Vehicle to Vehicle,Expressway,12.880893,77.546498
Thalagattapura,2023,Damage Only,Vehicle to Vehicle,Not Applicable,12.8554844,77.5455809
Thalagattapura,2023,Simple Injury,Hit animal,Major District Road,12.874388,77.5391201
Thalagattapura,2023,Simple Injury,Hit pedestrian,Major District Road,12.875954,77.542841
Thalagattapura,2023,Fatal,Vehicle to Vehicle,Major District Road,12.873169,77.497848
Thalagattapura,2023,Grievous Injury,Vehicle to Vehicle,Others,12.883739,77.541166
Thalagattapura,2023,Fatal,Hit animal,Major District Road,12.8793977,77.707996
Thalagattapura,2023,Simple Injury,Vehicle to Vehicle,Expressway,12.971599,77.594566
Thalagattapura,2023,Fatal,Hit pedestrian,One way,12.879257,77.529932
Thalagattapura,2023,Fatal,Not Applicable,State Highway,12.87073,77.501123
Thalagattapura,2023,Fatal,Not Applicable,Two way,12.886544,77.53909
Thalagattapura,2023,Simple Injury,Vehicle to Vehicle,Others,12.887582,77.512782
Thalagattapura,2023,Fatal,Vehicle to Vehicle,Expressway,12.862325,77.521623
Thalagattapura,2023,Simple Injury,Hit pedestrian,Minor District Road,12.891654,77.539218
Thalagattapura,2023,Grievous Injury,Not Applicable,Major District Road,12.8576,77.5273
Thalagattapura,2023,Fatal,Vehicle to Vehicle,Expressway,12.87082,77.50622
Thalagattapura,2023,Grievous Injury,Vehicle to Vehicle,Residential Street,12.972442,77.580643
Thalagattapura,2023,Damage Only,Vehicle to Vehicle,Major District Road,12.88314,77.5482982
Thalagattapura,2023,Grievous Injury,Not Applicable,Expressway,12.850679,77.554139
Thalagattapura,2023,Simple Injury,Vehicle to Vehicle,Major District Road,12.891328,77.546665
Thalagattapura,2023,Grievous Injury,Vehicle to Vehicle,Major District Road,12.879261,77.510911
Thalagattapura,2023,Fatal,Not Applicable,Expressway,12.849651,77.557335
Thalagattapura,2023,Grievous Injury,Not Applicable,Major District Road,12.877855,77.5461
Thalagattapura,2023,Damage Only,Vehicle to Vehicle,Major District Road,12.883477,77.54863
Thalagattapura,2023,Damage Only,Not Applicable,Others,12.897441,77.540586
Thalagattapura,2023,Grievous Injury,Vehicle to Vehicle,State Highway,12.8731,77.5326
Thalagattapura,2023,Simple Injury,Vehicle to Vehicle,Expressway,12.8789,77.5299
Thalagattapura,2023,Grievous Injury,Vehicle to Vehicle,Minor District Road,12.87446,77.565662
Thalagattapura,2023,Fatal,Not Applicable,Minor District Road,12.8670248,77.5651066
Thalagattapura,2023,Fatal,Vehicle to Vehicle,Major District Road,12.859972,77.528575
Thalagattapura,2023,Fatal,Vehicle to Vehicle,Expressway,12.862457,77.516083
Thalagattapura,2023,Grievous Injury,Vehicle to Vehicle,Others,12.85651,77.55426
Thalagattapura,2023,Damage Only,Vehicle to Vehicle,Major District Road,12.8792595,77.5460852
Thalagattapura,2023,Fatal,Not Applicable,One way,12.864548,77.512144
Thalagattapura,2023,Damage Only,Vehicle to Vehicle,Major District Road,12.879589,77.545647
Thalagattapura,2023,Grievous Injury,Vehicle to Vehicle,One way,12.8758,77.541822
Thalagattapura,2023,Simple Injury,Vehicle to Vehicle,Minor District Road,12.882442,77.546889
Thalagattapura,2023,Simple Injury,Hit pedestrian,Minor District Road,12.861479,77.574211
Thalagattapura,2023,Grievous Injury,Vehicle to Vehicle,Minor District Road,12.876383,77.526244
Thalagattapura,2023,Grievous Injury,Vehicle to Vehicle,Major District Road,12.858354,77.556593
Thalagattapura,2023,Grievous Injury,Vehicle to Vehicle,Major District Road,12.8494282,77.5753857
Thalagattapura,2023,Grievous Injury,Vehicle to Vehicle,Expressway,12.848712,77.571947
Thalagattapura,2023,Grievous Injury,Vehicle to Vehicle,Expressway,12.8535208,77.540287
Thalagattapura,2023,Grievous Injury,Vehicle to Vehicle,Expressway,12.848348,77.571747
Thalagattapura,2023,Fatal,Not Applicable,Residential Street,12.856191,77.555215
Thalagattapura,2023,Fatal,Vehicle to Vehicle,Major District Road,12.876946,77.519662
Thalagattapura,2023,Grievous Injury,Vehicle to Vehicle,Mixed,12.87186,77.538761
Thalagattapura,2023,Fatal,Vehicle to Vehicle,Others,12.8476,77.571668
Thalagattapura,2023,Damage Only,Vehicle to Vehicle,Major District Road,12.874162,77.540569
Thalagattapura,2023,Grievous Injury,Vehicle to Vehicle,Major District Road,12.883491,77.548662
Thalagattapura,2023,Grievous Injury,Vehicle to Vehicle,Major District Road,12.859838,77.5259774
Thalagattapura,2023,Fatal,Not Applicable,Expressway,12.848337,77.571613
Thalagattapura,2023,Grievous Injury,Vehicle to Vehicle,State Highway,12.8701,77.5433
Thalagattapura,2023,Grievous Injury,Vehicle to Vehicle,Minor District Road,12.888814,77.55682
Thalagattapura,2023,Damage Only,Vehicle to Vehicle,Major District Road,12.971599,77.594566
Thalagattapura,2023,Fatal,Vehicle to Vehicle,Major District Road,12.856504,77.532438
Upparpet,2016,Simple Injury,Hit and Run,City or Town Road,12.974303,77.578304
Upparpet,2019,Fatal,Hit pedestrian,One way,12.975365,77.574879
Upparpet,2019,Simple Injury,Vehicle to Vehicle,Not Applicable,12.980386,77.57699
Upparpet,2019,Simple Injury,Vehicle to Vehicle,Others,12.97939,77.581971
Upparpet,2019,Simple Injury,Vehicle to Vehicle,Others,12.973126,77.581003
Upparpet,2019,Simple Injury,Hit pedestrian,Not Applicable,12.975665,77.574716
Upparpet,2022,Grievous Injury,Hit pedestrian,One way,12.978882,77.57713
Upparpet,2022,Grievous Injury,Hit pedestrian,One way,12.977825,77.573994
Upparpet,2022,Simple Injury,Hit pedestrian,One way,12.977374,77.574117
Upparpet,2022,Grievous Injury,Hit pedestrian,One way,12.980348,77.580218
Upparpet,2022,Grievous Injury,Hit pedestrian,Not Applicable,12.979064,77.577034
Upparpet,2022,Simple Injury,Hit pedestrian,One way,12.978056,77.57391
Upparpet,2022,Grievous Injury,Hit pedestrian,One way,12.975134,77.582443
Upparpet,2022,Simple Injury,Hit pedestrian,One way,12.97736,77.574274
Upparpet,2022,Grievous Injury,Hit pedestrian,Others,12.976581,77.571979
Upparpet,2022,Fatal,Hit pedestrian,One way,12.977877,77.571644
Upparpet,2022,Grievous Injury,Hit pedestrian,One way,12.9767764,77.573648
Upparpet,2022,Grievous Injury,Vehicle to Vehicle,One way,12.974853,77.577061
Upparpet,2022,Grievous Injury,Hit pedestrian,One way,12.977524,77.574262
Upparpet,2022,Damage Only,Vehicle to Vehicle,One way,12.974346,77.575068
Upparpet,2022,Grievous Injury,Hit pedestrian,One way,12.980496,77.576518
Upparpet,2022,Simple Injury,Vehicle to Vehicle,One way,12.975582,77.574775
Upparpet,2022,Grievous Injury,Hit pedestrian,One way,12.980228,77.572067
Upparpet,2022,Damage Only,Vehicle to Vehicle,One way,12.975486,77.575135
Upparpet,2022,Damage Only,Vehicle to Vehicle,One way,12.975454,77.575584
Upparpet,2022,Grievous Injury,Vehicle to Vehicle,One way,12.975125,77.576345
Upparpet,2022,Simple Injury,Hit pedestrian,One way,12.975591,77.574705
Upparpet,2022,Grievous Injury,Hit pedestrian,Not Applicable,12.976512,77.57117
Upparpet,2022,Simple Injury,Hit pedestrian,One way,12.977701,77.573227
Upparpet,2022,Simple Injury,Not Applicable,Others,12.975128,77.582363
Upparpet,2022,Grievous Injury,Hit pedestrian,One way,12.976094,77.574682
Upparpet,2023,Fatal,Hit pedestrian,Not Applicable,12.959168,77.571287
Upparpet,2023,Damage Only,Vehicle to Vehicle,One way,12.977452,77.574249
Upparpet,2023,Simple Injury,Hit pedestrian,One way,12.977569,77.573995
Upparpet,2023,Fatal,Hit pedestrian,One way,12.976111,77.573915
Upparpet,2023,Simple Injury,Vehicle to Vehicle,One way,12.974276,77.578219
Upparpet,2023,Grievous Injury,Vehicle to Vehicle,One way,12.977021,77.577302
Upparpet,2023,Fatal,Hit pedestrian,Others,12.978424,77.571897
Upparpet,2023,Damage Only,Vehicle to Vehicle,One way,12.972466,77.572496
Upparpet,2023,Grievous Injury,Hit pedestrian,One way,12.971954,77.571659
Upparpet,2023,Damage Only,Not Applicable,One way,12.974348,77.572397
Upparpet,2023,Grievous Injury,Hit pedestrian,One way,12.972468,77.573059
Upparpet,2023,Grievous Injury,Vehicle to Vehicle,One way,12.977381,77.571671
Upparpet,2023,Grievous Injury,Hit pedestrian,One way,12.979648,77.581806
Upparpet,2023,Fatal,Hit pedestrian,One way,12.978131,77.571542
Upparpet,2023,Fatal,Hit pedestrian,One way,12.95789,77.571677
Upparpet,2023,Damage Only,Not Applicable,One way,12.977787,77.584323
Upparpet,2023,Grievous Injury,Vehicle to Vehicle,One way,12.980325,77.57911
Upparpet,2023,Grievous Injury,Hit pedestrian,One way,12.972277,77.572269
Upparpet,2023,Grievous Injury,Hit pedestrian,Not Applicable,12.977094,77.571756
Upparpet,2023,Grievous Injury,Not Applicable,One way,12.977977,77.571603
Upparpet,2023,Fatal,Vehicle to Vehicle,One way,12.98032,77.579866
Upparpet,2023,Fatal,Hit pedestrian,Not Applicable,12.964464,77.572361
Upparpet,2023,Grievous Injury,Vehicle to Vehicle,One way,12.9807,77.57575
Upparpet,2023,Damage Only,Vehicle to Vehicle,One way,12.978574,77.578534
Upparpet,2023,Grievous Injury,Vehicle to Vehicle,One way,12.980677,77.576952
Upparpet,2023,Grievous Injury,Vehicle to Vehicle,One way,12.964464,77.571583
VV Puram,2017,Grievous Injury,Hit and Run,City or Town Road,12.959724,77.574641
VV Puram,2017,Grievous Injury,Hit and Run,City or Town Road,12.9613532,77.5745713
VV Puram,2017,Grievous Injury,Hit pedestrian,City or Town Road,12.96382,77.57746
VV Puram,2017,Grievous Injury,Hit pedestrian,City or Town Road,12.9564,77.56747
VV Puram,2018,Fatal,Head on,City or Town Road,12.95526,77.56972
VV Puram,2018,Grievous Injury,Hit pedestrian,City or Town Road,12.963467,77.581708
VV Puram,2018,Grievous Injury,Hit and Run,City or Town Road,12.96353,77.58136
VV Puram,2018,Grievous Injury,Hit pedestrian,City or Town Road,12.95235,77.57227
VV Puram,2018,Grievous Injury,Hit pedestrian,City or Town Road,12.95661,77.57741
VV Puram,2018,Grievous Injury,Hit bicyclist,City or Town Road,12.95371,77.57809
VV Puram,2018,Grievous Injury,Head on,City or Town Road,12.95435,77.58431
VV Puram,2018,Grievous Injury,Head on,City or Town Road,12.95714,77.56742
VV Puram,2018,Grievous Injury,Hit and Run,City or Town Road,12.956776,77.567292
VV Puram,2018,Grievous Injury,Hit pedestrian,City or Town Road,12.952356,77.567476
VV Puram,2018,Grievous Injury,Hit and Run,City or Town Road,12.95952,77.57848
VV Puram,2018,Grievous Injury,Hit and Run,City or Town Road,12.95778,77.58214
VV Puram,2018,Grievous Injury,Side swipe,City or Town Road,12.959232,77.57655
VV Puram,2018,Simple Injury,Head on,City or Town Road,12.9516,77.57682
VV Puram,2018,Grievous Injury,Others,City or Town Road,12.955875,77.578189
VV Puram,2018,Fatal,Hit and Run,City or Town Road,12.95401,77.58403
VV Puram,2018,Grievous Injury,Hit and Run,City or Town Road,12.960221,77.579414
VV Puram,2018,Damage Only,Rear end,City or Town Road,12.95514,77.58016
VV Puram,2018,Simple Injury,Others,City or Town Road,12.957265,77.573542
VV Puram,2018,Grievous Injury,Hit and Run,City or Town Road,12.95528,77.57949
VV Puram,2018,Grievous Injury,Head on,City or Town Road,12.95252,77.57128
VV Puram,2018,Grievous Injury,Hit pedestrian,City or Town Road,12.96365,77.5774
VV Puram,2018,Grievous Injury,Head on,City or Town Road,12.95302,77.58356
VV Puram,2018,Grievous Injury,Others,City or Town Road,12.95726,77.573741
VV Puram,2018,Grievous Injury,Skidding or Self accident,City or Town Road,12.95708,77.57461
VV Puram,2018,Grievous Injury,Hit pedestrian,City or Town Road,12.94824,77.56769
VV Puram,2018,Simple Injury,Hit pedestrian,City or Town Road,12.95672,77.58145
VV Puram,2018,Grievous Injury,Hit and Run,City or Town Road,12.954902,77.57944
VV Puram,2019,Grievous Injury,Vehicle to Vehicle,Others,12.9506071,77.5736864
VV Puram,2019,Grievous Injury,Hit pedestrian,Others,12.961752,77.576956
VV Puram,2019,Grievous Injury,Hit pedestrian,Others,12.957255,77.573781
VV Puram,2019,Grievous Injury,Hit pedestrian,Others,12.959634,77.574627
VV Puram,2019,Grievous Injury,Hit pedestrian,Others,12.962045,77.576334
VV Puram,2019,Grievous Injury,Hit pedestrian,Others,12.95436,77.58424
VV Puram,2019,Grievous Injury,Hit pedestrian,Others,12.963777,77.577506
VV Puram,2019,Fatal,Hit pedestrian,Others,12.953042,77.567686
VV Puram,2019,Grievous Injury,Vehicle to Vehicle,Others,12.952515,77.571276
VV Puram,2019,Grievous Injury,Hit pedestrian,Others,12.959868,77.577695
VV Puram,2019,Damage Only,Vehicle to Vehicle,Others,12.955152,77.580149
VV Puram,2019,Simple Injury,Vehicle to Vehicle,Others,12.956452,77.576577
VV Puram,2019,Damage Only,Vehicle to Vehicle,Others,12.960815,77.577668
VV Puram,2019,Simple Injury,Hit pedestrian,Others,12.949561,77.567638
VV Puram,2019,Simple Injury,Hit pedestrian,Others,12.95605,77.577302
VV Puram,2019,Grievous Injury,Not Applicable,Others,12.957166,77.568566
VV Puram,2019,Simple Injury,Vehicle to Vehicle,Others,12.959748,77.583194
VV Puram,2019,Grievous Injury,Hit pedestrian,Others,12.963676,77.577515
VV Puram,2019,Grievous Injury,Vehicle to Vehicle,Others,12.95887,77.570462
VV Puram,2019,Fatal,Hit pedestrian,Others,12.963602,77.577338
VV Puram,2019,Grievous Injury,Hit pedestrian,Others,12.957731,77.582081
VV Puram,2019,Grievous Injury,Hit pedestrian,Others,12.954198,77.579934
VV Puram,2019,Grievous Injury,Vehicle to Vehicle,Others,12.958813,77.569492
VV Puram,2019,Fatal,Vehicle to Vehicle,Others,12.954002,77.568748
VV Puram,2019,Simple Injury,Hit pedestrian,Others,12.949605,77.573769
VV Puram,2019,Fatal,Hit pedestrian,Others,12.963209,77.577447
VV Puram,2019,Grievous Injury,Vehicle to Vehicle,Others,12.963396,77.58142
VV Puram,2019,Grievous Injury,Hit pedestrian,Others,12.949249,77.567667
VV Puram,2019,Grievous Injury,Vehicle to Vehicle,Others,12.956029,77.585848
VV Puram,2019,Fatal,Vehicle to Vehicle,Others,12.957504,77.582489
VV Puram,2019,Grievous Injury,Vehicle to Vehicle,Others,12.95711,77.56736
VV Puram,2019,Fatal,Vehicle to Vehicle,Others,12.963398,77.581827
VV Puram,2019,Grievous Injury,Vehicle to Vehicle,Others,12.953523,77.573496
VV Puram,2019,Simple Injury,Hit pedestrian,Others,12.9587,77.57189
VV Puram,2020,Grievous Injury,Vehicle to Vehicle,Others,12.9498276,77.5704558
VV Puram,2020,Grievous Injury,Vehicle to Vehicle,Others,12.9507219,77.5780863
VV Puram,2020,Fatal,Hit pedestrian,Others,12.9539545,77.568074
VV Puram,2020,Grievous Injury,Vehicle to Vehicle,Others,12.957251,77.573613
VV Puram,2020,Damage Only,Vehicle to Vehicle,Others,12.9599449,77.5739312
VV Puram,2020,Fatal,Hit pedestrian,Others,12.9615917,77.5751155
VV Puram,2020,Simple Injury,Vehicle to Vehicle,Others,12.949196,77.57449
VV Puram,2020,Grievous Injury,Hit pedestrian,Others,12.954174,77.579917
VV Puram,2021,Fatal,Hit pedestrian,Others,12.958677,77.582641
VV Puram,2021,Grievous Injury,Vehicle to Vehicle,Others,12.959793,77.58322
VV Puram,2021,Grievous Injury,Vehicle to Vehicle,One way,12.955583,77.585586
VV Puram,2021,Grievous Injury,Not Applicable,Others,12.95415,77.584963
VV Puram,2021,Simple Injury,Vehicle to Vehicle,Others,12.957734,77.582163
VV Puram,2021,Grievous Injury,Hit pedestrian,Others,12.960002,77.5718221
VV Puram,2021,Grievous Injury,Hit pedestrian,Others,12.957159,77.569569
VV Puram,2021,Fatal,Hit pedestrian,Others,12.95188,77.573584
VV Puram,2021,Fatal,Hit bicyclist,Others,12.958926,77.569515
VV Puram,2021,Damage Only,Vehicle to Vehicle,Others,12.957214,77.573724
VV Puram,2021,Grievous Injury,Vehicle to Vehicle,Others,12.963548,77.578755
VV Puram,2021,Fatal,Vehicle to Vehicle,Others,12.9590516,77.5828666
VV Puram,2021,Grievous Injury,Not Applicable,Others,12.955135,77.580112
VV Puram,2021,Grievous Injury,Vehicle to Vehicle,Others,12.952871,77.576875
VV Puram,2021,Grievous Injury,Hit pedestrian,Others,12.952818,77.57651
VV Puram,2021,Grievous Injury,Vehicle to Vehicle,Others,12.956366,77.577369
VV Puram,2021,Simple Injury,Vehicle to Vehicle,Others,12.95734,77.573921
VV Puram,2021,Fatal,Not Applicable,Others,12.9584183,77.582271
VV Puram,2021,Grievous Injury,Vehicle to Vehicle,Others,12.9572167,77.5739925
VV Puram,2021,Damage Only,Vehicle to Vehicle,Others,12.950869,77.582549
VV Puram,2021,Grievous Injury,Vehicle to Vehicle,Others,12.95188,77.56997
VV Puram,2021,Damage Only,Vehicle to Vehicle,Others,12.95358,77.570016
VV Puram,2021,Grievous Injury,Not Applicable,Others,12.9562283,77.5820583
VV Puram,2021,Damage Only,Vehicle to Vehicle,Others,12.957102,77.567469
VV Puram,2021,Grievous Injury,Hit pedestrian,Others,12.950503,77.567674
VV Puram,2021,Simple Injury,Vehicle to Vehicle,Others,12.953518,77.570008
VV Puram,2021,Fatal,Vehicle to Vehicle,Others,12.956878,77.575265
VV Puram,2022,Simple Injury,Vehicle to Vehicle,Others,12.954036,77.584089
VV Puram,2022,Fatal,Hit pedestrian,Others,12.948785,77.57376
VV Puram,2022,Simple Injury,Hit pedestrian,Others,12.957322,77.577493
VV Puram,2022,Simple Injury,Hit pedestrian,Others,12.953036,77.575413
VV Puram,2022,Grievous Injury,Hit pedestrian,Others,12.950486,77.567713
VV Puram,2022,Simple Injury,Vehicle to Vehicle,Others,12.964644,77.574381
VV Puram,2022,Fatal,Vehicle to Vehicle,Others,12.949027,77.576855
VV Puram,2022,Grievous Injury,Hit pedestrian,Others,12.949005,77.576754
VV Puram,2022,Simple Injury,Hit pedestrian,Others,12.963569,77.580918
VV Puram,2022,Grievous Injury,Vehicle to Vehicle,Others,12.950469,77.570006
VV Puram,2022,Damage Only,Vehicle to Vehicle,Others,12.957201,77.569584
VV Puram,2022,Damage Only,Vehicle to Vehicle,Others,12.957229,77.572167
VV Puram,2022,Fatal,Vehicle to Vehicle,Others,12.957322575066,77.57373502498
VV Puram,2022,Simple Injury,Vehicle to Vehicle,Others,12.949926,77.575112
VV Puram,2022,Grievous Injury,Hit pedestrian,Others,12.952799,77.577165
VV Puram,2022,Grievous Injury,Vehicle to Vehicle,Others,12.953054,77.575326
VV Puram,2022,Simple Injury,Hit pedestrian,Others,12.954147,77.573533
VV Puram,2022,Grievous Injury,Vehicle to Vehicle,Others,12.951002,77.569986
VV Puram,2022,Grievous Injury,Vehicle to Vehicle,Others,12.958907,77.577602
VV Puram,2022,Grievous Injury,Vehicle to Vehicle,Others,12.963446,77.58191
VV Puram,2022,Grievous Injury,Hit pedestrian,Others,12.962354,77.575191
VV Puram,2022,Simple Injury,Vehicle to Vehicle,Others,12.964102,77.571697
VV Puram,2023,Grievous Injury,Hit pedestrian,Others,12.958833,77.568719
VV Puram,2023,Grievous Injury,Hit pedestrian,Others,12.949024,77.577746
VV Puram,2023,Grievous Injury,Vehicle to Vehicle,Others,12.959066,77.574398
VV Puram,2023,Grievous Injury,Vehicle to Vehicle,Others,12.949015,77.57688
VV Puram,2023,Fatal,Hit pedestrian,Not Applicable,12.961895,77.569121
Vijayanagar,2016,Simple Injury,Hit and Run,City or Town Road,12.99165,77.53745
Vijayanagar,2018,Simple Injury,Hit pedestrian,City or Town Road,12.9742252,77.5460972
Vijayanagar,2018,Simple Injury,Head on,City or Town Road,12.96768,77.5409406
Vijayanagar,2018,Simple Injury,Hit pedestrian,City or Town Road,12.9788809,77.5340598
Vijayanagar,2018,Simple Injury,Hit pedestrian,City or Town Road,12.970821,77.536922
Vijayanagar,2018,Grievous Injury,Hit pedestrian,City or Town Road,12.986427,77.549341
Vijayanagar,2019,Grievous Injury,Hit pedestrian,City or Town Road,12.9928918,77.5388837
Vijayanagar,2019,Damage Only,Hit and Run,City or Town Road,12.9980202,77.5406738
Vijayanagar,2019,Simple Injury,Hit pedestrian,Residential Street,12.9776378,77.5454887
Vijayanagar,2022,Simple Injury,Hit pedestrian,Residential Street,12.998757,77.530603
Vijayanagar,2022,Fatal,Hit pedestrian,Residential Street,12.958221,77.535109
Vijayanagar,2022,Damage Only,Vehicle to Vehicle,Residential Street,12.989327,77.545504
Vijayanagar,2022,Simple Injury,Not Applicable,Two way,12.976303,77.547152
Vijayanagar,2022,Fatal,Not Applicable,Others,12.9623808,77.5365585
Vijayanagar,2022,Grievous Injury,Vehicle to Vehicle,Two way,12.969424,77.545798
Vijayanagar,2022,Fatal,Hit pedestrian,Two way,12.98178,77.533902
Vijayanagar,2022,Simple Injury,Vehicle to Vehicle,Two way,12.9757747,77.53859
Vijayanagar,2022,Simple Injury,Vehicle to Vehicle,Residential Street,12.995962,77.530989
Vijayanagar,2022,Grievous Injury,Vehicle to Vehicle,Residential Street,12.9853912,77.543362
Vijayanagar,2022,Simple Injury,Hit pedestrian,Two way,12.976303,77.547155
Vijayanagar,2022,Grievous Injury,Vehicle to Vehicle,Two way,12.992228,77.534472
Vijayanagar,2022,Simple Injury,Hit pedestrian,Two way,12.995321,77.539791
Vijayanagar,2022,Grievous Injury,Vehicle to Vehicle,Two way,12.976627,77.530993
Vijayanagar,2022,Simple Injury,Vehicle to Vehicle,Residential Street,12.988731,77.544601
Vijayanagar,2022,Simple Injury,Vehicle to Vehicle,Residential Street,12.983967,77.538938
Vijayanagar,2022,Simple Injury,Hit pedestrian,Residential Street,12.9925521,77.5421574
Vijayanagar,2022,Simple Injury,Vehicle to Vehicle,Residential Street,12.9781563,77.5326949
Vijayanagar,2022,Grievous Injury,Vehicle to Vehicle,Sub Arterial,12.994716,77.536384
Vijayanagar,2022,Grievous Injury,Vehicle to Vehicle,Residential Street,12.967348,77.531027
Vijayanagar,2022,Simple Injury,Vehicle to Vehicle,Others,12.9749878,77.5483643
Vijayanagar,2022,Simple Injury,Vehicle to Vehicle,Residential Street,12.971417,77.546941
Vijayanagar,2022,Fatal,Vehicle to Vehicle,Residential Street,12.973935,77.527845
Vijayanagar,2022,Damage Only,Vehicle to Vehicle,Residential Street,12.957823,77.5535401
Vijayanagar,2022,Simple Injury,Hit pedestrian,Residential Street,12.995015,77.534292
Vijayanagar,2022,Simple Injury,Hit pedestrian,Two way,12.979554,77.539156
Vijayanagar,2022,Grievous Injury,Vehicle to Vehicle,Two way,12.959523,77.536423
Vijayanagar,2022,Grievous Injury,Hit pedestrian,Arterial,12.98805,77.536408
Vijayanagar,2022,Grievous Injury,Vehicle to Vehicle,Residential Street,12.992579,77.545905
Vijayanagar,2022,Simple Injury,Not Applicable,Residential Street,12.9960787,77.5475436
Vijayanagar,2022,Simple Injury,Vehicle to Vehicle,Residential Street,12.974184,77.535152
Vijayanagar,2022,Simple Injury,Hit pedestrian,Two way,12.978111,77.544582
Vijayanagar,2022,Fatal,Not Applicable,Two way,12.979666,77.53923
Vijayanagar,2022,Grievous Injury,Vehicle to Vehicle,Others,12.978613,77.54884
Vijayanagar,2022,Grievous Injury,Vehicle to Vehicle,Others,12.997399,77.540499
Vijayanagar,2022,Grievous Injury,Vehicle to Vehicle,Others,12.967689,77.535534
Vijayanagar,2022,Grievous Injury,Hit bicyclist,Residential Street,12.993943,77.529936
Vijayanagar,2022,Simple Injury,Hit pedestrian,Residential Street,12.9757386,77.5380791
Vijayanagar,2022,Grievous Injury,Vehicle to Vehicle,Others,12.9912028,77.5411029
Vijayanagar,2022,Grievous Injury,Vehicle to Vehicle,Two way,12.973005,77.538498
Vijayanagar,2022,Simple Injury,Hit pedestrian,Residential Street,12.9762904,77.5270354
Vijayanagar,2022,Fatal,Hit pedestrian,Others,12.9774336,77.5457136
Vijayanagar,2022,Simple Injury,Vehicle to Vehicle,Residential Street,12.976621,77.522169
Vijayanagar,2022,Simple Injury,Hit pedestrian,Residential Street,12.995686,77.534294
Vijayanagar,2022,Simple Injury,Vehicle to Vehicle,Residential Street,12.977189,77.526202
Vijayanagar,2022,Simple Injury,Hit pedestrian,Two way,12.978496,77.542966
Vijayanagar,2022,Simple Injury,Vehicle to Vehicle,Two way,12.9985132,77.5424635
Vijayanagar,2022,Simple Injury,Vehicle to Vehicle,Residential Street,12.973114,77.544405
Vijayanagar,2022,Simple Injury,Vehicle to Vehicle,Residential Street,12.993493,77.539077
Vijayanagar,2022,Grievous Injury,Vehicle to Vehicle,One way,12.967528,77.536256
Vijayanagar,2022,Simple Injury,Hit pedestrian,Residential Street,12.9646823,77.5337248
Vijayanagar,2022,Simple Injury,Vehicle to Vehicle,Two way,12.9782546,77.5438062
Vijayanagar,2022,Grievous Injury,Vehicle to Vehicle,Major District Road,12.990156,77.550686
Vijayanagar,2022,Simple Injury,Vehicle to Vehicle,Others,12.999588,77.530543
Vijayanagar,2022,Simple Injury,Vehicle to Vehicle,Residential Street,12.9609736,77.5372342
Vijayanagar,2022,Grievous Injury,Vehicle to Vehicle,Two way,12.958229,77.536447
Vijayanagar,2022,Grievous Injury,Vehicle to Vehicle,Residential Street,12.976315,77.527628
Vijayanagar,2022,Grievous Injury,Vehicle to Vehicle,Minor District Road,12.979521,77.539211
Vijayanagar,2022,Simple Injury,Hit pedestrian,Residential Street,12.9858515,77.5487623
Vijayanagar,2022,Grievous Injury,Vehicle to Vehicle,Two way,12.965629,77.534828
Vijayanagar,2022,Grievous Injury,Vehicle to Vehicle,Arterial,12.974295,77.534518
Vijayanagar,2022,Simple Injury,Hit pedestrian,Residential Street,12.979482,77.539221
Vijayanagar,2022,Simple Injury,Hit pedestrian,Residential Street,12.999588,77.530543
Vijayanagar,2022,Damage Only,Vehicle to Vehicle,Others,12.9910817,77.5431471
Vijayanagar,2022,Damage Only,Vehicle to Vehicle,Residential Street,12.967825,77.541743
Vijayanagar,2022,Grievous Injury,Hit pedestrian,Others,12.991741,77.546023
Vijayanagar,2022,Fatal,Not Applicable,Two way,12.977527,77.545701
Vijayanagar,2023,Grievous Injury,Vehicle to Vehicle,Two way,12.991335,77.540218
Vijayanagar,2023,Grievous Injury,Not Applicable,Others,12.97602,77.532669
Vijayanagar,2023,Simple Injury,Vehicle to Vehicle,Others,13.000834,77.541003
Vijayanagar,2023,Grievous Injury,Vehicle to Vehicle,Major District Road,12.994773,77.548712
Vijayanagar,2023,Grievous Injury,Vehicle to Vehicle,Two way,12.968298,77.545313
Vijayanagar,2023,Grievous Injury,Vehicle to Vehicle,Major District Road,12.968815,77.536787
Vijayanagar,2023,Fatal,Hit pedestrian,Major District Road,12.962818,77.534169
Vijayanagar,2023,Fatal,Not Applicable,Two way,12.99593,77.531102
Vijayanagar,2023,Grievous Injury,Vehicle to Vehicle,Others,12.979285,77.534194
Vijayanagar,2023,Simple Injury,Vehicle to Vehicle,Others,12.996451,77.550708
Vijayanagar,2023,Grievous Injury,Vehicle to Vehicle,Major District Road,12.974282,77.544721
Vijayanagar,2023,Grievous Injury,Hit pedestrian,Two way,12.99658,77.528892
Vijayanagar,2023,Fatal,Vehicle to Vehicle,Others,12.997342,77.550364
Vijayanagar,2023,Grievous Injury,Vehicle to Vehicle,Arterial,12.972648,77.54569
Vijayanagar,2023,Grievous Injury,Vehicle to Vehicle,Two way,12.991467,77.538935
Vijayanagar,2023,Simple Injury,Vehicle to Vehicle,Two way,12.968757,77.536858
Vijayanagar,2023,Grievous Injury,Vehicle to Vehicle,Two way,12.973933,77.535935
Vijayanagar,2023,Damage Only,Vehicle to Vehicle,Two way,12.976626,77.522219
Vijayanagar,2023,Fatal,Vehicle to Vehicle,Service Road,12.993438,77.550911
Vijayanagar,2023,Grievous Injury,Not Applicable,Two way,12.994633,77.526853
Vijayanagar,2023,Grievous Injury,Vehicle to Vehicle,Two way,12.968379,77.530539
Vijayanagar,2023,Grievous Injury,Vehicle to Vehicle,Two way,12.985744,77.545325
Vijayanagar,2023,Grievous Injury,Vehicle to Vehicle,Two way,12.994244,77.542604
Vijayanagar,2023,Grievous Injury,Hit pedestrian,Two way,12.972913,77.529488
Vijayanagar,2023,Grievous Injury,Vehicle to Vehicle,Two way,12.990199,77.542705
Vijayanagar,2023,Fatal,Vehicle to Vehicle,Others,12.971157,77.540562
Vijayanagar,2023,Grievous Injury,Vehicle to Vehicle,Major District Road,12.974319,77.52069
Vijayanagar,2023,Grievous Injury,Vehicle to Vehicle,Major District Road,12.970885,77.537505
Vijayanagar,2023,Grievous Injury,Hit pedestrian,Major District Road,12.970747,77.525357
Vijayanagar,2023,Grievous Injury,Hit bicyclist,Arterial,12.990341,77.536669
Vijayanagar,2023,Grievous Injury,Vehicle to Vehicle,One way,12.973307,77.537758
Vijayanagar,2023,Grievous Injury,Not Applicable,Two way,12.987829,77.545489
Vijayanagar,2023,Grievous Injury,Not Applicable,Arterial,12.97513,77.544232
Vijayanagar,2023,Grievous Injury,Vehicle to Vehicle,Major District Road,12.975555,77.535383
Vijayanagar,2023,Simple Injury,Hit pedestrian,Arterial,12.995161,77.545753
Vijayanagar,2023,Grievous Injury,Vehicle to Vehicle,Two way,12.976872,77.521028
Vijayanagar,2023,Grievous Injury,Vehicle to Vehicle,Arterial,12.97694,77.54216
Vijayanagar,2023,Grievous Injury,Vehicle to Vehicle,Others,12.999361,77.541086
Vijayanagar,2023,Damage Only,Vehicle to Vehicle,Arterial,12.976318,77.525756
Vijayanagar,2023,Grievous Injury,Vehicle to Vehicle,Arterial,12.998804,77.528012
Vijayanagar,2023,Simple Injury,Vehicle to Vehicle,Service Road,12.964683,77.535155
Vijayanagar,2023,Grievous Injury,Hit pedestrian,Major District Road,12.972988,77.538513
Vijayanagar,2023,Grievous Injury,Vehicle to Vehicle,Others,13.000317,77.539804
Vijayanagar,2023,Grievous Injury,Hit pedestrian,Major District Road,12.978517,77.542588
Vijayanagar,2023,Grievous Injury,Hit pedestrian,Others,12.975216,77.548141
Vijayanagar,2023,Fatal,Not Applicable,Service Road,12.981078,77.535523
Vijayanagar,2023,Grievous Injury,Hit pedestrian,Two way,12.970131,77.545041
Vijayanagar,2023,Fatal,Hit pedestrian,Major District Road,12.98137,77.534889
Vijayanagar,2023,Grievous Injury,Not Applicable,Major District Road,12.942635,77.543562
Vijayanagar,2023,Grievous Injury,Hit pedestrian,Two way,12.978231,77.540045
Whitefield,2019,Grievous Injury,Others,City or Town Road,12.985969,77.733664
Whitefield,2019,Fatal,Not Applicable,Not Applicable,12.920809,77.723313
Whitefield,2019,Fatal,Not Applicable,Residential Street,12.99729,77.766624
Whitefield,2019,Grievous Injury,Vehicle to Vehicle,State Highway,12.997167,77.758359
Whitefield,2019,Damage Only,Vehicle to Vehicle,State Highway,12.958991,77.746455
Whitefield,2019,Grievous Injury,Vehicle to Vehicle,State Highway,13.004184,77.757029
Whitefield,2019,Grievous Injury,Hit bicyclist,Not Applicable,12.987551,77.737029
Whitefield,2019,Damage Only,Hit and Run,City or Town Road,12.981367,77.756871
Whitefield,2019,Fatal,Hit pedestrian,State Highway,13.00854,77.758491
Whitefield,2019,Grievous Injury,Hit and Run,Village Road,13.031811,77.744233
Whitefield,2019,Damage Only,Others,City or Town Road,12.987276,77.731611
Whitefield,2019,Grievous Injury,Not Applicable,State Highway,12.929082,77.739875
Whitefield,2019,Grievous Injury,Vehicle to Vehicle,State Highway,12.979218,77.751435
Whitefield,2019,Grievous Injury,Vehicle to Vehicle,Others,12.975884,77.7181
Whitefield,2019,Grievous Injury,Vehicle to Vehicle,State Highway,12.961374,77.74762
Whitefield,2019,Grievous Injury,Hit pedestrian,State Highway,12.97424,77.750551
Whitefield,2019,Grievous Injury,Hit pedestrian,City or Town Road,12.983635,77.768873
Whitefield,2019,Fatal,Hit and Run,City or Town Road,12.983848,77.728838
Whitefield,2019,Grievous Injury,Vehicle to Vehicle,State Highway,12.971048,77.750171
Whitefield,2019,Fatal,Vehicle to Vehicle,State Highway,12.934932,77.743541
Whitefield,2019,Fatal,Hit and Run,State Highway,12.959182,77.746617
Whitefield,2019,Fatal,Hit pedestrian,Others,12.906192,77.727301
Whitefield,2019,Grievous Injury,Vehicle to Vehicle,State Highway,13.032241,77.7586
Whitefield,2019,Grievous Injury,Hit pedestrian,Not Applicable,12.956892,77.743402
Whitefield,2019,Fatal,Hit bicyclist,Others,12.987624,77.740183
Whitefield,2019,Damage Only,Vehicle to Vehicle,State Highway,12.898399,77.715642
Whitefield,2019,Grievous Injury,Hit pedestrian,Not Applicable,12.9882,77.731357
Whitefield,2019,Grievous Injury,Vehicle to Vehicle,Others,12.983018,77.761882
Whitefield,2019,Fatal,Hit pedestrian,State Highway,12.937867,77.7464269
Whitefield,2019,Grievous Injury,Others,State Highway,13.024219,77.761653
Whitefield,2019,Grievous Injury,Hit and Run,City or Town Road,12.940777,77.758243
Whitefield,2019,Damage Only,Head on,City or Town Road,12.99105,77.751294
Whitefield,2019,Damage Only,Hit and Run,State Highway,12.977457,77.7512099
Whitefield,2019,Grievous Injury,Rear end,City or Town Road,12.984079,77.772588
Whitefield,2019,Damage Only,Others,State Highway,12.959112,77.746478
Whitefield,2019,Grievous Injury,Not Applicable,State Highway,12.961406,77.747631
Whitefield,2019,Grievous Injury,Not Applicable,Others,12.943458,77.75116
Whitefield,2019,Grievous Injury,Vehicle to Vehicle,Not Applicable,12.901442,77.708094
Whitefield,2019,Fatal,Vehicle to Vehicle,State Highway,12.991815,77.756526
Whitefield,2019,Grievous Injury,Hit bicyclist,State Highway,12.980415,77.751707
Whitefield,2019,Grievous Injury,Hit pedestrian,State Highway,13.026622,77.761032
Whitefield,2019,Grievous Injury,Head on,City or Town Road,12.99251,77.754158
Whitefield,2019,Fatal,Hit and Run,State Highway,12.993045,77.757569
Whitefield,2019,Fatal,Vehicle to Vehicle,State Highway,13.037665,77.759629
Whitefield,2019,Simple Injury,Hit pedestrian,Others,12.95595,77.729174
Whitefield,2019,Fatal,Hit pedestrian,State Highway,13.02448,77.761684
Whitefield,2019,Grievous Injury,Vehicle to Vehicle,State Highway,12.935355,77.743809
Whitefield,2019,Fatal,Vehicle to Vehicle,Others,12.956949,77.740751
Whitefield,2019,Grievous Injury,Not Applicable,State Highway,12.9208,77.736407
Whitefield,2019,Grievous Injury,Vehicle to Vehicle,State Highway,12.934746,77.743537
Whitefield,2019,Damage Only,Vehicle to Vehicle,State Highway,13.018872,77.76226
Whitefield,2019,Grievous Injury,Hit pedestrian,Residential Street,12.997948,77.76099
Whitefield,2019,Grievous Injury,Hit pedestrian,State Highway,12.97891,77.751395
Whitefield,2019,Simple Injury,Head on,State Highway,13.018837,77.762065
Whitefield,2019,Grievous Injury,Vehicle to Vehicle,State Highway,12.956827,77.745411
Whitefield,2019,Grievous Injury,Vehicle to Vehicle,Not Applicable,13.028416,77.7505539
Whitefield,2019,Grievous Injury,Hit and Run,City or Town Road,12.938483,77.7161989
Whitefield,2019,Grievous Injury,Not Applicable,Not Applicable,12.982655,77.728178
Whitefield,2019,Grievous Injury,Vehicle to Vehicle,State Highway,13.009815,77.759026
Whitefield,2019,Grievous Injury,Vehicle to Vehicle,Two way,12.939352,77.73033
Whitefield,2019,Damage Only,Vehicle to Vehicle,Not Applicable,12.955779,77.721047
Whitefield,2019,Fatal,Vehicle to Vehicle,Others,12.98291,77.761652
Whitefield,2019,Simple Injury,Vehicle to Vehicle,State Highway,12.934309,77.743362
Whitefield,2019,Simple Injury,Vehicle to Vehicle,Others,12.915529,77.7228939
Whitefield,2019,Grievous Injury,Vehicle to Vehicle,State Highway,13.021737,77.76196
Whitefield,2019,Damage Only,Side swipe,State Highway,12.992782,77.7571819
Whitefield,2019,Grievous Injury,Hit pedestrian,City or Town Road,12.984095,77.773267
Whitefield,2019,Grievous Injury,Hit pedestrian,City or Town Road,12.990522,77.766391
Whitefield,2019,Fatal,Rear end,City or Town Road,12.927719,77.72917
Whitefield,2019,Damage Only,Rear end,State Highway,12.984092,77.752486
Whitefield,2019,Grievous Injury,Hit and Run,City or Town Road,12.897199,77.719081
Whitefield,2019,Damage Only,Others,State Highway,13.024269,77.761672
Whitefield,2019,Fatal,Not Applicable,Not Applicable,13.02518,77.769959
Whitefield,2019,Damage Only,Vehicle to Vehicle,Others,12.955831,77.719586
Whitefield,2019,Grievous Injury,Not Applicable,State Highway,12.959328,77.746705
Whitefield,2019,Grievous Injury,Hit pedestrian,State Highway,12.97094,77.750135
Whitefield,2019,Grievous Injury,Hit pedestrian,Not Applicable,12.971364,77.727774
Whitefield,2019,Grievous Injury,Hit and Run,City or Town Road,12.939079,77.718999
Whitefield,2019,Simple Injury,Rear end,State Highway,12.958735,77.74638
Whitefield,2019,Damage Only,Hit and Run,City or Town Road,12.898509,77.714737
Whitefield,2019,Damage Only,Rear end,State Highway,12.994265,77.757631
Whitefield,2019,Fatal,Hit and Run,City or Town Road,12.959816,77.732184
Whitefield,2019,Fatal,Hit pedestrian,Others,12.942696,77.749365
Whitefield,2019,Grievous Injury,Vehicle to Vehicle,Others,12.971181,77.726176
Whitefield,2019,Fatal,Vehicle to Vehicle,State Highway,13.021529,77.761982
Whitefield,2019,Grievous Injury,Vehicle to Vehicle,State Highway,12.9499,77.745138
Whitefield,2019,Grievous Injury,Rear end,State Highway,12.929964,77.7405099
Whitefield,2019,Grievous Injury,Right Turn Collision,State Highway,12.96851,77.749732
Whitefield,2019,Grievous Injury,Rear end,State Highway,12.992845,77.757235
Whitefield,2019,Fatal,Vehicle to Vehicle,State Highway,13.021497,77.761979
Whitefield,2019,Grievous Injury,Not Applicable,State Highway,13.012905,77.760862
Whitefield,2019,Grievous Injury,Vehicle to Vehicle,State Highway,12.97108,77.750046
Whitefield,2019,Grievous Injury,Vehicle to Vehicle,Others,12.939699,77.7239
Whitefield,2019,Damage Only,Vehicle to Vehicle,Not Applicable,12.989013,77.727443
Whitefield,2019,Damage Only,Vehicle to Vehicle,State Highway,12.983645,77.75414
Whitefield,2019,Grievous Injury,Hit pedestrian,State Highway,12.939637,77.7473749
Whitefield,2019,Fatal,Not Applicable,Not Applicable,12.91874,77.734168
Whitefield,2019,Grievous Injury,Rear end,State Highway,13.035357,77.759113
Whitefield,2019,Fatal,Vehicle to Vehicle,Others,13.005388,77.731193
Whitefield,2019,Fatal,Hit and Run,State Highway,12.947487,77.746151
Whitefield,2019,Fatal,Hit pedestrian,Others,12.955746,77.7220619
Whitefield,2019,Grievous Injury,Vehicle to Vehicle,State Highway,12.952907,77.7441169
Whitefield,2019,Grievous Injury,Hit pedestrian,State Highway,12.928396,77.739313
Whitefield,2019,Grievous Injury,Head on,City or Town Road,13.007082,77.7454319
Whitefield,2019,Fatal,Vehicle to Vehicle,Arterial,12.98365,77.7287599
Whitefield,2019,Simple Injury,Hit fixed object,City or Town Road,12.987597,77.7401449
Whitefield,2019,Fatal,Vehicle to Vehicle,Others,12.942643,77.7485809
Whitefield,2019,Grievous Injury,Hit and Run,City or Town Road,13.001449,77.748447
Whitefield,2019,Damage Only,Rear end,City or Town Road,12.988219,77.731102
Whitefield,2019,Grievous Injury,Hit pedestrian,City or Town Road,13.030713,77.760828
Whitefield,2019,Grievous Injury,Hit pedestrian,City or Town Road,12.956884,77.741166
Whitefield,2019,Simple Injury,Others,City or Town Road,12.986576,77.743849
Whitefield,2019,Damage Only,Others,State Highway,12.996596,77.758281
Whitefield,2019,Grievous Injury,Vehicle to Vehicle,Not Applicable,12.938409,77.744982
Whitefield,2019,Fatal,Hit and Run,City or Town Road,12.898985,77.713781
Whitefield,2019,Grievous Injury,Hit pedestrian,State Highway,12.937652,77.746239
Whitefield,2019,Simple Injury,Hit pedestrian,State Highway,12.971148,77.750233
Whitefield,2019,Damage Only,Rear end,City or Town Road,12.983424,77.728523
Whitefield,2019,Grievous Injury,Hit and Run,City or Town Road,12.982663,77.763161
Whitefield,2019,Grievous Injury,Head on,City or Town Road,12.964869,77.741793
Whitefield,2019,Grievous Injury,Hit and Run,City or Town Road,13.006457,77.75019
Whitefield,2019,Damage Only,Vehicle to Vehicle,State Highway,13.032313,77.758622
Whitefield,2019,Grievous Injury,Vehicle to Vehicle,State Highway,12.961188,77.7475379
Whitefield,2019,Fatal,Vehicle to Vehicle,Others,12.986225,77.731661
Whitefield,2019,Grievous Injury,Hit pedestrian,State Highway,12.983848,77.752549
Whitefield,2019,Fatal,Hit pedestrian,Major District Road,12.887416,77.737757
Whitefield,2019,Grievous Injury,Vehicle to Vehicle,State Highway,12.943015,77.747001
Whitefield,2019,Fatal,Vehicle to Vehicle,Not Applicable,12.986707,77.743787
Whitefield,2019,Grievous Injury,Right Turn Collision,City or Town Road,12.988616,77.729109
Whitefield,2019,Grievous Injury,Hit and Run,State Highway,12.915892,77.738052
Whitefield,2019,Damage Only,Rear end,City or Town Road,13.032113,77.758449
Whitefield,2019,Damage Only,Others,City or Town Road,12.971508,77.726812
Whitefield,2019,Simple Injury,Vehicle to Vehicle,Others,12.977248,77.719092
Whitefield,2019,Fatal,Vehicle to Vehicle,Others,12.984319,77.77472
Whitefield,2019,Fatal,Hit bicyclist,State Highway,12.983671,77.7524859
Whitefield,2019,Grievous Injury,Vehicle to Vehicle,Others,12.890967,77.730232
Whitefield,2019,Fatal,Vehicle to Vehicle,Not Applicable,12.964336,77.753911
Whitefield,2019,Grievous Injury,Vehicle to Vehicle,Not Applicable,12.902051,77.706753
Whitefield,2019,Grievous Injury,Head on,City or Town Road,12.942118,77.7572889
Whitefield,2019,Fatal,Vehicle to Vehicle,Arterial,12.987522,77.740515
Whitefield,2019,Simple Injury,Hit and Run,State Highway,12.964562,77.748567
Whitefield,2019,Grievous Injury,Not Applicable,State Highway,12.962972,77.750355
Whitefield,2019,Grievous Injury,Vehicle to Vehicle,State Highway,12.922843,77.736407
Whitefield,2019,Damage Only,Vehicle to Vehicle,State Highway,12.994846,77.757925
Whitefield,2019,Grievous Injury,Vehicle to Vehicle,Not Applicable,12.955948,77.725606
Whitefield,2019,Fatal,Vehicle to Vehicle,Others,13.027166,77.76342
Whitefield,2019,Grievous Injury,Vehicle to Vehicle,Not Applicable,12.97507,77.733579
Whitefield,2019,Damage Only,Vehicle to Vehicle,Not Applicable,12.973013,77.7212479
Whitefield,2020,Grievous Injury,Hit bicyclist,Arterial,12.984777,77.749445
Whitefield,2020,Grievous Injury,Vehicle to Vehicle,Sub Arterial,12.898612,77.714908
Whitefield,2021,Damage Only,Not Applicable,State Highway,12.983864,77.752399
Whitefield,2021,Fatal,Not Applicable,State Highway,12.983789,77.752433
Whitefield,2021,Grievous Injury,Vehicle to Vehicle,State Highway,12.975465,77.750712
Whitefield,2021,Fatal,Not Applicable,Arterial,12.987602,77.739069
Whitefield,2021,Grievous Injury,Vehicle to Vehicle,Others,12.942416,77.747014
Whitefield,2021,Grievous Injury,Hit pedestrian,State Highway,12.936078,77.744242
Whitefield,2021,Grievous Injury,Vehicle to Vehicle,State Highway,13.015066,77.761719
Whitefield,2021,Fatal,Hit pedestrian,Arterial,12.984539,77.750361
Whitefield,2021,Grievous Injury,Vehicle to Vehicle,Arterial,12.975352,77.763181
Whitefield,2022,Simple Injury,Vehicle to Vehicle,Others,12.99019,77.76648
Whitefield,2022,Grievous Injury,Vehicle to Vehicle,Others,12.9697345,77.7481906
Whitefield,2022,Simple Injury,Hit pedestrian,Others,13.0098433,77.7591066
Whitefield,2022,Simple Injury,Vehicle to Vehicle,Others,12.9731608,77.7269844
Whitefield,2022,Grievous Injury,Hit pedestrian,Two way,13.0367633,77.759529
Whitefield,2022,Fatal,Hit bicyclist,Arterial,12.9490334,77.756152
Whitefield,2023,Grievous Injury,Vehicle to Vehicle,Others,12.896705,77.720142
Whitefield,2023,Grievous Injury,Vehicle to Vehicle,Others,12.979852,77.749069
Whitefield,2023,Fatal,Vehicle to Vehicle,One way,12.983679,77.753063
Whitefield,2023,Grievous Injury,Vehicle to Vehicle,Others,12.97059,77.731114
Whitefield,2023,Damage Only,Vehicle to Vehicle,Others,13.022651,77.761943
Whitefield,2023,Grievous Injury,Vehicle to Vehicle,State Highway,12.915034,77.717082
Whitefield,2023,Fatal,Not Applicable,Arterial,12.95706,77.739021
Whitefield,2023,Grievous Injury,Vehicle to Vehicle,State Highway,12.956535,77.745246
Whitefield,2023,Fatal,Vehicle to Vehicle,Others,12.984462,77.750293
Whitefield,2023,Grievous Injury,Hit pedestrian,Arterial,12.999726,77.752686
Whitefield,2023,Grievous Injury,Vehicle to Vehicle,State Highway,12.984627,77.74262
Whitefield,2023,Grievous Injury,Vehicle to Vehicle,Others,12.890034,77.731429
Whitefield,2023,Grievous Injury,Hit pedestrian,Others,12.942683,77.749039
Whitefield,2023,Grievous Injury,Vehicle to Vehicle,Others,12.96192,77.748507
Whitefield,2023,Grievous Injury,Vehicle to Vehicle,Others,12.983951,77.719523
Whitefield,2023,Damage Only,Vehicle to Vehicle,Others,12.957414,77.734151
Whitefield,2023,Fatal,Vehicle to Vehicle,Others,13.034084,77.757566
Whitefield,2023,Fatal,Vehicle to Vehicle,State Highway,13.009879,77.759113
Whitefield,2023,Grievous Injury,Not Applicable,Others,12.94981,77.722042
Whitefield,2023,Grievous Injury,Vehicle to Vehicle,Others,12.944458,77.751907
Whitefield,2023,Grievous Injury,Vehicle to Vehicle,Others,12.890481,77.731296
Whitefield,2023,Simple Injury,Vehicle to Vehicle,State Highway,12.951077,77.745375
Whitefield,2023,Grievous Injury,Hit pedestrian,One way,12.970993,77.750222
Whitefield,2023,Grievous Injury,Hit pedestrian,One way,13.01991382,77.76202905
Whitefield,2023,Grievous Injury,Not Applicable,Others,12.92004,77.743983
Whitefield,2023,Fatal,Hit pedestrian,Others,12.93979,77.759812
Whitefield,2023,Grievous Injury,Vehicle to Vehicle,Others,12.939798,77.725011
Whitefield,2023,Grievous Injury,Vehicle to Vehicle,Others,12.985231,77.747999
Whitefield,2023,Grievous Injury,Vehicle to Vehicle,Arterial,12.964759,77.758742
Whitefield,2023,Grievous Injury,Not Applicable,Two way,12.969929,77.735104
Whitefield,2023,Damage Only,Vehicle to Vehicle,Others,12.956745,77.740166
Whitefield,2023,Grievous Injury,Vehicle to Vehicle,Others,12.992651,77.753576
Whitefield,2023,Grievous Injury,Hit pedestrian,Others,12.932321,77.742404
Whitefield,2023,Grievous Injury,Vehicle to Vehicle,State Highway,12.957047,77.74542
Whitefield,2023,Grievous Injury,Vehicle to Vehicle,Others,12.93535,77.75204
Whitefield,2023,Grievous Injury,Hit pedestrian,Others,12.964938,77.753617
Whitefield,2023,Grievous Injury,Hit pedestrian,Others,13.03085,77.761034
Whitefield,2023,Grievous Injury,Hit pedestrian,Others,12.978754,77.753555
Whitefield,2023,Damage Only,Vehicle to Vehicle,Others,12.910207,77.731493
Whitefield,2023,Grievous Injury,Vehicle to Vehicle,Others,12.958437,77.746041
Whitefield,2023,Fatal,Vehicle to Vehicle,Arterial,13.034611,77.75093
Whitefield,2023,Grievous Injury,Vehicle to Vehicle,State Highway,13.001585,77.756931
Whitefield,2023,Fatal,Vehicle to Vehicle,Others,13.011864,77.760318
Whitefield,2023,Grievous Injury,Not Applicable,State Highway,13.009278,77.758839
Whitefield,2023,Grievous Injury,Vehicle to Vehicle,Others,12.981797,77.722707
Whitefield,2023,Grievous Injury,Hit pedestrian,Others,13.005106,77.755285
Whitefield,2023,Damage Only,Vehicle to Vehicle,Two way,12.965562,77.733386
Whitefield,2023,Grievous Injury,Vehicle to Vehicle,Others,12.978754,77.753555
Whitefield,2023,Grievous Injury,Vehicle to Vehicle,Others,12.962855,77.748082
Whitefield,2023,Damage Only,Vehicle to Vehicle,Others,12.955715,77.715585
Whitefield,2023,Damage Only,Vehicle to Vehicle,State Highway,13.024856,77.761528
Whitefield,2023,Grievous Injury,Hit bicyclist,Others,12.966421,77.733591
Whitefield,2023,Damage Only,Vehicle to Vehicle,State Highway,13.032091,77.758566
Whitefield,2023,Fatal,Hit pedestrian,Arterial,13.00754,77.757132
Whitefield,2023,Damage Only,Vehicle to Vehicle,State Highway,12.928942,77.739624
Whitefield,2023,Grievous Injury,Vehicle to Vehicle,State Highway,12.956979,77.745395
Whitefield,2023,Grievous Injury,Hit pedestrian,Others,12.995702,77.765031
Whitefield,2023,Fatal,Vehicle to Vehicle,Others,12.93623,77.744518
Whitefield,2023,Simple Injury,Not Applicable,Others,12.955955,77.728686
Whitefield,2023,Grievous Injury,Vehicle to Vehicle,Others,12.938634,77.711782
Whitefield,2023,Grievous Injury,Hit pedestrian,Others,12.977255,77.719251
Whitefield,2023,Fatal,Vehicle to Vehicle,Arterial,13.036046,77.77878
Whitefield,2023,Grievous Injury,Vehicle to Vehicle,Others,12.984462,77.750293
Whitefield,2023,Grievous Injury,Vehicle to Vehicle,Others,12.914924,77.71704
Whitefield,2023,Grievous Injury,Not Applicable,Others,12.956205,77.727724
Whitefield,2023,Damage Only,Vehicle to Vehicle,Others,12.937685,77.756178
Whitefield,2023,Grievous Injury,Vehicle to Vehicle,Others,12.968431,77.747915
Whitefield,2023,Damage Only,Vehicle to Vehicle,Others,12.956934,77.735992
Whitefield,2023,Fatal,Not Applicable,Others,12.952491,77.717483
Whitefield,2023,Grievous Injury,Vehicle to Vehicle,Others,12.989564,77.73338
Whitefield,2023,Fatal,Not Applicable,Others,12.910703,77.742208
Whitefield,2023,Grievous Injury,Hit pedestrian,Others,12.939353,77.735871
Whitefield,2023,Grievous Injury,Vehicle to Vehicle,Others,12.995819,77.72452
Whitefield,2023,Grievous Injury,Vehicle to Vehicle,Others,12.976016,77.763986
Whitefield,2023,Grievous Injury,Vehicle to Vehicle,One way,12.984435,77.752754
Whitefield,2023,Grievous Injury,Vehicle to Vehicle,Residential Street,12.974982,77.750578
Whitefield,2023,Damage Only,Vehicle to Vehicle,Others,12.955969,77.728687
Whitefield,2023,Grievous Injury,Vehicle to Vehicle,Others,12.987616,77.737214
Whitefield,2023,Fatal,Vehicle to Vehicle,Others,12.884995,77.716369
Whitefield,2023,Grievous Injury,Hit pedestrian,Others,12.938498,77.744146
Whitefield,2023,Simple Injury,Vehicle to Vehicle,Others,12.984051,77.772769
Whitefield,2023,Grievous Injury,Vehicle to Vehicle,Others,12.979138,77.765115
Whitefield,2023,Fatal,Vehicle to Vehicle,Two way,12.918095,77.728508
Whitefield,2023,Fatal,Hit pedestrian,Arterial,12.976956,77.721374
Whitefield,2023,Grievous Injury,Hit pedestrian,Others,12.938216,77.746848
Whitefield,2023,Damage Only,Vehicle to Vehicle,State Highway,12.937967,77.746528
Whitefield,2023,Grievous Injury,Hit pedestrian,Others,12.956083,77.730195
Whitefield,2023,Fatal,Hit pedestrian,Others,12.976825,77.726375
Whitefield,2023,Grievous Injury,Vehicle to Vehicle,Others,13.030491,77.761331
Whitefield,2023,Grievous Injury,Vehicle to Vehicle,State Highway,12.986735,77.753539
Whitefield,2023,Grievous Injury,Vehicle to Vehicle,Arterial,12.995674,77.758996
Whitefield,2023,Damage Only,Vehicle to Vehicle,Others,12.943869,77.74697
W.Garden,2016,Damage Only,Rear end,Two way,12.952508,77.590871
W.Garden,2017,Grievous Injury,Rear end,One way,12.962221,77.594627
W.Garden,2017,Fatal,Hit pedestrian,Two way,12.942949,77.597334
W.Garden,2018,Grievous Injury,Hit pedestrian,One way,12.956039,77.592879
W.Garden,2019,Fatal,Hit and Run,Two way,12.948649,77.601012
W.Garden,2019,Damage Only,Others,Two way,12.949957,77.5967059
W.Garden,2019,Not Applicable,Hit pedestrian,City or Town Road,12.961938,77.594394
W.Garden,2019,Fatal,Vehicle to Vehicle,Two way,12.950079,77.592795
W.Garden,2019,Grievous Injury,Hit pedestrian,City or Town Road,12.954428,77.585492
W.Garden,2019,Grievous Injury,Vehicle to Vehicle,One way,12.967572,77.589241
W.Garden,2019,Fatal,Hit pedestrian,One way,12.947017,77.596321
W.Garden,2019,Grievous Injury,Hit and Run,One way,12.97048,77.592061
W.Garden,2019,Grievous Injury,Not Applicable,Two way,12.946597,77.594839
W.Garden,2019,Grievous Injury,Vehicle to Vehicle,One way,12.967208,77.594965
W.Garden,2019,Grievous Injury,Hit pedestrian,City or Town Road,12.964349,77.592725
W.Garden,2019,Grievous Injury,Vehicle to Vehicle,One way,12.959979,77.587485
W.Garden,2019,Grievous Injury,Hit pedestrian,Two way,12.963333,77.590805
W.Garden,2019,Grievous Injury,Hit bicyclist,Two way,12.961854,77.5945269
W.Garden,2019,Damage Only,Vehicle to Vehicle,Two way,12.962296,77.593719
W.Garden,2019,Fatal,Hit pedestrian,Residential Street,12.947541,77.598185
W.Garden,2019,Damage Only,Vehicle to Vehicle,Two way,12.948588,77.593159
W.Garden,2019,Grievous Injury,Vehicle to Vehicle,One way,12.971259,77.594087
W.Garden,2019,Grievous Injury,Vehicle to Vehicle,One way,12.955557,77.585744
W.Garden,2019,Simple Injury,Vehicle to Vehicle,One way,12.957596,77.586087
W.Garden,2019,Simple Injury,Hit bicyclist,One way,12.966986,77.594675
W.Garden,2019,Grievous Injury,Hit bicyclist,Two way,12.962382,77.589476
W.Garden,2019,Damage Only,Vehicle to Vehicle,Two way,12.956278,77.5923739
W.Garden,2019,Fatal,Vehicle to Vehicle,Two way,12.938177,77.598683
W.Garden,2019,Grievous Injury,Hit bicyclist,One way,12.967546,77.593995
W.Garden,2019,Grievous Injury,Hit pedestrian,Two way,12.951375,77.597005
W.Garden,2019,Grievous Injury,Others,One way,12.967409,77.594178
W.Garden,2019,Simple Injury,Rear end,Two way,12.962074,77.594457
W.Garden,2019,Simple Injury,Hit pedestrian,Two way,12.958528,77.593129
W.Garden,2019,Grievous Injury,Hit pedestrian,One way,12.966055,77.5953879
W.Garden,2019,Grievous Injury,Hit pedestrian,Two way,12.962587,77.5898629
W.Garden,2019,Fatal,Hit pedestrian,One way,12.96786,77.59305
W.Garden,2019,Grievous Injury,Vehicle to Vehicle,One way,12.967545,77.589229
W.Garden,2019,Grievous Injury,Vehicle to Vehicle,Others,12.947465,77.59823
W.Garden,2019,Grievous Injury,Others,Two way,12.953418,77.592598
W.Garden,2019,Grievous Injury,Hit and Run,Others,12.960028,77.587438
W.Garden,2019,Fatal,Hit pedestrian,Two way,12.966349,77.595147
W.Garden,2021,Fatal,Vehicle to Vehicle,Others,12.955536,77.585737
W.Garden,2022,Grievous Injury,Vehicle to Vehicle,Others,12.958586,77.586499
W.Garden,2023,Grievous Injury,Vehicle to Vehicle,Others,12.950126,77.596541
W.Garden,2023,Simple Injury,Vehicle to Vehicle,Two way,12.943585,77.598088
W.Garden,2023,Simple Injury,Hit pedestrian,Two way,12.952323,77.588209
W.Garden,2023,Grievous Injury,Hit pedestrian,Arterial,12.943133,77.597356
W.Garden,2023,Grievous Injury,Vehicle to Vehicle,Residential Street,12.932626,77.589506
W.Garden,2023,Grievous Injury,Hit pedestrian,Others,12.950849,77.592718
W.Garden,2023,Grievous Injury,Hit bicyclist,Others,12.946335,77.589921
W.Garden,2023,Damage Only,Vehicle to Vehicle,Two way,12.943662,77.585272
W.Garden,2023,Grievous Injury,Hit pedestrian,Others,12.950511,77.59231
W.Garden,2023,Damage Only,Vehicle to Vehicle,Others,12.951547,77.590643
W.Garden,2023,Grievous Injury,Vehicle to Vehicle,Two way,12.94663,77.588054
W.Garden,2023,Grievous Injury,Vehicle to Vehicle,Arterial,12.949344,77.59332
W.Garden,2023,Grievous Injury,Vehicle to Vehicle,Others,12.937257,77.601267
W.Garden,2023,Damage Only,Vehicle to Vehicle,Others,12.949391,77.593139
W.Garden,2023,Grievous Injury,Hit pedestrian,Others,12.958454,77.593201
W.Garden,2023,Fatal,Hit pedestrian,Others,12.942262,77.585142
W.Garden,2023,Grievous Injury,Vehicle to Vehicle,Arterial,12.938514,77.598399
W.Garden,2023,Grievous Injury,Vehicle to Vehicle,Two way,12.938131,77.598861
W.Garden,2023,Damage Only,Vehicle to Vehicle,Others,12.955806,77.592194
W.Garden,2023,Simple Injury,Vehicle to Vehicle,Two way,12.957986,77.59683
W.Garden,2023,Fatal,Vehicle to Vehicle,Two way,12.956103,77.592287
W.Garden,2023,Grievous Injury,Hit pedestrian,Others,12.93847,77.598456
W.Garden,2023,Grievous Injury,Vehicle to Vehicle,Others,12.954715,77.592679
W.Garden,2023,Grievous Injury,Vehicle to Vehicle,Others,12.937719,77.599159
W.Garden,2023,Damage Only,Vehicle to Vehicle,Others,12.953729,77.591678
W.Garden,2023,Simple Injury,Vehicle to Vehicle,One way,12.945408,77.596601
W.Garden,2023,Fatal,Not Applicable,Sub Arterial,12.956068,77.592286
W.Garden,2023,Grievous Injury,Vehicle to Vehicle,One way,12.946274,77.597184
W.Garden,2023,Grievous Injury,Vehicle to Vehicle,Others,12.949367,77.593286
W.Garden,2023,Grievous Injury,Vehicle to Vehicle,Others,12.946296,77.59719
W.Garden,2023,Grievous Injury,Vehicle to Vehicle,Others,12.953803,77.594288
W.Garden,2023,Fatal,Vehicle to Vehicle,Two way,12.941617,77.585127
W.Garden,2023,Damage Only,Vehicle to Vehicle,Two way,12.94903,77.597855
Yalahanka,2019,Simple Injury,Vehicle to Vehicle,Others,13.114756,77.579028
Yalahanka,2019,Simple Injury,Vehicle to Vehicle,Service Road,13.10141,77.599436
Yalahanka,2019,Damage Only,Vehicle to Vehicle,State Highway,13.109402,77.58048
Yalahanka,2019,Simple Injury,Hit pedestrian,State Highway,13.109737,77.580273
Yalahanka,2019,Simple Injury,Not Applicable,NH,13.099713,77.599599
Yalahanka,2019,Simple Injury,Vehicle to Vehicle,Two way,13.110422,77.565289
Yalahanka,2019,Simple Injury,Hit pedestrian,State Highway,13.097179,77.592243
Yalahanka,2019,Simple Injury,Hit pedestrian,State Highway,13.114195,77.579201
Yalahanka,2019,Simple Injury,Vehicle to Vehicle,Two way,13.094618,77.533453
Yalahanka,2019,Simple Injury,Vehicle to Vehicle,Two way,13.101177,77.583075
Yalahanka,2019,Simple Injury,Hit pedestrian,Others,13.081556,77.548297
Yalahanka,2019,Simple Injury,Vehicle to Vehicle,One way,13.087026,77.561803
Yalahanka,2019,Damage Only,Vehicle to Vehicle,Others,13.08255,77.548474
Yalahanka,2021,Simple Injury,Vehicle to Vehicle,State Highway,13.115519,77.578711
Yalahanka,2022,Grievous Injury,Vehicle to Vehicle,NH,13.076053,77.592775
Yalahanka,2022,Damage Only,Vehicle to Vehicle,One way,13.129644,77.571704
Yalahanka,2022,Grievous Injury,Not Applicable,Sub Arterial,13.097169,77.595889
Yalahanka,2022,Grievous Injury,Vehicle to Vehicle,NH,13.120087,77.609897
Yalahanka,2022,Simple Injury,Hit pedestrian,Others,13.098646,77.581813
Yalahanka,2022,Grievous Injury,Vehicle to Vehicle,Sub Arterial,13.106157,77.572594
Yalahanka,2022,Fatal,Vehicle to Vehicle,NH,13.074065,77.592617
Yalahanka,2022,Simple Injury,Vehicle to Vehicle,NH,13.081633,77.593031
Yalahanka,2022,Grievous Injury,Not Applicable,Others,13.097973,77.598781
Yalahanka,2022,Grievous Injury,Vehicle to Vehicle,Arterial,13.116766,77.615437
Yalahanka,2022,Simple Injury,Vehicle to Vehicle,Others,13.114099,77.579201
Yalahanka,2022,Grievous Injury,Vehicle to Vehicle,Sub Arterial,13.103733,77.600571
Yalahanka,2022,Damage Only,Vehicle to Vehicle,Two way,13.104095,77.571705
Yalahanka,2022,Damage Only,Vehicle to Vehicle,State Highway,13.113741,77.579342
Yalahanka,2022,Grievous Injury,Vehicle to Vehicle,Others,13.101138,77.5831269
Yalahanka,2023,Fatal,Vehicle to Vehicle,NH,13.127837,77.613527
Yalahanka,2023,Grievous Injury,Vehicle to Vehicle,Arterial,13.255445,77.554555
Yalahanka,2023,Fatal,Not Applicable,NH,13.101095,77.600065
Yalahanka,2023,Simple Injury,Vehicle to Vehicle,Two way,13.068651,77.558918
Yalahanka,2023,Fatal,Vehicle to Vehicle,Arterial,13.104324,77.600635
Yalahanka,2023,Grievous Injury,Vehicle to Vehicle,State Highway,13.025454,77.455544
Yalahanka,2023,Fatal,Not Applicable,Two way,13.079091,77.592562
Yalahanka,2023,Damage Only,Vehicle to Vehicle,Two way,13.092766,77.561111
Yalahanka,2023,Fatal,Vehicle to Vehicle,Arterial,13.075372,77.559458
Yalahanka,2023,Fatal,Vehicle to Vehicle,Arterial,13.105045,77.600983
Yalahanka,2023,Grievous Injury,Hit pedestrian,Sub Arterial,13.097002,77.545945
Yalahanka,2023,Fatal,Vehicle to Vehicle,Arterial,13.097957,77.568674
Yalahanka,2023,Fatal,Hit pedestrian,State Highway,13.078835,77.592839
Yalahanka,2023,Simple Injury,Vehicle to Vehicle,Two way,13.103977,77.602282
Yalahanka,2023,Fatal,Not Applicable,State Highway,13.116257,77.607843
Yalahanka,2023,Fatal,Vehicle to Vehicle,Arterial,13.098795,77.574081
Yalahanka,2023,Simple Injury,Not Applicable,One way,13.095004,77.597685
Yalahanka,2023,Fatal,Vehicle to Vehicle,Arterial,13.078117,77.59292
Yalahanka,2023,Fatal,Not Applicable,Arterial,13.136521,77.617358
Yalahanka,2023,Fatal,Hit bicyclist,Arterial,13.121812,77.625532
Yalahanka,2023,Fatal,Vehicle to Vehicle,Arterial,13.094858,77.597396
Yalahanka,2023,Grievous Injury,Hit pedestrian,Arterial,13.095085,77.597465
Yalahanka,2023,Fatal,Vehicle to Vehicle,State Highway,13.104505,77.607788
Yalahanka,2023,Grievous Injury,Vehicle to Vehicle,Service Road,13.113029,77.606062
Yalahanka,2023,Grievous Injury,Vehicle to Vehicle,One way,13.119369,77.557554
Yalahanka,2023,Grievous Injury,Vehicle to Vehicle,Sub Arterial,13.255452,77.546559
Yalahanka,2023,Grievous Injury,Not Applicable,Arterial,13.121628,77.613746
Yalahanka,2023,Fatal,Vehicle to Vehicle,Arterial,13.079701,77.62054
Yalahanka,2023,Fatal,Hit pedestrian,One way,13.080622,77.547952
Yalahanka,2023,Grievous Injury,Vehicle to Vehicle,One way,13.078776,77.593022
Yalahanka,2023,Damage Only,Vehicle to Vehicle,Sub Arterial,13.086912,77.555812
Yalahanka,2023,Fatal,Vehicle to Vehicle,Sub Arterial,13.254554,77.558655
Yalahanka,2023,Fatal,Vehicle to Vehicle,Sub Arterial,13.09761,77.56386
Yalahanka,2023,Grievous Injury,Hit pedestrian,Two way,13.114778,77.578701
Yashawanthapura,2016,Grievous Injury,Head on,City or Town Road,13.16366,77.33280398
Yashawanthapura,2016,Grievous Injury,Not Applicable,NH,13.0236126758262,77.5346147336383
Yashawanthapura,2016,Simple Injury,Not Applicable,City or Town Road,13.142207,77.33434802
Yashawanthapura,2016,Fatal,Hit pedestrian,City or Town Road,13.032523,77.533655
Yashawanthapura,2016,Damage Only,Others,City or Town Road,13.01728,77.558364
Yashawanthapura,2016,Damage Only,Others,City or Town Road,13.023136,77.550113
Yashawanthapura,2016,Simple Injury,Not Applicable,City or Town Road,13.028843,77.540092
Yashawanthapura,2016,Simple Injury,Others,City or Town Road,13.023021,77.537593
Yashawanthapura,2016,Simple Injury,Others,City or Town Road,13.07259,77.558345
Yashawanthapura,2016,Grievous Injury,Not Applicable,City or Town Road,13.1185412,77.3359328
Yashawanthapura,2016,Grievous Injury,Not Applicable,City or Town Road,13.1348378,77.32391734
Yashawanthapura,2016,Simple Injury,Not Applicable,City or Town Road,13.026167,77.544416
Yashawanthapura,2016,Damage Only,Others,City or Town Road,13.018537,77.557752
Yashawanthapura,2016,Simple Injury,Others,City or Town Road,13.015819,77.555875
Yashawanthapura,2016,Fatal,Not Applicable,City or Town Road,13.022164,77.5328
Yashawanthapura,2016,Simple Injury,Others,City or Town Road,13.021759,77.551342
Yashawanthapura,2016,Damage Only,Hit and Run,City or Town Road,13.14656,77.33329832
Yashawanthapura,2016,Fatal,Not Applicable,City or Town Road,13.023842,77.548579
Yashawanthapura,2016,Simple Injury,Others,City or Town Road,13.032104,77.53417
Yashawanthapura,2016,Damage Only,Others,City or Town Road,13.030254,77.537228
Yashawanthapura,2016,Damage Only,Others,City or Town Road,13.024432,77.547538
Yashawanthapura,2016,Not Applicable,Not Applicable,City or Town Road,13.034655,77.557344
Yashawanthapura,2016,Simple Injury,Others,City or Town Road,13.018079,77.558723
Yashawanthapura,2016,Grievous Injury,Not Applicable,One way,13.0296202719543,77.56483883832631
Yashawanthapura,2016,Fatal,Others,City or Town Road,13.147748,77.33226044
Yashawanthapura,2016,Grievous Injury,Hit and Run,One way,13.1163482,77.33309018
Yashawanthapura,2016,Simple Injury,Not Applicable,City or Town Road,13.157576,77.3331158
Yashawanthapura,2016,Grievous Injury,Others,Two way,13.055587,77.33187626
Yashawanthapura,2016,Fatal,Not Applicable,City or Town Road,13.024057,77.548437
Yashawanthapura,2016,Simple Injury,Hit and Run,City or Town Road,13.02392,77.54271
Yashawanthapura,2016,Simple Injury,Others,City or Town Road,13.018563,77.55772
Yashawanthapura,2016,Grievous Injury,Not Applicable,City or Town Road,13.018589,77.557741
Yashawanthapura,2016,Damage Only,Not Applicable,City or Town Road,13.030746,77.56007
Yashawanthapura,2016,Grievous Injury,Others,City or Town Road,13.017366,77.553976
Yashawanthapura,2016,Grievous Injury,Others,City or Town Road,13.02346,77.545886
Yashawanthapura,2016,Damage Only,Others,City or Town Road,13.023847,77.533505
Yashawanthapura,2016,Grievous Injury,Not Applicable,City or Town Road,13.155554,77.333105
Yashawanthapura,2016,Damage Only,Not Applicable,City or Town Road,13.0556626,77.33190902
Yashawanthapura,2016,Simple Injury,Not Applicable,City or Town Road,13.1449256,77.32110724
Yashawanthapura,2016,Grievous Injury,Hit and Run,City or Town Road,13.172696,77.33293472
Yashawanthapura,2016,Damage Only,Others,City or Town Road,13.0582984,77.33226794
Yashawanthapura,2016,Damage Only,Others,City or Town Road,13.030934,77.559834
Yashawanthapura,2016,Simple Injury,Others,City or Town Road,13.028822,77.539856
Yashawanthapura,2016,Fatal,Not Applicable,City or Town Road,13.022927,77.532883
Yashawanthapura,2016,Simple Injury,Others,City or Town Road,13.014126,77.565756
Yashawanthapura,2016,Grievous Injury,Not Applicable,City or Town Road,13.024354,77.562585
Yashawanthapura,2016,Fatal,Not Applicable,City or Town Road,13.029841,77.538311
Yashawanthapura,2016,Simple Injury,Not Applicable,NH,13.149296,77.33122256
Yashawanthapura,2016,Simple Injury,Not Applicable,City or Town Road,13.031645,77.554845
Yashawanthapura,2016,Damage Only,Others,City or Town Road,13.025791,77.545623
Yashawanthapura,2016,Damage Only,Not Applicable,City or Town Road,13.022687,77.550789
Yashawanthapura,2016,Damage Only,Others,City or Town Road,13.017685,77.553702
Yashawanthapura,2016,Simple Injury,Hit and Run,City or Town Road,13.1422508,77.3296678
Yashawanthapura,2016,Damage Only,Others,City or Town Road,13.118699,77.3357162
Yashawanthapura,2016,Simple Injury,Others,City or Town Road,13.02853,77.536144
Yashawanthapura,2016,Simple Injury,Not Applicable,City or Town Road,13.029073,77.539309
Yashawanthapura,2016,Simple Injury,Others,City or Town Road,13.028977,77.53994
Yashawanthapura,2016,Grievous Injury,Others,City or Town Road,13.018537,77.557752
Yashawanthapura,2016,Simple Injury,Others,City or Town Road,13.025749,77.545747
Yashawanthapura,2016,Simple Injury,Others,City or Town Road,13.027103,77.55831
Yashawanthapura,2016,Simple Injury,Not Applicable,City or Town Road,13.032449,77.533966
Yashawanthapura,2016,Fatal,Hit and Run,City or Town Road,13.024856,77.547243
Yashawanthapura,2016,Simple Injury,Head on,City or Town Road,13.1593466,77.33181908
Yashawanthapura,2016,Grievous Injury,Hit pedestrian,City or Town Road,13.1505056,77.32576342
Yashawanthapura,2016,Grievous Injury,Hit and Run,City or Town Road,13.148,77.33127614
Yashawanthapura,2016,Damage Only,Others,City or Town Road,13.1490188,77.32143046
Yashawanthapura,2016,Grievous Injury,Not Applicable,City or Town Road,13.174928,77.33274134
Yashawanthapura,2016,Simple Injury,Not Applicable,City or Town Road,13.234116,77.33275436
Yashawanthapura,2016,Damage Only,Others,City or Town Road,13.018291,77.558814
Yashawanthapura,2016,Grievous Injury,Not Applicable,City or Town Road,13.030307,77.53696
Yashawanthapura,2016,Simple Injury,Hit pedestrian,City or Town Road,13.032763,77.554185
Yashawanthapura,2016,Simple Injury,Not Applicable,City or Town Road,13.015955,77.562484
Yashawanthapura,2016,Simple Injury,Others,City or Town Road,13.02289,77.549925
Yashawanthapura,2016,Simple Injury,Hit and Run,City or Town Road,13.026371,77.544094
Yashawanthapura,2016,Simple Injury,Skidding or Self accident,City or Town Road,13.021652,77.553257
Yashawanthapura,2016,Simple Injury,Others,City or Town Road,13.03223,77.558911
Yashawanthapura,2016,Grievous Injury,Head on,Service Road,13.157864,77.3212084
Yashawanthapura,2016,Grievous Injury,Hit pedestrian,City or Town Road,13.194908,77.3324681
Yashawanthapura,2016,Damage Only,Others,City or Town Road,13.021808,77.559024
Yashawanthapura,2016,Simple Injury,Not Applicable,City or Town Road,13.022486,77.556622
Yashawanthapura,2016,Simple Injury,Others,City or Town Road,13.017094,77.560585
Yashawanthapura,2016,Simple Injury,Overturning,City or Town Road,13.028279,77.558761
Yashawanthapura,2016,Simple Injury,Others,City or Town Road,13.022404,77.562966
Yashawanthapura,2016,Damage Only,Not Applicable,NH,13.027918,77.541916
Yashawanthapura,2016,Grievous Injury,Not Applicable,City or Town Road,13.024149,77.547211
Yashawanthapura,2016,Fatal,Others,City or Town Road,13.018286,77.557688
Yashawanthapura,2016,Damage Only,Others,City or Town Road,13.1489534,77.32133758
Yashawanthapura,2016,Grievous Injury,Not Applicable,City or Town Road,13.1385638,77.3273602
Yashawanthapura,2016,Damage Only,Not Applicable,City or Town Road,13.019854,77.555799
Yashawanthapura,2016,Damage Only,Not Applicable,City or Town Road,13.028958,77.539953
Yashawanthapura,2016,Damage Only,Others,City or Town Road,13.018537,77.557752
Yashawanthapura,2016,Simple Injury,Not Applicable,City or Town Road,13.028969,77.539663
Yashawanthapura,2016,Not Applicable,Not Applicable,City or Town Road,13.023763,77.549158
Yashawanthapura,2016,Damage Only,Others,City or Town Road,13.028707,77.540243
Yashawanthapura,2016,Damage Only,Head on,City or Town Road,13.163582,77.3328602
Yashawanthapura,2016,Fatal,Not Applicable,NH,13.1437694,77.32108096
Yashawanthapura,2016,Damage Only,Overturning,City or Town Road,13.1547746,77.33331266
Yashawanthapura,2016,Simple Injury,Not Applicable,City or Town Road,13.1590118,77.33144792
Yashawanthapura,2016,Simple Injury,Hit and Run,Two way,13.157882,77.3211472
Yashawanthapura,2016,Simple Injury,Not Applicable,City or Town Road,13.16888,77.33268302
Yashawanthapura,2016,Simple Injury,Not Applicable,NH,13.1187746,77.3358104
Yashawanthapura,2016,Grievous Injury,Others,City or Town Road,13.1117186,77.3246554
Yashawanthapura,2016,Simple Injury,Hit and Run,City or Town Road,13.02993,77.537603
Yashawanthapura,2016,Damage Only,Not Applicable,City or Town Road,13.032104,77.53417
Yashawanthapura,2016,Simple Injury,Not Applicable,City or Town Road,13.024803,77.547334
Yashawanthapura,2016,Not Applicable,Hit and Run,City or Town Road,13.028694,77.536134
Yashawanthapura,2016,Grievous Injury,Hit and Run,City or Town Road,13.024022,77.548316
Yashawanthapura,2016,Simple Injury,Not Applicable,City or Town Road,13.032178,77.534074
Yashawanthapura,2016,Grievous Injury,Not Applicable,NH,13.0166846258116,77.5521611631643
Yashawanthapura,2016,Grievous Injury,Others,City or Town Road,13.1492924,77.32135888
Yashawanthapura,2016,Fatal,Not Applicable,City or Town Road,13.1239232,77.3314691
Yashawanthapura,2016,Grievous Injury,Others,City or Town Road,13.215972,77.31519162
Yashawanthapura,2016,Damage Only,Others,City or Town Road,13.029429,77.538719
Yashawanthapura,2016,Fatal,Hit and Run,City or Town Road,13.033777,77.53108
Yashawanthapura,2016,Simple Injury,Overturning,City or Town Road,13.023523,77.54698
Yashawanthapura,2016,Grievous Injury,Others,City or Town Road,13.022133,77.532636
Yashawanthapura,2016,Fatal,Hit and Run,City or Town Road,13.027631,77.533253
Yashawanthapura,2016,Simple Injury,Not Applicable,NH,13.152818,77.3331269
Yashawanthapura,2016,Grievous Injury,Not Applicable,City or Town Road,13.018275,77.557029
Yashawanthapura,2016,Simple Injury,Not Applicable,City or Town Road,13.1293592,77.32502182
Yashawanthapura,2016,Damage Only,Others,City or Town Road,13.029073,77.539309
Yashawanthapura,2016,Simple Injury,Others,City or Town Road,13.021244,77.558997
Yashawanthapura,2016,Simple Injury,Hit and Run,City or Town Road,13.1558732,77.3222302
Yashawanthapura,2016,Damage Only,Not Applicable,City or Town Road,13.0583014,77.33437322
Yashawanthapura,2016,Grievous Injury,Not Applicable,One way,13.1390282,77.33306354
Yashawanthapura,2016,Damage Only,Not Applicable,City or Town Road,13.01538,77.55507
Yashawanthapura,2016,Damage Only,Others,Others,13.034671,77.529551
Yashawanthapura,2016,Damage Only,Not Applicable,City or Town Road,13.019263,77.54779
Yashawanthapura,2016,Damage Only,Not Applicable,City or Town Road,13.026345,77.544127
Yashawanthapura,2016,Simple Injury,Not Applicable,City or Town Road,13.026764,77.561726
Yashawanthapura,2016,Simple Injury,Hit and Run,City or Town Road,13.022185,77.532876
Yashawanthapura,2016,Fatal,Not Applicable,NH,13.024296,77.5572
Yashawanthapura,2016,Simple Injury,Not Applicable,NH,13.0587088,77.33139242
Yashawanthapura,2016,Grievous Injury,Not Applicable,City or Town Road,13.1567222,77.33317946
Yashawanthapura,2016,Damage Only,Others,City or Town Road,13.174346,77.33275214
Yashawanthapura,2016,Fatal,Hit pedestrian,City or Town Road,13.1207444,77.31579138
Yashawanthapura,2016,Simple Injury,Not Applicable,City or Town Road,13.1282,77.33245268
Yashawanthapura,2016,Damage Only,Others,City or Town Road,13.028969,77.540715
Yashawanthapura,2017,Damage Only,Others,City or Town Road,13.032408,77.54075
Yashawanthapura,2017,Simple Injury,Not Applicable,City or Town Road,13.018537,77.557752
Yashawanthapura,2017,Not Applicable,Hit and Run,One way,13.029073,77.539309
Yashawanthapura,2017,Damage Only,Others,City or Town Road,13.018537,77.557752
Yashawanthapura,2017,Fatal,Rear end,City or Town Road,13.028969,77.561293
Yashawanthapura,2017,Simple Injury,Hit and Run,City or Town Road,13.028969,77.561293
Yashawanthapura,2017,Fatal,Others,City or Town Road,13.024181,77.54844
Yashawanthapura,2017,Simple Injury,Overturning,City or Town Road,13.021772,77.551631
Yashawanthapura,2017,Damage Only,Others,City or Town Road,13.030265,77.537051
Yashawanthapura,2017,Fatal,Run Off Road,City or Town Road,13.018537,77.557752
Yashawanthapura,2017,Grievous Injury,Not Applicable,City or Town Road,13.024181,77.54844
Yashawanthapura,2017,Simple Injury,Not Applicable,City or Town Road,13.032104,77.53417
Yashawanthapura,2017,Damage Only,Not Applicable,City or Town Road,13.030265,77.537051
Yashawanthapura,2017,Simple Injury,Not Applicable,City or Town Road,13.024181,77.54844
Yashawanthapura,2017,Damage Only,Hit and Run,City or Town Road,13.02416,77.5624
Yashawanthapura,2017,Simple Injury,Hit and Run,City or Town Road,13.025624,77.530555
Yashawanthapura,2017,Simple Injury,Others,City or Town Road,13.030265,77.537051
Yashawanthapura,2017,Simple Injury,Rear end,Two way,13.018537,77.557752
Yashawanthapura,2017,Simple Injury,Overturning,City or Town Road,13.028969,77.561293
Yashawanthapura,2017,Simple Injury,Not Applicable,City or Town Road,13.021045,77.556121
Yashawanthapura,2017,Simple Injury,Others,City or Town Road,13.030265,77.537051
Yashawanthapura,2017,Simple Injury,Hit pedestrian,City or Town Road,13.019937,77.555671
Yashawanthapura,2017,Fatal,Rear end,City or Town Road,13.018537,77.557752
Yashawanthapura,2017,Grievous Injury,Others,City or Town Road,13.017046,77.560516
Yashawanthapura,2017,Damage Only,Others,Two way,13.031284,77.56375
Yashawanthapura,2017,Simple Injury,Others,City or Town Road,13.018537,77.557752
Yashawanthapura,2017,Simple Injury,Others,City or Town Road,13.032146,77.559061
Yashawanthapura,2017,Fatal,Hit and Run,City or Town Road,13.020625,77.553133
Yashawanthapura,2017,Simple Injury,Not Applicable,City or Town Road,13.028953,77.539991
Yashawanthapura,2017,Damage Only,Rear end,City or Town Road,13.031122,77.542667
Yashawanthapura,2017,Damage Only,Not Applicable,Others,13.024181,77.54844
Yashawanthapura,2017,Damage Only,Not Applicable,City or Town Road,13.029073,77.539309
Yashawanthapura,2017,Damage Only,Overturning,City or Town Road,13.029073,77.539309
Yashawanthapura,2017,Damage Only,Hit and Run,City or Town Road,13.029073,77.539309
Yashawanthapura,2017,Simple Injury,Hit pedestrian,City or Town Road,13.035972,77.557623
Yashawanthapura,2017,Simple Injury,Hit and Run,City or Town Road,13.02416,77.5624
Yashawanthapura,2017,Not Applicable,Not Applicable,NH,13.019169,77.553133
Yashawanthapura,2017,Simple Injury,Others,City or Town Road,13.018537,77.557752
Yashawanthapura,2017,Damage Only,Others,City or Town Road,13.029073,77.539309
Yashawanthapura,2017,Simple Injury,Not Applicable,City or Town Road,13.024181,77.54844
Yashawanthapura,2017,Simple Injury,Side swipe,City or Town Road,13.024181,77.54844
Yashawanthapura,2017,Simple Injury,Not Applicable,City or Town Road,13.018537,77.557752
Yashawanthapura,2017,Damage Only,Hit and Run,City or Town Road,13.032334,77.561936
Yashawanthapura,2017,Grievous Injury,Hit and Run,Two way,13.018537,77.557752
Yashawanthapura,2017,Damage Only,Others,NH,13.021652,77.55325
Yashawanthapura,2017,Simple Injury,Overturning,City or Town Road,13.029073,77.539309
Yashawanthapura,2017,Simple Injury,Not Applicable,City or Town Road,13.018537,77.557752
Yashawanthapura,2017,Simple Injury,Not Applicable,City or Town Road,13.019937,77.555671
Yashawanthapura,2017,Damage Only,Not Applicable,City or Town Road,13.017046,77.560516
Yashawanthapura,2017,Grievous Injury,Others,City or Town Road,13.027403,77.539707
Yashawanthapura,2017,Fatal,Rear end,City or Town Road,13.029951,77.553627
Yashawanthapura,2017,Damage Only,Others,City or Town Road,13.028049,77.561936
Yashawanthapura,2017,Damage Only,Not Applicable,City or Town Road,13.030265,77.537051
Yashawanthapura,2017,Damage Only,Others,City or Town Road,13.029073,77.539309
Yashawanthapura,2017,Not Applicable,Hit and Run,NH,13.029073,77.539309
Yashawanthapura,2017,Not Applicable,Not Applicable,City or Town Road,13.019509,77.558047
Yashawanthapura,2017,Not Applicable,Hit and Run,City or Town Road,13.024181,77.54844
Yashawanthapura,2017,Simple Injury,Rear end,NH,13.030265,77.537051
Yashawanthapura,2017,Simple Injury,Others,City or Town Road,13.033024,77.540908
Yashawanthapura,2017,Simple Injury,Not Applicable,City or Town Road,13.024997,77.533998
Yashawanthapura,2017,Fatal,Not Applicable,City or Town Road,13.029146,77.540033
Yashawanthapura,2017,Grievous Injury,Not Applicable,City or Town Road,13.024181,77.54844
Yashawanthapura,2017,Simple Injury,Others,Arterial,13.018537,77.557752
Yashawanthapura,2017,Simple Injury,Not Applicable,City or Town Road,13.019937,77.555671
Yashawanthapura,2017,Damage Only,Not Applicable,City or Town Road,13.030265,77.537051
Yashawanthapura,2017,Simple Injury,Hit and Run,City or Town Road,13.030265,77.537051
Yashawanthapura,2017,Simple Injury,Others,City or Town Road,13.028007,77.535801
Yashawanthapura,2017,Simple Injury,Run Off Road,City or Town Road,13.031305,77.542447
Yashawanthapura,2017,Simple Injury,Rear end,State Highway,13.021652,77.553257
Yashawanthapura,2017,Simple Injury,Hit and Run,NH,13.024181,77.54844
Yashawanthapura,2017,Simple Injury,Others,City or Town Road,13.032104,77.53417
Yashawanthapura,2017,Fatal,Hit and Run,City or Town Road,13.030265,77.537051
Yashawanthapura,2017,Simple Injury,Not Applicable,City or Town Road,13.030265,77.537051
Yashawanthapura,2017,Simple Injury,Hit and Run,City or Town Road,13.024479,77.54719
Yashawanthapura,2017,Fatal,Hit and Run,City or Town Road,13.023305,77.562874
Yashawanthapura,2017,Fatal,Hit and Run,City or Town Road,13.019169,77.553133
Yashawanthapura,2017,Simple Injury,Others,City or Town Road,13.024181,77.54844
Yashawanthapura,2017,Not Applicable,Hit and Run,One way,13.032063,77.533998
Yashawanthapura,2017,Simple Injury,Others,City or Town Road,13.015986,77.553546
Yashawanthapura,2017,Damage Only,Not Applicable,City or Town Road,13.029073,77.539309
Yashawanthapura,2017,Simple Injury,Not Applicable,City or Town Road,13.024181,77.54844
Yashawanthapura,2017,Simple Injury,Others,City or Town Road,13.030265,77.537051
Yashawanthapura,2017,Damage Only,Not Applicable,City or Town Road,13.030265,77.537051
Yashawanthapura,2017,Simple Injury,Not Applicable,City or Town Road,13.028224,77.553821
Yashawanthapura,2017,Fatal,Hit and Run,City or Town Road,13.034572,77.54144
Yashawanthapura,2017,Damage Only,Others,City or Town Road,13.018286,77.557688
Yashawanthapura,2017,Damage Only,Hit and Run,City or Town Road,13.029073,77.539309
Yashawanthapura,2017,Grievous Injury,Hit and Run,City or Town Road,13.030265,77.537051
Yashawanthapura,2017,Damage Only,Others,City or Town Road,13.029073,77.539309
Yashawanthapura,2017,Grievous Injury,Others,City or Town Road,13.021244,77.548257
Yashawanthapura,2017,Simple Injury,Others,City or Town Road,13.028969,77.561293
Yashawanthapura,2017,Not Applicable,Not Applicable,City or Town Road,13.029073,77.539309
Yashawanthapura,2017,Simple Injury,Hit and Run,City or Town Road,13.029073,77.539309
Yashawanthapura,2017,Simple Injury,Not Applicable,City or Town Road,13.029073,77.539309
Yashawanthapura,2017,Grievous Injury,Rear end,City or Town Road,13.030265,77.537051
Yashawanthapura,2017,Damage Only,Not Applicable,City or Town Road,13.030265,77.537051
Yashawanthapura,2017,Simple Injury,Not Applicable,Not Applicable,13.030265,77.537051
Yashawanthapura,2017,Simple Injury,Not Applicable,Arterial,13.030265,77.537051
Yashawanthapura,2017,Damage Only,Not Applicable,NH,13.023656,77.548863
Yashawanthapura,2017,Not Applicable,Hit and Run,City or Town Road,13.029073,77.539309
Yashawanthapura,2017,Simple Injury,Not Applicable,City or Town Road,13.030265,77.537051
Yashawanthapura,2017,Damage Only,Others,City or Town Road,13.029073,77.539309
Yashawanthapura,2017,Simple Injury,Not Applicable,City or Town Road,13.028224,77.553821
Yashawanthapura,2017,Simple Injury,Not Applicable,City or Town Road,13.019169,77.553133
Yashawanthapura,2017,Grievous Injury,Not Applicable,City or Town Road,13.03224,77.533926
Yashawanthapura,2017,Not Applicable,Hit and Run,City or Town Road,13.028969,77.561293
Yashawanthapura,2017,Not Applicable,Hit and Run,Two way,13.019937,77.555671
Yashawanthapura,2017,Damage Only,Others,City or Town Road,13.018537,77.557752
Yashawanthapura,2017,Simple Injury,Not Applicable,City or Town Road,13.030704,77.560048
Yashawanthapura,2017,Fatal,Not Applicable,City or Town Road,13.029052,77.535071
Yashawanthapura,2017,Grievous Injury,Not Applicable,City or Town Road,13.033693,77.531241
Yashawanthapura,2017,Simple Injury,Others,City or Town Road,13.019509,77.558
Yashawanthapura,2017,Simple Injury,Hit and Run,City or Town Road,13.028969,77.561293
Yashawanthapura,2017,Fatal,Hit and Run,City or Town Road,13.019169,77.553133
Yashawanthapura,2017,Simple Injury,Others,City or Town Road,13.018537,77.557752
Yashawanthapura,2017,Damage Only,Others,Others,13.022195,77.53269
Yashawanthapura,2017,Grievous Injury,Not Applicable,City or Town Road,13.018537,77.557752
Yashawanthapura,2017,Simple Injury,Hit and Run,City or Town Road,13.029073,77.539309
Yashawanthapura,2017,Not Applicable,Hit and Run,One way,13.022864,77.5507714
Yashawanthapura,2017,Damage Only,Others,City or Town Road,13.030265,77.537051
Yashawanthapura,2017,Fatal,Hit and Run,One way,13.013009,77.562787
Yashawanthapura,2017,Grievous Injury,Not Applicable,City or Town Road,13.019169,77.553133
Yashawanthapura,2017,Damage Only,Rear end,City or Town Road,13.018537,77.557752
Yashawanthapura,2017,Simple Injury,Others,City or Town Road,13.020293,77.552463
Yashawanthapura,2017,Simple Injury,Not Applicable,City or Town Road,13.032104,77.53417
Yashawanthapura,2017,Simple Injury,Others,City or Town Road,13.018537,77.557752
Yashawanthapura,2017,Simple Injury,Not Applicable,City or Town Road,13.01862,77.557784
Yashawanthapura,2017,Simple Injury,Others,City or Town Road,13.024479,77.54719
Yashawanthapura,2017,Damage Only,Not Applicable,City or Town Road,13.030265,77.537051
Yashawanthapura,2017,Grievous Injury,Not Applicable,City or Town Road,13.028969,77.561293
Yashawanthapura,2017,Grievous Injury,Others,City or Town Road,13.030265,77.537051
Yashawanthapura,2017,Simple Injury,Hit and Run,City or Town Road,13.028049,77.561936
Yashawanthapura,2017,Simple Injury,Side swipe,NH,13.024181,77.54844
Yashawanthapura,2017,Fatal,Others,NH,13.02634,77.544175
Yashawanthapura,2017,Simple Injury,Others,City or Town Road,13.021772,77.551631
Yashawanthapura,2017,Simple Injury,Not Applicable,City or Town Road,13.019169,77.553133
Yashawanthapura,2017,Grievous Injury,Others,Arterial,13.029073,77.539309
Yashawanthapura,2017,Damage Only,Others,City or Town Road,13.024181,77.54844
Yashawanthapura,2017,Simple Injury,Hit and Run,NH,13.033866,77.530914
Yashawanthapura,2017,Damage Only,Others,City or Town Road,13.029073,77.539309
Yashawanthapura,2017,Simple Injury,Not Applicable,One way,13.029073,77.539309
Yashawanthapura,2017,Simple Injury,Others,City or Town Road,13.029073,77.539309
Yashawanthapura,2017,Damage Only,Not Applicable,City or Town Road,13.026303,77.544196
Yashawanthapura,2017,Grievous Injury,Not Applicable,City or Town Road,13.028224,77.553821
Yashawanthapura,2017,Simple Injury,Hit and Run,City or Town Road,13.024997,77.533998
Yashawanthapura,2017,Fatal,Not Applicable,City or Town Road,13.021772,77.551631
Yashawanthapura,2017,Damage Only,Others,City or Town Road,13.028666,77.540307
Yashawanthapura,2017,Simple Injury,Run Off Road,One way,13.027432,77.542753
Yashawanthapura,2017,Fatal,Side swipe,City or Town Road,13.030819,77.531933
Yashawanthapura,2017,Simple Injury,Others,City or Town Road,13.019169,77.553133
Yashawanthapura,2017,Simple Injury,Overturning,City or Town Road,13.021652,77.553257
Yashawanthapura,2017,Simple Injury,Others,City or Town Road,13.024181,77.54844
Yashawanthapura,2017,Simple Injury,Not Applicable,City or Town Road,13.02069,77.546852
Yashawanthapura,2017,Simple Injury,Others,City or Town Road,13.019859,77.552798
Yashawanthapura,2017,Grievous Injury,Rear end,City or Town Road,13.024181,77.54844
Yashawanthapura,2017,Simple Injury,Not Applicable,City or Town Road,13.028049,77.561936
Yashawanthapura,2017,Damage Only,Not Applicable,City or Town Road,13.032104,77.53417
Yashawanthapura,2017,Fatal,Skidding or Self accident,City or Town Road,13.018537,77.557752
Yashawanthapura,2017,Damage Only,Others,City or Town Road,13.019937,77.555671
Yashawanthapura,2017,Fatal,Not Applicable,City or Town Road,13.024181,77.54844
Yashawanthapura,2017,Simple Injury,Others,City or Town Road,13.024181,77.54844
Yashawanthapura,2017,Damage Only,Not Applicable,City or Town Road,13.027004,77.528419
Yashawanthapura,2017,Simple Injury,Not Applicable,City or Town Road,13.033116,77.557318
Yashawanthapura,2017,Fatal,Overturning,City or Town Road,13.035916,77.542617
Yashawanthapura,2017,Simple Injury,Hit and Run,City or Town Road,13.024479,77.54719
Yashawanthapura,2017,Grievous Injury,Not Applicable,City or Town Road,13.018537,77.557752
Yashawanthapura,2017,Grievous Injury,Not Applicable,City or Town Road,13.029073,77.539309
Yashawanthapura,2017,Grievous Injury,Not Applicable,Others,13.032104,77.53417
Yashawanthapura,2017,Simple Injury,Not Applicable,City or Town Road,13.024181,77.54844
Yashawanthapura,2018,Simple Injury,Hit and Run,City or Town Road,13.029073,77.539309
Yashawanthapura,2018,Simple Injury,Others,City or Town Road,13.030265,77.537051
Yashawanthapura,2018,Grievous Injury,Hit pedestrian,City or Town Road,13.019169,77.553133
Yashawanthapura,2018,Damage Only,Others,City or Town Road,13.030265,77.537051
Yashawanthapura,2018,Damage Only,Not Applicable,City or Town Road,13.018537,77.557752
Yashawanthapura,2018,Simple Injury,Hit and Run,City or Town Road,13.029073,77.539309
Yashawanthapura,2018,Simple Injury,Not Applicable,City or Town Road,13.02416,77.562408
Yashawanthapura,2018,Simple Injury,Hit pedestrian,City or Town Road,13.029073,77.539309
Yashawanthapura,2018,Fatal,Hit pedestrian,City or Town Road,13.024181,77.54844
Yashawanthapura,2018,Simple Injury,Others,City or Town Road,13.039473,77.591671
Yashawanthapura,2018,Fatal,Not Applicable,City or Town Road,13.029073,77.539309
Yashawanthapura,2018,Simple Injury,Hit and Run,City or Town Road,13.032104,77.53417
Yashawanthapura,2018,Simple Injury,Not Applicable,City or Town Road,13.0250679,77.5340637
Yashawanthapura,2018,Simple Injury,Hit and Run,City or Town Road,13.02416,77.562408
Yashawanthapura,2018,Not Applicable,Hit and Run,City or Town Road,13.018537,77.557752
Yashawanthapura,2018,Grievous Injury,Hit pedestrian,City or Town Road,13.0312868,77.5352134
Yashawanthapura,2018,Simple Injury,Others,City or Town Road,13.0254684,77.516324
Yashawanthapura,2018,Simple Injury,Not Applicable,City or Town Road,13.018537,77.557752
Yashawanthapura,2018,Simple Injury,Not Applicable,City or Town Road,13.019169,77.553133
Yashawanthapura,2018,Simple Injury,Not Applicable,City or Town Road,13.024181,77.54844
Yashawanthapura,2018,Damage Only,Not Applicable,Others,13.024181,77.54844
Yashawanthapura,2018,Simple Injury,Hit and Run,City or Town Road,13.029073,77.539309
Yashawanthapura,2018,Fatal,Hit and Run,City or Town Road,13.024919,77.533496
Yashawanthapura,2018,Simple Injury,Hit and Run,City or Town Road,13.0154736,77.5547564
Yashawanthapura,2018,Fatal,Not Applicable,City or Town Road,13.0296909,77.5374282
Yashawanthapura,2018,Simple Injury,Hit pedestrian,City or Town Road,13.026002,77.537381
Yashawanthapura,2018,Fatal,Hit and Run,City or Town Road,13.024919,77.533496
Yashawanthapura,2018,Simple Injury,Not Applicable,City or Town Road,13.032104,77.53417
Yashawanthapura,2018,Simple Injury,Hit and Run,City or Town Road,13.024919,77.533496
Yashawanthapura,2018,Simple Injury,Not Applicable,City or Town Road,13.0271024,77.5392283
Yashawanthapura,2018,Simple Injury,Others,City or Town Road,13.0323096,77.5537927
Yashawanthapura,2018,Grievous Injury,Hit and Run,City or Town Road,13.026844,77.5350167
Yashawanthapura,2018,Simple Injury,Others,City or Town Road,13.019169,77.553133
Yashawanthapura,2018,Simple Injury,Hit pedestrian,City or Town Road,13.019509,77.558047
Yashawanthapura,2018,Simple Injury,Not Applicable,City or Town Road,13.021233,77.565781
Yashawanthapura,2018,Simple Injury,Rear end,City or Town Road,13.024181,77.54844
Yashawanthapura,2018,Simple Injury,Not Applicable,City or Town Road,13.029073,77.539309
Yashawanthapura,2018,Simple Injury,Not Applicable,City or Town Road,13.0250679,77.5340637
Yashawanthapura,2018,Simple Injury,Not Applicable,City or Town Road,13.018537,77.557752
Yashawanthapura,2018,Simple Injury,Not Applicable,City or Town Road,13.030265,77.537051
Yashawanthapura,2018,Simple Injury,Not Applicable,City or Town Road,13.028969,77.561293
Yashawanthapura,2018,Simple Injury,Hit pedestrian,City or Town Road,13.026143,77.539707
Yashawanthapura,2018,Simple Injury,Hit pedestrian,Others,13.032104,77.53417
Yashawanthapura,2018,Simple Injury,Not Applicable,City or Town Road,13.024181,77.54844
Yashawanthapura,2018,Grievous Injury,Rear end,City or Town Road,13.013727,77.554968
Yashawanthapura,2018,Simple Injury,Hit and Run,City or Town Road,13.018537,77.557752
Yashawanthapura,2018,Damage Only,Hit parked vehicle,City or Town Road,13.032453,77.533929
Yashawanthapura,2018,Simple Injury,Not Applicable,City or Town Road,13.029073,77.539309
Yashawanthapura,2018,Damage Only,Not Applicable,City or Town Road,13.032104,77.53417
Yashawanthapura,2018,Simple Injury,Hit and Run,City or Town Road,13.024919,77.533496
Yashawanthapura,2018,Simple Injury,Not Applicable,City or Town Road,13.0425794,77.5628774
Yashawanthapura,2018,Simple Injury,Others,City or Town Road,13.0317465,77.5337818
Yashawanthapura,2018,Simple Injury,Hit pedestrian,City or Town Road,13.220724,77.5481472
Yashawanthapura,2018,Simple Injury,Others,City or Town Road,13.016436,77.561833
Yashawanthapura,2018,Simple Injury,Others,City or Town Road,13.03479,77.529739
Yashawanthapura,2018,Simple Injury,Hit and Run,City or Town Road,13.028049,77.561936
Yashawanthapura,2018,Simple Injury,Not Applicable,City or Town Road,13.021652,77.553257
Yashawanthapura,2018,Simple Injury,Not Applicable,City or Town Road,13.029073,77.539309
Yashawanthapura,2018,Damage Only,Not Applicable,City or Town Road,13.030265,77.53705
Yashawanthapura,2018,Simple Injury,Rear end,City or Town Road,13.029073,77.539309
Yashawanthapura,2018,Simple Injury,Others,City or Town Road,13.029073,77.539309
Yashawanthapura,2018,Fatal,Not Applicable,City or Town Road,13.024919,77.533496
Yashawanthapura,2018,Simple Injury,Others,City or Town Road,13.024919,77.533496
Yashawanthapura,2018,Fatal,Not Applicable,City or Town Road,13.015997,77.553568
Yashawanthapura,2018,Simple Injury,Not Applicable,City or Town Road,13.028224,77.553821
Yashawanthapura,2018,Simple Injury,Hit and Run,City or Town Road,13.013727,77.554968
Yashawanthapura,2018,Not Applicable,Hit and Run,City or Town Road,13.028969,77.561293
Yashawanthapura,2018,Fatal,Others,City or Town Road,13.0289687,77.5425957
Yashawanthapura,2018,Simple Injury,Not Applicable,City or Town Road,13.028969,77.561293
Yashawanthapura,2018,Damage Only,Overturning,City or Town Road,13.019169,77.553133
Yashawanthapura,2018,Simple Injury,Hit and Run,City or Town Road,13.024919,77.533496
Yashawanthapura,2018,Simple Injury,Hit and Run,City or Town Road,13.030265,77.537051
Yashawanthapura,2018,Simple Injury,Not Applicable,City or Town Road,13.028969,77.561293
Yashawanthapura,2018,Simple Injury,Not Applicable,City or Town Road,13.029073,77.539309
Yashawanthapura,2018,Simple Injury,Not Applicable,City or Town Road,13.022694,77.55041
Yashawanthapura,2018,Simple Injury,Hit and Run,City or Town Road,13.030265,77.537051
Yashawanthapura,2018,Simple Injury,Not Applicable,City or Town Road,13.024181,77.54844
Yashawanthapura,2018,Simple Injury,Hit and Run,City or Town Road,13.028969,77.561293
Yashawanthapura,2018,Simple Injury,Hit and Run,City or Town Road,13.018537,77.557752
Yashawanthapura,2018,Fatal,Not Applicable,City or Town Road,13.029073,77.539309
Yashawanthapura,2018,Damage Only,Not Applicable,City or Town Road,13.021652,77.553257
Yashawanthapura,2018,Simple Injury,Not Applicable,City or Town Road,13.030265,77.537051
Yashawanthapura,2018,Fatal,Hit and Run,City or Town Road,13.035979,77.54262
Yashawanthapura,2018,Simple Injury,Not Applicable,City or Town Road,13.029073,77.539309
Yashawanthapura,2018,Simple Injury,Hit and Run,City or Town Road,13.02416,77.5624
Yashawanthapura,2018,Simple Injury,Others,City or Town Road,13.035979,77.323343
Yashawanthapura,2018,Simple Injury,Not Applicable,City or Town Road,13.028049,77.561936
Yashawanthapura,2018,Simple Injury,Right Turn Collision,City or Town Road,13.030265,77.537051
Yashawanthapura,2018,Simple Injury,Hit and Run,City or Town Road,13.029073,77.539309
Yashawanthapura,2018,Damage Only,Others,City or Town Road,13.029073,77.539309
Yashawanthapura,2018,Simple Injury,Hit and Run,City or Town Road,13.021825,77.557849
Yashawanthapura,2018,Simple Injury,Not Applicable,City or Town Road,13.029073,77.539309
Yashawanthapura,2018,Fatal,Others,City or Town Road,13.0244325,77.547007
Yashawanthapura,2018,Simple Injury,Not Applicable,NH,13.029073,77.539309
Yashawanthapura,2018,Simple Injury,Not Applicable,City or Town Road,13.029073,77.539309
Yashawanthapura,2018,Simple Injury,Others,City or Town Road,13.018537,77.557752
Yashawanthapura,2018,Fatal,Not Applicable,City or Town Road,13.022377,77.532505
Yashawanthapura,2018,Simple Injury,Rear end,City or Town Road,13.028969,77.561293
Yashawanthapura,2018,Simple Injury,Hit and Run,City or Town Road,13.019169,77.553133
Yashawanthapura,2018,Simple Injury,Hit and Run,City or Town Road,13.015997,77.553568
Yashawanthapura,2018,Fatal,Hit and Run,City or Town Road,13.0250679,77.5340637
Yashawanthapura,2018,Damage Only,Others,City or Town Road,13.028969,77.561293
Yashawanthapura,2018,Grievous Injury,Others,City or Town Road,13.029073,77.539309
Yashawanthapura,2018,Simple Injury,Not Applicable,City or Town Road,13.018537,77.557752
Yashawanthapura,2018,Simple Injury,Not Applicable,City or Town Road,13.018804,77.553166
Yashawanthapura,2018,Simple Injury,Right Turn Collision,City or Town Road,13.015997,77.553568
Yashawanthapura,2018,Grievous Injury,Hit pedestrian,City or Town Road,13.029073,77.539309
Yashawanthapura,2018,Simple Injury,Not Applicable,City or Town Road,13.030265,77.537051
Yashawanthapura,2018,Grievous Injury,Hit and Run,City or Town Road,13.030265,77.537051
Yashawanthapura,2018,Simple Injury,Not Applicable,City or Town Road,13.030265,77.537051
Yashawanthapura,2018,Damage Only,Not Applicable,City or Town Road,13.030265,77.537051
Yashawanthapura,2018,Fatal,Not Applicable,City or Town Road,13.035979,77.54262
Yashawanthapura,2018,Damage Only,Hit and Run,City or Town Road,13.019169,77.553133
Yashawanthapura,2018,Simple Injury,Not Applicable,City or Town Road,13.024181,77.54844
Yashawanthapura,2018,Fatal,Rear end,City or Town Road,13.035979,77.323343
Yashawanthapura,2018,Grievous Injury,Hit pedestrian,City or Town Road,13.028224,77.553821
Yashawanthapura,2018,Simple Injury,Not Applicable,City or Town Road,13.030265,77.537051
Yashawanthapura,2018,Grievous Injury,Others,City or Town Road,13.019169,77.553133
Yashawanthapura,2018,Fatal,Not Applicable,City or Town Road,13.0296893,77.5382688
Yashawanthapura,2018,Damage Only,Hit and Run,City or Town Road,13.0314065,77.5305069
Yashawanthapura,2018,Simple Injury,Not Applicable,City or Town Road,13.019169,77.553133
Yashawanthapura,2018,Fatal,Others,City or Town Road,13.0352424,77.5408827
Yashawanthapura,2019,Fatal,Hit pedestrian,City or Town Road,13.028049,77.561936
Yashawanthapura,2019,Simple Injury,Hit pedestrian,City or Town Road,13.032453,77.533929
Yashawanthapura,2019,Simple Injury,Others,City or Town Road,13.029577,77.540109
Yashawanthapura,2019,Simple Injury,Hit pedestrian,City or Town Road,13.01873,77.55759
Yashawanthapura,2019,Damage Only,Vehicle to Vehicle,Not Applicable,13.030513,77.537208
Yashawanthapura,2019,Grievous Injury,Vehicle to Vehicle,Others,13.028686,77.557183
Yashawanthapura,2019,Simple Injury,Vehicle to Vehicle,NH,13.02947,77.540233
Yashawanthapura,2019,Simple Injury,Not Applicable,City or Town Road,13.016049,77.562489
Yashawanthapura,2019,Simple Injury,Not Applicable,City or Town Road,13.018033,77.558888
Yashawanthapura,2019,Grievous Injury,Not Applicable,NH,13.024196,77.548488
Yashawanthapura,2019,Fatal,Vehicle to Vehicle,Not Applicable,13.0163115,77.5542141
Yashawanthapura,2019,Simple Injury,Vehicle to Vehicle,NH,13.031366,77.535359
Yashawanthapura,2019,Simple Injury,Not Applicable,City or Town Road,13.01799,77.558814
Yashawanthapura,2019,Simple Injury,Hit pedestrian,City or Town Road,13.024181,77.54844
Yashawanthapura,2019,Fatal,Not Applicable,Others,13.022433,77.528462
Yashawanthapura,2019,Simple Injury,Others,City or Town Road,13.034672,77.553739
Yashawanthapura,2019,Damage Only,Others,City or Town Road,13.015987,77.562419
Yashawanthapura,2019,Simple Injury,Vehicle to Vehicle,Others,13.027555,77.55734
Yashawanthapura,2019,Simple Injury,Hit pedestrian,City or Town Road,13.032104,77.53417
Yashawanthapura,2019,Simple Injury,Hit pedestrian,City or Town Road,13.0425794,77.5628774
Yashawanthapura,2019,Fatal,Others,City or Town Road,13.031192,77.536066
Yashawanthapura,2019,Grievous Injury,Vehicle to Vehicle,NH,13.028915,77.540078
Yashawanthapura,2019,Simple Injury,Vehicle to Vehicle,NH,13.017074,77.560692
Yashawanthapura,2019,Grievous Injury,Hit pedestrian,Others,13.028874,77.540027
Yashawanthapura,2019,Simple Injury,Not Applicable,City or Town Road,13.02778,77.555613
Yashawanthapura,2019,Simple Injury,Hit pedestrian,Two way,13.028224,77.553821
Yashawanthapura,2019,Fatal,Right Turn Collision,City or Town Road,13.018734,77.558026
Yashawanthapura,2019,Grievous Injury,Vehicle to Vehicle,NH,13.017078,77.560674
Yashawanthapura,2019,Fatal,Hit pedestrian,NH,13.030557,77.536584
Yashawanthapura,2019,Damage Only,Vehicle to Vehicle,NH,13.033604,77.531489
Yashawanthapura,2019,Simple Injury,Hit pedestrian,Not Applicable,13.016508,77.556499
Yashawanthapura,2019,Simple Injury,Vehicle to Vehicle,Major District Road,13.018225,77.558844
Yashawanthapura,2019,Simple Injury,Hit pedestrian,City or Town Road,13.032453,77.533929
Yashawanthapura,2019,Simple Injury,Hit pedestrian,City or Town Road,13.028842,77.536395
Yashawanthapura,2019,Simple Injury,Others,Service Road,13.024975,77.546602
Yashawanthapura,2019,Damage Only,Not Applicable,City or Town Road,13.018483,77.558238
Yashawanthapura,2019,Not Applicable,Others,City or Town Road,13.014525,77.554106
Yashawanthapura,2019,Simple Injury,Vehicle to Vehicle,Not Applicable,13.028316,77.543137
Yashawanthapura,2019,Grievous Injury,Not Applicable,Not Applicable,13.026193,77.557879
Yashawanthapura,2019,Simple Injury,Not Applicable,Others,13.03177,77.549204
Yashawanthapura,2019,Simple Injury,Vehicle to Vehicle,NH,13.029162,77.5393
Yashawanthapura,2019,Simple Injury,Hit pedestrian,Two way,13.036162,77.557645
Yashawanthapura,2019,Simple Injury,Hit and Run,City or Town Road,13.024388,77.530009
Yashawanthapura,2019,Simple Injury,Run Off Road,City or Town Road,13.019509,77.558047
Yashawanthapura,2019,Damage Only,Others,City or Town Road,13.030045,77.536953
Yashawanthapura,2019,Damage Only,Rear end,City or Town Road,13.031555,77.535336
Yashawanthapura,2019,Fatal,Hit pedestrian,City or Town Road,13.023944,77.548219
Yashawanthapura,2019,Simple Injury,Not Applicable,City or Town Road,13.021063,77.528413
Yashawanthapura,2019,Simple Injury,Not Applicable,Others,13.019819,77.55624
Yashawanthapura,2019,Simple Injury,Not Applicable,City or Town Road,13.017119,77.56061
Yashawanthapura,2019,Simple Injury,Hit pedestrian,Service Road,13.023669,77.548712
Yashawanthapura,2019,Grievous Injury,Vehicle to Vehicle,NH,13.01541,77.554837
Yashawanthapura,2019,Grievous Injury,Vehicle to Vehicle,NH,13.034367,77.530576
Yashawanthapura,2019,Grievous Injury,Vehicle to Vehicle,NH,13.015735,77.554364
Yashawanthapura,2019,Simple Injury,Vehicle to Vehicle,Others,13.017179,77.553764
Yashawanthapura,2019,Simple Injury,Others,City or Town Road,13.030265,77.53705
Yashawanthapura,2019,Simple Injury,Not Applicable,City or Town Road,13.032144,77.533895
Yashawanthapura,2019,Grievous Injury,Hit pedestrian,NH,13.028846,77.539856
Yashawanthapura,2019,Simple Injury,Others,City or Town Road,13.0280717,77.5578303
Yashawanthapura,2019,Damage Only,Others,City or Town Road,13.030265,77.537051
Yashawanthapura,2019,Simple Injury,Not Applicable,City or Town Road,13.032182,77.533868
Yashawanthapura,2019,Simple Injury,Hit pedestrian,City or Town Road,13.018537,77.557752
Yashawanthapura,2019,Simple Injury,Hit pedestrian,City or Town Road,13.024181,77.54844
Yashawanthapura,2019,Fatal,Hit and Run,City or Town Road,13.0322221,77.5337031
Yashawanthapura,2019,Simple Injury,Hit and Run,City or Town Road,13.015901,77.555967
Yashawanthapura,2019,Simple Injury,Others,City or Town Road,13.033733,77.525273
Yashawanthapura,2019,Simple Injury,Hit pedestrian,City or Town Road,13.018152,77.548877
Yashawanthapura,2019,Simple Injury,Vehicle to Vehicle,Arterial,13.026251,77.544407
Yashawanthapura,2019,Simple Injury,Not Applicable,Others,13.019169,77.551631
Yashawanthapura,2019,Simple Injury,Vehicle to Vehicle,Two way,13.021652,77.553257
Yashawanthapura,2019,Fatal,Not Applicable,City or Town Road,13.024561,77.547176
Yashawanthapura,2019,Grievous Injury,Hit pedestrian,NH,13.027408,77.542872
Yashawanthapura,2019,Simple Injury,Not Applicable,City or Town Road,13.030265,77.537051
Yashawanthapura,2019,Simple Injury,Not Applicable,City or Town Road,13.029073,77.539309
Yashawanthapura,2019,Simple Injury,Others,City or Town Road,13.036591,77.54183
Yashawanthapura,2019,Simple Injury,Others,City or Town Road,13.021076,77.553553
Yashawanthapura,2019,Not Applicable,Not Applicable,City or Town Road,13.015384,77.554469
Yashawanthapura,2019,Fatal,Vehicle to Vehicle,NH,13.028316,77.540076
Yashawanthapura,2019,Fatal,Vehicle to Vehicle,NH,13.034712,77.529991
Yashawanthapura,2019,Fatal,Vehicle to Vehicle,Others,13.032693,77.554144
Yashawanthapura,2019,Grievous Injury,Hit pedestrian,NH,13.029388,77.540081
Yashawanthapura,2019,Damage Only,Hit and Run,City or Town Road,13.019733,77.55604
Yashawanthapura,2019,Simple Injury,Hit fixed object,City or Town Road,13.018537,77.557752
Yashawanthapura,2019,Simple Injury,Hit and Run,City or Town Road,13.032251,77.560125
Yashawanthapura,2019,Simple Injury,Hit pedestrian,City or Town Road,13.030265,77.538076
Yashawanthapura,2019,Damage Only,Vehicle to Vehicle,Others,13.030404,77.537223
Yashawanthapura,2019,Grievous Injury,Not Applicable,Minor District Road,13.029344,77.540221
Yashawanthapura,2019,Damage Only,Vehicle to Vehicle,NH,13.030813,77.536201
Yashawanthapura,2019,Simple Injury,Hit pedestrian,One way,13.029341,77.554815
Yashawanthapura,2019,Simple Injury,Vehicle to Vehicle,Minor District Road,13.028969,77.561293
Yashawanthapura,2019,Simple Injury,Hit and Run,City or Town Road,13.03467,77.564319
Yashawanthapura,2019,Simple Injury,Hit pedestrian,City or Town Road,13.021233,77.553457
Yashawanthapura,2019,Damage Only,Others,City or Town Road,13.029027,77.529655
Yashawanthapura,2019,Simple Injury,Others,City or Town Road,13.016869,77.556514
Yashawanthapura,2019,Fatal,Hit pedestrian,NH,13.018437,77.557832
Yashawanthapura,2019,Simple Injury,Not Applicable,City or Town Road,13.028931,77.539711
Yashawanthapura,2019,Fatal,Hit bicyclist,NH,13.033411,77.532475
Yashawanthapura,2019,Simple Injury,Not Applicable,City or Town Road,13.028596,77.540152
Yashawanthapura,2019,Simple Injury,Others,Arterial,13.026272,77.561359
Yashawanthapura,2019,Damage Only,Hit and Run,City or Town Road,13.02279,77.541983
Yashawanthapura,2019,Fatal,Hit pedestrian,NH,13.033701,77.531607
Yashawanthapura,2019,Grievous Injury,Vehicle to Vehicle,Others,13.026065,77.55962
Yashawanthapura,2019,Grievous Injury,Vehicle to Vehicle,NH,13.018334,77.553221
Yashawanthapura,2019,Simple Injury,Hit pedestrian,Two way,13.028003,77.538088
Yashawanthapura,2019,Fatal,Hit pedestrian,City or Town Road,13.027025,77.543563
Yashawanthapura,2019,Simple Injury,Hit pedestrian,City or Town Road,13.024919,77.533496
Yashawanthapura,2019,Simple Injury,Others,City or Town Road,13.023841,77.562754
Yashawanthapura,2019,Damage Only,Vehicle to Vehicle,Not Applicable,13.035954,77.533547
Yashawanthapura,2019,Grievous Injury,Hit pedestrian,Others,13.026703,77.558147
Yashawanthapura,2019,Grievous Injury,Hit pedestrian,NH,13.028915,77.540078
Yashawanthapura,2019,Simple Injury,Hit pedestrian,Others,13.027068,77.561777
Yashawanthapura,2019,Grievous Injury,Hit pedestrian,NH,13.024451,77.548001
Yashawanthapura,2019,Grievous Injury,Vehicle to Vehicle,NH,13.027758,77.542273
Yashawanthapura,2019,Simple Injury,Vehicle to Vehicle,One way,13.018537,77.557752
Yashawanthapura,2019,Simple Injury,Hit pedestrian,City or Town Road,13.030265,77.537051
Yashawanthapura,2019,Simple Injury,Others,City or Town Road,13.018537,77.557752
Yashawanthapura,2019,Simple Injury,Others,City or Town Road,13.027812,77.555342
Yashawanthapura,2019,Damage Only,Not Applicable,City or Town Road,13.029831,77.540192
Yashawanthapura,2019,Grievous Injury,Vehicle to Vehicle,Others,13.030678,77.536961
Yashawanthapura,2019,Grievous Injury,Hit pedestrian,NH,13.0291,77.539983
Yashawanthapura,2019,Simple Injury,Vehicle to Vehicle,Not Applicable,13.034269,77.530897
Yashawanthapura,2020,Damage Only,Vehicle to Vehicle,NH,13.035456,77.53005
Yashawanthapura,2020,Damage Only,Vehicle to Vehicle,One way,13.014447,77.570995
Yashawanthapura,2020,Simple Injury,Hit pedestrian,Others,13.029096,77.539256
Yashawanthapura,2020,Fatal,Hit pedestrian,Major District Road,13.02866,77.540173
Yashawanthapura,2020,Grievous Injury,Vehicle to Vehicle,NH,13.032104,77.53417
Yashawanthapura,2020,Simple Injury,Hit pedestrian,Two way,13.0251295,77.5334092
Yashawanthapura,2020,Simple Injury,Vehicle to Vehicle,Two way,13.019509,77.558047
Yashawanthapura,2020,Not Applicable,Vehicle to Vehicle,Two way,13.018817,77.5516
Yashawanthapura,2020,Grievous Injury,Vehicle to Vehicle,Others,13.030074,77.558457
Yashawanthapura,2020,Simple Injury,Hit pedestrian,NH,13.031625,77.534899
Yashawanthapura,2020,Simple Injury,Hit pedestrian,NH,13.031681,77.534953
Yashawanthapura,2020,Simple Injury,Not Applicable,Two way,13.023261,77.559383
Yashawanthapura,2020,Simple Injury,Vehicle to Vehicle,NH,13.0323388,77.5343726
Yashawanthapura,2020,Simple Injury,Hit pedestrian,One way,13.025065,77.534254
Yashawanthapura,2020,Simple Injury,Hit pedestrian,Two way,13.0200391,77.5542541
Yashawanthapura,2020,Grievous Injury,Vehicle to Vehicle,Others,13.021652,77.553257
Yashawanthapura,2020,Fatal,Not Applicable,Not Applicable,13.026143,77.545023
Yashawanthapura,2020,Fatal,Hit pedestrian,One way,13.019944,77.555631
Yashawanthapura,2020,Simple Injury,Vehicle to Vehicle,Mixed,13.021612,77.551812
Yashawanthapura,2020,Simple Injury,Vehicle to Vehicle,One way,13.022864,77.550714
Yashawanthapura,2020,Simple Injury,Vehicle to Vehicle,State Highway,13.027477,77.542777
Yashawanthapura,2020,Simple Injury,Vehicle to Vehicle,Two way,13.038069,77.557409
Yashawanthapura,2020,Damage Only,Vehicle to Vehicle,NH,13.030265,77.537051
Yashawanthapura,2020,Simple Injury,Hit bicyclist,State Highway,13.028729,77.540187
Yashawanthapura,2020,Fatal,Not Applicable,Others,13.0145358,77.5687394
Yashawanthapura,2020,Simple Injury,Vehicle to Vehicle,NH,13.034676,77.529823
Yashawanthapura,2020,Damage Only,Vehicle to Vehicle,Not Applicable,13.035979,77.323343
Yashawanthapura,2020,Simple Injury,Vehicle to Vehicle,NH,13.030265,77.537051
Yashawanthapura,2020,Simple Injury,Vehicle to Vehicle,State Highway,13.017576,77.553778
Yashawanthapura,2020,Simple Injury,Vehicle to Vehicle,State Highway,13.2976,77.538727
Yashawanthapura,2020,Fatal,Vehicle to Vehicle,Others,13.032986,77.533825
Yashawanthapura,2020,Fatal,Vehicle to Vehicle,Others,13.033729,77.534132
Yashawanthapura,2020,Simple Injury,Vehicle to Vehicle,Others,13.02283,77.56301
Yashawanthapura,2020,Simple Injury,Hit pedestrian,Two way,13.0321317,77.5602948
Yashawanthapura,2020,Damage Only,Vehicle to Vehicle,NH,13.030291,77.537271
Yashawanthapura,2020,Simple Injury,Vehicle to Vehicle,Service Road,13.018406,77.553208
Yashawanthapura,2020,Damage Only,Not Applicable,Not Applicable,13.025433,77.54369
Yashawanthapura,2020,Simple Injury,Hit pedestrian,Others,13.019509,77.558047
Yashawanthapura,2020,Damage Only,Vehicle to Vehicle,Others,13.017685,77.553693
Yashawanthapura,2020,Simple Injury,Vehicle to Vehicle,Two way,13.037475,77.55756
Yashawanthapura,2020,Simple Injury,Vehicle to Vehicle,Service Road,13.027656,77.541324
Yashawanthapura,2020,Simple Injury,Vehicle to Vehicle,One way,13.022885,77.549981
Yashawanthapura,2020,Simple Injury,Vehicle to Vehicle,One way,13.017064,77.556597
Yashawanthapura,2020,Fatal,Vehicle to Vehicle,Two way,13.024767,77.562486
Yashawanthapura,2020,Simple Injury,Vehicle to Vehicle,One way,13.019828,77.554595
Yashawanthapura,2020,Fatal,Not Applicable,Two way,13.04296,77.54911
Yashawanthapura,2020,Simple Injury,Vehicle to Vehicle,State Highway,13.029813,77.540198
Yashawanthapura,2020,Simple Injury,Vehicle to Vehicle,State Highway,13.030007,77.540332
Yashawanthapura,2020,Not Applicable,Vehicle to Vehicle,Not Applicable,13.023832,77.542735
Yashawanthapura,2020,Simple Injury,Vehicle to Vehicle,Not Applicable,13.024243,77.548367
Yashawanthapura,2020,Grievous Injury,Vehicle to Vehicle,Not Applicable,13.018304,77.553526
Yashawanthapura,2020,Simple Injury,Vehicle to Vehicle,NH,13.030265,77.537051
Yashawanthapura,2020,Grievous Injury,Not Applicable,Others,13.032104,77.53417
Yashawanthapura,2020,Not Applicable,Not Applicable,Others,13.032205,77.540662
Yashawanthapura,2020,Grievous Injury,Hit pedestrian,One way,13.016627,77.5609437
Yashawanthapura,2020,Damage Only,Vehicle to Vehicle,Not Applicable,13.02323,77.559372
Yashawanthapura,2020,Simple Injury,Vehicle to Vehicle,Others,13.018537,77.557752
Yashawanthapura,2020,Grievous Injury,Vehicle to Vehicle,Others,13.019169,77.553133
Yashawanthapura,2020,Grievous Injury,Vehicle to Vehicle,Two way,13.019937,77.555671
Yashawanthapura,2020,Simple Injury,Vehicle to Vehicle,Mixed,13.013727,77.554968
Yashawanthapura,2020,Simple Injury,Vehicle to Vehicle,One way,13.017008,77.5542997
Yashawanthapura,2020,Simple Injury,Vehicle to Vehicle,Two way,13.018537,77.557752
Yashawanthapura,2020,Fatal,Vehicle to Vehicle,Others,13.0208736,77.547077
Yashawanthapura,2020,Simple Injury,Vehicle to Vehicle,Others,13.02382092,77.56077621
Yashawanthapura,2020,Damage Only,Not Applicable,Mixed,13.024181,77.54844
Yashawanthapura,2020,Grievous Injury,Hit pedestrian,Not Applicable,13.020816,77.548916
Yashawanthapura,2020,Simple Injury,Vehicle to Vehicle,One way,13.040402,77.547929
Yashawanthapura,2020,Grievous Injury,Hit animal,Two way,13.03201,77.553243
Yashawanthapura,2020,Fatal,Vehicle to Vehicle,Major District Road,13.036556,77.541659
Yashawanthapura,2020,Simple Injury,Vehicle to Vehicle,Others,13.02316,77.556881
Yashawanthapura,2020,Simple Injury,Vehicle to Vehicle,Not Applicable,13.0224844,77.555504
Yashawanthapura,2020,Simple Injury,Not Applicable,Mixed,13.029073,77.539309
Yashawanthapura,2020,Simple Injury,Vehicle to Vehicle,Service Road,13.019169,77.553133
Yashawanthapura,2020,Fatal,Vehicle to Vehicle,NH,13.0290111,77.5373963
Yashawanthapura,2020,Grievous Injury,Hit pedestrian,Others,13.021772,77.551631
Yashawanthapura,2020,Damage Only,Vehicle to Vehicle,Two way,13.0291,77.539984
Yashawanthapura,2020,Simple Injury,Hit pedestrian,Two way,13.032896,77.554745
Yashawanthapura,2020,Simple Injury,Vehicle to Vehicle,Two way,13.0263595,77.542036
Yashawanthapura,2020,Fatal,Vehicle to Vehicle,State Highway,13.023457,77.53327
Yashawanthapura,2020,Simple Injury,Hit pedestrian,Not Applicable,13.019005,77.550832
Yashawanthapura,2020,Damage Only,Not Applicable,NH,13.030107,77.537635
Yashawanthapura,2020,Simple Injury,Hit pedestrian,One way,13.021379,77.553327
Yashawanthapura,2020,Damage Only,Vehicle to Vehicle,Not Applicable,13.028832,77.540265
Yashawanthapura,2020,Simple Injury,Vehicle to Vehicle,State Highway,13.021334,77.546253
Yashawanthapura,2020,Simple Injury,Vehicle to Vehicle,NH,13.019587,77.553103
Yashawanthapura,2020,Simple Injury,Vehicle to Vehicle,Service Road,13.032205,77.540662
Yashawanthapura,2020,Simple Injury,Vehicle to Vehicle,NH,13.032735,77.532955
Yashawanthapura,2020,Damage Only,Vehicle to Vehicle,State Highway,13.02919,77.539631
Yashawanthapura,2020,Damage Only,Vehicle to Vehicle,Not Applicable,13.13503,77.323822
Yashawanthapura,2020,Simple Injury,Vehicle to Vehicle,Service Road,13.019287,77.539963
Yashawanthapura,2020,Simple Injury,Vehicle to Vehicle,Not Applicable,13.022852,77.550005
Yashawanthapura,2020,Fatal,Not Applicable,NH,13.032753,77.533103
Yashawanthapura,2020,Simple Injury,Hit pedestrian,Not Applicable,13.0177698,77.5565854
Yashawanthapura,2020,Simple Injury,Vehicle to Vehicle,Others,13.026536,77.544402
Yashawanthapura,2020,Simple Injury,Hit pedestrian,Two way,13.028969,77.561293
Yashawanthapura,2020,Simple Injury,Vehicle to Vehicle,NH,13.031027,77.535943
Yashawanthapura,2020,Simple Injury,Vehicle to Vehicle,Others,13.024368,77.548063
Yashawanthapura,2020,Simple Injury,Vehicle to Vehicle,Others,13.017445,77.559984
Yashawanthapura,2021,Simple Injury,Vehicle to Vehicle,Major District Road,13.0182975,77.5589342
Yashawanthapura,2021,Simple Injury,Vehicle to Vehicle,State Highway,13.029106,77.53992
Yashawanthapura,2021,Grievous Injury,Vehicle to Vehicle,One way,13.02938277,77.53436231
Yashawanthapura,2021,Simple Injury,Vehicle to Vehicle,NH,13.033916,77.530913
Yashawanthapura,2021,Damage Only,Vehicle to Vehicle,Mixed,13.017793,77.553595
Yashawanthapura,2021,Simple Injury,Hit pedestrian,Not Applicable,13.019429,77.558075
Yashawanthapura,2021,Simple Injury,Vehicle to Vehicle,NH,13.018227,77.558846
Yashawanthapura,2021,Simple Injury,Vehicle to Vehicle,NH,13.031804,77.534994
Yashawanthapura,2021,Damage Only,Not Applicable,Minor District Road,13.015848,77.554042
Yashawanthapura,2021,Simple Injury,Hit pedestrian,Two way,13.026303,77.561877
Yashawanthapura,2021,Simple Injury,Vehicle to Vehicle,One way,13.031478,77.535143
Yashawanthapura,2021,Fatal,Vehicle to Vehicle,Others,13.036085,77.534904
Yashawanthapura,2021,Fatal,Not Applicable,Two way,13.037938,77.557449
Yashawanthapura,2021,Grievous Injury,Not Applicable,Others,13.01800644,77.54504859
Yashawanthapura,2021,Grievous Injury,Vehicle to Vehicle,Arterial,13.029486,77.534295
Yashawanthapura,2021,Damage Only,Vehicle to Vehicle,NH,13.030265,77.537051
Yashawanthapura,2021,Simple Injury,Vehicle to Vehicle,Mixed,13.026374,77.544203
Yashawanthapura,2021,Damage Only,Vehicle to Vehicle,Mixed,13.03153,77.543036
Yashawanthapura,2021,Simple Injury,Vehicle to Vehicle,Two way,13.03639,77.561871
Yashawanthapura,2021,Damage Only,Vehicle to Vehicle,Others,13.031772,77.557862
Yashawanthapura,2021,Damage Only,Vehicle to Vehicle,State Highway,13.030528,77.537189
Yashawanthapura,2021,Damage Only,Vehicle to Vehicle,State Highway,13.033161,77.53254
Yashawanthapura,2021,Grievous Injury,Vehicle to Vehicle,Arterial,13.021083,77.541048
Yashawanthapura,2021,Simple Injury,Vehicle to Vehicle,NH,13.030265,77.537051
Yashawanthapura,2021,Damage Only,Vehicle to Vehicle,NH,13.031627,77.534906
Yashawanthapura,2021,Simple Injury,Vehicle to Vehicle,Two way,13.032515,77.558903
Yashawanthapura,2021,Simple Injury,Hit pedestrian,Mixed,13.02984748,77.56077315
Yashawanthapura,2021,Damage Only,Vehicle to Vehicle,One way,13.03052502,77.56027588
Yashawanthapura,2021,Simple Injury,Vehicle to Vehicle,NH,13.031736,77.535136
Yashawanthapura,2021,Fatal,Vehicle to Vehicle,One way,13.018642,77.558038
Yashawanthapura,2021,Simple Injury,Vehicle to Vehicle,NH,13.036591,77.54183
Yashawanthapura,2021,Grievous Injury,Hit pedestrian,Arterial,13.019169,77.553133
Yashawanthapura,2021,Simple Injury,Vehicle to Vehicle,NH,13.030265,77.537051
Yashawanthapura,2021,Fatal,Not Applicable,Two way,13.037067,77.549402
Yashawanthapura,2021,Simple Injury,Not Applicable,One way,13.015365,77.554876
Yashawanthapura,2021,Simple Injury,Vehicle to Vehicle,Others,13.019924,77.552888
Yashawanthapura,2021,Damage Only,Vehicle to Vehicle,Two way,13.028019,77.5572147
Yashawanthapura,2021,Simple Injury,Vehicle to Vehicle,Mixed,13.024732,77.543237
Yashawanthapura,2021,Simple Injury,Hit pedestrian,One way,13.017219,77.558422
Yashawanthapura,2021,Simple Injury,Vehicle to Vehicle,One way,13.022352,77.532851
Yashawanthapura,2021,Damage Only,Not Applicable,Not Applicable,13.035814,77.541699
Yashawanthapura,2021,Damage Only,Vehicle to Vehicle,NH,13.00232,77.537137
Yashawanthapura,2021,Not Applicable,Vehicle to Vehicle,Two way,13.018674,77.557914
Yashawanthapura,2021,Grievous Injury,Hit pedestrian,Others,13.022653,77.544887
Yashawanthapura,2021,Fatal,Not Applicable,Mixed,13.03655126,77.55749751
Yashawanthapura,2021,Simple Injury,Hit pedestrian,Mixed,13.019049,77.5575311
Yashawanthapura,2021,Simple Injury,Vehicle to Vehicle,NH,13.030364,77.53711
Yashawanthapura,2021,Simple Injury,Vehicle to Vehicle,NH,13.032579,77.533175
Yashawanthapura,2021,Simple Injury,Hit pedestrian,State Highway,13.017842,77.553798
Yashawanthapura,2021,Simple Injury,Hit bicyclist,Service Road,13.032668,77.53354
Yashawanthapura,2021,Simple Injury,Vehicle to Vehicle,Major District Road,13.022864,77.550714
Yashawanthapura,2021,Damage Only,Vehicle to Vehicle,NH,13.030138,77.53708
Yashawanthapura,2021,Simple Injury,Vehicle to Vehicle,One way,13.017588,77.559775
Yashawanthapura,2021,Fatal,Not Applicable,Mixed,13.027309,77.542587
Yashawanthapura,2021,Not Applicable,Not Applicable,Two way,13.026303,77.561877
Yashawanthapura,2021,Simple Injury,Hit pedestrian,One way,13.018612,77.557656
Yashawanthapura,2021,Simple Injury,Vehicle to Vehicle,State Highway,13.027438,77.542831
Yashawanthapura,2021,Simple Injury,Not Applicable,One way,13.018602,77.557952
Yashawanthapura,2021,Simple Injury,Vehicle to Vehicle,Others,13.02648,77.54422
Yashawanthapura,2021,Fatal,Vehicle to Vehicle,Others,13.014272,77.554264
Yashawanthapura,2021,Simple Injury,Hit pedestrian,State Highway,13.026469,77.544451
Yashawanthapura,2021,Simple Injury,Hit pedestrian,One way,13.029892,77.536972
Yashawanthapura,2021,Simple Injury,Hit pedestrian,Mixed,13.017017,77.560566
Yashawanthapura,2021,Simple Injury,Vehicle to Vehicle,Service Road,13.018629,77.558862
Yashawanthapura,2021,Simple Injury,Hit pedestrian,Mixed,13.03273669,77.55402217
Yashawanthapura,2021,Simple Injury,Vehicle to Vehicle,NH,13.03274,77.5333
Yashawanthapura,2021,Damage Only,Vehicle to Vehicle,Others,13.028749,77.540089
Yashawanthapura,2021,Simple Injury,Vehicle to Vehicle,One way,13.033113,77.554851
Yashawanthapura,2021,Simple Injury,Vehicle to Vehicle,NH,13.031792,77.534987
Yashawanthapura,2021,Simple Injury,Hit pedestrian,NH,13.030333,77.53695
Yashawanthapura,2021,Fatal,Not Applicable,Two way,13.01339,77.551504
Yashawanthapura,2021,Simple Injury,Vehicle to Vehicle,One way,13.02068,77.540838
Yashawanthapura,2022,Fatal,Vehicle to Vehicle,NH,13.034555,77.529847
Yashawanthapura,2022,Grievous Injury,Hit pedestrian,Others,13.02645,77.534837
Yashawanthapura,2022,Fatal,Hit pedestrian,Others,13.018727,77.558109
Yashawanthapura,2022,Simple Injury,Vehicle to Vehicle,Residential Street,13.028795,77.561541
Yashawanthapura,2022,Damage Only,Vehicle to Vehicle,NH,13.031122,77.536294
Yashawanthapura,2022,Simple Injury,Vehicle to Vehicle,Two way,13.023309,77.559403
Yashawanthapura,2022,Grievous Injury,Vehicle to Vehicle,Residential Street,13.022558,77.54188
Yashawanthapura,2022,Not Applicable,Vehicle to Vehicle,Not Applicable,13.029175,77.539756
Yashawanthapura,2022,Simple Injury,Hit pedestrian,Others,13.025605,77.545693
Yashawanthapura,2022,Simple Injury,Hit pedestrian,Others,13.026247,77.532424
Yashawanthapura,2022,Damage Only,Vehicle to Vehicle,Others,13.034334,77.530642
Yashawanthapura,2022,Simple Injury,Vehicle to Vehicle,Not Applicable,13.027851,77.542066
Yashawanthapura,2022,Simple Injury,Vehicle to Vehicle,Two way,13.027819,77.558616
Yashawanthapura,2022,Simple Injury,Vehicle to Vehicle,Two way,13.030142,77.536974
Yashawanthapura,2022,Grievous Injury,Vehicle to Vehicle,Others,13.026123,77.544698
Yashawanthapura,2022,Grievous Injury,Not Applicable,Others,13.032027,77.533898
Yashawanthapura,2022,Fatal,Hit pedestrian,Others,13.019051,77.552702
Yashawanthapura,2022,Simple Injury,Vehicle to Vehicle,Two way,13.02948,77.534289
Yashawanthapura,2022,Simple Injury,Vehicle to Vehicle,Two way,13.029162,77.536523
Yashawanthapura,2022,Simple Injury,Not Applicable,Service Road,13.015931,77.562694
Yashawanthapura,2022,Grievous Injury,Hit pedestrian,Others,13.029686,77.559396
Yashawanthapura,2022,Damage Only,Vehicle to Vehicle,NH,13.031297,77.535385
Yashawanthapura,2022,Simple Injury,Vehicle to Vehicle,Residential Street,13.018786,77.561488
Yashawanthapura,2022,Grievous Injury,Vehicle to Vehicle,Others,13.03169,77.535282
Yashawanthapura,2022,Fatal,Hit pedestrian,One way,13.021225,77.553491
Yashawanthapura,2022,Fatal,Vehicle to Vehicle,NH,13.031338,77.535403
Yashawanthapura,2022,Damage Only,Vehicle to Vehicle,State Highway,13.029131,77.540021
Yashawanthapura,2022,Simple Injury,Vehicle to Vehicle,Two way,13.02555,77.557649
Yashawanthapura,2022,Not Applicable,Vehicle to Vehicle,Others,13.029995,77.537809
Yashawanthapura,2022,Grievous Injury,Vehicle to Vehicle,Two way,13.025773,77.545449
Yashawanthapura,2022,Grievous Injury,Vehicle to Vehicle,Others,13.030403,77.537191
Yashawanthapura,2022,Simple Injury,Vehicle to Vehicle,State Highway,13.029125,77.539915
Yashawanthapura,2022,Simple Injury,Vehicle to Vehicle,Two way,13.032253,77.553573
Yashawanthapura,2022,Simple Injury,Not Applicable,Mixed,13.019102,77.553257
Yashawanthapura,2022,Fatal,Vehicle to Vehicle,Major District Road,13.027526,77.535491
Yashawanthapura,2022,Simple Injury,Vehicle to Vehicle,One way,13.02927,77.558733
Yashawanthapura,2022,Simple Injury,Vehicle to Vehicle,State Highway,13.031828,77.540538
Yashawanthapura,2022,Fatal,Vehicle to Vehicle,Two way,13.029484,77.534297
Yashawanthapura,2022,Fatal,Vehicle to Vehicle,NH,13.033039,77.532451
Yashawanthapura,2022,Damage Only,Vehicle to Vehicle,Others,13.017301,77.56017
Yashawanthapura,2022,Fatal,Vehicle to Vehicle,Service Road,13.027144,77.543445
Yashawanthapura,2022,Simple Injury,Vehicle to Vehicle,Two way,13.029209,77.538931
Yashawanthapura,2022,Damage Only,Vehicle to Vehicle,NH,13.03022,77.637008
Yashawanthapura,2022,Grievous Injury,Hit pedestrian,Not Applicable,13.028074,77.53578
Yashawanthapura,2022,Simple Injury,Not Applicable,Others,13.024276,77.562707
Yashawanthapura,2022,Simple Injury,Vehicle to Vehicle,State Highway,13.028936,77.539638
Yashawanthapura,2022,Fatal,Vehicle to Vehicle,One way,13.016395,77.561649
Yashawanthapura,2022,Grievous Injury,Vehicle to Vehicle,Two way,13.24888,77.562469
Yashawanthapura,2022,Simple Injury,Hit pedestrian,State Highway,13.029167,77.539248
Yashawanthapura,2022,Grievous Injury,Hit pedestrian,Arterial,13.024416,77.547875
Yashawanthapura,2022,Grievous Injury,Not Applicable,Others,13.0273609,77.538282
Yashawanthapura,2022,Fatal,Vehicle to Vehicle,Service Road,13.021202,77.551908
Yashawanthapura,2022,Simple Injury,Vehicle to Vehicle,Two way,13.024952,77.560075
Yashawanthapura,2022,Simple Injury,Vehicle to Vehicle,Two way,13.026829,77.558168
Yashawanthapura,2022,Fatal,Hit pedestrian,Not Applicable,13.021502,77.55332
Yashawanthapura,2022,Simple Injury,Hit bicyclist,Others,13.031781,77.563808
Yashawanthapura,2022,Grievous Injury,Not Applicable,Others,13.021053,77.556219
Yashawanthapura,2022,Grievous Injury,Hit pedestrian,Others,13.023778,77.533123
Yashawanthapura,2022,Not Applicable,Not Applicable,Others,13.015052,77.554335
Yashawanthapura,2022,Simple Injury,Hit pedestrian,Sub Arterial,13.026272,77.53165
Yashawanthapura,2022,Simple Injury,Vehicle to Vehicle,Others,13.016818,77.556687
Yashawanthapura,2022,Simple Injury,Hit pedestrian,Others,13.024087,77.54806
Yashawanthapura,2022,Simple Injury,Hit pedestrian,Two way,13.018424,77.55769
Yashawanthapura,2022,Fatal,Hit pedestrian,State Highway,13.028759,77.540027
Yashawanthapura,2022,Damage Only,Not Applicable,NH,13.032286,77.53395
Yashawanthapura,2022,Simple Injury,Not Applicable,Two way,13.032593,77.540746
Yashawanthapura,2022,Grievous Injury,Vehicle to Vehicle,NH,13.031776,77.535064
Yashawanthapura,2022,Simple Injury,Vehicle to Vehicle,Service Road,13.029125,77.539293
Yashawanthapura,2022,Damage Only,Vehicle to Vehicle,One way,13.016971,77.558551
Yashawanthapura,2022,Damage Only,Vehicle to Vehicle,Others,13.04096,77.530563
Yashawanthapura,2022,Simple Injury,Vehicle to Vehicle,One way,13.018614,77.557903
Yashawanthapura,2022,Simple Injury,Vehicle to Vehicle,Others,13.018552,77.557586
Yashawanthapura,2023,Fatal,Hit pedestrian,Arterial,13.020549,77.546126
Yashawanthapura,2023,Fatal,Hit pedestrian,Arterial,13.016969,77.556928
Yashawanthapura,2023,Simple Injury,Vehicle to Vehicle,Others,13.015918,77.555879
Yashawanthapura,2023,Simple Injury,Vehicle to Vehicle,Sub Arterial,13.026523,77.544473
Yashawanthapura,2023,Grievous Injury,Vehicle to Vehicle,Others,13.016671,77.556463
Yashawanthapura,2023,Grievous Injury,Vehicle to Vehicle,Service Road,13.033268,77.531283
Yashawanthapura,2023,Simple Injury,Hit pedestrian,Arterial,13.021415,77.563115
Yashawanthapura,2023,Fatal,Hit pedestrian,Sub Arterial,13.026316,77.561856
Yashawanthapura,2023,Damage Only,Vehicle to Vehicle,Service Road,13.029144,77.539757
Yashawanthapura,2023,Fatal,Vehicle to Vehicle,Sub Arterial,13.024651,77.534197
Yashawanthapura,2023,Grievous Injury,Vehicle to Vehicle,Not Applicable,13.030288,77.537638
Yashawanthapura,2023,Simple Injury,Hit pedestrian,Two way,13.017185,77.560566
Yashawanthapura,2023,Simple Injury,Vehicle to Vehicle,Two way,13.015533,77.554184
Yashawanthapura,2023,Simple Injury,Vehicle to Vehicle,Arterial,13.029577,77.538994
Yashawanthapura,2023,Simple Injury,Hit pedestrian,Arterial,13.027643,77.53563
Yashawanthapura,2023,Damage Only,Vehicle to Vehicle,Sub Arterial,13.020134,77.552561
Yashawanthapura,2023,Fatal,Hit pedestrian,Arterial,13.029639,77.539637
Yashawanthapura,2023,Simple Injury,Vehicle to Vehicle,Sub Arterial,13.020367,77.561253
Yashawanthapura,2023,Simple Injury,Hit pedestrian,Arterial,13.028921,77.561705
Yashawanthapura,2023,Grievous Injury,Vehicle to Vehicle,Others,13.014285,77.560145
Yashawanthapura,2023,Grievous Injury,Vehicle to Vehicle,Others,13.017621,77.553876
Yashawanthapura,2023,Simple Injury,Vehicle to Vehicle,Arterial,13.030281,77.537053
Yashawanthapura,2023,Fatal,Hit pedestrian,Sub Arterial,13.02441,77.548798
Yashawanthapura,2023,Simple Injury,Vehicle to Vehicle,Sub Arterial,13.024498,77.548752
Yashawanthapura,2023,Damage Only,Vehicle to Vehicle,Sub Arterial,13.028159,77.561934
Yashawanthapura,2023,Grievous Injury,Vehicle to Vehicle,Sub Arterial,13.030617,77.535167
Yashawanthapura,2023,Damage Only,Vehicle to Vehicle,Two way,13.024949,77.534001
Yashawanthapura,2023,Damage Only,Vehicle to Vehicle,Arterial,13.020806,77.552211
Yashawanthapura,2023,Simple Injury,Vehicle to Vehicle,Arterial,13.028958,77.539475
Yashawanthapura,2023,Simple Injury,Vehicle to Vehicle,Service Road,13.032697,77.532942
Yashawanthapura,2023,Simple Injury,Hit pedestrian,Sub Arterial,13.036286,77.557597
Yashawanthapura,2023,Simple Injury,Hit pedestrian,Arterial,13.034831,77.557435
Yashawanthapura,2023,Fatal,Vehicle to Vehicle,Sub Arterial,13.018098,77.553535
Yashawanthapura,2023,Damage Only,Vehicle to Vehicle,Arterial,13.030215,77.537139
Yashawanthapura,2023,Grievous Injury,Hit pedestrian,Two way,13.024974,77.534009
Yashawanthapura,2023,Simple Injury,Vehicle to Vehicle,Two way,13.016069,77.556159
Yashawanthapura,2023,Simple Injury,Hit pedestrian,Others,13.018397,77.557324
Yashawanthapura,2023,Grievous Injury,Vehicle to Vehicle,Sub Arterial,13.028713,77.5362
Yashawanthapura,2023,Simple Injury,Vehicle to Vehicle,Arterial,13.02602,77.543944
Yashawanthapura,2023,Damage Only,Vehicle to Vehicle,Arterial,13.030376,77.535046
Yashawanthapura,2023,Simple Injury,Vehicle to Vehicle,Arterial,13.34194,77.530644
Yashawanthapura,2023,Simple Injury,Vehicle to Vehicle,Sub Arterial,13.028291,77.561404
Yashawanthapura,2023,Fatal,Not Applicable,Others,13.033941,77.556294
Yashawanthapura,2023,Simple Injury,Hit pedestrian,One way,13.024873,77.534131
Yashawanthapura,2023,Grievous Injury,Hit pedestrian,Arterial,13.018491,77.553248
Yashawanthapura,2023,Grievous Injury,Vehicle to Vehicle,Others,13.025057,77.534081
Yashawanthapura,2023,Simple Injury,Hit bicyclist,Two way,13.016483,77.556467
Yashawanthapura,2023,Grievous Injury,Vehicle to Vehicle,Others,13.030809,77.536756
Yashawanthapura,2023,Damage Only,Vehicle to Vehicle,Two way,13.036836,77.541655
Yashawanthapura,2023,Damage Only,Vehicle to Vehicle,Others,13.030199,77.537997
Yashawanthapura,2023,Simple Injury,Vehicle to Vehicle,Others,13.032777,77.533252
Yashawanthapura,2023,Simple Injury,Vehicle to Vehicle,Arterial,13.030175,77.537088
Yashawanthapura,2023,Fatal,Vehicle to Vehicle,Arterial,13.019791,77.562289
Yashawanthapura,2023,Fatal,Hit pedestrian,Arterial,13.025147,77.560146
Yashawanthapura,2023,Grievous Injury,Vehicle to Vehicle,Arterial,13.025137,77.560153
Yashawanthapura,2023,Simple Injury,Vehicle to Vehicle,Arterial,13.017135,77.560462
Yashawanthapura,2023,Fatal,Not Applicable,Minor District Road,13.024498,77.548752
Yashawanthapura,2023,Grievous Injury,Hit pedestrian,Service Road,13.040197,77.549821
Yashawanthapura,2023,Grievous Injury,Vehicle to Vehicle,Service Road,13.022343,77.547134
Yashawanthapura,2023,Fatal,Vehicle to Vehicle,Arterial,13.03118,77.535262
Yashawanthapura,2023,Grievous Injury,Vehicle to Vehicle,Sub Arterial,13.015299,77.563829
Yashawanthapura,2023,Simple Injury,Vehicle to Vehicle,Arterial,13.034165,77.560553
Yashawanthapura,2023,Grievous Injury,Hit pedestrian,Service Road,13.020042,77.555493
Yashawanthapura,2023,Simple Injury,Vehicle to Vehicle,Two way,13.029589,77.54026
Yashawanthapura,2023,Grievous Injury,Vehicle to Vehicle,Others,13.027037,77.543582
Yashawanthapura,2023,Grievous Injury,Hit pedestrian,Residential Street,13.015362,77.547828
Yashawanthapura,2023,Simple Injury,Vehicle to Vehicle,Arterial,13.037339,77.541697
Yashawanthapura,2023,Fatal,Not Applicable,Two way,13.017218,77.560591
Yashawanthapura,2023,Damage Only,Vehicle to Vehicle,Sub Arterial,13.028744,77.540097
Yashawanthapura,2023,Fatal,Vehicle to Vehicle,Arterial,13.023385,77.533254
Yashawanthapura,2023,Simple Injury,Hit pedestrian,Others,13.025057,77.534081
Yashawanthapura,2023,Fatal,Vehicle to Vehicle,Two way,13.024887,77.54686
Yashawanthapura,2023,Damage Only,Vehicle to Vehicle,Others,13.032243,77.533898
Yashawanthapura,2023,Damage Only,Vehicle to Vehicle,Others,13.032139,77.534112
Yashawanthapura,2023,Damage Only,Vehicle to Vehicle,Arterial,13.030245,77.537135
Yashawanthapura,2023,Fatal,Vehicle to Vehicle,Arterial,13.019087,77.561726
Yashawanthapura,2023,Fatal,Vehicle to Vehicle,Arterial,13.029016,77.526907
Yashawanthapura,2023,Simple Injury,Vehicle to Vehicle,Arterial,13.024195,77.533616
Yashawanthapura,2023,Simple Injury,Hit pedestrian,Sub Arterial,13.035149,77.557485
Yashawanthapura,2023,Grievous Injury,Hit pedestrian,Sub Arterial,13.021033,77.541049
Yashawanthapura,2023,Simple Injury,Vehicle to Vehicle,Others,13.033035,77.554654
Yashawanthapura,2023,Fatal,Vehicle to Vehicle,Others,13.03022,77.537941
Yashawanthapura,2023,Grievous Injury,Vehicle to Vehicle,Others,13.03471,77.529754
Yashawanthapura,2023,Grievous Injury,Hit pedestrian,Others,13.015989,77.562523
Yashawanthapura,2023,Grievous Injury,Hit pedestrian,Others,13.021062,77.547559
Yashawanthapura,2023,Grievous Injury,Vehicle to Vehicle,Others,13.022408,77.52906
Yashawanthapura,2023,Grievous Injury,Hit pedestrian,Others,13.028934,77.540064
Yashawanthapura,2023,Damage Only,Vehicle to Vehicle,Arterial,13.027014,77.543562
Yashawanthapura,2023,Grievous Injury,Hit pedestrian,Sub Arterial,13.02443,77.548792
Yashawanthapura,2023,Grievous Injury,Not Applicable,Two way,13.031629,77.535826
Yashawanthapura,2023,Damage Only,Vehicle to Vehicle,Two way,13.028932,77.540057
Yashawanthapura,2023,Grievous Injury,Not Applicable,Others,13.023846,77.546513
Yashawanthapura,2023,Grievous Injury,Vehicle to Vehicle,Others,13.032775,77.533353
Yashawanthapura,2023,Grievous Injury,Vehicle to Vehicle,Others,13.032535,77.554055
Yashawanthapura,2023,Fatal,Hit pedestrian,Arterial,13.030067,77.5600608
Yashawanthapura,2023,Simple Injury,Vehicle to Vehicle,Arterial,13.03197,77.534801
Yashawanthapura,2023,Grievous Injury,Vehicle to Vehicle,Sub Arterial,13.030543,77.537132
Yashawanthapura,2023,Fatal,Hit pedestrian,Service Road,13.028587,77.536184
Yashawanthapura,2023,Grievous Injury,Hit pedestrian,Arterial,13.019025,77.553293
