station,year,severity,collision,road_type,lat,lng,fatal,crash_id
Adugodi,2016,Grievous Injury,Head on,City or Town Road,12.924586,77.632458,0,0
Adugodi,2016,Fatal,Head on,City or Town Road,12.941109,77.608659,1,1
Adugodi,2017,Damage Only,Rear end,City or Town Road,12.942224,77.602416,0,2
Adugodi,2017,Grievous Injury,Rear end,City or Town Road,12.929348,77.615997,0,3
Adugodi,2017,Grievous Injury,Right Turn Collision,City or Town Road,12.941165,77.602436,0,4
Adugodi,2017,Grievous Injury,Hit and Run,City or Town Road,12.941168,77.602353,0,5
Adugodi,2017,Grievous Injury,Right Turn Collision,City or Town Road,12.933431,77.623248,0,6
Adugodi,2017,Damage Only,Overturning,City or Town Road,12.935014,77.629078,0,7
Adugodi,2017,Simple Injury,Hit pedestrian,City or Town Road,12.948302,77.62087,0,8
Adugodi,2017,Grievous Injury,Hit pedestrian,City or Town Road,12.924914,77.633949,0,9
Adugodi,2017,Damage Only,Rear end,City or Town Road,12.926759,77.637684,0,10
Adugodi,2017,Damage Only,Hit and Run,City or Town Road,12.737221,77.626898,0,11
Adugodi,2017,Grievous Injury,Hit and Run,City or Town Road,12.928964,77.617589,0,12
Adugodi,2017,Grievous Injury,Others,City or Town Road,12.927382,77.621085,0,13
Adugodi,2017,Simple Injury,Hit pedestrian,City or Town Road,12.935365,77.614217,0,14
Adugodi,2017,Simple Injury,Hit pedestrian,City or Town Road,12.940022,77.624708,0,15
Adugodi,2017,Grievous Injury,Hit pedestrian,Others,12.934462,77.629644,0,16
Adugodi,2017,Simple Injury,Side impact or Right angle,Residential Street,12.9259102,77.6375508,0,17
Adugodi,2017,Grievous Injury,Hit pedestrian,City or Town Road,12.948848,77.620113,0,18
Adugodi,2017,Simple Injury,Head on,City or Town Road,12.9424663,77.6143973,0,19
Adugodi,2017,Simple Injury,Hit pedestrian,City or Town Road,12.940432,77.601248,0,20
Adugodi,2017,Fatal,Hit pedestrian,City or Town Road,12.939119,77.602125,1,21
Adugodi,2017,Grievous Injury,Head on,City or Town Road,12.936978,77.6265,0,22
Adugodi,2017,Grievous Injury,Hit pedestrian,City or Town Road,12.93635,77.627844,0,23
Adugodi,2017,Damage Only,Head on,City or Town Road,12.924606,77.6328,0,24
Adugodi,2017,Damage Only,Right Turn Collision,City or Town Road,12.937241,77.626898,0,25
Adugodi,2017,Fatal,Hit pedestrian,City or Town Road,12.948534,77.606388,1,26
Adugodi,2017,Fatal,Hit and Run,City or Town Road,12.927495,77.621067,1,27
Adugodi,2017,Grievous Injury,Hit and Run,City or Town Road,12.941111,77.602437,0,28
Adugodi,2018,Simple Injury,Others,City or Town Road,12.9501199,77.6033422,0,29
Adugodi,2019,Grievous Injury,Hit pedestrian,Two way,12.939946,77.609407,0,30
Adugodi,2019,Not Applicable,Vehicle to Vehicle,Two way,12.938836,77.609986,0,31
Adugodi,2019,Grievous Injury,Vehicle to Vehicle,Others,12.924315,77.630004,0,32
Adugodi,2019,Grievous Injury,Hit pedestrian,Two way,12.939923,77.609454,0,33
Adugodi,2019,Grievous Injury,Vehicle to Vehicle,Others,12.948711,77.606227,0,34
Adugodi,2019,Grievous Injury,Hit pedestrian,Two way,12.941566,77.608427,0,35
Adugodi,2019,Grievous Injury,Vehicle to Vehicle,Two way,12.927475,77.620893,0,36
Adugodi,2019,Grievous Injury,Hit pedestrian,Others,12.933329,77.627283,0,37
Adugodi,2019,Damage Only,Vehicle to Vehicle,One way,12.935055,77.623007,0,38
Adugodi,2019,Simple Injury,Vehicle to Vehicle,Others,12.944371,77.602831,0,39
Adugodi,2019,Grievous Injury,Not Applicable,Two way,12.943954,77.607559,0,40
Adugodi,2019,Simple Injury,Vehicle to Vehicle,Two way,12.938576,77.602022,0,41
Adugodi,2019,Grievous Injury,Vehicle to Vehicle,Two way,12.94024,77.625186,0,42
Adugodi,2019,Grievous Injury,Vehicle to Vehicle,Two way,12.948474,77.606253,0,43
Adugodi,2019,Grievous Injury,Hit pedestrian,Others,12.943991,77.607922,0,44
Adugodi,2019,Grievous Injury,Vehicle to Vehicle,Others,12.9512,77.618551,0,45
Adugodi,2019,Simple Injury,Vehicle to Vehicle,Two way,12.941982,77.608357,0,46
Adugodi,2019,Grievous Injury,Hit pedestrian,Two way,12.924889,77.634091,0,47
Adugodi,2019,Grievous Injury,Vehicle to Vehicle,Others,12.930324,77.63051,0,48
Adugodi,2019,Grievous Injury,Vehicle to Vehicle,Others,12.924828,77.634028,0,49
Adugodi,2019,Grievous Injury,Hit bicyclist,Others,12.933732,77.619722,0,50
Adugodi,2019,Damage Only,Vehicle to Vehicle,Others,12.943156,77.602884,0,51
Adugodi,2019,Grievous Injury,Hit pedestrian,Two way,12.93569,77.615093,0,52
Adugodi,2019,Fatal,Hit pedestrian,One way,12.942198,77.602597,1,53
Adugodi,2019,Fatal,Hit pedestrian,Two way,12.939609,77.609482,1,54
Adugodi,2019,Grievous Injury,Vehicle to Vehicle,Two way,12.937236,77.626986,0,55
Adugodi,2019,Grievous Injury,Vehicle to Vehicle,Others,12.941391,77.602548,0,56
Adugodi,2019,Grievous Injury,Hit pedestrian,Two way,12.946432,77.606862,0,57
Adugodi,2019,Grievous Injury,Vehicle to Vehicle,Others,12.942436,77.602747,0,58
Adugodi,2019,Grievous Injury,Vehicle to Vehicle,Two way,12.935021,77.624731,0,59
Adugodi,2019,Grievous Injury,Hit pedestrian,Two way,12.939089,77.609882,0,60
Adugodi,2019,Grievous Injury,Vehicle to Vehicle,Two way,12.941826,77.608321,0,61
Adugodi,2019,Damage Only,Vehicle to Vehicle,Others,12.925141,77.626672,0,62
Adugodi,2019,Grievous Injury,Vehicle to Vehicle,Two way,12.94168,77.602594,0,63
Adugodi,2019,Grievous Injury,Vehicle to Vehicle,Two way,12.942157,77.602609,0,64
Adugodi,2019,Damage Only,Vehicle to Vehicle,Two way,12.940864,77.602372,0,65
Adugodi,2019,Grievous Injury,Vehicle to Vehicle,Two way,12.938865,77.609804,0,66
Adugodi,2019,Grievous Injury,Hit pedestrian,Two way,12.925355,77.633637,0,67
Adugodi,2019,Grievous Injury,Vehicle to Vehicle,Two way,12.935292,77.621036,0,68
Adugodi,2020,Grievous Injury,Vehicle to Vehicle,Two way,12.92747,77.621042,0,69
Adugodi,2020,Simple Injury,Vehicle to Vehicle,Two way,12.940502,77.620214,0,70
Adugodi,2020,Grievous Injury,Hit pedestrian,Others,12.946772,77.618646,0,71
Adugodi,2020,Damage Only,Vehicle to Vehicle,Two way,12.924855,77.633574,0,72
Adugodi,2020,Grievous Injury,Vehicle to Vehicle,Two way,12.9275253,77.6208927,0,73
Adugodi,2021,Grievous Injury,Vehicle to Vehicle,Two way,12.940455,77.620258,0,74
Adugodi,2021,Grievous Injury,Hit pedestrian,Two way,12.926926,77.63367,0,75
Adugodi,2021,Grievous Injury,Vehicle to Vehicle,Two way,12.946206,77.607014,0,76
Adugodi,2021,Grievous Injury,Vehicle to Vehicle,Others,12.937089,77.607982,0,77
Adugodi,2021,Grievous Injury,Not Applicable,Two way,12.935863,77.625139,0,78
Adugodi,2022,Grievous Injury,Vehicle to Vehicle,Two way,13.093267,77.56204,0,79
Adugodi,2022,Fatal,Vehicle to Vehicle,Minor District Road,12.927551,77.621047,1,80
Adugodi,2022,Grievous Injury,Vehicle to Vehicle,Two way,12.939212,77.625754,0,81
Adugodi,2022,Grievous Injury,Hit pedestrian,Arterial,12.928894,77.617294,0,82
Adugodi,2022,Fatal,Hit pedestrian,Arterial,12.943619,77.607686,1,83
Adugodi,2022,Simple Injury,Vehicle to Vehicle,Two way,12.946777,77.606786,0,84
Adugodi,2022,Damage Only,Vehicle to Vehicle,Others,12.928819,77.617435,0,85
Adugodi,2022,Grievous Injury,Hit pedestrian,Major District Road,12.928814,77.617617,0,86
Adugodi,2022,Grievous Injury,Not Applicable,Minor District Road,12.929531,77.615819,0,87
Adugodi,2022,Grievous Injury,Hit bicyclist,Two way,12.930531,77.626293,0,88
Adugodi,2023,Grievous Injury,Vehicle to Vehicle,Major District Road,12.931473,77.622572,0,89
Adugodi,2023,Damage Only,Vehicle to Vehicle,Others,12.940121,77.603274,0,90
Adugodi,2023,Grievous Injury,Hit pedestrian,Arterial,12.932391,77.613466,0,91
Adugodi,2023,Grievous Injury,Hit pedestrian,Arterial,12.928911,77.617475,0,92
Adugodi,2023,Damage Only,Vehicle to Vehicle,Arterial,12.94144,77.62072,0,93
Adugodi,2023,Grievous Injury,Hit pedestrian,Major District Road,12.93535,77.628738,0,94
Adugodi,2023,Grievous Injury,Vehicle to Vehicle,Major District Road,12.936839,77.627022,0,95
Adugodi,2023,Grievous Injury,Hit pedestrian,Two way,12.925082,77.63398,0,96
Adugodi,2023,Grievous Injury,Vehicle to Vehicle,Two way,12.946139,77.602489,0,97
Adugodi,2023,Grievous Injury,Hit pedestrian,Arterial,12.931935,77.632306,0,98
Adugodi,2023,Fatal,Hit pedestrian,Arterial,12.929133,77.616604,1,99
Adugodi,2023,Fatal,Vehicle to Vehicle,Major District Road,12.927567,77.62091,1,100
Adugodi,2023,Grievous Injury,Hit pedestrian,Arterial,12.924496,77.638649,0,101
Adugodi,2023,Grievous Injury,Vehicle to Vehicle,Two way,12.940703,77.626854,0,102
Adugodi,2023,Grievous Injury,Vehicle to Vehicle,Major District Road,12.935277,77.62442,0,103
Adugodi,2023,Simple Injury,Vehicle to Vehicle,Two way,12.937786,77.627892,0,104
Adugodi,2023,Grievous Injury,Hit pedestrian,Arterial,12.937419,77.626825,0,105
Adugodi,2023,Grievous Injury,Hit pedestrian,Major District Road,12.948392,77.606295,0,106
Adugodi,2023,Grievous Injury,Hit pedestrian,Major District Road,12.924845,77.637935,0,107
Adugodi,2023,Simple Injury,Vehicle to Vehicle,Others,12.937835,77.627854,0,108
Adugodi,2023,Grievous Injury,Vehicle to Vehicle,Major District Road,12.935353,77.628738,0,109
Adugodi,2023,Grievous Injury,Hit pedestrian,Two way,12.933309,77.62547,0,110
Airport,2016,Grievous Injury,Head on,Others,12.943187,77.697475,0,111
Airport,2016,Grievous Injury,Hit pedestrian,Others,12.955785,77.69196,0,112
Airport,2016,Fatal,Hit pedestrian,Others,12.955218,77.687984,1,113
Airport,2016,Fatal,Hit pedestrian,Others,12.95925,77.662351,1,114
Airport,2017,Simple Injury,Hit pedestrian,Arterial,12.95688,77.70063,0,115
Airport,2017,Grievous Injury,Hit and Run,Arterial,12.95987,77.66746,0,116
Airport,2017,Not Applicable,Hit and Run,Arterial,12.94307,77.69218,0,117
Airport,2017,Grievous Injury,Head on,Others,12.929788,77.68449,0,118
Airport,2017,Simple Injury,Hit pedestrian,Arterial,12.95977,77.7016,0,119
Airport,2017,Grievous Injury,Hit pedestrian,Others,12.93341,77.69136,0,120
Airport,2018,Fatal,Hit pedestrian,Others,12.951115,77.699668,1,121
Airport,2018,Fatal,Hit and Run,City or Town Road,12.9350036,77.6906,1,122
Airport,2018,Damage Only,Overturning,Two way,12.956117,77.711939,0,123
Airport,2018,Fatal,Others,Others,12.965281,77.692442,1,124
Airport,2018,Fatal,Not Applicable,City or Town Road,12.948329,77.699114,1,125
Airport,2018,Fatal,Hit pedestrian,Others,12.947558,77.698964,1,126
Airport,2018,Fatal,Hit and Run,City or Town Road,12.95597,77.692816,1,127
Airport,2018,Fatal,Others,City or Town Road,12.955965,77.713268,1,128
Airport,2018,Damage Only,Head on,Others,12.934922,77.690536,0,129
Airport,2019,Fatal,Hit pedestrian,State Highway,12.96312,77.701758,1,130
Airport,2019,Fatal,Hit pedestrian,Others,12.957718,77.672524,1,131
Airport,2019,Fatal,Head on,Residential Street,12.964465,77.675596,1,132
Airport,2019,Fatal,Hit pedestrian,Others,12.937458,77.693193,1,133
Airport,2019,Simple Injury,Others,City or Town Road,12.971651,77.693701,0,134
Airport,2020,Fatal,Vehicle to Vehicle,One way,12.956556,77.705754,1,135
Airport,2020,Grievous Injury,Vehicle to Vehicle,Two way,12.956622,77.697924,0,136
Airport,2021,Grievous Injury,Vehicle to Vehicle,One way,12.937446,77.693259,0,137
Airport,2022,Grievous Injury,Hit pedestrian,Two way,12.928805,77.682394,0,138
Airport,2022,Damage Only,Hit pedestrian,Two way,12.964001,77.663841,0,139
Airport,2023,Grievous Injury,Hit bicyclist,Others,12.958857,77.667531,0,140
Airport,2023,Simple Injury,Vehicle to Vehicle,Two way,12.955249,77.688148,0,141
Airport,2023,Grievous Injury,Not Applicable,Two way,12.956874,77.701385,0,142
Airport,2023,Damage Only,Vehicle to Vehicle,Others,12.965341,77.662685,0,143
Airport,2023,Grievous Injury,Vehicle to Vehicle,Two way,12.974345,77.68114,0,144
Airport,2023,Grievous Injury,Hit pedestrian,Not Applicable,12.964966,77.678457,0,145
Airport,2023,Grievous Injury,Vehicle to Vehicle,Two way,12.956978,77.701282,0,146
Airport,2023,Fatal,Hit pedestrian,Two way,12.956756,77.704023,1,147
Airport,2023,Grievous Injury,Vehicle to Vehicle,Two way,12.956393,77.674848,0,148
Airport,2023,Grievous Injury,Vehicle to Vehicle,Others,12.962596,77.701646,0,149
Airport,2023,Grievous Injury,Vehicle to Vehicle,Others,12.972011,77.711758,0,150
Airport,2023,Grievous Injury,Vehicle to Vehicle,Others,12.965458,77.662578,0,151
Airport,2023,Grievous Injury,Not Applicable,Others,12.955724,77.688135,0,152
Airport,2023,Grievous Injury,Vehicle to Vehicle,Two way,12.958857,77.667531,0,153
Airport,2023,Grievous Injury,Hit pedestrian,Others,12.928742,77.694818,0,154
Airport,2023,Grievous Injury,Not Applicable,Others,12.968876,77.712993,0,155
Airport,2023,Grievous Injury,Vehicle to Vehicle,Residential Street,12.949358,77.70992,0,156
Airport,2023,Fatal,Vehicle to Vehicle,Service Road,12.946571,77.698783,1,157
Airport,2023,Grievous Injury,Hit pedestrian,Two way,12.94215,77.696965,0,158
Airport,2023,Fatal,Hit pedestrian,Two way,12.964851,77.71839,1,159
Airport,2023,Grievous Injury,Vehicle to Vehicle,Service Road,12.934756,77.690187,0,160
Airport,2023,Damage Only,Vehicle to Vehicle,Others,12.929954,77.685225,0,161
Airport,2023,Grievous Injury,Hit bicyclist,Others,12.957041,77.673833,0,162
Airport,2023,Simple Injury,Vehicle to Vehicle,Two way,12.958857,77.667531,0,163
Airport,2023,Fatal,Vehicle to Vehicle,Two way,12.956508,77.696481,1,164
Airport,2023,Fatal,Not Applicable,Two way,12.957473,77.701027,1,165
Airport,2023,Damage Only,Vehicle to Vehicle,Others,12.954859,77.686639,0,166
Airport,2023,Grievous Injury,Vehicle to Vehicle,Two way,12.971093,77.681772,0,167
Airport,2023,Grievous Injury,Hit pedestrian,Others,12.955467,77.715096,0,168
Airport,2023,Grievous Injury,Vehicle to Vehicle,Not Applicable,12.929733,77.685241,0,169
Ashokanagar,2016,Damage Only,Rear end,City or Town Road,12.974022,77.611511,0,170
Ashokanagar,2016,Simple Injury,Hit pedestrian,City or Town Road,12.975095,77.607995,0,171
Ashokanagar,2016,Grievous Injury,Rear end,City or Town Road,12.967694,77.606634,0,172
Ashokanagar,2016,Fatal,Hit pedestrian,City or Town Road,12.974971,77.608114,1,173
Ashokanagar,2016,Grievous Injury,Rear end,City or Town Road,12.967695,77.600009,0,174
Ashokanagar,2016,Grievous Injury,Hit and Run,City or Town Road,12.951451,77.622132,0,175
Ashokanagar,2016,Grievous Injury,Head on,City or Town Road,12.962105,77.597093,0,176
Ashokanagar,2016,Damage Only,Rear end,City or Town Road,12.97092,77.604893,0,177
Ashokanagar,2016,Damage Only,Others,City or Town Road,12.952687,77.605238,0,178
Ashokanagar,2016,Grievous Injury,Others,Residential Street,12.963145,77.60134,0,179
Ashokanagar,2016,Grievous Injury,Hit bicyclist,City or Town Road,12.9645,77.614461,0,180
Ashokanagar,2016,Simple Injury,Hit bicyclist,City or Town Road,12.96086,77.600533,0,181
Ashokanagar,2016,Simple Injury,Others,One way,12.97092,77.604893,0,182
Ashokanagar,2016,Simple Injury,Hit and Run,Two way,12.965118,77.606947,0,183
Ashokanagar,2016,Fatal,Hit bicyclist,Two way,12.958174,77.621251,1,184
Ashokanagar,2016,Fatal,Skidding or Self accident,City or Town Road,12.965845,77.597857,1,185
Ashokanagar,2016,Grievous Injury,Hit pedestrian,City or Town Road,12.966948,77.60787,0,186
Ashokanagar,2016,Damage Only,Hit and Run,One way,12.970744,77.604505,0,187
Ashokanagar,2019,Grievous Injury,Hit and Run,Two way,12.943508,77.630421,0,188
Ashokanagar,2019,Fatal,Vehicle to Vehicle,Two way,12.9669498,77.6065976,1,189
Ashokanagar,2020,Grievous Injury,Vehicle to Vehicle,Two way,12.956077,77.605637,0,190
Ashokanagar,2020,Simple Injury,Vehicle to Vehicle,Two way,12.952709,77.605162,0,191
Ashokanagar,2022,Not Applicable,Vehicle to Vehicle,One way,12.974798,77.607746,0,192
Ashokanagar,2022,Simple Injury,Vehicle to Vehicle,One way,12.966182,77.598169,0,193
Ashokanagar,2022,Fatal,Hit pedestrian,Sub Arterial,12.957067,77.615238,1,194
Ashokanagar,2022,Grievous Injury,Vehicle to Vehicle,Two way,12.960269,77.606468,0,195
Ashokanagar,2022,Grievous Injury,Vehicle to Vehicle,Two way,12.951718,77.610091,0,196
Ashokanagar,2022,Grievous Injury,Vehicle to Vehicle,Two way,12.970068,77.61028,0,197
Ashokanagar,2022,Grievous Injury,Vehicle to Vehicle,Two way,12.975006,77.608249,0,198
Ashokanagar,2023,Grievous Injury,Not Applicable,One way,12.968,77.600324,0,199
Ashokanagar,2023,Grievous Injury,Not Applicable,One way,12.970448,77.604978,0,200
Ashokanagar,2023,Grievous Injury,Vehicle to Vehicle,Two way,12.955846,77.620866,0,201
Ashokanagar,2023,Fatal,Hit pedestrian,Two way,12.965708,77.609466,1,202
Ashokanagar,2023,Grievous Injury,Vehicle to Vehicle,One way,12.934719,77.630314,0,203
Ashokanagar,2023,Grievous Injury,Not Applicable,Two way,12.96159,77.613061,0,204
Ashokanagar,2023,Damage Only,Vehicle to Vehicle,Two way,12.974199,77.61211,0,205
Ashokanagar,2023,Grievous Injury,Vehicle to Vehicle,One way,12.967072,77.610883,0,206
Ashokanagar,2023,Damage Only,Vehicle to Vehicle,Two way,12.974029,77.611792,0,207
Ashokanagar,2023,Grievous Injury,Vehicle to Vehicle,Two way,12.934719,77.630314,0,208
Ashokanagar,2023,Grievous Injury,Hit pedestrian,Two way,12.973069,77.609204,0,209
Ashokanagar,2023,Grievous Injury,Vehicle to Vehicle,One way,12.971883,77.607072,0,210
Ashokanagar,2023,Grievous Injury,Vehicle to Vehicle,Two way,12.961606,77.612738,0,211
Ashokanagar,2023,Grievous Injury,Not Applicable,Two way,12.958826,77.612131,0,212
Ashokanagar,2023,Grievous Injury,Vehicle to Vehicle,Two way,12.964707,77.6037,0,213
Ashokanagar,2023,Grievous Injury,Vehicle to Vehicle,Two way,12.975078,77.607968,0,214
Ashokanagar,2023,Grievous Injury,Vehicle to Vehicle,Two way,12.974046,77.610166,0,215
Ashokanagar,2023,Fatal,Vehicle to Vehicle,Two way,12.961492,77.599314,1,216
Banasawadi,2017,Fatal,Hit fixed object,City or Town Road,13.008571,77.632392,1,217
Banasawadi,2017,Fatal,Others,City or Town Road,13.048648,77.645404,1,218
Banasawadi,2018,Fatal,Vehicle to Vehicle,Two way,13.019494,77.654324,1,219
Banasawadi,2018,Grievous Injury,Hit pedestrian,City or Town Road,13.02815,77.631887,0,220
Banasawadi,2019,Fatal,Hit and Run,City or Town Road,13.010377,77.645086,1,221
Banasawadi,2019,Grievous Injury,Vehicle to Vehicle,Two way,13.014104,77.638143,0,222
Banasawadi,2019,Fatal,Hit pedestrian,City or Town Road,13.02625,77.637241,1,223
Banasawadi,2020,Grievous Injury,Vehicle to Vehicle,Two way,13.006819,77.6394049,0,224
Banasawadi,2022,Grievous Injury,Not Applicable,Arterial,13.03405,77.63835,0,225
Banasawadi,2022,Grievous Injury,Vehicle to Vehicle,Two way,13.0218,77.6405,0,226
Banasawadi,2022,Grievous Injury,Vehicle to Vehicle,Others,13.039713,77.639111,0,227
Banasawadi,2022,Grievous Injury,Vehicle to Vehicle,Arterial,13.0188775,77.6299484,0,228
Banasawadi,2022,Damage Only,Vehicle to Vehicle,Two way,13.0203,77.6542,0,229
Banasawadi,2022,Grievous Injury,Hit pedestrian,Two way,13.028005,77.639969,0,230
Banasawadi,2022,Fatal,Vehicle to Vehicle,Others,13.02981,77.63109,1,231
Banasawadi,2022,Simple Injury,Vehicle to Vehicle,Others,13.02689,77.6365465,0,232
Banasawadi,2022,Grievous Injury,Vehicle to Vehicle,Others,13.053703,77.645427,0,233
Banasawadi,2022,Grievous Injury,Vehicle to Vehicle,Sub Arterial,13.034256,77.632675,0,234
Banasawadi,2022,Fatal,Hit pedestrian,Two way,13.0129191,77.6258461,1,235
Banasawadi,2022,Grievous Injury,Hit pedestrian,Arterial,13.0366438,77.627695,0,236
Banasawadi,2022,Grievous Injury,Vehicle to Vehicle,Two way,13.0306,77.5514,0,237
Banasawadi,2022,Grievous Injury,Hit pedestrian,Two way,13.022072,77.629694,0,238
Banasawadi,2022,Grievous Injury,Not Applicable,Two way,13.0224057,77.6469518,0,239
Banasawadi,2022,Grievous Injury,Vehicle to Vehicle,Others,13.0347435,77.6651497,0,240
Banasawadi,2022,Grievous Injury,Vehicle to Vehicle,Others,13.0452646,77.626882,0,241
Banasawadi,2023,Simple Injury,Not Applicable,Residential Street,13.124711,77.542351,0,242
Banasawadi,2023,Simple Injury,Vehicle to Vehicle,Residential Street,13.02274,77.637191,0,243
Banasawadi,2023,Grievous Injury,Vehicle to Vehicle,Others,13.022379,77.648663,0,244
Banasawadi,2023,Grievous Injury,Vehicle to Vehicle,Others,13.016946,77.643156,0,245
Banasawadi,2023,Grievous Injury,Vehicle to Vehicle,Two way,13.019465,77.640025,0,246
Banasawadi,2023,Grievous Injury,Vehicle to Vehicle,Two way,13.019483,77.640075,0,247
Banasawadi,2023,Grievous Injury,Vehicle to Vehicle,Two way,13.019474,77.640004,0,248
Banasawadi,2023,Grievous Injury,Vehicle to Vehicle,Two way,13.014925,77.653369,0,249
Banasawadi,2023,Simple Injury,Vehicle to Vehicle,Two way,13.019465,77.640025,0,250
Banasawadi,2023,Grievous Injury,Not Applicable,Others,13.019432,77.640025,0,251
Banasawadi,2023,Fatal,Vehicle to Vehicle,Two way,13.019465,77.632622,1,252
Banasawadi,2023,Fatal,Not Applicable,Sub Arterial,12.996741,77.642259,1,253
Banasawadi,2023,Grievous Injury,Vehicle to Vehicle,Two way,13.019465,77.640044,0,254
Banasawadi,2023,Grievous Injury,Not Applicable,One way,13.019465,77.640025,0,255
Banasawadi,2023,Damage Only,Vehicle to Vehicle,Service Road,13.020947,77.650928,0,256
Banasawadi,2023,Grievous Injury,Hit pedestrian,Two way,13.011028,77.624954,0,257
Banasawadi,2023,Grievous Injury,Vehicle to Vehicle,Two way,13.019466,77.640068,0,258
Banasawadi,2023,Damage Only,Vehicle to Vehicle,Two way,13.005318,77.635478,0,259
Banasawadi,2023,Grievous Injury,Vehicle to Vehicle,Two way,13.011028,77.624954,0,260
Banasawadi,2023,Damage Only,Vehicle to Vehicle,Service Road,13.022379,77.640025,0,261
Banasawadi,2023,Grievous Injury,Vehicle to Vehicle,Not Applicable,13.027652,77.632645,0,262
Banasawadi,2023,Grievous Injury,Not Applicable,Two way,13.018455,77.632133,0,263
Banasawadi,2023,Grievous Injury,Vehicle to Vehicle,Two way,13.016066,77.629238,0,264
Banasawadi,2023,Damage Only,Vehicle to Vehicle,Two way,13.020316,77.643196,0,265
Banashankari,2016,Damage Only,Head on,City or Town Road,12.93532,77.53602,0,266
Banashankari,2016,Simple Injury,Others,City or Town Road,12.912643,77.552666,0,267
Banashankari,2016,Simple Injury,Not Applicable,City or Town Road,12.932786,77.575568,0,268
Banashankari,2016,Simple Injury,Others,City or Town Road,12.94065,77.54632,0,269
Banashankari,2017,Grievous Injury,Hit and Run,City or Town Road,12.93892,77.54515,0,270
Banashankari,2017,Simple Injury,Others,Two way,12.924218,77.568919,0,271
Banashankari,2017,Simple Injury,Hit and Run,City or Town Road,12.936883,77.55257,0,272
Banashankari,2017,Simple Injury,Right Turn Collision,City or Town Road,12.926951,77.544387,0,273
Banashankari,2017,Simple Injury,Not Applicable,Two way,12.923293,77.561214,0,274
Banashankari,2017,Simple Injury,Hit and Run,City or Town Road,12.920904,77.573839,0,275
Banashankari,2017,Damage Only,Not Applicable,Two way,12.929534,77.576478,0,276
Banashankari,2017,Simple Injury,Not Applicable,City or Town Road,12.93475,77.562044,0,277
Banashankari,2017,Simple Injury,Hit and Run,City or Town Road,12.92514,77.55017,0,278
Banashankari,2017,Simple Injury,Not Applicable,Two way,12.920954,77.561862,0,279
Banashankari,2017,Simple Injury,Hit and Run,City or Town Road,12.933165,77.543488,0,280
Banashankari,2017,Simple Injury,Not Applicable,Two way,12.921877,77.560394,0,281
Banashankari,2017,Simple Injury,Not Applicable,Two way,12.923899,77.553746,0,282
Banashankari,2017,Simple Injury,Hit pedestrian,City or Town Road,12.930016,77.535855,0,283
Banashankari,2017,Simple Injury,Not Applicable,Two way,12.927973,77.5519,0,284
Banashankari,2017,Simple Injury,Head on,City or Town Road,12.92474,77.56062,0,285
Banashankari,2017,Simple Injury,Hit pedestrian,City or Town Road,12.92198,77.56974,0,286
Banashankari,2017,Simple Injury,Others,Two way,12.94032,77.548408,0,287
Banashankari,2017,Damage Only,Not Applicable,Two way,12.928818,77.566189,0,288
Banashankari,2017,Simple Injury,Others,Two way,12.93003,77.567041,0,289
Banashankari,2017,Simple Injury,Not Applicable,Two way,12.934493,77.537523,0,290
Banashankari,2017,Simple Injury,Hit parked vehicle,City or Town Road,12.915678,77.565378,0,291
Banashankari,2017,Simple Injury,Others,Two way,12.9425369,77.5460194,0,292
Banashankari,2017,Grievous Injury,Others,Two way,12.914542,77.562918,0,293
Banashankari,2017,Simple Injury,Others,City or Town Road,12.9193081,77.5691122,0,294
Banashankari,2017,Simple Injury,Not Applicable,Two way,12.916735,77.574036,0,295
Banashankari,2017,Simple Injury,Not Applicable,Two way,12.934717,77.573803,0,296
Banashankari,2017,Damage Only,Not Applicable,City or Town Road,12.921659,77.560385,0,297
Banashankari,2017,Simple Injury,Hit pedestrian,Two way,12.922855,77.570241,0,298
Banashankari,2017,Fatal,Hit and Run,City or Town Road,12.934192,77.54664,1,299
Banashankari,2017,Simple Injury,Hit and Run,City or Town Road,12.9219169,77.5597482,0,300
Banashankari,2017,Damage Only,Hit parked vehicle,Residential Street,12.915397,77.567266,0,301
Banashankari,2017,Simple Injury,Not Applicable,One way,12.925127,77.565751,0,302
Banashankari,2017,Damage Only,Side swipe,Two way,12.937199,77.533969,0,303
Banashankari,2017,Simple Injury,Hit and Run,City or Town Road,12.926903,77.568279,0,304
Banashankari,2017,Simple Injury,Others,Two way,12.930499,77.543528,0,305
Banashankari,2017,Simple Injury,Not Applicable,One way,12.919461,77.543871,0,306
Banashankari,2017,Simple Injury,Not Applicable,Two way,12.927901,77.555802,0,307
Banashankari,2017,Simple Injury,Hit and Run,City or Town Road,12.9292002,77.5701998,0,308
Banashankari,2017,Simple Injury,Not Applicable,Two way,12.930789,77.567015,0,309
Banashankari,2017,Simple Injury,Others,Two way,12.919115,77.56435,0,310
Banashankari,2017,Simple Injury,Not Applicable,Two way,12.921404,77.560333,0,311
Banashankari,2017,Fatal,Right Turn Collision,Two way,12.930331,77.57646,1,312
Banashankari,2017,Grievous Injury,Not Applicable,Two way,12.9379998,77.533704,0,313
Banashankari,2017,Fatal,Not Applicable,Two way,12.926708,77.57358,1,314
Banashankari,2017,Simple Injury,Right Turn Collision,City or Town Road,12.925331,77.565815,0,315
Banashankari,2017,Grievous Injury,Not Applicable,One way,12.92229,77.560365,0,316
Banashankari,2017,Simple Injury,Not Applicable,Two way,12.919412,77.562751,0,317
Banashankari,2017,Simple Injury,Hit and Run,City or Town Road,12.936826,77.533905,0,318
Banashankari,2017,Simple Injury,Not Applicable,Sub Arterial,12.934249,77.541787,0,319
Banashankari,2017,Fatal,Others,Two way,12.930561,77.543499,1,320
Banashankari,2017,Simple Injury,Others,Two way,12.935152,77.561438,0,321
Banashankari,2017,Simple Injury,Not Applicable,Two way,12.932206,77.541118,0,322
Banashankari,2017,Simple Injury,Not Applicable,One way,12.940634,77.547753,0,323
Banashankari,2017,Simple Injury,Not Applicable,Two way,12.91649,77.573684,0,324
Banashankari,2017,Simple Injury,Hit pedestrian,City or Town Road,12.927862,77.573752,0,325
Banashankari,2017,Simple Injury,Hit pedestrian,City or Town Road,12.93736,77.576376,0,326
Banashankari,2017,Damage Only,Not Applicable,Two way,12.915592,77.573597,0,327
Banashankari,2017,Simple Injury,Not Applicable,One way,12.922201,77.560335,0,328
Banashankari,2017,Simple Injury,Not Applicable,Two way,12.947297,77.54901,0,329
Banashankari,2017,Simple Injury,Not Applicable,Two way,12.926556,77.552828,0,330
Banashankari,2017,Simple Injury,Hit and Run,City or Town Road,12.929019,77.567835,0,331
Banashankari,2017,Damage Only,Others,Others,12.932109,77.541195,0,332
Banashankari,2017,Grievous Injury,Not Applicable,Two way,12.915084,77.569211,0,333
Banashankari,2017,Simple Injury,Not Applicable,City or Town Road,12.925757,77.556285,0,334
Banashankari,2017,Fatal,Hit and Run,City or Town Road,12.935225,77.536294,1,335
Banashankari,2017,Simple Injury,Hit and Run,City or Town Road,12.928727,77.567954,0,336
Banashankari,2018,Simple Injury,Not Applicable,Two way,12.931386,77.575957,0,337
Banashankari,2018,Fatal,Not Applicable,Two way,12.933949,77.538896,1,338
Banashankari,2018,Simple Injury,Hit and Run,City or Town Road,12.92307,77.545872,0,339
Banashankari,2018,Simple Injury,Overturning,City or Town Road,12.932341,77.541042,0,340
Banashankari,2018,Simple Injury,Others,City or Town Road,12.925033,77.553394,0,341
Banashankari,2018,Fatal,Others,Two way,12.921713,77.543403,1,342
Banashankari,2018,Simple Injury,Right Turn Collision,City or Town Road,12.933634,77.57372,0,343
Banashankari,2018,Simple Injury,Others,City or Town Road,12.921928,77.560224,0,344
Banashankari,2018,Simple Injury,Not Applicable,Two way,12.92939,77.573672,0,345
Banashankari,2018,Simple Injury,Side impact or Right angle,City or Town Road,12.928011,77.567905,0,346
Banashankari,2018,Simple Injury,Hit and Run,City or Town Road,12.935253,77.536675,0,347
Banashankari,2018,Simple Injury,Hit pedestrian,City or Town Road,12.931543,77.555206,0,348
Banashankari,2018,Simple Injury,Not Applicable,Two way,12.925688,77.573486,0,349
Banashankari,2018,Simple Injury,Not Applicable,Two way,12.939612,77.54378,0,350
Banashankari,2018,Simple Injury,Overturning,Two way,12.929621,77.572551,0,351
Banashankari,2018,Simple Injury,Others,City or Town Road,12.92532,77.549994,0,352
Banashankari,2018,Simple Injury,Hit pedestrian,City or Town Road,12.922831,77.543466,0,353
Banashankari,2018,Simple Injury,Overturning,Two way,12.94322,77.544904,0,354
Banashankari,2018,Fatal,Hit pedestrian,City or Town Road,12.935059,77.547289,1,355
Banashankari,2018,Simple Injury,Overturning,Two way,12.921757,77.560205,0,356
Banashankari,2018,Simple Injury,Hit and Run,City or Town Road,12.922259,77.544934,0,357
Banashankari,2018,Simple Injury,Hit pedestrian,City or Town Road,12.932798,77.608484,0,358
Banashankari,2018,Simple Injury,Right Turn Collision,City or Town Road,12.933587,77.542094,0,359
Banashankari,2018,Simple Injury,Hit pedestrian,City or Town Road,12.926159,77.548727,0,360
Banashankari,2018,Simple Injury,Hit and Run,City or Town Road,12.917835,77.56447,0,361
Banashankari,2018,Simple Injury,Not Applicable,Two way,12.930523,77.543662,0,362
Banashankari,2018,Simple Injury,Not Applicable,Two way,12.928872,77.573659,0,363
Banashankari,2018,Simple Injury,Not Applicable,City or Town Road,12.93426,77.573855,0,364
Banashankari,2018,Simple Injury,Not Applicable,Two way,12.933355,77.53971,0,365
Banashankari,2018,Simple Injury,Others,City or Town Road,12.933407,77.566477,0,366
Banashankari,2018,Simple Injury,Not Applicable,Two way,12.916584,77.564977,0,367
Banashankari,2018,Damage Only,Not Applicable,City or Town Road,12.926929,77.565749,0,368
Banashankari,2018,Simple Injury,Not Applicable,Two way,12.939646,77.541658,0,369
Banashankari,2018,Simple Injury,Not Applicable,Two way,12.923958,77.553307,0,370
Banashankari,2018,Simple Injury,Others,Two way,12.930595,77.547169,0,371
Banashankari,2018,Damage Only,Not Applicable,Two way,12.929527,77.573063,0,372
Banashankari,2018,Simple Injury,Others,City or Town Road,12.922233,77.560256,0,373
Banashankari,2018,Simple Injury,Others,City or Town Road,12.938488,77.550499,0,374
Banashankari,2018,Simple Injury,Others,City or Town Road,12.917103,77.573478,0,375
Banashankari,2018,Simple Injury,Not Applicable,Two way,12.930576,77.543543,0,376
Banashankari,2018,Simple Injury,Others,Not Applicable,12.92936,77.539951,0,377
Banashankari,2018,Simple Injury,Not Applicable,Two way,12.927218,77.576188,0,378
Banashankari,2018,Simple Injury,Not Applicable,One way,12.917602,77.557839,0,379
Banashankari,2018,Simple Injury,Not Applicable,City or Town Road,12.928333,77.573591,0,380
Banashankari,2018,Simple Injury,Hit pedestrian,City or Town Road,12.927257,77.536766,0,381
Banashankari,2018,Fatal,Hit pedestrian,City or Town Road,12.917626,77.5642,1,382
Banashankari,2018,Simple Injury,Others,Two way,12.940592,77.54765,0,383
Banashankari,2018,Fatal,Hit bicyclist,Two way,12.919812,77.562834,1,384
Banashankari,2018,Simple Injury,Hit and Run,Two way,12.925693,77.560907,0,385
Banashankari,2018,Damage Only,Others,City or Town Road,12.923605,77.573568,0,386
Banashankari,2018,Simple Injury,Hit pedestrian,City or Town Road,12.942511,77.547504,0,387
Banashankari,2018,Damage Only,Not Applicable,Two way,12.927911,77.55084,0,388
Banashankari,2018,Simple Injury,Not Applicable,Two way,12.939681,77.547765,0,389
Banashankari,2018,Simple Injury,Not Applicable,Two way,12.938013,77.533921,0,390
Banashankari,2018,Damage Only,Hit and Run,Two way,12.91491,77.565707,0,391
Banashankari,2018,Simple Injury,Others,City or Town Road,12.91408,77.566184,0,392
Banashankari,2018,Simple Injury,Not Applicable,Two way,12.924216,77.566197,0,393
Banashankari,2018,Simple Injury,Not Applicable,Two way,12.917238,77.564654,0,394
Banashankari,2018,Not Applicable,Not Applicable,Two way,12.92859,77.567882,0,395
Banashankari,2018,Simple Injury,Hit pedestrian,City or Town Road,12.919972,77.562344,0,396
Banashankari,2018,Simple Injury,Hit pedestrian,City or Town Road,12.935074,77.559113,0,397
Banashankari,2018,Simple Injury,Hit pedestrian,City or Town Road,12.935347,77.54755,0,398
Banashankari,2018,Not Applicable,Hit animal,City or Town Road,12.92089,77.539985,0,399
Banashankari,2018,Simple Injury,Others,City or Town Road,12.91515,77.565387,0,400
Banashankari,2018,Simple Injury,Hit and Run,Two way,12.934234,77.562226,0,401
Banashankari,2018,Simple Injury,Not Applicable,Two way,12.934462,77.559611,0,402
Banashankari,2018,Damage Only,Not Applicable,Two way,12.924651,77.551222,0,403
Banashankari,2018,Simple Injury,Others,City or Town Road,12.938485,77.550526,0,404
Banashankari,2018,Simple Injury,Hit and Run,City or Town Road,12.92994,77.566688,0,405
Banashankari,2018,Simple Injury,Not Applicable,City or Town Road,12.929134,77.554106,0,406
Banashankari,2018,Simple Injury,Not Applicable,Two way,12.925564,77.565411,0,407
Banashankari,2018,Simple Injury,Not Applicable,Two way,12.912264,77.567283,0,408
Banashankari,2018,Simple Injury,Hit and Run,Two way,12.926658,77.549939,0,409
Banashankari,2019,Grievous Injury,Hit bicyclist,Others,12.938082,77.533802,0,410
Banashankari,2019,Damage Only,Vehicle to Vehicle,Two way,12.922708,77.560448,0,411
Banashankari,2019,Grievous Injury,Vehicle to Vehicle,Others,12.929533,77.534755,0,412
Banashankari,2019,Grievous Injury,Vehicle to Vehicle,Others,12.938791,77.54876,0,413
Banashankari,2019,Grievous Injury,Vehicle to Vehicle,Two way,12.934436,77.546802,0,414
Banashankari,2019,Fatal,Vehicle to Vehicle,Others,12.925368,77.546193,1,415
Banashankari,2019,Grievous Injury,Vehicle to Vehicle,Others,12.930862,77.554192,0,416
Banashankari,2019,Grievous Injury,Hit pedestrian,Residential Street,12.936465,77.534469,0,417
Banashankari,2019,Grievous Injury,Vehicle to Vehicle,Others,12.929792,77.571647,0,418
Banashankari,2019,Fatal,Hit pedestrian,Others,12.924135,77.55291,1,419
Banashankari,2019,Grievous Injury,Vehicle to Vehicle,Others,12.930443,77.543394,0,420
Banashankari,2019,Grievous Injury,Vehicle to Vehicle,Residential Street,12.928622,77.557515,0,421
Banashankari,2019,Grievous Injury,Vehicle to Vehicle,Others,12.930911,77.573637,0,422
Banashankari,2019,Grievous Injury,Vehicle to Vehicle,Two way,12.918613,77.564118,0,423
Banashankari,2019,Grievous Injury,Vehicle to Vehicle,Others,12.936391,77.539713,0,424
Banashankari,2019,Grievous Injury,Hit pedestrian,Others,12.918398,77.555341,0,425
Banashankari,2019,Grievous Injury,Vehicle to Vehicle,Others,12.922278,77.563436,0,426
Banashankari,2019,Grievous Injury,Vehicle to Vehicle,Others,12.929914,77.548009,0,427
Banashankari,2019,Grievous Injury,Vehicle to Vehicle,Others,12.918524,77.556261,0,428
Banashankari,2019,Grievous Injury,Vehicle to Vehicle,Two way,12.934202,77.538217,0,429
Banashankari,2019,Grievous Injury,Hit pedestrian,Two way,12.91889,77.555255,0,430
Banashankari,2019,Grievous Injury,Vehicle to Vehicle,Others,12.943154,77.544405,0,431
Banashankari,2019,Simple Injury,Hit pedestrian,Others,12.920643,77.559969,0,432
Banashankari,2019,Simple Injury,Vehicle to Vehicle,Residential Street,12.92099,77.573587,0,433
Banashankari,2019,Fatal,Hit pedestrian,Two way,12.925364,77.560785,1,434
Banashankari,2019,Grievous Injury,Hit pedestrian,Others,12.934337,77.538201,0,435
Banashankari,2019,Grievous Injury,Vehicle to Vehicle,Others,12.939816,77.53901,0,436
Banashankari,2019,Grievous Injury,Vehicle to Vehicle,Others,12.934433,77.539838,0,437
Banashankari,2019,Fatal,Not Applicable,Two way,12.926273,77.57353,1,438
Banashankari,2019,Grievous Injury,Hit pedestrian,Residential Street,12.930436,77.547075,0,439
Banashankari,2019,Grievous Injury,Hit pedestrian,Others,12.935075,77.536976,0,440
Banashankari,2019,Grievous Injury,Vehicle to Vehicle,Others,12.931386,77.54233,0,441
Banashankari,2019,Simple Injury,Vehicle to Vehicle,Two way,12.923546,77.543477,0,442
Banashankari,2019,Grievous Injury,Vehicle to Vehicle,Others,12.930212,77.547658,0,443
Banashankari,2019,Grievous Injury,Hit pedestrian,Two way,12.925379,77.57362,0,444
Banashankari,2019,Grievous Injury,Vehicle to Vehicle,Others,12.927338,77.548239,0,445
Banashankari,2019,Damage Only,Vehicle to Vehicle,Others,12.915509,77.569517,0,446
Banashankari,2019,Grievous Injury,Hit pedestrian,Two way,12.920109,77.562315,0,447
Banashankari,2019,Grievous Injury,Vehicle to Vehicle,Two way,12.920908,77.543043,0,448
Banashankari,2019,Simple Injury,Hit pedestrian,Two way,12.933428,77.566068,0,449
Banashankari,2019,Grievous Injury,Vehicle to Vehicle,Two way,12.938832,77.539161,0,450
Banashankari,2019,Grievous Injury,Vehicle to Vehicle,Two way,12.92943,77.560273,0,451
Banashankari,2019,Grievous Injury,Hit pedestrian,Two way,12.940552,77.547763,0,452
Banashankari,2019,Simple Injury,Hit pedestrian,Two way,12.930305,77.545839,0,453
Banashankari,2019,Grievous Injury,Hit pedestrian,Others,12.935265,77.558597,0,454
Banashankari,2019,Fatal,Vehicle to Vehicle,Others,12.924337,77.551956,1,455
Banashankari,2019,Grievous Injury,Vehicle to Vehicle,Others,12.928885,77.566307,0,456
Banashankari,2019,Grievous Injury,Hit pedestrian,Service Road,12.926341,77.548382,0,457
Banashankari,2019,Grievous Injury,Vehicle to Vehicle,Others,12.928311,77.559263,0,458
Banashankari,2019,Grievous Injury,Hit pedestrian,Others,12.92232,77.558507,0,459
Banashankari,2019,Grievous Injury,Vehicle to Vehicle,Residential Street,12.929822,77.571145,0,460
Banashankari,2019,Grievous Injury,Hit pedestrian,Others,12.917674,77.564545,0,461
Banashankari,2019,Grievous Injury,Hit pedestrian,Two way,12.923248,77.552883,0,462
Banashankari,2019,Grievous Injury,Vehicle to Vehicle,Service Road,12.93214,77.540051,0,463
Banashankari,2019,Grievous Injury,Hit pedestrian,Residential Street,12.929921,77.569491,0,464
Banashankari,2019,Grievous Injury,Hit pedestrian,Residential Street,12.935296,77.536602,0,465
Banashankari,2019,Grievous Injury,Vehicle to Vehicle,Service Road,12.921884,77.560159,0,466
Banashankari,2019,Simple Injury,Hit pedestrian,Others,12.921127,77.569561,0,467
Banashankari,2019,Grievous Injury,Vehicle to Vehicle,Others,12.929724,77.572045,0,468
Banashankari,2019,Grievous Injury,Hit pedestrian,Residential Street,12.928555,77.562349,0,469
Banashankari,2019,Grievous Injury,Hit pedestrian,Residential Street,12.929762,77.563933,0,470
Banashankari,2019,Grievous Injury,Hit pedestrian,Residential Street,12.937977,77.545377,0,471
Banashankari,2020,Grievous Injury,Vehicle to Vehicle,Two way,12.9238,77.553888,0,472
Banashankari,2020,Grievous Injury,Vehicle to Vehicle,Others,12.939532,77.552255,0,473
Banashankari,2020,Fatal,Vehicle to Vehicle,Others,12.94068,77.546948,1,474
Banashankari,2020,Grievous Injury,Vehicle to Vehicle,Others,12.926171,77.548698,0,475
Banashankari,2020,Grievous Injury,Vehicle to Vehicle,Two way,12.925288,77.549987,0,476
Banashankari,2020,Simple Injury,Hit pedestrian,Two way,12.92307,77.556145,0,477
Banashankari,2020,Grievous Injury,Vehicle to Vehicle,Two way,12.924578,77.54079,0,478
Banashankari,2020,Grievous Injury,Vehicle to Vehicle,Two way,12.929973,77.568085,0,479
Banashankari,2020,Simple Injury,Vehicle to Vehicle,Others,12.92308,77.563125,0,480
Banashankari,2020,Grievous Injury,Hit pedestrian,Two way,12.938721,77.550682,0,481
Banashankari,2020,Grievous Injury,Hit pedestrian,Two way,12.923568,77.55427,0,482
Banashankari,2020,Simple Injury,Vehicle to Vehicle,Two way,12.925691,77.560914,0,483
Banashankari,2020,Damage Only,Vehicle to Vehicle,Others,12.923901,77.553319,0,484
Banashankari,2020,Grievous Injury,Vehicle to Vehicle,Others,12.928496,77.573598,0,485
Banashankari,2020,Fatal,Not Applicable,Others,12.918027,77.56427,1,486
Banashankari,2020,Fatal,Not Applicable,Others,12.936192,77.534766,1,487
Banashankari,2020,Grievous Injury,Vehicle to Vehicle,Others,12.928861,77.566252,0,488
Banashankari,2020,Grievous Injury,Vehicle to Vehicle,Two way,12.932541,77.540958,0,489
Banashankari,2020,Damage Only,Vehicle to Vehicle,Others,12.925368,77.549959,0,490
Banashankari,2020,Fatal,Not Applicable,Others,12.921374,77.561711,1,491
Banashankari,2020,Grievous Injury,Vehicle to Vehicle,Others,12.92537,77.550013,0,492
Banashankari,2020,Grievous Injury,Hit pedestrian,Others,12.932453,77.567795,0,493
Banashankari,2020,Grievous Injury,Hit pedestrian,Two way,12.940856,77.546589,0,494
Banashankari,2020,Grievous Injury,Vehicle to Vehicle,Others,12.930334,77.561307,0,495
Banashankari,2020,Grievous Injury,Vehicle to Vehicle,Two way,12.94142,77.547377,0,496
Banashankari,2020,Fatal,Hit pedestrian,Others,12.925268,77.573543,1,497
Banashankari,2020,Grievous Injury,Vehicle to Vehicle,Others,12.927347,77.567994,0,498
Banashankari,2020,Grievous Injury,Hit pedestrian,Two way,12.933916,77.546342,0,499
Banashankari,2020,Grievous Injury,Vehicle to Vehicle,Two way,12.921897,77.569852,0,500
Banashankari,2020,Fatal,Vehicle to Vehicle,Others,12.928151,77.53169,1,501
Banashankari,2020,Simple Injury,Vehicle to Vehicle,Two way,12.933941,77.53869,0,502
Banashankari,2020,Damage Only,Vehicle to Vehicle,Service Road,12.931288,77.542532,0,503
Banashankari,2020,Grievous Injury,Hit pedestrian,Others,12.919786,77.558326,0,504
Banashankari,2020,Grievous Injury,Hit pedestrian,Others,12.929012,77.549305,0,505
Banashankari,2020,Grievous Injury,Vehicle to Vehicle,Two way,12.927677,77.551408,0,506
Banashankari,2020,Fatal,Vehicle to Vehicle,Others,12.933988,77.539006,1,507
Banashankari,2020,Grievous Injury,Vehicle to Vehicle,Others,12.928103,77.546248,0,508
Banashankari,2020,Damage Only,Vehicle to Vehicle,Two way,12.917351,77.568782,0,509
Banashankari,2020,Grievous Injury,Vehicle to Vehicle,Others,12.937172,77.5422,0,510
Banashankari,2020,Grievous Injury,Hit pedestrian,Others,12.929648,77.538621,0,511
Banashankari,2020,Fatal,Not Applicable,Others,12.919762,77.558353,1,512
Banashankari,2020,Grievous Injury,Hit pedestrian,Two way,12.964063,77.57397,0,513
Banashankari,2020,Grievous Injury,Hit pedestrian,Others,12.924796,77.543931,0,514
Banashankari,2020,Grievous Injury,Not Applicable,Others,12.934191,77.541786,0,515
Banashankari,2020,Grievous Injury,Vehicle to Vehicle,Others,12.933956,77.538705,0,516
Banashankari,2020,Damage Only,Vehicle to Vehicle,Others,12.926749,77.553519,0,517
Banashankari,2020,Fatal,Not Applicable,Others,12.935628,77.535542,1,518
Banashankari,2020,Grievous Injury,Vehicle to Vehicle,Others,12.931338,77.542567,0,519
Banashankari,2021,Grievous Injury,Vehicle to Vehicle,Others,12.928232,77.550625,0,520
Banashankari,2021,Grievous Injury,Vehicle to Vehicle,Others,12.930942,77.560088,0,521
Banashankari,2021,Simple Injury,Vehicle to Vehicle,Others,12.920506,77.562091,0,522
Banashankari,2021,Grievous Injury,Vehicle to Vehicle,Others,12.930062,77.544112,0,523
Banashankari,2021,Damage Only,Not Applicable,Others,12.924687,77.557112,0,524
Banashankari,2021,Damage Only,Vehicle to Vehicle,Others,12.931104,77.573646,0,525
Banashankari,2021,Simple Injury,Vehicle to Vehicle,Others,12.916978,77.564676,0,526
Banashankari,2021,Grievous Injury,Vehicle to Vehicle,Others,12.929992,77.567736,0,527
Banashankari,2021,Simple Injury,Hit pedestrian,Service Road,12.924053,77.543803,0,528
Banashankari,2021,Simple Injury,Hit bicyclist,Two way,12.923979,77.553327,0,529
Banashankari,2021,Grievous Injury,Vehicle to Vehicle,Others,12.937727,77.533933,0,530
Banashankari,2021,Grievous Injury,Not Applicable,Others,12.922912,77.560367,0,531
Banashankari,2021,Damage Only,Not Applicable,Others,12.923492,77.570121,0,532
Banashankari,2021,Simple Injury,Hit pedestrian,Others,12.92533,77.540638,0,533
Banashankari,2021,Fatal,Not Applicable,Others,12.937327,77.545243,1,534
Banashankari,2021,Fatal,Not Applicable,Two way,12.917225,77.559497,1,535
Banashankari,2021,Grievous Injury,Hit pedestrian,Others,12.929581,77.572909,0,536
Banashankari,2021,Simple Injury,Not Applicable,Others,12.921934,77.542306,0,537
Banashankari,2021,Grievous Injury,Vehicle to Vehicle,Residential Street,12.916305,77.570452,0,538
Banashankari,2021,Fatal,Not Applicable,Two way,12.932392,77.556037,1,539
Banashankari,2021,Damage Only,Vehicle to Vehicle,Others,12.92576,77.564521,0,540
Banashankari,2021,Grievous Injury,Vehicle to Vehicle,Others,12.923789,77.553893,0,541
Banashankari,2021,Grievous Injury,Vehicle to Vehicle,Others,12.928844,77.566255,0,542
Banashankari,2021,Simple Injury,Hit pedestrian,Others,12.933232,77.557577,0,543
Banashankari,2021,Grievous Injury,Vehicle to Vehicle,Others,12.936302,77.53475,0,544
Banashankari,2021,Simple Injury,Hit pedestrian,Others,12.924153,77.542213,0,545
Banashankari,2021,Simple Injury,Not Applicable,Two way,12.918964,77.55873,0,546
Banashankari,2021,Fatal,Not Applicable,Service Road,12.933598,77.53946,1,547
Banashankari,2021,Grievous Injury,Vehicle to Vehicle,Two way,12.932633,77.545132,0,548
Banashankari,2021,Grievous Injury,Hit pedestrian,Others,12.916019,77.565072,0,549
Banashankari,2021,Simple Injury,Hit pedestrian,Others,12.920897,77.573846,0,550
Banashankari,2021,Simple Injury,Vehicle to Vehicle,Service Road,12.929563,77.544287,0,551
Banashankari,2021,Grievous Injury,Vehicle to Vehicle,Others,12.920774,77.562002,0,552
Banashankari,2021,Damage Only,Vehicle to Vehicle,Others,12.922195,77.56006,0,553
Banashankari,2021,Simple Injury,Vehicle to Vehicle,Others,12.91434,77.567908,0,554
Banashankari,2021,Grievous Injury,Vehicle to Vehicle,Others,12.934326,77.538104,0,555
Banashankari,2021,Simple Injury,Vehicle to Vehicle,Others,12.941701,77.545994,0,556
Banashankari,2021,Damage Only,Vehicle to Vehicle,Others,12.93484,77.560693,0,557
Banashankari,2021,Not Applicable,Hit animal,Others,12.932611,77.571383,0,558
Banashankari,2021,Grievous Injury,Vehicle to Vehicle,Residential Street,12.91461,77.568279,0,559
Banashankari,2021,Simple Injury,Vehicle to Vehicle,Others,12.919326,77.558517,0,560
Banashankari,2021,Fatal,Hit bicyclist,Others,12.925004,77.550763,1,561
Banashankari,2021,Fatal,Not Applicable,Others,12.933876,77.539016,1,562
Banashankari,2021,Fatal,Hit pedestrian,Others,12.925351,77.550038,1,563
Banashankari,2021,Fatal,Not Applicable,Others,12.93437,77.55955,1,564
Banashankari,2021,Grievous Injury,Vehicle to Vehicle,Others,12.923552,77.573575,0,565
Banashankari,2021,Grievous Injury,Not Applicable,Two way,12.922006,77.559867,0,566
Banashankari,2021,Grievous Injury,Vehicle to Vehicle,Others,12.92884,77.566252,0,567
Banashankari,2021,Grievous Injury,Hit pedestrian,Others,12.923829,77.553751,0,568
Banashankari,2021,Grievous Injury,Not Applicable,Others,12.923455,77.570218,0,569
Banashankari,2021,Simple Injury,Hit pedestrian,Two way,12.926054,77.562983,0,570
Banashankari,2022,Grievous Injury,Hit pedestrian,Others,12.993392,77.569581,0,571
Banashankari,2022,Simple Injury,Hit pedestrian,Others,12.930916,77.546507,0,572
Banashankari,2022,Simple Injury,Vehicle to Vehicle,Others,12.928573,77.540126,0,573
Banashankari,2022,Grievous Injury,Vehicle to Vehicle,Two way,12.929981,77.568396,0,574
Banashankari,2022,Simple Injury,Vehicle to Vehicle,One way,12.925697,77.560852,0,575
Banashankari,2022,Simple Injury,Hit pedestrian,Residential Street,12.929774,77.563929,0,576
Banashankari,2022,Grievous Injury,Hit pedestrian,Residential Street,12.92809643,77.54613722,0,577
Banashankari,2022,Fatal,Not Applicable,One way,12.935511,77.547643,1,578
Banashankari,2022,Simple Injury,Vehicle to Vehicle,Residential Street,12.940661,77.545745,0,579
Banashankari,2022,Simple Injury,Vehicle to Vehicle,Two way,12.921152,77.543151,0,580
Banashankari,2022,Simple Injury,Vehicle to Vehicle,Residential Street,12.92098581,77.57394187,0,581
Banashankari,2022,Fatal,Not Applicable,Two way,12.933464,77.542507,1,582
Banashankari,2022,Simple Injury,Vehicle to Vehicle,Minor District Road,12.929345,77.551036,0,583
Banashankari,2022,Simple Injury,Not Applicable,One way,12.9194229,77.542228,0,584
Banashankari,2022,Grievous Injury,Vehicle to Vehicle,Mixed,12.93738128,77.54926415,0,585
Banashankari,2022,Grievous Injury,Hit pedestrian,Residential Street,12.94224727,77.54909833,0,586
Banashankari,2022,Grievous Injury,Vehicle to Vehicle,Others,12.914272,77.565738,0,587
Banashankari,2022,Grievous Injury,Not Applicable,One way,12.928935,77.545135,0,588
Banashankari,2022,Grievous Injury,Vehicle to Vehicle,Two way,12.94095321,77.54126269,0,589
Banashankari,2022,Fatal,Not Applicable,One way,12.920184,77.56228,1,590
Banashankari,2022,Simple Injury,Vehicle to Vehicle,Others,12.916558,77.571042,0,591
Banashankari,2022,Grievous Injury,Vehicle to Vehicle,One way,12.94194,77.56414,0,592
Banashankari,2022,Simple Injury,Vehicle to Vehicle,Two way,12.916206,77.570311,0,593
Banashankari,2022,Simple Injury,Vehicle to Vehicle,One way,12.938915,77.551176,0,594
Banashankari,2022,Fatal,Not Applicable,Two way,12.929933,77.569597,1,595
Banashankari,2022,Damage Only,Vehicle to Vehicle,Residential Street,12.92937,77.55693,0,596
Banashankari,2022,Simple Injury,Hit pedestrian,Others,12.930264,77.553042,0,597
Banashankari,2022,Grievous Injury,Hit pedestrian,Residential Street,12.922525,77.557877,0,598
Banashankari,2022,Grievous Injury,Hit pedestrian,Others,12.942509,77.549461,0,599
Banashankari,2022,Grievous Injury,Vehicle to Vehicle,Residential Street,12.930937,77.574076,0,600
Banashankari,2022,Damage Only,Vehicle to Vehicle,Two way,12.92466,77.56435,0,601
Banashankari,2022,Grievous Injury,Vehicle to Vehicle,One way,12.938991,77.551473,0,602
Banashankari,2022,Simple Injury,Vehicle to Vehicle,One way,12.923618,77.574083,0,603
Banashankari,2022,Grievous Injury,Not Applicable,Two way,12.921648,77.570859,0,604
Banashankari,2022,Simple Injury,Vehicle to Vehicle,One way,12.916686,77.564933,0,605
Banashankari,2022,Fatal,Vehicle to Vehicle,Others,12.922274,77.558405,1,606
Banashankari,2022,Fatal,Not Applicable,Others,12.926318,77.553958,1,607
Banashankari,2022,Damage Only,Vehicle to Vehicle,Major District Road,12.928689,77.545395,0,608
Banashankari,2022,Simple Injury,Vehicle to Vehicle,Two way,12.913964,77.567451,0,609
Banashankari,2022,Simple Injury,Vehicle to Vehicle,One way,12.932891,77.540501,0,610
Banashankari,2022,Simple Injury,Hit pedestrian,One way,12.938724,77.54908,0,611
Banashankari,2022,Fatal,Hit pedestrian,Others,12.916724,77.572982,1,612
Banashankari,2022,Grievous Injury,Vehicle to Vehicle,Residential Street,12.940835,77.548724,0,613
Banashankari,2022,Simple Injury,Vehicle to Vehicle,Two way,12.928106,77.546351,0,614
Banashankari,2022,Fatal,Not Applicable,Others,12.936522,77.534429,1,615
Banashankari,2022,Damage Only,Vehicle to Vehicle,Others,12.924207,77.566142,0,616
Banashankari,2022,Fatal,Not Applicable,Others,12.919504,77.563498,1,617
Banashankari,2022,Grievous Injury,Hit pedestrian,Others,12.914069,77.558515,0,618
Banashankari,2022,Damage Only,Vehicle to Vehicle,Others,12.917014,77.559435,0,619
Banashankari,2022,Fatal,Vehicle to Vehicle,Two way,12.92817227,77.53232704,1,620
Banashankari,2022,Fatal,Not Applicable,Two way,12.915795,77.569455,1,621
Banashankari,2022,Damage Only,Vehicle to Vehicle,Residential Street,12.920704,77.562167,0,622
Banashankari,2022,Grievous Injury,Vehicle to Vehicle,Not Applicable,12.91386,77.56622,0,623
Banashankari,2022,Grievous Injury,Vehicle to Vehicle,One way,12.92603,77.565476,0,624
Banashankari,2022,Fatal,Not Applicable,Major District Road,12.9335268,77.54217671,1,625
Banashankari,2022,Grievous Injury,Hit pedestrian,Residential Street,12.921387,77.572294,0,626
Banashankari,2022,Grievous Injury,Vehicle to Vehicle,Two way,12.913947,77.566192,0,627
Banashankari,2022,Fatal,Vehicle to Vehicle,Not Applicable,12.91683528,77.56473539,1,628
Banashankari,2022,Grievous Injury,Hit pedestrian,Others,12.9155335,77.56526155,0,629
Banashankari,2023,Grievous Injury,Vehicle to Vehicle,Residential Street,12.930607,77.562547,0,630
Banashankari,2023,Fatal,Vehicle to Vehicle,Two way,12.92396517,77.56796575,1,631
Banashankari,2023,Damage Only,Vehicle to Vehicle,Two way,12.92375658,77.571704,0,632
Banashankari,2023,Grievous Injury,Not Applicable,Residential Street,12.94225967,77.54122799,0,633
Banashankari,2023,Grievous Injury,Vehicle to Vehicle,One way,12.937988,77.54975,0,634
Banashankari,2023,Grievous Injury,Vehicle to Vehicle,Others,12.929355,77.544914,0,635
Banashankari,2023,Grievous Injury,Vehicle to Vehicle,Two way,12.920563,77.559768,0,636
Banashankari,2023,Grievous Injury,Vehicle to Vehicle,Two way,12.928102,77.546281,0,637
Banashankari,2023,Grievous Injury,Vehicle to Vehicle,Others,12.933586,77.54204,0,638
Banashankari,2023,Grievous Injury,Hit pedestrian,Two way,12.920485,77.552241,0,639
Banashankari,2023,Grievous Injury,Hit pedestrian,Others,12.92295,77.556543,0,640
Banashankari,2023,Grievous Injury,Vehicle to Vehicle,One way,12.935402,77.536412,0,641
Banashankari,2023,Grievous Injury,Vehicle to Vehicle,Two way,12.93344,77.56087,0,642
Banashankari,2023,Grievous Injury,Vehicle to Vehicle,Others,12.925335,77.550093,0,643
Banashankari,2023,Damage Only,Vehicle to Vehicle,One way,12.9185688,77.5419877,0,644
Banashankari,2023,Grievous Injury,Vehicle to Vehicle,Two way,12.930572,77.543517,0,645
Banashankari,2023,Damage Only,Vehicle to Vehicle,Service Road,12.92192,77.56051,0,646
Banashankari,2023,Grievous Injury,Hit pedestrian,Two way,12.922739,77.55739,0,647
Banashankari,2023,Fatal,Hit pedestrian,Two way,12.923068,77.54345,1,648
Banashankari,2023,Grievous Injury,Hit pedestrian,One way,12.937988,77.54975,0,649
Banashankari,2023,Grievous Injury,Vehicle to Vehicle,Two way,12.918004,77.556662,0,650
Banashankari,2023,Grievous Injury,Hit pedestrian,Two way,12.942388,77.548375,0,651
Banashankari,2023,Grievous Injury,Hit pedestrian,Two way,12.932126,77.567655,0,652
Banashankari,2023,Fatal,Vehicle to Vehicle,Two way,12.929912,77.568765,1,653
Banashankari,2023,Grievous Injury,Vehicle to Vehicle,Two way,12.938393,77.544471,0,654
Banashankari,2023,Simple Injury,Vehicle to Vehicle,Others,12.92274,77.545256,0,655
Banashankari,2023,Grievous Injury,Vehicle to Vehicle,One way,12.927839,77.551439,0,656
Banashankari,2023,Damage Only,Vehicle to Vehicle,Two way,12.922336,77.561331,0,657
Banashankari,2023,Grievous Injury,Hit pedestrian,Two way,12.926463,77.540321,0,658
Banashankari,2023,Fatal,Hit pedestrian,One way,12.932388,77.563202,1,659
Banashankari,2023,Grievous Injury,Vehicle to Vehicle,Others,12.92399518,77.57615664,0,660
Banashankari,2023,Grievous Injury,Vehicle to Vehicle,Two way,12.92538,77.549867,0,661
Banashankari,2023,Grievous Injury,Hit pedestrian,Two way,12.917247,77.573329,0,662
Banashankari,2023,Damage Only,Vehicle to Vehicle,Others,12.943813,77.573669,0,663
Banashankari,2023,Grievous Injury,Vehicle to Vehicle,Two way,12.91740417,77.5548799,0,664
Banashankari,2023,Grievous Injury,Vehicle to Vehicle,Two way,12.94084,77.54276,0,665
Banashankari,2023,Fatal,Not Applicable,Two way,12.934753,77.537156,1,666
Banashankari,2023,Fatal,Vehicle to Vehicle,Two way,12.916095,77.570205,1,667
Banashankari,2023,Simple Injury,Vehicle to Vehicle,Two way,12.94268578,77.53870917,0,668
Banashankari,2023,Fatal,Vehicle to Vehicle,One way,12.934042,77.538495,1,669
Banashankari,2023,Fatal,Hit bicyclist,One way,12.91996197,77.56257559,1,670
Banashankari,2023,Grievous Injury,Vehicle to Vehicle,Residential Street,12.937955,77.545422,0,671
Banashankari,2023,Grievous Injury,Vehicle to Vehicle,Two way,12.928155,77.51343,0,672
Banashankari,2023,Grievous Injury,Hit pedestrian,Two way,12.916748,77.560323,0,673
Banashankari,2023,Grievous Injury,Vehicle to Vehicle,Two way,12.9185,77.55539,0,674
Banashankari,2023,Fatal,Hit pedestrian,Two way,12.93413048,77.53693797,1,675
Banashankari,2023,Fatal,Vehicle to Vehicle,Two way,12.9180639,77.5597068,1,676
Banashankari,2023,Grievous Injury,Vehicle to Vehicle,Residential Street,12.930514,77.561503,0,677
Banashankari,2023,Damage Only,Vehicle to Vehicle,Two way,12.920458,77.570011,0,678
Banashankari,2023,Simple Injury,Vehicle to Vehicle,One way,12.9391,77.5513,0,679
Banashankari,2023,Grievous Injury,Vehicle to Vehicle,One way,12.931737,77.544591,0,680
Banashankari,2023,Grievous Injury,Hit pedestrian,One way,12.924542,77.573543,0,681
Banashankari,2023,Grievous Injury,Vehicle to Vehicle,Others,12.923927,77.55309,0,682
Banashankari,2023,Grievous Injury,Hit pedestrian,Major District Road,12.919902,77.563018,0,683
Banashankari,2023,Simple Injury,Vehicle to Vehicle,One way,12.92487,77.56624,0,684
Banashankari,2023,Grievous Injury,Vehicle to Vehicle,Two way,12.921803,77.560215,0,685
Banashankari,2023,Damage Only,Vehicle to Vehicle,Two way,12.934545,77.556464,0,686
Banashankari,2023,Grievous Injury,Vehicle to Vehicle,Others,12.923927,77.55309,0,687
Banashankari,2023,Grievous Injury,Hit pedestrian,Two way,12.932994,77.555119,0,688
Banashankari,2023,Grievous Injury,Vehicle to Vehicle,Two way,12.92415118,77.5665262,0,689
Banashankari,2023,Grievous Injury,Vehicle to Vehicle,One way,12.932388,77.563202,0,690
Banashankari,2023,Damage Only,Vehicle to Vehicle,Others,12.924063,77.553199,0,691
Banashankari,2023,Fatal,Vehicle to Vehicle,Two way,12.921479,77.561799,1,692
Banashankari,2023,Grievous Injury,Vehicle to Vehicle,State Highway,12.923926,77.553325,0,693
Banashankari,2023,Grievous Injury,Vehicle to Vehicle,Two way,12.926751,77.55305,0,694
Banashankari,2023,Fatal,Hit pedestrian,Two way,12.91568847,77.56516673,1,695
Banashankari,2023,Damage Only,Vehicle to Vehicle,Sub Arterial,12.915602,77.569773,0,696
Banashankari,2023,Fatal,Not Applicable,Two way,12.935759,77.536029,1,697
Banashankari,2023,Damage Only,Vehicle to Vehicle,Two way,12.925335,77.550093,0,698
Banashankari,2023,Grievous Injury,Vehicle to Vehicle,One way,12.931626,77.544495,0,699
Banashankari,2023,Grievous Injury,Hit pedestrian,Two way,12.93006044,77.53929604,0,700
Banashankari,2023,Grievous Injury,Vehicle to Vehicle,Others,12.92149,77.57219,0,701
Banashankari,2023,Grievous Injury,Vehicle to Vehicle,One way,12.921199,77.541746,0,702
Banashankari,2023,Damage Only,Vehicle to Vehicle,One way,12.921096,77.540415,0,703
Banashankari,2023,Grievous Injury,Vehicle to Vehicle,Two way,12.914924,77.568541,0,704
Banashankari,2023,Grievous Injury,Hit pedestrian,One way,12.931865,77.567392,0,705
Banashankari,2023,Fatal,Hit pedestrian,Two way,12.916962,77.564866,1,706
Banashankari,2023,Damage Only,Vehicle to Vehicle,Two way,12.93874,77.53921,0,707
Banashankari,2023,Grievous Injury,Vehicle to Vehicle,Two way,12.92424,77.543466,0,708
Banashankari,2023,Grievous Injury,Hit pedestrian,One way,12.932632,77.540693,0,709
Banashankari,2023,Grievous Injury,Hit pedestrian,One way,12.925335,77.550093,0,710
Banashankari,2023,Grievous Injury,Vehicle to Vehicle,Others,12.919779,77.569186,0,711
Basavanagudi,2016,Simple Injury,Others,City or Town Road,12.9455888,77.5712556,0,712
Basavanagudi,2016,Simple Injury,Others,Others,12.943508,77.566615,0,713
Basavanagudi,2016,Grievous Injury,Others,City or Town Road,12.95493,77.55722,0,714
Basavanagudi,2016,Simple Injury,Hit and Run,City or Town Road,12.9413754,77.5737642,0,715
Basavanagudi,2016,Simple Injury,Hit pedestrian,City or Town Road,12.9479768,77.5680795,0,716
Basavanagudi,2016,Simple Injury,Others,Others,12.94543339,77.5713203,0,717
Basavanagudi,2016,Simple Injury,Others,City or Town Road,12.9416976,77.5615415,0,718
Basavanagudi,2016,Simple Injury,Others,City or Town Road,12.957005,77.563849,0,719
Basavanagudi,2016,Not Applicable,Others,City or Town Road,12.9416976,77.5615415,0,720
Basavanagudi,2016,Simple Injury,Others,City or Town Road,12.9421813,77.5721231,0,721
Basavanagudi,2016,Simple Injury,Others,City or Town Road,12.93589,77.56016,0,722
Basavanagudi,2016,Simple Injury,Others,City or Town Road,12.9715987,77.5945627,0,723
Basavanagudi,2016,Simple Injury,Others,Others,12.9510339,77.5713793,0,724
Basavanagudi,2016,Not Applicable,Others,Others,12.9520115,77.5642994,0,725
Basavanagudi,2017,Fatal,Head on,Others,12.938302,77.556697,1,726
Basavanagudi,2017,Fatal,Hit and Run,Others,12.948587,77.577187,1,727
Basavanagudi,2017,Damage Only,Run Off Road,Others,12.943649,77.579447,0,728
Basavanagudi,2017,Grievous Injury,Right Turn Collision,Others,12.943498,77.56586,0,729
Basavanagudi,2017,Grievous Injury,Head on,Others,12.948264,77.573741,0,730
Basavanagudi,2017,Simple Injury,Rear end,Others,12.931021,77.585556,0,731
Basavanagudi,2017,Fatal,Others,City or Town Road,12.948187,77.57555,1,732
Basavanagudi,2017,Fatal,Hit and Run,Residential Street,12.943637,77.570314,1,733
Basavanagudi,2017,Simple Injury,Rear end,Others,12.934429,77.577767,0,734
Basavanagudi,2017,Grievous Injury,Rear end,Others,12.937802,77.565042,0,735
Basavanagudi,2017,Damage Only,Side swipe,Others,12.9493184,77.5631367,0,736
Basavanagudi,2017,Fatal,Hit pedestrian,Others,12.936631,77.56213,1,737
Basavanagudi,2017,Grievous Injury,Others,Others,12.937675,77.573952,0,738
Basavanagudi,2017,Grievous Injury,Side swipe,Others,12.939555,77.572283,0,739
Basavanagudi,2017,Damage Only,Hit parked vehicle,Others,12.9416079,77.566883,0,740
Basavanagudi,2017,Grievous Injury,Others,Others,12.939137,77.571522,0,741
Basavanagudi,2017,Grievous Injury,Others,Others,12.942412,77.57412,0,742
Basavanagudi,2017,Damage Only,Others,Others,12.9486779,77.5723765,0,743
Basavanagudi,2017,Fatal,Skidding or Self accident,Others,12.944172,77.576898,1,744
Basavanagudi,2017,Fatal,Side impact or Right angle,City or Town Road,12.9385896,77.5755635,1,745
Basavanagudi,2017,Grievous Injury,Hit pedestrian,Others,12.9445922,77.563165,0,746
Basavanagudi,2017,Grievous Injury,Others,Others,12.937711,77.565987,0,747
Basavanagudi,2017,Grievous Injury,Others,Others,12.939038,77.57386,0,748
Basavanagudi,2017,Fatal,Others,City or Town Road,12.9418762,77.5738973,1,749
Basavanagudi,2017,Grievous Injury,Others,City or Town Road,12.943388,77.568184,0,750
Basavanagudi,2017,Grievous Injury,Others,Others,12.948313,77.551894,0,751
Basavanagudi,2017,Grievous Injury,Hit pedestrian,City or Town Road,12.9300696,77.5524612,0,752
Basavanagudi,2017,Grievous Injury,Head on,Others,12.946604,77.574669,0,753
Basavanagudi,2017,Simple Injury,Rear end,Others,12.941625,77.558021,0,754
Basavanagudi,2017,Simple Injury,Hit and Run,Others,12.936945,77.578056,0,755
Basavanagudi,2017,Grievous Injury,Others,Others,12.973233,77.646818,0,756
Basavanagudi,2017,Simple Injury,Hit and Run,Others,12.945435,77.57132,0,757
Basavanagudi,2017,Grievous Injury,Hit pedestrian,Others,12.9435429,77.5600077,0,758
Basavanagudi,2017,Damage Only,Others,Others,12.94844,77.567477,0,759
Basavanagudi,2017,Grievous Injury,Hit pedestrian,City or Town Road,12.948107,77.570239,0,760
Basavanagudi,2017,Grievous Injury,Others,City or Town Road,12.9379903,77.5686827,0,761
Basavanagudi,2017,Simple Injury,Hit and Run,Others,12.945252,77.576809,0,762
Basavanagudi,2017,Grievous Injury,Hit and Run,Others,12.942394,77.576853,0,763
Basavanagudi,2017,Grievous Injury,Head on,Others,12.952337,77.556008,0,764
Basavanagudi,2017,Grievous Injury,Others,Others,12.956982,77.565873,0,765
Basavanagudi,2017,Grievous Injury,Hit pedestrian,Others,12.9547518,77.5655761,0,766
Basavanagudi,2017,Grievous Injury,Hit pedestrian,Others,12.943635,77.57073,0,767
Basavanagudi,2018,Grievous Injury,Hit and Run,Others,12.940012,77.564415,0,768
Basavanagudi,2018,Damage Only,Hit parked vehicle,Others,12.941744,77.563254,0,769
Basavanagudi,2018,Grievous Injury,Others,Two way,12.954094,77.563588,0,770
Basavanagudi,2018,Simple Injury,Hit and Run,Two way,12.947614,77.579586,0,771
Basavanagudi,2018,Simple Injury,Others,City or Town Road,12.944491,77.558168,0,772
Basavanagudi,2018,Grievous Injury,Hit pedestrian,Two way,12.936528,77.567367,0,773
Basavanagudi,2018,Simple Injury,Others,Others,12.94365,77.57114,0,774
Basavanagudi,2018,Grievous Injury,Hit and Run,Two way,12.940715,77.554593,0,775
Basavanagudi,2018,Simple Injury,Head on,City or Town Road,12.945452,77.571314,0,776
Basavanagudi,2018,Grievous Injury,Hit and Run,Two way,12.941743,77.543329,0,777
Basavanagudi,2018,Simple Injury,Hit pedestrian,City or Town Road,12.948459,77.580075,0,778
Basavanagudi,2018,Simple Injury,Hit and Run,City or Town Road,12.945017,77.567807,0,779
Basavanagudi,2018,Grievous Injury,Others,Two way,12.938161,77.56285,0,780
Basavanagudi,2018,Simple Injury,Hit and Run,Two way,12.945018,77.56783,0,781
Basavanagudi,2018,Grievous Injury,Hit pedestrian,City or Town Road,12.93942,77.580083,0,782
Basavanagudi,2018,Grievous Injury,Hit pedestrian,Others,12.936826,77.576837,0,783
Basavanagudi,2018,Grievous Injury,Hit and Run,Others,12.94508,77.567965,0,784
Basavanagudi,2018,Simple Injury,Others,Two way,12.937176,77.563958,0,785
Basavanagudi,2018,Grievous Injury,Hit and Run,City or Town Road,12.942097,77.553866,0,786
Basavanagudi,2018,Grievous Injury,Others,City or Town Road,12.941553,77.55783,0,787
Basavanagudi,2018,Fatal,Hit and Run,City or Town Road,12.938382,77.578814,1,788
Basavanagudi,2018,Simple Injury,Hit and Run,City or Town Road,12.946225,77.550455,0,789
Basavanagudi,2018,Simple Injury,Hit pedestrian,City or Town Road,12.948353,77.552511,0,790
Basavanagudi,2018,Grievous Injury,Others,Others,12.938323,77.561535,0,791
Basavanagudi,2018,Grievous Injury,Others,Two way,12.938454,77.564529,0,792
Basavanagudi,2018,Damage Only,Others,Two way,12.937548,77.547539,0,793
Basavanagudi,2018,Simple Injury,Hit pedestrian,Others,12.944706,77.577691,0,794
Basavanagudi,2018,Grievous Injury,Rear end,Others,12.939329,77.571617,0,795
Basavanagudi,2018,Grievous Injury,Hit and Run,City or Town Road,12.940037,77.572925,0,796
Basavanagudi,2018,Grievous Injury,Hit and Run,City or Town Road,12.94051,77.573023,0,797
Basavanagudi,2018,Grievous Injury,Others,City or Town Road,12.943868,77.562535,0,798
Basavanagudi,2018,Grievous Injury,Hit and Run,Two way,12.942547,77.562576,0,799
Basavanagudi,2018,Simple Injury,Others,Residential Street,12.946579,77.575258,0,800
Basavanagudi,2018,Grievous Injury,Hit and Run,Others,12.952474,77.543627,0,801
Basavanagudi,2018,Grievous Injury,Others,City or Town Road,12.943652,77.580099,0,802
Basavanagudi,2018,Damage Only,Right Turn Collision,Two way,12.946032,77.566612,0,803
Basavanagudi,2018,Fatal,Hit and Run,One way,12.9435647,77.565783,1,804
Basavanagudi,2018,Fatal,Hit pedestrian,City or Town Road,12.948346,77.576719,1,805
Basavanagudi,2018,Simple Injury,Others,Residential Street,12.939631,77.542974,0,806
Basavanagudi,2018,Simple Injury,Head on,City or Town Road,12.943658,77.576917,0,807
Basavanagudi,2018,Grievous Injury,Hit pedestrian,Others,12.936703,77.579137,0,808
Basavanagudi,2018,Damage Only,Hit parked vehicle,Others,12.948744,77.56681,0,809
Basavanagudi,2018,Grievous Injury,Hit pedestrian,Others,12.948099,77.562987,0,810
Basavanagudi,2018,Simple Injury,Hit and Run,Residential Street,12.949418,77.563868,0,811
Basavanagudi,2018,Grievous Injury,Head on,Others,12.93905,77.57151588,0,812
Basavanagudi,2018,Grievous Injury,Hit and Run,One way,12.945032,77.571077,0,813
Basavanagudi,2018,Grievous Injury,Others,Residential Street,12.948728,77.554189,0,814
Basavanagudi,2018,Simple Injury,Hit and Run,City or Town Road,12.946609,77.573658,0,815
Basavanagudi,2018,Grievous Injury,Others,Others,12.943651,77.579971,0,816
Basavanagudi,2018,Damage Only,Hit fixed object,Others,12.936148,77.568452,0,817
Basavanagudi,2018,Damage Only,Rear end,Two way,12.945994,77.57857,0,818
Basavanagudi,2018,Grievous Injury,Others,City or Town Road,12.940171,77.566669,0,819
Basavanagudi,2018,Simple Injury,Others,Two way,12.939435,77.557543,0,820
Basavanagudi,2018,Simple Injury,Head on,Two way,12.941537,77.553636,0,821
Basavanagudi,2018,Simple Injury,Hit pedestrian,City or Town Road,12.941696,77.55792,0,822
Basavanagudi,2018,Grievous Injury,Side swipe,City or Town Road,12.94073,77.554551,0,823
Basavanagudi,2018,Grievous Injury,Hit and Run,Residential Street,12.94094,77.556017,0,824
Basavanagudi,2018,Grievous Injury,Others,City or Town Road,12.940648,77.576899,0,825
Basavanagudi,2018,Simple Injury,Hit and Run,City or Town Road,12.937877,77.568358,0,826
Basavanagudi,2018,Grievous Injury,Hit and Run,City or Town Road,12.948571,77.552851,0,827
Basavanagudi,2018,Grievous Injury,Hit pedestrian,City or Town Road,12.948054,77.56976,0,828
Basavanagudi,2018,Damage Only,Others,City or Town Road,12.939347,77.566669,0,829
Basavanagudi,2019,Grievous Injury,Vehicle to Vehicle,One way,12.939875,77.564334,0,830
Basavanagudi,2019,Grievous Injury,Hit and Run,City or Town Road,12.935205,77.56075,0,831
Basavanagudi,2019,Grievous Injury,Rear end,City or Town Road,12.948205,77.570116,0,832
Basavanagudi,2019,Grievous Injury,Side impact or Right angle,City or Town Road,12.939031,77.573868,0,833
Basavanagudi,2019,Grievous Injury,Vehicle to Vehicle,Two way,12.948259,77.573686,0,834
Basavanagudi,2019,Grievous Injury,Not Applicable,Two way,12.94056,77.580116,0,835
Basavanagudi,2019,Grievous Injury,Vehicle to Vehicle,One way,12.948231,77.571347,0,836
Basavanagudi,2019,Grievous Injury,Hit pedestrian,City or Town Road,12.943582,77.577775,0,837
Basavanagudi,2019,Grievous Injury,Vehicle to Vehicle,Two way,12.939689,77.57538,0,838
Basavanagudi,2019,Grievous Injury,Vehicle to Vehicle,Others,12.936037,77.561494,0,839
Basavanagudi,2019,Grievous Injury,Vehicle to Vehicle,Two way,12.938527,77.553888,0,840
Basavanagudi,2019,Grievous Injury,Skidding or Self accident,City or Town Road,12.948341,77.57154,0,841
Basavanagudi,2019,Grievous Injury,Hit pedestrian,Others,12.941649,77.557687,0,842
Basavanagudi,2019,Grievous Injury,Skidding or Self accident,City or Town Road,12.943578,77.564261,0,843
Basavanagudi,2019,Grievous Injury,Vehicle to Vehicle,Two way,12.945159,77.568041,0,844
Basavanagudi,2019,Grievous Injury,Vehicle to Vehicle,Two way,12.938188,77.569981,0,845
Basavanagudi,2019,Grievous Injury,Rear end,City or Town Road,12.948268,77.579915,0,846
Basavanagudi,2019,Grievous Injury,Hit pedestrian,Two way,12.93804,77.578941,0,847
Basavanagudi,2019,Grievous Injury,Vehicle to Vehicle,Two way,12.936878,77.573846,0,848
Basavanagudi,2019,Grievous Injury,Vehicle to Vehicle,Others,12.947802,77.562623,0,849
Basavanagudi,2019,Grievous Injury,Hit pedestrian,Others,12.948192,77.57156,0,850
Basavanagudi,2019,Simple Injury,Vehicle to Vehicle,Two way,12.941776,77.553652,0,851
Basavanagudi,2019,Fatal,Hit pedestrian,Two way,12.946568,77.573675,1,852
Basavanagudi,2019,Fatal,Vehicle to Vehicle,Two way,12.94199,77.552322,1,853
Basavanagudi,2019,Grievous Injury,Overturning,City or Town Road,12.948403,77.575878,0,854
Basavanagudi,2019,Simple Injury,Hit and Run,City or Town Road,12.947288,77.568643,0,855
Basavanagudi,2019,Damage Only,Vehicle to Vehicle,One way,12.941695,77.564568,0,856
Basavanagudi,2019,Simple Injury,Others,City or Town Road,12.944125,77.57763,0,857
Basavanagudi,2019,Damage Only,Others,City or Town Road,12.939344,77.566649,0,858
Basavanagudi,2019,Grievous Injury,Vehicle to Vehicle,Others,12.938202,77.576767,0,859
Basavanagudi,2019,Grievous Injury,Vehicle to Vehicle,Two way,12.948357,77.579959,0,860
Basavanagudi,2019,Fatal,Hit pedestrian,Others,12.943432,77.558307,1,861
Basavanagudi,2019,Simple Injury,Side impact or Right angle,City or Town Road,12.948259,77.573686,0,862
Basavanagudi,2019,Grievous Injury,Vehicle to Vehicle,Residential Street,12.946018,77.567497,0,863
Basavanagudi,2019,Simple Injury,Vehicle to Vehicle,Two way,12.938132,77.556869,0,864
Basavanagudi,2019,Grievous Injury,Hit pedestrian,Others,12.9451,77.558524,0,865
Basavanagudi,2019,Fatal,Vehicle to Vehicle,Residential Street,12.97711,77.49586,1,866
Basavanagudi,2019,Grievous Injury,Right Turn Collision,City or Town Road,12.935964,77.556995,0,867
Basavanagudi,2019,Simple Injury,Side swipe,City or Town Road,12.946546,77.571551,0,868
Basavanagudi,2019,Grievous Injury,Others,City or Town Road,12.936427,77.561261,0,869
Basavanagudi,2019,Grievous Injury,Vehicle to Vehicle,Residential Street,12.948668,77.563706,0,870
Basavanagudi,2020,Fatal,Vehicle to Vehicle,Two way,12.9348541,77.5752713,1,871
Basavanagudi,2020,Simple Injury,Vehicle to Vehicle,One way,12.943652,77.580099,0,872
Basavanagudi,2020,Simple Injury,Vehicle to Vehicle,Residential Street,12.940606,77.577756,0,873
Basavanagudi,2020,Simple Injury,Hit pedestrian,Others,12.944755,77.57388,0,874
Basavanagudi,2020,Fatal,Vehicle to Vehicle,Others,12.948282,77.579973,1,875
Basavanagudi,2020,Damage Only,Vehicle to Vehicle,Two way,12.939703,77.572499,0,876
Basavanagudi,2020,Grievous Injury,Vehicle to Vehicle,Two way,12.935526,77.559624,0,877
Basavanagudi,2020,Grievous Injury,Vehicle to Vehicle,Two way,12.948306,77.579945,0,878
Basavanagudi,2020,Grievous Injury,Vehicle to Vehicle,Residential Street,12.9466776,77.5752632,0,879
Basavanagudi,2020,Grievous Injury,Vehicle to Vehicle,One way,12.940923,77.579892,0,880
Basavanagudi,2020,Grievous Injury,Vehicle to Vehicle,Two way,12.957032,77.564401,0,881
Basavanagudi,2020,Grievous Injury,Vehicle to Vehicle,Others,12.939934,77.573627,0,882
Basavanagudi,2021,Grievous Injury,Hit pedestrian,Two way,12.957049,77.565252,0,883
Basavanagudi,2021,Grievous Injury,Hit pedestrian,Residential Street,12.947226,77.550663,0,884
Basavanagudi,2021,Grievous Injury,Vehicle to Vehicle,Residential Street,12.9365276,77.5538571,0,885
Basavanagudi,2021,Grievous Injury,Hit pedestrian,One way,12.936753,77.577454,0,886
Basavanagudi,2021,Grievous Injury,Vehicle to Vehicle,Two way,12.948224,77.57679,0,887
Basavanagudi,2021,Damage Only,Vehicle to Vehicle,Others,12.948175,77.573748,0,888
Basavanagudi,2022,Simple Injury,Hit pedestrian,Residential Street,12.94331,77.57384,0,889
Basavanagudi,2022,Simple Injury,Vehicle to Vehicle,Others,12.940029,77.5737,0,890
Basavanagudi,2022,Simple Injury,Vehicle to Vehicle,Residential Street,12.942155,77.579197,0,891
Basavanagudi,2022,Fatal,Vehicle to Vehicle,Two way,12.9479805,77.5677204,1,892
Basavanagudi,2022,Grievous Injury,Vehicle to Vehicle,Two way,12.942155,77.579197,0,893
Basavanagudi,2022,Simple Injury,Vehicle to Vehicle,Two way,12.940646,77.573788,0,894
Basavanagudi,2023,Grievous Injury,Not Applicable,Two way,12.957046,77.562353,0,895
Basavanagudi,2023,Grievous Injury,Vehicle to Vehicle,Others,12.946831,77.555608,0,896
Basavanagudi,2023,Grievous Injury,Hit pedestrian,Two way,12.938562,77.553868,0,897
Basavanagudi,2023,Grievous Injury,Vehicle to Vehicle,Two way,12.934197,77.558996,0,898
Basavanagudi,2023,Simple Injury,Vehicle to Vehicle,One way,12.939336,77.580153,0,899
Basavanagudi,2023,Simple Injury,Vehicle to Vehicle,Two way,12.957779,77.560632,0,900
Basavanagudi,2023,Fatal,Hit pedestrian,Others,12.944956,77.567814,1,901
Basavanagudi,2023,Damage Only,Vehicle to Vehicle,Others,12.942878,77.551041,0,902
Basavanagudi,2023,Damage Only,Vehicle to Vehicle,Others,12.941974,77.561034,0,903
Basavanagudi,2023,Damage Only,Vehicle to Vehicle,One way,12.947024,77.580023,0,904
Basavanagudi,2023,Grievous Injury,Vehicle to Vehicle,Others,12.94792,77.580315,0,905
Basavanagudi,2023,Simple Injury,Vehicle to Vehicle,Two way,12.943002,77.553616,0,906
Basavanagudi,2023,Grievous Injury,Vehicle to Vehicle,Two way,12.943667,77.579505,0,907
Basavanagudi,2023,Grievous Injury,Vehicle to Vehicle,Others,12.938357,77.573789,0,908
Basavanagudi,2023,Grievous Injury,Vehicle to Vehicle,Others,12.944796,77.556701,0,909
Basavanagudi,2023,Grievous Injury,Vehicle to Vehicle,Others,12.936811,77.572877,0,910
Basavanagudi,2023,Grievous Injury,Vehicle to Vehicle,Residential Street,12.941775,77.556926,0,911
Basavanagudi,2023,Grievous Injury,Not Applicable,One way,12.944393,77.579659,0,912
Basavanagudi,2023,Fatal,Vehicle to Vehicle,Not Applicable,12.946948,77.573314,1,913
Basavanagudi,2023,Simple Injury,Vehicle to Vehicle,Others,12.951019,77.573879,0,914
Basavanagudi,2023,Simple Injury,Vehicle to Vehicle,Others,12.942231,77.556248,0,915
Basavanagudi,2023,Simple Injury,Vehicle to Vehicle,Others,12.949224,77.562469,0,916
Basavanagudi,2023,Fatal,Vehicle to Vehicle,Two way,12.942395,77.551017,1,917
Basavanagudi,2023,Grievous Injury,Not Applicable,Two way,12.938333,77.556973,0,918
Basavanagudi,2023,Simple Injury,Vehicle to Vehicle,Others,12.950842,77.573494,0,919
Basavanagudi,2023,Not Applicable,Vehicle to Vehicle,Others,12.94146,77.525317,0,920
Basavanagudi,2023,Damage Only,Vehicle to Vehicle,Two way,12.93882,77.57385,0,921
Basavanagudi,2023,Grievous Injury,Vehicle to Vehicle,Two way,12.948463,77.572209,0,922
Basavanagudi,2023,Grievous Injury,Vehicle to Vehicle,Others,12.951246,77.549543,0,923
Basavanagudi,2023,Grievous Injury,Vehicle to Vehicle,Two way,12.94462,77.564507,0,924
Basavanagudi,2023,Simple Injury,Vehicle to Vehicle,Others,12.9459,77.562253,0,925
Basavanagudi,2023,Grievous Injury,Vehicle to Vehicle,Others,12.947799,77.580014,0,926
Basavanagudi,2023,Grievous Injury,Vehicle to Vehicle,Others,12.943631,77.568758,0,927
Basavanagudi,2023,Grievous Injury,Hit pedestrian,Others,12.946282,77.552291,0,928
Basavanagudi,2023,Grievous Injury,Vehicle to Vehicle,Residential Street,12.935692,77.566773,0,929
Basavanagudi,2023,Grievous Injury,Vehicle to Vehicle,Others,12.939427,77.580149,0,930
Basavanagudi,2023,Grievous Injury,Hit pedestrian,Two way,12.937444,77.560326,0,931
Basavanagudi,2023,Grievous Injury,Vehicle to Vehicle,State Highway,12.933677,77.586407,0,932
Basavanagudi,2023,Grievous Injury,Vehicle to Vehicle,One way,12.932857,77.546942,0,933
Basavanagudi,2023,Grievous Injury,Hit pedestrian,Residential Street,12.941511,77.58091,0,934
Basavanagudi,2023,Damage Only,Vehicle to Vehicle,Others,12.9459,77.562253,0,935
Basavanagudi,2023,Damage Only,Vehicle to Vehicle,Others,12.93614,77.571732,0,936
Basavanagudi,2023,Damage Only,Vehicle to Vehicle,Others,12.944124,77.57902,0,937
Basavanagudi,2023,Grievous Injury,Vehicle to Vehicle,Others,12.941854,77.561058,0,938
Basavanagudi,2023,Grievous Injury,Vehicle to Vehicle,Others,12.940798,77.565956,0,939
Basavanagudi,2023,Simple Injury,Vehicle to Vehicle,Two way,12.943595,77.579289,0,940
Basavanagudi,2023,Simple Injury,Hit pedestrian,Others,12.945886,77.556415,0,941
Basavanagudi,2023,Damage Only,Vehicle to Vehicle,Two way,12.936658,77.574008,0,942
Basavanagudi,2023,Damage Only,Vehicle to Vehicle,Others,12.942314,77.578624,0,943
Bellanduru,2023,Grievous Injury,Hit pedestrian,Two way,12.900226,77.6754306,0,944
Bellanduru,2023,Grievous Injury,Not Applicable,Others,12.9044709,77.6767701,0,945
Bellanduru,2023,Fatal,Vehicle to Vehicle,Two way,12.916242,77.667734,1,946
Bellanduru,2023,Grievous Injury,Hit pedestrian,Others,12.919324,77.668156,0,947
Bellanduru,2023,Grievous Injury,Hit pedestrian,Others,12.907904,77.693394,0,948
Bellanduru,2023,Grievous Injury,Vehicle to Vehicle,Others,12.909856,77.696974,0,949
Bellanduru,2023,Grievous Injury,Vehicle to Vehicle,Two way,12.906534,77.697851,0,950
Bellanduru,2023,Grievous Injury,Hit pedestrian,Two way,12.889573,77.673161,0,951
Bellanduru,2023,Grievous Injury,Hit pedestrian,Residential Street,12.917463,77.66842,0,952
Bellanduru,2023,Fatal,Hit pedestrian,Others,12.905846,77.699715,1,953
Bellanduru,2023,Grievous Injury,Vehicle to Vehicle,Others,12.922652,77.656297,0,954
Bellanduru,2023,Fatal,Vehicle to Vehicle,Others,12.897472,77.675031,1,955
Bellanduru,2023,Grievous Injury,Vehicle to Vehicle,Others,12.922652,77.656297,0,956
Bellanduru,2023,Grievous Injury,Not Applicable,Two way,12.918379,77.670565,0,957
Bellanduru,2023,Not Applicable,Vehicle to Vehicle,Two way,12.893392,77.673992,0,958
Bellanduru,2023,Grievous Injury,Vehicle to Vehicle,Others,12.926811,77.669748,0,959
Bellanduru,2023,Grievous Injury,Hit pedestrian,Others,12.907367,77.695523,0,960
Bellanduru,2023,Grievous Injury,Vehicle to Vehicle,Others,12.923417,77.65656,0,961
Bellanduru,2023,Grievous Injury,Hit pedestrian,Two way,12.911452,77.676597,0,962
Bellanduru,2023,Damage Only,Vehicle to Vehicle,Others,12.925124,77.674414,0,963
Bellanduru,2023,Grievous Injury,Hit pedestrian,Others,12.908717,77.689938,0,964
Bellanduru,2023,Fatal,Not Applicable,Two way,12.909503,77.663933,1,965
Bellanduru,2023,Fatal,Vehicle to Vehicle,Others,12.922913,77.669182,1,966
Bellanduru,2023,Fatal,Vehicle to Vehicle,Others,12.923557,77.655429,1,967
Bellanduru,2023,Grievous Injury,Not Applicable,Residential Street,12.924161,77.669553,0,968
Bellanduru,2023,Grievous Injury,Vehicle to Vehicle,Two way,12.92313,77.695309,0,969
Bellanduru,2023,Grievous Injury,Hit pedestrian,Others,12.912338,77.681273,0,970
Bellanduru,2023,Fatal,Hit pedestrian,Others,12.901253,77.676555,1,971
Bellanduru,2023,Grievous Injury,Vehicle to Vehicle,Others,12.927285,77.680123,0,972
Bellanduru,2023,Grievous Injury,Vehicle to Vehicle,Others,12.921043,77.665806,0,973
Bellanduru,2023,Grievous Injury,Hit bicyclist,Others,12.922077,77.66756,0,974
Bellanduru,2023,Grievous Injury,Vehicle to Vehicle,Others,12.919516,77.69663,0,975
Jnanabharathi,2020,Grievous Injury,Not Applicable,Two way,12.97811,77.48748,0,976
Jnanabharathi,2020,Simple Injury,Hit pedestrian,State Highway,12.98586,77.48006,0,977
Jnanabharathi,2020,Grievous Injury,Not Applicable,Others,12.98566,77.47957,0,978
Jnanabharathi,2020,Damage Only,Vehicle to Vehicle,Others,12.95642,77.47144,0,979
Jnanabharathi,2020,Damage Only,Not Applicable,One way,12.97797,77.57947,0,980
Jnanabharathi,2022,Grievous Injury,Hit pedestrian,Not Applicable,12.988773,77.472259,0,981
Jnanabharathi,2022,Grievous Injury,Hit pedestrian,Not Applicable,12.986201,77.477931,0,982
Jnanabharathi,2022,Grievous Injury,Vehicle to Vehicle,Residential Street,13.01045,77.494691,0,983
Jnanabharathi,2022,Fatal,Vehicle to Vehicle,Major District Road,12.985513,77.479761,1,984
Jnanabharathi,2022,Grievous Injury,Vehicle to Vehicle,Residential Street,12.988583,77.485004,0,985
Jnanabharathi,2022,Grievous Injury,Vehicle to Vehicle,State Highway,12.986517,77.47147,0,986
Jnanabharathi,2022,Grievous Injury,Hit pedestrian,State Highway,12.985889,77.478381,0,987
Bytarayanapura,2016,Simple Injury,Others,Others,12.9368329,77.5317378,0,988
Bytarayanapura,2016,Fatal,Hit pedestrian,Two way,12.9522473,77.5370219,1,989
Bytarayanapura,2018,Fatal,Hit and Run,One way,12.94014,77.533196,1,990
Bytarayanapura,2018,Simple Injury,Hit pedestrian,Two way,12.947324,77.52422,0,991
Bytarayanapura,2018,Fatal,Rear end,State Highway,12.956952,77.550265,1,992
Bytarayanapura,2018,Grievous Injury,Rear end,Two way,12.939333,77.532917,0,993
Bytarayanapura,2018,Grievous Injury,Hit pedestrian,City or Town Road,12.943562,77.538721,0,994
Bytarayanapura,2018,Grievous Injury,Hit pedestrian,Two way,12.95771,77.547832,0,995
Bytarayanapura,2018,Fatal,Hit pedestrian,State Highway,12.940679,77.524575,1,996
Bytarayanapura,2018,Grievous Injury,Hit pedestrian,Residential Street,12.958194,77.540356,0,997
Bytarayanapura,2018,Grievous Injury,Others,Two way,12.95994,77.532519,0,998
Bytarayanapura,2018,Grievous Injury,Hit and Run,City or Town Road,12.958497,77.525798,0,999
Bytarayanapura,2018,Simple Injury,Right Turn Collision,State Highway,12.947574,77.533762,0,1000
Bytarayanapura,2018,Grievous Injury,Hit and Run,State Highway,12.947705,77.533738,0,1001
Bytarayanapura,2018,Damage Only,Rear end,Two way,12.936306,77.518615,0,1002
Bytarayanapura,2018,Grievous Injury,Rear end,City or Town Road,12.94602,77.526953,0,1003
Bytarayanapura,2018,Grievous Injury,Hit and Run,State Highway,12.954341,77.543948,0,1004
Bytarayanapura,2018,Grievous Injury,Rear end,City or Town Road,12.95222,77.516145,0,1005
Bytarayanapura,2018,Grievous Injury,Right Turn Collision,Two way,12.94618,77.52938,0,1006
Bytarayanapura,2018,Grievous Injury,Rear end,Others,12.943921,77.53008,0,1007
Bytarayanapura,2018,Grievous Injury,Hit pedestrian,Two way,12.944477,77.541132,0,1008
Bytarayanapura,2018,Simple Injury,Others,Two way,12.958565,77.52592,0,1009
Bytarayanapura,2018,Damage Only,Rear end,Others,12.936012,77.514018,0,1010
Bytarayanapura,2018,Damage Only,Hit fixed object,One way,12.95285,77.541061,0,1011
Bytarayanapura,2018,Grievous Injury,Hit pedestrian,City or Town Road,12.927713,77.545994,0,1012
Bytarayanapura,2018,Grievous Injury,Hit pedestrian,Two way,12.95881,77.517251,0,1013
Bytarayanapura,2018,Simple Injury,Rear end,Two way,12.951408,77.5214,0,1014
Bytarayanapura,2018,Simple Injury,Head on,Two way,12.959029,77.524132,0,1015
Bytarayanapura,2018,Grievous Injury,Hit and Run,One way,12.945798,77.527007,0,1016
Bytarayanapura,2018,Fatal,Hit and Run,City or Town Road,12.953327,77.519966,1,1017
Bytarayanapura,2018,Simple Injury,Hit pedestrian,State Highway,12.956642,77.548157,0,1018
Bytarayanapura,2018,Damage Only,Rear end,City or Town Road,12.940621,77.532192,0,1019
Bytarayanapura,2018,Grievous Injury,Others,Two way,12.948134,77.523847,0,1020
Bytarayanapura,2018,Grievous Injury,Hit and Run,Residential Street,12.948601,77.539992,0,1021
Bytarayanapura,2018,Fatal,Hit pedestrian,Two way,12.958363,77.526306,1,1022
Bytarayanapura,2018,Grievous Injury,Others,City or Town Road,12.969148,77.517696,0,1023
Bytarayanapura,2018,Fatal,Rear end,Two way,13.043742,77.474974,1,1024
Bytarayanapura,2019,Grievous Injury,Vehicle to Vehicle,State Highway,12.957103,77.551004,0,1025
Bytarayanapura,2019,Fatal,Hit pedestrian,Two way,12.943233,77.542747,1,1026
Bytarayanapura,2019,Fatal,Hit pedestrian,Others,12.95709248,77.54546817,1,1027
Bytarayanapura,2019,Grievous Injury,Hit pedestrian,State Highway,12.957264,77.551951,0,1028
Bytarayanapura,2020,Grievous Injury,Hit pedestrian,Two way,12.948789,77.548768,0,1029
Bytarayanapura,2020,Grievous Injury,Vehicle to Vehicle,Two way,12.943226,77.54334,0,1030
Bytarayanapura,2020,Damage Only,Vehicle to Vehicle,Two way,12.950677,77.528551,0,1031
Bytarayanapura,2020,Fatal,Not Applicable,State Highway,12.952514,77.541231,1,1032
Bytarayanapura,2020,Damage Only,Vehicle to Vehicle,State Highway,12.949819,77.536863,0,1033
Bytarayanapura,2020,Damage Only,Vehicle to Vehicle,State Highway,12.952505,77.541236,0,1034
Bytarayanapura,2020,Simple Injury,Hit pedestrian,Two way,12.959426,77.533167,0,1035
Bytarayanapura,2020,Fatal,Vehicle to Vehicle,Two way,12.946027,77.526535,1,1036
Bytarayanapura,2020,Grievous Injury,Vehicle to Vehicle,Two way,12.956987,77.532711,0,1037
Bytarayanapura,2020,Grievous Injury,Vehicle to Vehicle,One way,12.953891,77.546269,0,1038
Bytarayanapura,2020,Fatal,Not Applicable,Two way,12.940469,77.53208,1,1039
Bytarayanapura,2020,Grievous Injury,Vehicle to Vehicle,One way,12.952884,77.540516,0,1040
Bytarayanapura,2020,Grievous Injury,Vehicle to Vehicle,Two way,12.94392,77.530073,0,1041
Bytarayanapura,2020,Grievous Injury,Hit pedestrian,Two way,12.968967,77.51886,0,1042
Bytarayanapura,2020,Grievous Injury,Not Applicable,Two way,12.936103,77.531135,0,1043
Bytarayanapura,2020,Grievous Injury,Hit pedestrian,One way,12.95319,77.536732,0,1044
Bytarayanapura,2020,Fatal,Vehicle to Vehicle,Two way,12.970782,77.524932,1,1045
Bytarayanapura,2020,Grievous Injury,Vehicle to Vehicle,Two way,12.958218,77.518851,0,1046
Bytarayanapura,2020,Grievous Injury,Hit pedestrian,Others,12.953442,77.542999,0,1047
Bytarayanapura,2020,Grievous Injury,Hit pedestrian,Two way,12.952553,77.520221,0,1048
Bytarayanapura,2020,Grievous Injury,Vehicle to Vehicle,State Highway,12.936285,77.518253,0,1049
Bytarayanapura,2020,Grievous Injury,Vehicle to Vehicle,State Highway,12.948001,77.534617,0,1050
Bytarayanapura,2020,Damage Only,Vehicle to Vehicle,State Highway,12.945463,77.528368,0,1051
Bytarayanapura,2020,Simple Injury,Not Applicable,Two way,12.95522,77.549264,0,1052
Bytarayanapura,2020,Fatal,Vehicle to Vehicle,State Highway,12.947518,77.53308,1,1053
Bytarayanapura,2020,Grievous Injury,Vehicle to Vehicle,Two way,12.945133,77.528349,0,1054
Bytarayanapura,2020,Damage Only,Vehicle to Vehicle,Two way,12.969087,77.524558,0,1055
Bytarayanapura,2020,Grievous Injury,Hit pedestrian,State Highway,12.936505,77.51912,0,1056
Bytarayanapura,2020,Fatal,Not Applicable,State Highway,12.945016,77.527832,1,1057
Bytarayanapura,2020,Damage Only,Vehicle to Vehicle,State Highway,12.954338,77.544118,0,1058
Bytarayanapura,2020,Grievous Injury,Hit pedestrian,Two way,12.957243,77.531876,0,1059
Bytarayanapura,2020,Damage Only,Vehicle to Vehicle,Others,12.94146,77.538856,0,1060
Bytarayanapura,2020,Grievous Injury,Hit pedestrian,State Highway,12.938414,77.522454,0,1061
Bytarayanapura,2020,Fatal,Hit pedestrian,Two way,12.941437,77.531464,1,1062
Bytarayanapura,2020,Grievous Injury,Vehicle to Vehicle,Two way,12.960141,77.525842,0,1063
Bytarayanapura,2020,Grievous Injury,Not Applicable,Two way,12.943936,77.530093,0,1064
Bytarayanapura,2020,Fatal,Not Applicable,Two way,12.966429,77.51886,1,1065
Bytarayanapura,2020,Grievous Injury,Vehicle to Vehicle,State Highway,12.954341,77.544098,0,1066
Bytarayanapura,2020,Grievous Injury,Vehicle to Vehicle,Two way,12.957765,77.53429,0,1067
Bytarayanapura,2020,Grievous Injury,Vehicle to Vehicle,Two way,12.94622,77.525807,0,1068
Bytarayanapura,2020,Grievous Injury,Vehicle to Vehicle,State Highway,12.952525,77.541247,0,1069
Bytarayanapura,2020,Damage Only,Vehicle to Vehicle,State Highway,12.952941,77.541657,0,1070
Bytarayanapura,2021,Simple Injury,Hit pedestrian,One way,12.950543,77.53741,0,1071
Bytarayanapura,2021,Grievous Injury,Hit pedestrian,Residential Street,12.968107,77.520662,0,1072
Bytarayanapura,2021,Simple Injury,Hit pedestrian,State Highway,12.945023,77.527712,0,1073
Bytarayanapura,2021,Fatal,Vehicle to Vehicle,State Highway,12.953676,77.542907,1,1074
Bytarayanapura,2021,Grievous Injury,Vehicle to Vehicle,Two way,12.943508,77.538687,0,1075
Bytarayanapura,2021,Simple Injury,Vehicle to Vehicle,State Highway,12.953207,77.538373,0,1076
Bytarayanapura,2021,Simple Injury,Vehicle to Vehicle,State Highway,12.945591,77.52807,0,1077
Bytarayanapura,2021,Grievous Injury,Not Applicable,Two way,12.947939,77.523987,0,1078
Bytarayanapura,2021,Fatal,Hit pedestrian,Two way,12.940989,77.524709,1,1079
Bytarayanapura,2021,Damage Only,Vehicle to Vehicle,State Highway,12.954355,77.544117,0,1080
Bytarayanapura,2021,Grievous Injury,Vehicle to Vehicle,Two way,12.943239,77.52612,0,1081
Bytarayanapura,2021,Grievous Injury,Not Applicable,Major District Road,12.944058,77.530153,0,1082
Bytarayanapura,2021,Grievous Injury,Hit pedestrian,Two way,12.946923,77.531769,0,1083
Bytarayanapura,2021,Grievous Injury,Hit pedestrian,State Highway,12.954405,77.544019,0,1084
Bytarayanapura,2021,Grievous Injury,Hit pedestrian,Two way,12.943261,77.542754,0,1085
Bytarayanapura,2021,Grievous Injury,Vehicle to Vehicle,Two way,12.957972,77.518784,0,1086
Bytarayanapura,2021,Grievous Injury,Hit pedestrian,Others,12.960902,77.527901,0,1087
Bytarayanapura,2021,Fatal,Hit pedestrian,Two way,12.959454,77.515711,1,1088
Bytarayanapura,2021,Grievous Injury,Hit pedestrian,Two way,12.940857,77.531971,0,1089
Bytarayanapura,2021,Grievous Injury,Hit pedestrian,Two way,12.943505,77.538356,0,1090
Bytarayanapura,2021,Grievous Injury,Hit pedestrian,Two way,12.945015,77.54626,0,1091
Bytarayanapura,2021,Grievous Injury,Vehicle to Vehicle,Two way,12.959047,77.523651,0,1092
Bytarayanapura,2021,Grievous Injury,Vehicle to Vehicle,Others,12.951242,77.537374,0,1093
Bytarayanapura,2021,Grievous Injury,Hit pedestrian,Others,12.951794,77.521031,0,1094
Bytarayanapura,2021,Fatal,Vehicle to Vehicle,State Highway,12.945329,77.528189,1,1095
Bytarayanapura,2021,Simple Injury,Not Applicable,Others,12.953207,77.541043,0,1096
Bytarayanapura,2021,Simple Injury,Hit pedestrian,One way,12.954846,77.534931,0,1097
Bytarayanapura,2021,Fatal,Vehicle to Vehicle,State Highway,12.954345,77.544132,1,1098
Bytarayanapura,2021,Damage Only,Vehicle to Vehicle,Service Road,12.94755,77.524291,0,1099
Bytarayanapura,2021,Grievous Injury,Hit pedestrian,State Highway,12.950974,77.538668,0,1100
Bytarayanapura,2021,Fatal,Vehicle to Vehicle,State Highway,12.950982,77.538743,1,1101
Bytarayanapura,2021,Fatal,Hit pedestrian,Others,12.942833,77.530858,1,1102
Bytarayanapura,2021,Grievous Injury,Vehicle to Vehicle,One way,12.953226,77.538434,0,1103
Bytarayanapura,2021,Simple Injury,Vehicle to Vehicle,One way,12.95258,77.541312,0,1104
Bytarayanapura,2021,Not Applicable,Vehicle to Vehicle,One way,12.95899,77.516715,0,1105
Bytarayanapura,2021,Grievous Injury,Vehicle to Vehicle,Two way,12.951723,77.520796,0,1106
Bytarayanapura,2021,Grievous Injury,Vehicle to Vehicle,One way,12.940168,77.533089,0,1107
Bytarayanapura,2021,Grievous Injury,Vehicle to Vehicle,Two way,12.938302,77.533341,0,1108
Bytarayanapura,2021,Fatal,Hit pedestrian,One way,12.952503,77.541236,1,1109
Bytarayanapura,2021,Damage Only,Vehicle to Vehicle,One way,12.952965,77.541476,0,1110
Bytarayanapura,2021,Fatal,Hit pedestrian,Two way,12.947553,77.524255,1,1111
Bytarayanapura,2021,Not Applicable,Vehicle to Vehicle,Others,12.938299,77.521705,0,1112
Bytarayanapura,2021,Grievous Injury,Hit pedestrian,Two way,12.9425,77.52576,0,1113
Bytarayanapura,2021,Simple Injury,Vehicle to Vehicle,State Highway,12.946276,77.530014,0,1114
Bytarayanapura,2021,Fatal,Hit pedestrian,Service Road,12.959429,77.51606,1,1115
Bytarayanapura,2021,Fatal,Vehicle to Vehicle,Two way,12.950228,77.522201,1,1116
Bytarayanapura,2021,Damage Only,Vehicle to Vehicle,Service Road,12.951817,77.520999,0,1117
Bytarayanapura,2021,Grievous Injury,Vehicle to Vehicle,Two way,12.934868,77.532812,0,1118
Bytarayanapura,2021,Grievous Injury,Vehicle to Vehicle,Two way,12.953719,77.522186,0,1119
Bytarayanapura,2021,Grievous Injury,Vehicle to Vehicle,One way,12.938624,77.532549,0,1120
Bytarayanapura,2021,Damage Only,Not Applicable,Others,12.949474,77.543624,0,1121
Bytarayanapura,2021,Grievous Injury,Vehicle to Vehicle,One way,12.938282,77.522001,0,1122
Bytarayanapura,2021,Grievous Injury,Hit pedestrian,Two way,12.94097,77.531736,0,1123
Bytarayanapura,2021,Grievous Injury,Vehicle to Vehicle,Two way,12.945322,77.528007,0,1124
Bytarayanapura,2021,Simple Injury,Hit pedestrian,One way,12.938414,77.53204,0,1125
Bytarayanapura,2021,Grievous Injury,Not Applicable,Two way,12.95823,77.518813,0,1126
Bytarayanapura,2021,Grievous Injury,Hit pedestrian,State Highway,12.941124,77.524676,0,1127
Bytarayanapura,2021,Grievous Injury,Vehicle to Vehicle,Two way,12.951099,77.539127,0,1128
Bytarayanapura,2021,Grievous Injury,Not Applicable,Two way,12.943259,77.542891,0,1129
Bytarayanapura,2021,Grievous Injury,Vehicle to Vehicle,Two way,12.950006,77.522186,0,1130
Bytarayanapura,2021,Grievous Injury,Vehicle to Vehicle,Two way,12.959777,77.519471,0,1131
Bytarayanapura,2021,Grievous Injury,Hit pedestrian,Two way,12.943255,77.542861,0,1132
Bytarayanapura,2021,Grievous Injury,Vehicle to Vehicle,Two way,12.93841,77.533494,0,1133
Bytarayanapura,2021,Damage Only,Vehicle to Vehicle,State Highway,12.954404,77.543995,0,1134
Bytarayanapura,2021,Simple Injury,Hit pedestrian,State Highway,12.954412,77.54398,0,1135
Bytarayanapura,2021,Grievous Injury,Hit pedestrian,One way,12.935797,77.514098,0,1136
Bytarayanapura,2021,Simple Injury,Hit pedestrian,Two way,12.960063,77.519775,0,1137
Bytarayanapura,2021,Grievous Injury,Vehicle to Vehicle,Two way,12.956229,77.546528,0,1138
Bytarayanapura,2021,Not Applicable,Vehicle to Vehicle,State Highway,12.945098,77.527674,0,1139
Bytarayanapura,2021,Grievous Injury,Vehicle to Vehicle,State Highway,12.95618,77.54667,0,1140
Bytarayanapura,2021,Fatal,Vehicle to Vehicle,State Highway,12.950551,77.537809,1,1141
Bytarayanapura,2021,Grievous Injury,Hit pedestrian,State Highway,12.93645,77.518647,0,1142
Bytarayanapura,2021,Simple Injury,Hit pedestrian,State Highway,12.948223,77.535059,0,1143
Bytarayanapura,2021,Fatal,Not Applicable,Two way,12.959673,77.515544,1,1144
Bytarayanapura,2021,Damage Only,Not Applicable,Others,12.946006,77.528843,0,1145
Bytarayanapura,2021,Grievous Injury,Hit pedestrian,Two way,12.944042,77.546147,0,1146
Bytarayanapura,2021,Simple Injury,Vehicle to Vehicle,Others,12.957925,77.527232,0,1147
Bytarayanapura,2021,Grievous Injury,Hit pedestrian,State Highway,12.94632,77.53037,0,1148
Bytarayanapura,2021,Simple Injury,Hit pedestrian,Two way,12.960876,77.5204,0,1149
Bytarayanapura,2021,Grievous Injury,Vehicle to Vehicle,Two way,12.947682,77.523964,0,1150
Bytarayanapura,2021,Damage Only,Vehicle to Vehicle,Two way,12.958114,77.518742,0,1151
Bytarayanapura,2021,Grievous Injury,Hit pedestrian,State Highway,12.94741,77.533095,0,1152
Bytarayanapura,2021,Simple Injury,Vehicle to Vehicle,Two way,12.959931,77.531511,0,1153
Bytarayanapura,2021,Grievous Injury,Hit pedestrian,Two way,12.943526,77.538671,0,1154
Bytarayanapura,2021,Simple Injury,Vehicle to Vehicle,Others,12.936424,77.51778,0,1155
Bytarayanapura,2021,Simple Injury,Hit pedestrian,Two way,12.940098,77.524055,0,1156
Bytarayanapura,2021,Simple Injury,Vehicle to Vehicle,State Highway,12.957134,77.551324,0,1157
Bytarayanapura,2021,Fatal,Hit pedestrian,Two way,12.957788,77.519125,1,1158
Bytarayanapura,2021,Simple Injury,Vehicle to Vehicle,Two way,12.938477,77.533455,0,1159
Bytarayanapura,2021,Grievous Injury,Not Applicable,Two way,12.944411,77.543169,0,1160
Bytarayanapura,2021,Grievous Injury,Not Applicable,Not Applicable,12.947228,77.532571,0,1161
Bytarayanapura,2021,Simple Injury,Hit pedestrian,State Highway,12.94643,77.530586,0,1162
Bytarayanapura,2021,Grievous Injury,Vehicle to Vehicle,Two way,12.949958,77.52101,0,1163
Bytarayanapura,2021,Grievous Injury,Hit pedestrian,Two way,12.959179,77.516694,0,1164
Bytarayanapura,2021,Fatal,Not Applicable,State Highway,12.956104,77.546582,1,1165
Bytarayanapura,2021,Damage Only,Vehicle to Vehicle,State Highway,12.955288,77.545191,0,1166
Bytarayanapura,2021,Grievous Injury,Vehicle to Vehicle,Two way,12.954721,77.517839,0,1167
Bytarayanapura,2021,Damage Only,Vehicle to Vehicle,Two way,12.965919,77.524777,0,1168
Bytarayanapura,2021,Damage Only,Vehicle to Vehicle,State Highway,12.936367,77.516543,0,1169
Bytarayanapura,2021,Grievous Injury,Vehicle to Vehicle,State Highway,12.956268,77.546991,0,1170
Bytarayanapura,2021,Not Applicable,Vehicle to Vehicle,State Highway,12.93589,77.51391,0,1171
Bytarayanapura,2021,Simple Injury,Hit pedestrian,Two way,12.940763,77.531879,0,1172
Bytarayanapura,2021,Fatal,Not Applicable,State Highway,12.948331,77.535195,1,1173
Bytarayanapura,2021,Grievous Injury,Vehicle to Vehicle,Two way,12.956932,77.528691,0,1174
Bytarayanapura,2021,Fatal,Hit pedestrian,Two way,12.947144,77.525356,1,1175
Bytarayanapura,2021,Grievous Injury,Hit pedestrian,State Highway,12.94106,77.524777,0,1176
Bytarayanapura,2021,Simple Injury,Vehicle to Vehicle,Others,12.945998,77.526889,0,1177
Bytarayanapura,2021,Simple Injury,Not Applicable,Others,12.946005,77.526777,0,1178
Bytarayanapura,2021,Simple Injury,Vehicle to Vehicle,State Highway,12.956153,77.546429,0,1179
Bytarayanapura,2022,Simple Injury,Hit pedestrian,Residential Street,12.951635,77.527169,0,1180
Bytarayanapura,2022,Simple Injury,Vehicle to Vehicle,State Highway,12.936259,77.518281,0,1181
Bytarayanapura,2022,Grievous Injury,Vehicle to Vehicle,State Highway,12.956086,77.546324,0,1182
Bytarayanapura,2022,Grievous Injury,Hit pedestrian,Others,12.963064,77.523467,0,1183
Bytarayanapura,2022,Simple Injury,Hit pedestrian,Sub Arterial,12.95049,77.52105,0,1184
Bytarayanapura,2022,Simple Injury,Not Applicable,Residential Street,12.948685,77.539673,0,1185
Bytarayanapura,2022,Not Applicable,Not Applicable,Others,12.945585,77.528088,0,1186
Bytarayanapura,2022,Grievous Injury,Vehicle to Vehicle,Sub Arterial,12.953273,77.544396,0,1187
Bytarayanapura,2022,Simple Injury,Hit pedestrian,Sub Arterial,12.943873,77.542464,0,1188
Bytarayanapura,2022,Grievous Injury,Vehicle to Vehicle,Two way,12.951747,77.521075,0,1189
Bytarayanapura,2022,Fatal,Hit pedestrian,State Highway,12.94291,77.526015,1,1190
Bytarayanapura,2022,Grievous Injury,Not Applicable,Sub Arterial,12.951585,77.546204,0,1191
Bytarayanapura,2022,Simple Injury,Hit pedestrian,Others,12.957033,77.532351,0,1192
Bytarayanapura,2022,Grievous Injury,Hit pedestrian,State Highway,12.936373,77.516457,0,1193
Bytarayanapura,2022,Grievous Injury,Not Applicable,Two way,12.946684,77.530361,0,1194
Bytarayanapura,2022,Grievous Injury,Hit pedestrian,Others,12.959714,77.533257,0,1195
Bytarayanapura,2022,Simple Injury,Not Applicable,Others,12.943251,77.542567,0,1196
Bytarayanapura,2022,Simple Injury,Vehicle to Vehicle,State Highway,12.94701,77.531826,0,1197
Bytarayanapura,2022,Simple Injury,Hit pedestrian,State Highway,12.952421,77.541126,0,1198
Bytarayanapura,2022,Simple Injury,Vehicle to Vehicle,Sub Arterial,12.946325,77.525484,0,1199
Bytarayanapura,2022,Simple Injury,Not Applicable,Two way,12.957851,77.534071,0,1200
Bytarayanapura,2022,Grievous Injury,Vehicle to Vehicle,Service Road,12.959038,77.516632,0,1201
Bytarayanapura,2022,Grievous Injury,Hit pedestrian,Others,12.967363,77.523774,0,1202
Bytarayanapura,2022,Simple Injury,Vehicle to Vehicle,Others,12.944037,77.530169,0,1203
Bytarayanapura,2022,Simple Injury,Vehicle to Vehicle,Service Road,12.954439,77.54629,0,1204
Bytarayanapura,2022,Fatal,Vehicle to Vehicle,Sub Arterial,12.959868,77.519592,1,1205
Bytarayanapura,2022,Grievous Injury,Hit pedestrian,Two way,12.950791,77.539182,0,1206
Bytarayanapura,2022,Simple Injury,Vehicle to Vehicle,Sub Arterial,12.953341,77.544918,0,1207
Bytarayanapura,2022,Simple Injury,Hit pedestrian,Sub Arterial,12.956909,77.545206,0,1208
Bytarayanapura,2022,Grievous Injury,Hit pedestrian,Residential Street,12.954363,77.523033,0,1209
Bytarayanapura,2022,Fatal,Not Applicable,Sub Arterial,12.952297,77.54451,1,1210
Bytarayanapura,2022,Fatal,Hit pedestrian,Others,12.951954,77.544415,1,1211
Bytarayanapura,2022,Simple Injury,Vehicle to Vehicle,Others,12.946883,77.524974,0,1212
Bytarayanapura,2022,Fatal,Hit pedestrian,Not Applicable,12.952208,77.543799,1,1213
Bytarayanapura,2022,Simple Injury,Vehicle to Vehicle,State Highway,12.936259,77.518118,0,1214
Bytarayanapura,2022,Fatal,Hit pedestrian,State Highway,12.949496,77.536563,1,1215
Bytarayanapura,2022,Grievous Injury,Vehicle to Vehicle,Service Road,12.958117,77.519129,0,1216
Bytarayanapura,2022,Fatal,Vehicle to Vehicle,State Highway,12.953737,77.542977,1,1217
Bytarayanapura,2022,Fatal,Vehicle to Vehicle,Sub Arterial,12.958422,77.518828,1,1218
Bytarayanapura,2022,Fatal,Vehicle to Vehicle,Others,12.942461,77.525717,1,1219
Bytarayanapura,2022,Fatal,Not Applicable,Others,12.95077,77.521944,1,1220
Bytarayanapura,2022,Simple Injury,Not Applicable,Service Road,12.970291,77.524817,0,1221
Bytarayanapura,2022,Simple Injury,Hit pedestrian,State Highway,12.935658,77.518428,0,1222
Bytarayanapura,2022,Grievous Injury,Hit pedestrian,Two way,12.946982,77.524704,0,1223
Bytarayanapura,2022,Fatal,Not Applicable,Sub Arterial,12.957064,77.519314,1,1224
Bytarayanapura,2022,Simple Injury,Hit pedestrian,State Highway,12.947336,77.532975,0,1225
Bytarayanapura,2022,Simple Injury,Vehicle to Vehicle,State Highway,12.956417,77.547019,0,1226
Bytarayanapura,2022,Simple Injury,Vehicle to Vehicle,Sub Arterial,12.959127,77.516385,0,1227
Bytarayanapura,2022,Grievous Injury,Vehicle to Vehicle,Service Road,12.958186,77.51888,0,1228
Bytarayanapura,2022,Grievous Injury,Vehicle to Vehicle,Others,12.950481,77.540665,0,1229
Bytarayanapura,2022,Grievous Injury,Hit pedestrian,Others,12.956464,77.518534,0,1230
Bytarayanapura,2022,Grievous Injury,Vehicle to Vehicle,One way,12.955353,77.546327,0,1231
Bytarayanapura,2022,Simple Injury,Not Applicable,Others,12.967688,77.523732,0,1232
Bytarayanapura,2022,Damage Only,Vehicle to Vehicle,State Highway,12.953732,77.543082,0,1233
Bytarayanapura,2022,Fatal,Not Applicable,State Highway,12.945089,77.52785,1,1234
Bytarayanapura,2022,Simple Injury,Hit pedestrian,State Highway,12.93677,77.51966,0,1235
Bytarayanapura,2022,Grievous Injury,Vehicle to Vehicle,One way,12.953098,77.544409,0,1236
Bytarayanapura,2022,Grievous Injury,Vehicle to Vehicle,Sub Arterial,12.959127,77.516385,0,1237
Bytarayanapura,2022,Simple Injury,Vehicle to Vehicle,State Highway,12.944636,77.527516,0,1238
Bytarayanapura,2022,Damage Only,Vehicle to Vehicle,Others,12.946031,77.526841,0,1239
Bytarayanapura,2022,Simple Injury,Not Applicable,Others,12.943323,77.530412,0,1240
Bytarayanapura,2022,Simple Injury,Vehicle to Vehicle,State Highway,12.957327,77.552072,0,1241
Bytarayanapura,2022,Grievous Injury,Not Applicable,Others,12.960022,77.519711,0,1242
Bytarayanapura,2022,Simple Injury,Vehicle to Vehicle,One way,12.945724,77.527843,0,1243
Bytarayanapura,2022,Damage Only,Vehicle to Vehicle,State Highway,12.95034,77.537536,0,1244
Bytarayanapura,2022,Fatal,Vehicle to Vehicle,Sub Arterial,12.946672,77.525474,1,1245
Bytarayanapura,2022,Fatal,Vehicle to Vehicle,Service Road,12.940253,77.532874,1,1246
Bytarayanapura,2022,Grievous Injury,Vehicle to Vehicle,Others,12.954444,77.517555,0,1247
Bytarayanapura,2022,Fatal,Hit pedestrian,Residential Street,12.958308,77.532342,1,1248
Bytarayanapura,2022,Grievous Injury,Hit pedestrian,Others,12.949304,77.538826,0,1249
Bytarayanapura,2022,Fatal,Hit pedestrian,One way,12.957541,77.534056,1,1250
Bytarayanapura,2022,Simple Injury,Vehicle to Vehicle,Others,12.959584,77.526808,0,1251
Bytarayanapura,2022,Grievous Injury,Hit pedestrian,State Highway,12.957344,77.552118,0,1252
Bytarayanapura,2022,Simple Injury,Vehicle to Vehicle,Two way,12.958295,77.526316,0,1253
Bytarayanapura,2022,Simple Injury,Not Applicable,Others,12.943519,77.538471,0,1254
Bytarayanapura,2022,Simple Injury,Vehicle to Vehicle,State Highway,12.94138,77.525057,0,1255
Bytarayanapura,2022,Grievous Injury,Vehicle to Vehicle,Others,12.943452,77.540258,0,1256
Bytarayanapura,2022,Fatal,Hit pedestrian,State Highway,12.94653,77.530636,1,1257
Bytarayanapura,2022,Fatal,Vehicle to Vehicle,Two way,12.958438,77.518704,1,1258
Bytarayanapura,2022,Grievous Injury,Vehicle to Vehicle,Arterial,12.940226,77.532318,0,1259
Bytarayanapura,2022,Fatal,Not Applicable,Two way,12.958299,77.51841,1,1260
Bytarayanapura,2022,Simple Injury,Vehicle to Vehicle,Others,12.936289,77.518105,0,1261
Bytarayanapura,2022,Damage Only,Vehicle to Vehicle,Others,12.945709,77.527672,0,1262
Bytarayanapura,2022,Damage Only,Vehicle to Vehicle,Sub Arterial,12.945189,77.528222,0,1263
Bytarayanapura,2022,Grievous Injury,Vehicle to Vehicle,Two way,12.943262,77.542333,0,1264
Bytarayanapura,2023,Fatal,Hit pedestrian,State Highway,12.93834,77.522078,1,1265
Bytarayanapura,2023,Damage Only,Vehicle to Vehicle,Not Applicable,12.954394,77.544189,0,1266
Bytarayanapura,2023,Grievous Injury,Vehicle to Vehicle,Others,12.953832,77.546261,0,1267
Bytarayanapura,2023,Grievous Injury,Hit pedestrian,Others,12.953311,77.538407,0,1268
Bytarayanapura,2023,Simple Injury,Vehicle to Vehicle,Not Applicable,12.947177,77.524363,0,1269
Bytarayanapura,2023,Simple Injury,Vehicle to Vehicle,Others,12.942765,77.536399,0,1270
Bytarayanapura,2023,Damage Only,Not Applicable,Others,12.945411,77.528321,0,1271
Bytarayanapura,2023,Fatal,Hit pedestrian,Others,12.939697,77.523744,1,1272
Bytarayanapura,2023,Damage Only,Vehicle to Vehicle,Not Applicable,12.960016,77.532985,0,1273
Bytarayanapura,2023,Grievous Injury,Hit pedestrian,State Highway,12.950034,77.537173,0,1274
Bytarayanapura,2023,Simple Injury,Hit pedestrian,Others,12.957942,77.526988,0,1275
Bytarayanapura,2023,Damage Only,Vehicle to Vehicle,State Highway,12.949226,77.523076,0,1276
Bytarayanapura,2023,Grievous Injury,Vehicle to Vehicle,Others,12.958884,77.517782,0,1277
Bytarayanapura,2023,Grievous Injury,Vehicle to Vehicle,Major District Road,12.939635,77.532742,0,1278
Bytarayanapura,2023,Grievous Injury,Vehicle to Vehicle,Not Applicable,12.95905,77.516446,0,1279
Bytarayanapura,2023,Simple Injury,Vehicle to Vehicle,Others,12.945333,77.528595,0,1280
Bytarayanapura,2023,Damage Only,Vehicle to Vehicle,Two way,12.968647,77.524409,0,1281
Bytarayanapura,2023,Damage Only,Vehicle to Vehicle,Others,12.958201,77.518549,0,1282
Bytarayanapura,2023,Simple Injury,Vehicle to Vehicle,Others,12.96784,77.523979,0,1283
Bytarayanapura,2023,Simple Injury,Hit pedestrian,Others,12.95139,77.521068,0,1284
Bytarayanapura,2023,Simple Injury,Hit pedestrian,State Highway,12.957061,77.515344,0,1285
Bytarayanapura,2023,Grievous Injury,Vehicle to Vehicle,Others,12.952024,77.520825,0,1286
Bytarayanapura,2023,Grievous Injury,Vehicle to Vehicle,One way,12.945357,77.527962,0,1287
Bytarayanapura,2023,Grievous Injury,Hit pedestrian,Others,12.956447,77.54713,0,1288
Bytarayanapura,2023,Damage Only,Vehicle to Vehicle,Others,12.958812,77.518205,0,1289
Bytarayanapura,2023,Grievous Injury,Vehicle to Vehicle,Others,12.958919,77.516625,0,1290
Bytarayanapura,2023,Damage Only,Vehicle to Vehicle,Not Applicable,12.951798,77.521051,0,1291
Bytarayanapura,2023,Damage Only,Vehicle to Vehicle,Not Applicable,12.943491,77.539522,0,1292
Bytarayanapura,2023,Simple Injury,Vehicle to Vehicle,Others,12.943305,77.542115,0,1293
Bytarayanapura,2023,Simple Injury,Not Applicable,Others,12.959286,77.516735,0,1294
Bytarayanapura,2023,Damage Only,Vehicle to Vehicle,Not Applicable,12.956041,77.546523,0,1295
Bytarayanapura,2023,Damage Only,Vehicle to Vehicle,Not Applicable,12.937192,77.520527,0,1296
Bytarayanapura,2023,Simple Injury,Not Applicable,State Highway,12.938793,77.522693,0,1297
Bytarayanapura,2023,Simple Injury,Hit pedestrian,Not Applicable,12.950759,77.537531,0,1298
Bytarayanapura,2023,Damage Only,Vehicle to Vehicle,Residential Street,12.95131,77.52183,0,1299
Bytarayanapura,2023,Damage Only,Vehicle to Vehicle,Others,12.951878,77.521155,0,1300
Bytarayanapura,2023,Damage Only,Vehicle to Vehicle,State Highway,12.945851,77.528843,0,1301
Bytarayanapura,2023,Simple Injury,Not Applicable,Others,12.954162,77.543877,0,1302
Bytarayanapura,2023,Simple Injury,Not Applicable,Others,12.954319,77.544123,0,1303
Bytarayanapura,2023,Simple Injury,Hit pedestrian,Others,12.938353,77.533629,0,1304
Bytarayanapura,2023,Simple Injury,Hit pedestrian,State Highway,12.945374,77.528302,0,1305
Bytarayanapura,2023,Grievous Injury,Vehicle to Vehicle,Not Applicable,12.958492,77.517883,0,1306
Bytarayanapura,2023,Simple Injury,Not Applicable,One way,12.961934,77.529625,0,1307
Bytarayanapura,2023,Grievous Injury,Hit pedestrian,State Highway,12.94614,77.529987,0,1308
Bytarayanapura,2023,Simple Injury,Hit pedestrian,Others,12.951601,77.539869,0,1309
Bytarayanapura,2023,Simple Injury,Not Applicable,State Highway,12.954292,77.54402,0,1310
Bytarayanapura,2023,Fatal,Not Applicable,Others,12.941331,77.534758,1,1311
Bytarayanapura,2023,Fatal,Hit pedestrian,Others,12.957799,77.516282,1,1312
Bytarayanapura,2023,Fatal,Vehicle to Vehicle,State Highway,12.94586169,77.52838099,1,1313
Bytarayanapura,2023,Damage Only,Vehicle to Vehicle,State Highway,12.954395,77.544046,0,1314
Bytarayanapura,2023,Simple Injury,Not Applicable,Others,12.943523,77.538654,0,1315
Bytarayanapura,2023,Simple Injury,Vehicle to Vehicle,Others,12.954353,77.54414,0,1316
Bytarayanapura,2023,Grievous Injury,Hit pedestrian,Others,12.814305,77.683994,0,1317
Bytarayanapura,2023,Simple Injury,Vehicle to Vehicle,Others,12.943917,77.53008,0,1318
Chickpet,2017,Simple Injury,Others,Others,12.965401,77.573756,0,1319
Chickpet,2017,Damage Only,Head on,City or Town Road,12.957913,77.563369,0,1320
Chickpet,2017,Simple Injury,Not Applicable,City or Town Road,12.966488,77.574924,0,1321
Chickpet,2017,Simple Injury,Hit pedestrian,City or Town Road,12.961192,77.561991,0,1322
Chickpet,2017,Fatal,Head on,City or Town Road,12.980232,77.571175,1,1323
Chickpet,2017,Simple Injury,Hit and Run,City or Town Road,12.969672,77.570238,0,1324
Chickpet,2017,Fatal,Hit pedestrian,City or Town Road,12.958519,77.578261,1,1325
Chickpet,2017,Simple Injury,Hit and Run,City or Town Road,12.960476,77.568575,0,1326
Chickpet,2017,Simple Injury,Others,Others,12.979074,77.570922,0,1327
Chickpet,2017,Damage Only,Hit and Run,City or Town Road,12.980593,77.570724,0,1328
Chickpet,2017,Simple Injury,Not Applicable,City or Town Road,12.959352,77.555655,0,1329
Chickpet,2017,Simple Injury,Not Applicable,City or Town Road,12.960111,77.556691,0,1330
Chickpet,2017,Simple Injury,Skidding or Self accident,City or Town Road,12.964257,77.570743,0,1331
Chickpet,2017,Fatal,Hit and Run,City or Town Road,12.961083,77.560715,1,1332
Chickpet,2017,Simple Injury,Hit and Run,One way,12.973174,77.569273,0,1333
Chickpet,2017,Simple Injury,Others,Not Applicable,12.973174,77.569273,0,1334
Chickpet,2017,Simple Injury,Not Applicable,City or Town Road,12.970426,77.56603,0,1335
Chickpet,2017,Simple Injury,Others,City or Town Road,12.9606,77.55755,0,1336
Chickpet,2017,Simple Injury,Hit pedestrian,City or Town Road,12.96519,77.564549,0,1337
Chickpet,2017,Fatal,Head on,City or Town Road,12.974398,77.570461,1,1338
Chickpet,2017,Simple Injury,Not Applicable,City or Town Road,12.961325,77.559571,0,1339
Chickpet,2017,Fatal,Hit and Run,City or Town Road,12.963927,77.572798,1,1340
Chickpet,2017,Simple Injury,Hit and Run,City or Town Road,12.974715,77.57044,0,1341
Chickpet,2017,Grievous Injury,Others,City or Town Road,12.978082,77.570794,0,1342
Chickpet,2017,Fatal,Head on,City or Town Road,12.979647,77.57101,1,1343
Chickpet,2017,Simple Injury,Not Applicable,City or Town Road,12.970716,77.566572,0,1344
Chickpet,2017,Fatal,Hit and Run,City or Town Road,12.963339,77.570216,1,1345
Chickpet,2017,Simple Injury,Not Applicable,City or Town Road,12.9612,77.559743,0,1346
Chickpet,2017,Simple Injury,Others,City or Town Road,12.97506,77.570901,0,1347
Chickpet,2017,Damage Only,Not Applicable,City or Town Road,12.961949,77.565472,0,1348
Chickpet,2018,Simple Injury,Hit and Run,City or Town Road,12.959599,77.563627,0,1349
Chickpet,2018,Simple Injury,Head on,City or Town Road,12.962395,77.56463,0,1350
Chickpet,2018,Simple Injury,Hit and Run,City or Town Road,12.966037,77.562699,0,1351
Chickpet,2018,Simple Injury,Head on,City or Town Road,12.960451,77.564255,0,1352
Chickpet,2018,Fatal,Head on,City or Town Road,12.964604,77.573609,1,1353
Chickpet,2018,Damage Only,Hit and Run,City or Town Road,12.967643,77.56993,0,1354
Chickpet,2018,Simple Injury,Hit and Run,City or Town Road,12.980521,77.570901,0,1355
Chickpet,2018,Simple Injury,Hit parked vehicle,City or Town Road,12.960281,77.56199,0,1356
Chickpet,2018,Simple Injury,Head on,City or Town Road,12.96986,77.565374,0,1357
Chickpet,2018,Fatal,Head on,City or Town Road,12.959966,77.556223,1,1358
Chickpet,2018,Simple Injury,Hit and Run,City or Town Road,12.969052,77.56493,0,1359
Chickpet,2018,Simple Injury,Hit and Run,City or Town Road,12.965756,77.56242,0,1360
Chickpet,2018,Simple Injury,Hit and Run,City or Town Road,12.962902,77.566524,0,1361
Chickpet,2018,Grievous Injury,Head on,City or Town Road,12.959675,77.556016,0,1362
Chickpet,2018,Grievous Injury,Hit and Run,City or Town Road,12.957664,77.557861,0,1363
Chickpet,2018,Damage Only,Not Applicable,City or Town Road,12.964099,77.569705,0,1364
Chickpet,2018,Simple Injury,Head on,City or Town Road,12.966992,77.568153,0,1365
Chickpet,2018,Simple Injury,Hit and Run,City or Town Road,12.968882,77.570213,0,1366
Chickpet,2018,Fatal,Head on,City or Town Road,12.96425,77.570422,1,1367
Chickpet,2018,Simple Injury,Head on,City or Town Road,12.978214,77.571057,0,1368
Chickpet,2018,Simple Injury,Head on,City or Town Road,12.964896,77.56824,0,1369
Chickpet,2018,Grievous Injury,Hit and Run,City or Town Road,12.953237,77.550806,0,1370
Chickpet,2018,Fatal,Hit and Run,City or Town Road,12.961275,77.559821,1,1371
Chickpet,2018,Simple Injury,Hit pedestrian,City or Town Road,12.964798,77.573737,0,1372
Chickpet,2018,Simple Injury,Not Applicable,NH,12.962902,77.566524,0,1373
Chickpet,2018,Grievous Injury,Not Applicable,City or Town Road,12.960205,77.558319,0,1374
Chickpet,2018,Damage Only,Hit and Run,City or Town Road,12.959503,77.555847,0,1375
Chickpet,2018,Simple Injury,Head on,City or Town Road,12.961143,77.558933,0,1376
Chickpet,2018,Simple Injury,Head on,City or Town Road,12.962711,77.560303,0,1377
Chickpet,2018,Grievous Injury,Hit and Run,City or Town Road,12.965869,77.56853,0,1378
Chickpet,2018,Simple Injury,Hit and Run,City or Town Road,12.957805,77.560832,0,1379
Chickpet,2018,Grievous Injury,Hit bicyclist,City or Town Road,12.964489,77.572371,0,1380
Chickpet,2018,Simple Injury,Head on,City or Town Road,12.96986,77.565374,0,1381
Chickpet,2018,Simple Injury,Head on,City or Town Road,12.959793,77.559239,0,1382
Chickpet,2018,Simple Injury,Hit and Run,City or Town Road,12.964463,77.573708,0,1383
Chickpet,2018,Simple Injury,Hit and Run,City or Town Road,12.959941,77.556417,0,1384
Chickpet,2018,Simple Injury,Hit and Run,City or Town Road,12.969677,77.565461,0,1385
Chickpet,2018,Fatal,Hit and Run,City or Town Road,12.978279,77.57084,1,1386
Chickpet,2018,Simple Injury,Not Applicable,City or Town Road,12.928511,77.595009,0,1387
Chickpet,2018,Simple Injury,Hit and Run,City or Town Road,12.964276,77.57097,0,1388
Chickpet,2018,Simple Injury,Hit and Run,City or Town Road,12.961256,77.559201,0,1389
Chickpet,2018,Simple Injury,Head on,City or Town Road,12.975182,77.570686,0,1390
Chickpet,2018,Simple Injury,Hit and Run,City or Town Road,12.961092,77.562041,0,1391
Chickpet,2018,Simple Injury,Head on,City or Town Road,12.964281,77.569978,0,1392
Chickpet,2018,Fatal,Head on,City or Town Road,12.960185,77.557076,1,1393
Chickpet,2018,Simple Injury,Head on,City or Town Road,12.957468,77.565954,0,1394
Chickpet,2018,Simple Injury,Hit pedestrian,City or Town Road,12.960495,77.557351,0,1395
Chickpet,2018,Grievous Injury,Hit pedestrian,City or Town Road,12.961303,77.559185,0,1396
Chickpet,2018,Fatal,Head on,City or Town Road,12.957537,77.552406,1,1397
Chickpet,2018,Simple Injury,Hit pedestrian,City or Town Road,12.965322,77.562445,0,1398
Chickpet,2019,Grievous Injury,Vehicle to Vehicle,Not Applicable,12.960758,77.55775,0,1399
Chickpet,2019,Simple Injury,Hit pedestrian,Not Applicable,12.97472,77.57036,0,1400
Chickpet,2019,Simple Injury,Hit pedestrian,Not Applicable,12.965307,77.567182,0,1401
Chickpet,2019,Simple Injury,Vehicle to Vehicle,Not Applicable,12.96612,77.562856,0,1402
Chickpet,2019,Grievous Injury,Not Applicable,Not Applicable,12.960024,77.56729,0,1403
Chickpet,2019,Simple Injury,Head on,City or Town Road,12.96289,77.56656,0,1404
Chickpet,2019,Damage Only,Not Applicable,Not Applicable,12.95798,77.567414,0,1405
Chickpet,2019,Grievous Injury,Not Applicable,Not Applicable,12.97074,77.5665,0,1406
Chickpet,2019,Simple Injury,Hit pedestrian,Not Applicable,12.97607,77.571003,0,1407
Chickpet,2019,Damage Only,Hit and Run,City or Town Road,12.966407,77.563003,0,1408
Chickpet,2019,Simple Injury,Hit pedestrian,Residential Street,12.9538264,77.5659103,0,1409
Chickpet,2019,Simple Injury,Vehicle to Vehicle,Expressway,12.9605,77.55727,0,1410
Chickpet,2019,Grievous Injury,Hit pedestrian,Others,12.96108,77.558517,0,1411
Chickpet,2019,Grievous Injury,Vehicle to Vehicle,Residential Street,12.95866,77.564378,0,1412
Chickpet,2019,Simple Injury,Hit and Run,City or Town Road,12.979949,77.571019,0,1413
Chickpet,2019,Damage Only,Vehicle to Vehicle,Not Applicable,12.95798,77.567414,0,1414
Chickpet,2019,Grievous Injury,Vehicle to Vehicle,Residential Street,12.9577,77.562125,0,1415
Chickpet,2019,Simple Injury,Not Applicable,Others,12.960354,77.563323,0,1416
Chickpet,2019,Grievous Injury,Vehicle to Vehicle,Not Applicable,12.96129,77.559317,0,1417
Chickpet,2019,Simple Injury,Not Applicable,Not Applicable,12.961081,77.558654,0,1418
Chickpet,2019,Grievous Injury,Not Applicable,Not Applicable,12.963283,77.56719,0,1419
Chickpet,2019,Grievous Injury,Not Applicable,Not Applicable,12.963045,77.5665,0,1420
Chickpet,2019,Simple Injury,Hit and Run,City or Town Road,12.963767,77.56807,0,1421
Chickpet,2019,Simple Injury,Hit and Run,City or Town Road,12.96428,77.568194,0,1422
Chickpet,2019,Grievous Injury,Hit pedestrian,Two way,12.968,77.56391,0,1423
Chickpet,2019,Simple Injury,Hit pedestrian,Not Applicable,12.97049,77.566282,0,1424
Chickpet,2019,Grievous Injury,Vehicle to Vehicle,Not Applicable,12.95943,77.56438,0,1425
Chickpet,2019,Simple Injury,Hit pedestrian,One way,12.97744,77.57091,0,1426
Chickpet,2019,Simple Injury,Vehicle to Vehicle,Not Applicable,12.959169,77.56731,0,1427
Chickpet,2019,Fatal,Head on,City or Town Road,12.961911,77.562994,1,1428
Chickpet,2019,Fatal,Head on,City or Town Road,12.962132,77.56381,1,1429
Chickpet,2019,Grievous Injury,Hit pedestrian,Not Applicable,12.965277,77.568162,0,1430
Chickpet,2019,Fatal,Not Applicable,Not Applicable,12.961187,77.56325,1,1431
Chickpet,2019,Fatal,Hit pedestrian,Not Applicable,12.95773,77.560864,1,1432
Chickpet,2019,Fatal,Hit and Run,City or Town Road,12.965729,77.567856,1,1433
Chickpet,2019,Grievous Injury,Not Applicable,Not Applicable,12.965622,77.562565,0,1434
Chickpet,2019,Grievous Injury,Vehicle to Vehicle,Residential Street,12.95783,77.564457,0,1435
Chickpet,2019,Grievous Injury,Not Applicable,Not Applicable,12.96128,77.559207,0,1436
Chickpet,2019,Simple Injury,Vehicle to Vehicle,Others,12.9757,77.57086,0,1437
Chickpet,2019,Simple Injury,Vehicle to Vehicle,Expressway,12.96086,77.557544,0,1438
Chickpet,2019,Damage Only,Vehicle to Vehicle,Not Applicable,12.95341,77.554429,0,1439
Chickpet,2019,Grievous Injury,Hit pedestrian,Major District Road,12.96303,77.566518,0,1440
Chickpet,2019,Fatal,Not Applicable,Not Applicable,12.961911,77.56299,1,1441
Chickpet,2019,Simple Injury,Hit pedestrian,Not Applicable,12.96128,77.559207,0,1442
Chickpet,2019,Grievous Injury,Vehicle to Vehicle,Not Applicable,12.94374,77.558419,0,1443
Chickpet,2019,Simple Injury,Hit pedestrian,Others,12.95766,77.55938,0,1444
Chickpet,2019,Grievous Injury,Vehicle to Vehicle,Expressway,12.96001,77.56525,0,1445
Chickpet,2019,Simple Injury,Hit and Run,City or Town Road,12.961911,77.562994,0,1446
Chickpet,2019,Fatal,Hit and Run,City or Town Road,12.960832,77.557826,1,1447
Chickpet,2019,Grievous Injury,Vehicle to Vehicle,Residential Street,12.9651,77.568289,0,1448
Chickpet,2019,Simple Injury,Hit pedestrian,Not Applicable,12.96431,77.571115,0,1449
Chickpet,2019,Fatal,Hit and Run,City or Town Road,12.960388,77.564444,1,1450
Chickpet,2019,Simple Injury,Vehicle to Vehicle,State Highway,12.97062,77.566547,0,1451
Chickpet,2019,Grievous Injury,Vehicle to Vehicle,NH,12.95961,77.555828,0,1452
Chickpet,2019,Grievous Injury,Hit pedestrian,One way,12.97318,77.569154,0,1453
Chickpet,2019,Grievous Injury,Hit pedestrian,Not Applicable,12.967092,77.572185,0,1454
Chickpet,2019,Grievous Injury,Vehicle to Vehicle,Not Applicable,12.96382,77.568341,0,1455
Chickpet,2019,Simple Injury,Vehicle to Vehicle,Not Applicable,12.95957,77.55577,0,1456
Chickpet,2020,Grievous Injury,Vehicle to Vehicle,Not Applicable,12.9614,77.562031,0,1457
Chickpet,2020,Simple Injury,Vehicle to Vehicle,Not Applicable,12.95749,77.56593,0,1458
Chickpet,2020,Not Applicable,Hit animal,Others,12.9593175,77.5557018,0,1459
Chickpet,2020,Fatal,Hit pedestrian,One way,12.97607,77.571003,1,1460
Chickpet,2020,Simple Injury,Vehicle to Vehicle,Minor District Road,12.957321,77.55926,0,1461
Chickpet,2020,Grievous Injury,Vehicle to Vehicle,Others,12.96879,77.568073,0,1462
Chickpet,2020,Grievous Injury,Not Applicable,Not Applicable,12.9706,77.566497,0,1463
Chickpet,2020,Simple Injury,Vehicle to Vehicle,One way,12.97234,77.568857,0,1464
Chickpet,2020,Simple Injury,Hit pedestrian,One way,12.96878,77.56808,0,1465
Chickpet,2020,Fatal,Hit pedestrian,One way,12.96707,77.568117,1,1466
Chickpet,2020,Simple Injury,Vehicle to Vehicle,Two way,12.96879,77.56807,0,1467
Chickpet,2020,Fatal,Hit pedestrian,Others,12.964312,77.570904,1,1468
Chickpet,2020,Grievous Injury,Vehicle to Vehicle,Expressway,12.96195,77.56337,0,1469
Chickpet,2020,Fatal,Hit pedestrian,One way,12.96878,77.568083,1,1470
Chickpet,2020,Grievous Injury,Hit pedestrian,Major District Road,12.9653613,77.562863,0,1471
Chickpet,2020,Simple Injury,Hit pedestrian,Residential Street,12.95995,77.565839,0,1472
Chickpet,2020,Grievous Injury,Hit pedestrian,Others,12.95876,77.566764,0,1473
Chickpet,2020,Grievous Injury,Hit bicyclist,Residential Street,12.95944,77.562128,0,1474
Chickpet,2020,Grievous Injury,Not Applicable,Others,12.95697,77.559255,0,1475
Chickpet,2020,Simple Injury,Hit pedestrian,NH,12.96414,77.569785,0,1476
Chickpet,2020,Grievous Injury,Vehicle to Vehicle,Not Applicable,12.96027,77.56073,0,1477
Chickpet,2021,Fatal,Vehicle to Vehicle,Major District Road,12.98011,77.5711,1,1478
Chickpet,2022,Damage Only,Vehicle to Vehicle,Others,12.96112925,77.5606342,0,1479
Chickpet,2022,Grievous Injury,Hit pedestrian,Minor District Road,12.963939,77.569528,0,1480
Chickpet,2022,Fatal,Hit bicyclist,Major District Road,12.960424,77.55718,1,1481
Chickpet,2023,Simple Injury,Vehicle to Vehicle,Others,12.962887,77.566005,0,1482
Chickpet,2023,Fatal,Vehicle to Vehicle,Major District Road,12.96125,77.55963,1,1483
Chickpet,2023,Grievous Injury,Not Applicable,One way,12.96635,77.56827,0,1484
Chickpet,2023,Grievous Injury,Hit pedestrian,One way,12.96035,77.562265,0,1485
Chickpet,2023,Grievous Injury,Not Applicable,Others,12.970703,77.566586,0,1486
Chickpet,2023,Fatal,Not Applicable,Minor District Road,12.97472,77.569997,1,1487
Chickpet,2023,Grievous Injury,Hit pedestrian,Two way,12.963192,77.566852,0,1488
Chickpet,2023,Fatal,Not Applicable,One way,12.962222,77.564263,1,1489
Chickpet,2023,Simple Injury,Vehicle to Vehicle,Minor District Road,12.959526,77.565515,0,1490
Chickpet,2023,Grievous Injury,Vehicle to Vehicle,Two way,12.956423,77.556923,0,1491
Chickpet,2023,Fatal,Vehicle to Vehicle,State Highway,12.957782,77.553196,1,1492
Chickpet,2023,Grievous Injury,Hit pedestrian,One way,12.963191,77.566851,0,1493
Chickpet,2023,Fatal,Hit pedestrian,Minor District Road,12.972228,77.570304,1,1494
Chickpet,2023,Grievous Injury,Vehicle to Vehicle,One way,12.960914,77.558145,0,1495
Chickpet,2023,Simple Injury,Vehicle to Vehicle,One way,12.962169,77.563606,0,1496
Chickpet,2023,Fatal,Vehicle to Vehicle,Others,12.979849,77.571155,1,1497
Chikkajala,2016,Fatal,Hit pedestrian,NH,13.155128,77.621498,1,1498
Chikkajala,2016,Simple Injury,Hit pedestrian,NH,13.152078,77.620275,0,1499
Chikkajala,2016,Simple Injury,Rear end,NH,12.971599,77.594563,0,1500
Chikkajala,2016,Fatal,Hit pedestrian,NH,12.971599,77.594563,1,1501
Chikkajala,2016,Grievous Injury,Head on,NH,13.168688,77.631862,0,1502
Chikkajala,2016,Simple Injury,Rear end,City or Town Road,12.971599,77.594563,0,1503
Chikkajala,2016,Fatal,Skidding or Self accident,City or Town Road,12.979074,77.562658,1,1504
Chikkajala,2016,Simple Injury,Head on,City or Town Road,13.070968,77.618607,0,1505
Chikkajala,2016,Grievous Injury,Hit pedestrian,City or Town Road,13.100142,77.595951,0,1506
Chikkajala,2016,Simple Injury,Hit pedestrian,City or Town Road,13.010966,77.66854,0,1507
Chikkajala,2018,Simple Injury,Others,Others,13.07161,77.61885,0,1508
Chikkajala,2018,Simple Injury,Hit and Run,City or Town Road,13.04125,77.61768,0,1509
Chikkajala,2018,Simple Injury,Hit and Run,Expressway,13.185191,77.642459,0,1510
Chikkajala,2020,Damage Only,Vehicle to Vehicle,Service Road,13.16831,77.631158,0,1511
Chikkajala,2022,Simple Injury,Vehicle to Vehicle,Two way,13.06553,77.6332239,0,1512
Chikkajala,2022,Fatal,Not Applicable,Two way,13.117563,77.633891,1,1513
Chikkajala,2022,Simple Injury,Vehicle to Vehicle,Two way,13.160857,77.688088,0,1514
Chikkajala,2022,Simple Injury,Vehicle to Vehicle,Two way,13.068694,77.633706,0,1515
Chikkajala,2022,Grievous Injury,Hit pedestrian,Two way,13.081068,77.628497,0,1516
Chikkajala,2022,Fatal,Not Applicable,Two way,13.097763,77.65185,1,1517
Chikkajala,2022,Damage Only,Vehicle to Vehicle,Two way,13.28458,77.721398,0,1518
Chikkajala,2022,Simple Injury,Vehicle to Vehicle,Two way,13.079794,77.633787,0,1519
Chikkajala,2022,Simple Injury,Vehicle to Vehicle,Two way,13.101949,77.634591,0,1520
Chikkajala,2022,Grievous Injury,Not Applicable,Two way,13.182039,77.694883,0,1521
Chikkajala,2022,Simple Injury,Vehicle to Vehicle,Two way,13.11915,77.6329359,0,1522
Chikkajala,2023,Fatal,Vehicle to Vehicle,NH,13.163135,77.632853,1,1523
Chikkajala,2023,Grievous Injury,Hit pedestrian,NH,13.138936,77.617416,0,1524
Chikkajala,2023,Simple Injury,Vehicle to Vehicle,NH,13.14433,77.616397,0,1525
Chikkajala,2023,Grievous Injury,Hit pedestrian,NH,13.151995,77.620324,0,1526
Chikkajala,2023,Fatal,Hit pedestrian,Expressway,13.167845,77.63129,1,1527
Chikkajala,2023,Grievous Injury,Vehicle to Vehicle,Two way,13.139379,77.590013,0,1528
Chikkajala,2023,Simple Injury,Hit pedestrian,NH,13.186129,77.642663,0,1529
Chikkajala,2023,Grievous Injury,Vehicle to Vehicle,NH,13.196887,77.654446,0,1530
Chikkajala,2023,Simple Injury,Hit bicyclist,Expressway,13.19077,77.646117,0,1531
Chikkajala,2023,Fatal,Hit pedestrian,NH,13.13883,77.617504,1,1532
Chikkajala,2023,Simple Injury,Vehicle to Vehicle,NH,13.144798,77.617397,0,1533
Chikkajala,2023,Grievous Injury,Vehicle to Vehicle,Two way,13.161186,77.626736,0,1534
Chikkajala,2023,Not Applicable,Vehicle to Vehicle,NH,13.190591,77.645932,0,1535
Chikkajala,2023,Grievous Injury,Not Applicable,Others,13.200349,77.645258,0,1536
Chikkajala,2023,Simple Injury,Vehicle to Vehicle,NH,13.191286,77.646978,0,1537
Chikkajala,2023,Grievous Injury,Vehicle to Vehicle,NH,13.176005,77.635667,0,1538
Chikkajala,2023,Fatal,Hit pedestrian,NH,13.196305,77.654205,1,1539
Chikkajala,2023,Fatal,Not Applicable,Others,13.157652,77.6535,1,1540
City Market,2016,Grievous Injury,Hit pedestrian,Others,12.963671,77.57884,0,1541
City Market,2016,Grievous Injury,Hit and Run,Others,12.971599,77.594563,0,1542
City Market,2016,Damage Only,Others,City or Town Road,12.959454,77.58303,0,1543
City Market,2016,Damage Only,Rear end,City or Town Road,12.907624,77.570204,0,1544
City Market,2016,Grievous Injury,Hit and Run,Others,12.958927,77.580192,0,1545
City Market,2016,Simple Injury,Rear end,One way,12.915932,77.638157,0,1546
City Market,2016,Simple Injury,Hit pedestrian,One way,12.960106,77.577685,0,1547
City Market,2016,Grievous Injury,Hit and Run,City or Town Road,12.951114,77.582692,0,1548
City Market,2016,Fatal,Rear end,City or Town Road,12.959454,77.58303,1,1549
City Market,2016,Grievous Injury,Hit pedestrian,City or Town Road,12.960193,77.57768,0,1550
City Market,2016,Grievous Injury,Head on,City or Town Road,12.949694,77.57991,0,1551
City Market,2016,Simple Injury,Others,City or Town Road,12.95516,77.57971,0,1552
City Market,2016,Not Applicable,Hit pedestrian,City or Town Road,12.960193,77.57768,0,1553
City Market,2016,Simple Injury,Drowned,City or Town Road,12.964547,77.575929,0,1554
City Market,2016,Grievous Injury,Hit pedestrian,City or Town Road,12.960193,77.57768,0,1555
City Market,2016,Simple Injury,Hit and Run,City or Town Road,13.121167,77.60788,0,1556
City Market,2016,Damage Only,Rear end,City or Town Road,12.96156,77.588819,0,1557
City Market,2016,Grievous Injury,Others,Others,12.956394,77.577397,0,1558
City Market,2016,Damage Only,Hit and Run,City or Town Road,12.915932,77.638157,0,1559
City Market,2016,Grievous Injury,Rear end,City or Town Road,12.961916,77.576589,0,1560
City Market,2016,Grievous Injury,Hit and Run,Others,12.951114,77.582692,0,1561
City Market,2016,Grievous Injury,Head on,City or Town Road,12.915932,77.638157,0,1562
City Market,2016,Damage Only,Rear end,City or Town Road,12.948305,77.583025,0,1563
City Market,2016,Grievous Injury,Not Applicable,Others,12.960193,77.581174,0,1564
City Market,2016,Simple Injury,Hit pedestrian,City or Town Road,12.915822,77.638062,0,1565
City Market,2016,Fatal,Others,City or Town Road,12.971599,77.594563,1,1566
City Market,2016,Fatal,Others,City or Town Road,12.971599,77.594563,1,1567
City Market,2016,Damage Only,Rear end,City or Town Road,12.960193,77.57768,0,1568
City Market,2016,Fatal,Rear end,One way,12.915822,77.638062,1,1569
City Market,2016,Fatal,Others,One way,12.915932,77.638157,1,1570
City Market,2016,Grievous Injury,Not Applicable,One way,12.9641,77.577614,0,1571
City Market,2017,Grievous Injury,Hit pedestrian,One way,12.960106,77.577685,0,1572
City Market,2018,Grievous Injury,Hit pedestrian,City or Town Road,12.973243,77.576269,0,1573
City Market,2018,Fatal,Hit and Run,One way,12.96504,77.59747,1,1574
City Market,2021,Fatal,Hit pedestrian,Arterial,12.9646346,77.5748219,1,1575
City Market,2022,Simple Injury,Hit pedestrian,Sub Arterial,12.965932,77.57452,0,1576
City Market,2022,Simple Injury,Hit pedestrian,Arterial,12.964299,77.57688,0,1577
City Market,2022,Fatal,Hit pedestrian,Sub Arterial,12.96613,77.576791,1,1578
City Market,2022,Simple Injury,Vehicle to Vehicle,Arterial,12.963639,77.578398,0,1579
City Market,2022,Simple Injury,Hit pedestrian,Sub Arterial,12.965041,77.576343,0,1580
City Market,2022,Fatal,Hit pedestrian,Arterial,12.964345,77.576483,1,1581
City Market,2022,Fatal,Hit pedestrian,Others,12.9644,77.57757,1,1582
City Market,2023,Grievous Injury,Hit pedestrian,Others,12.964147,77.576992,0,1583
City Market,2023,Fatal,Hit pedestrian,Others,12.952165,77.580084,1,1584
City Market,2023,Grievous Injury,Hit pedestrian,One way,12.95941,77.575503,0,1585
City Market,2023,Grievous Injury,Vehicle to Vehicle,Others,12.948621,77.579877,0,1586
City Market,2023,Grievous Injury,Hit pedestrian,Others,12.964444,77.576702,0,1587
City Market,2023,Fatal,Hit pedestrian,Others,12.959281,77.576578,1,1588
City Market,2023,Grievous Injury,Vehicle to Vehicle,Arterial,12.956096,77.584414,0,1589
City Market,2023,Grievous Injury,Hit pedestrian,Residential Street,12.954231,77.584857,0,1590
City Market,2023,Simple Injury,Vehicle to Vehicle,State Highway,12.967924,77.578721,0,1591
City Market,2023,Simple Injury,Vehicle to Vehicle,One way,12.964538,77.576048,0,1592
City Market,2023,Fatal,Vehicle to Vehicle,Others,12.957565,77.581856,1,1593
City Market,2023,Fatal,Hit pedestrian,Arterial,12.951928,77.57988,1,1594
City Market,2023,Grievous Injury,Vehicle to Vehicle,Others,12.95789,77.582158,0,1595
Cubbon Park,2019,Damage Only,Not Applicable,Others,12.977796,77.590785,0,1596
Cubbon Park,2019,Grievous Injury,Vehicle to Vehicle,Others,12.981819,77.594744,0,1597
Cubbon Park,2019,Simple Injury,Vehicle to Vehicle,Others,12.975906,77.5873,0,1598
Cubbon Park,2019,Simple Injury,Others,Others,12.981823,77.594775,0,1599
Cubbon Park,2019,Grievous Injury,Others,Others,12.983223,77.595884,0,1600
Cubbon Park,2019,Grievous Injury,Vehicle to Vehicle,Others,12.983265,77.595789,0,1601
Cubbon Park,2019,Fatal,Others,City or Town Road,12.981828,77.59477,1,1602
Cubbon Park,2019,Grievous Injury,Others,City or Town Road,12.976599,77.58869,0,1603
Cubbon Park,2019,Damage Only,Vehicle to Vehicle,Others,12.976564,77.599324,0,1604
Cubbon Park,2019,Grievous Injury,Others,City or Town Road,12.984314,77.597168,0,1605
Cubbon Park,2022,Grievous Injury,Vehicle to Vehicle,Two way,12.975572,77.602551,0,1606
Cubbon Park,2023,Simple Injury,Not Applicable,One way,12.973406,77.601042,0,1607
Cubbon Park,2023,Not Applicable,Vehicle to Vehicle,One way,12.983274,77.595763,0,1608
Cubbon Park,2023,Damage Only,Vehicle to Vehicle,One way,12.984034,77.589904,0,1609
Cubbon Park,2023,Damage Only,Vehicle to Vehicle,Others,12.974807,77.606616,0,1610
Cubbon Park,2023,Grievous Injury,Vehicle to Vehicle,One way,12.983154,77.595338,0,1611
Cubbon Park,2023,Damage Only,Vehicle to Vehicle,Two way,12.977788,77.590767,0,1612
Cubbon Park,2023,Simple Injury,Vehicle to Vehicle,One way,12.984538,77.593038,0,1613
Cubbon Park,2023,Damage Only,Vehicle to Vehicle,Two way,12.97971,77.592533,0,1614
Cubbon Park,2023,Damage Only,Vehicle to Vehicle,Two way,12.981899,77.594719,0,1615
Cubbon Park,2023,Grievous Injury,Vehicle to Vehicle,Not Applicable,12.982608,77.595996,0,1616
Cubbon Park,2023,Simple Injury,Vehicle to Vehicle,One way,12.982701,77.597157,0,1617
Cubbon Park,2023,Simple Injury,Hit bicyclist,One way,12.981866,77.594571,0,1618
Cubbon Park,2023,Damage Only,Vehicle to Vehicle,One way,12.975177,77.590312,0,1619
Cubbon Park,2023,Damage Only,Vehicle to Vehicle,Others,12.983827,77.596287,0,1620
Cubbon Park,2023,Damage Only,Vehicle to Vehicle,Others,12.980909,77.59747,0,1621
Cubbon Park,2023,Damage Only,Not Applicable,Others,12.972801,77.599851,0,1622
Cubbon Park,2023,Damage Only,Vehicle to Vehicle,One way,12.982644,77.595903,0,1623
Cubbon Park,2023,Damage Only,Vehicle to Vehicle,One way,12.97449,77.601768,0,1624
Cubbon Park,2023,Simple Injury,Vehicle to Vehicle,Others,12.982039,77.595107,0,1625
Cubbon Park,2023,Simple Injury,Vehicle to Vehicle,Two way,12.976681,77.601768,0,1626
Int. Aiport,2017,Damage Only,Others,Expressway,13.19807328,77.68006146,0,1627
Int. Aiport,2017,Damage Only,Others,Expressway,13.19848065,77.70973742,0,1628
Int. Aiport,2017,Simple Injury,Hit pedestrian,NH,13.193689,77.649658,0,1629
Int. Aiport,2017,Fatal,Hit pedestrian,City or Town Road,13.241716,77.713731,1,1630
Int. Aiport,2017,Grievous Injury,Hit and Run,Service Road,13.24471559,77.71320149,0,1631
Int. Aiport,2017,Grievous Injury,Hit and Run,NH,13.2298289,77.702282,0,1632
Int. Aiport,2017,Simple Injury,Head on,Others,13.12069,77.393508,0,1633
Int. Aiport,2017,Grievous Injury,Hit and Run,One way,13.055511,77.646373,0,1634
Int. Aiport,2017,Fatal,Hit pedestrian,City or Town Road,13.073,77.643661,1,1635
Int. Aiport,2017,Grievous Injury,Not Applicable,City or Town Road,13.073,77.643661,0,1636
Int. Aiport,2017,Damage Only,Hit fixed object,Others,13.19845065,77.70973742,0,1637
Int. Aiport,2017,Simple Injury,Others,Village Road,13.24471559,77.71320149,0,1638
Int. Aiport,2017,Grievous Injury,Hit pedestrian,NH,13.195911,77.669649,0,1639
Int. Aiport,2017,Fatal,Hit and Run,City or Town Road,13.2298289,77.702282,1,1640
Int. Aiport,2017,Damage Only,Hit parked vehicle,Others,13.20056973,77.6608032,0,1641
Int. Aiport,2017,Damage Only,Hit fixed object,Not Applicable,13.19848065,77.70973742,0,1642
Int. Aiport,2017,Simple Injury,Others,NH,13.2676314,77.7195886,0,1643
Int. Aiport,2017,Simple Injury,Others,Village Road,13.055511,77.646373,0,1644
Int. Aiport,2017,Simple Injury,Others,State Highway,13.24471559,77.71320149,0,1645
Int. Aiport,2017,Grievous Injury,Not Applicable,Service Road,13.198376,77.705837,0,1646
Int. Aiport,2017,Simple Injury,Others,Expressway,13.19848065,77.70973742,0,1647
Int. Aiport,2017,Fatal,Others,State Highway,13.22844885,77.72731018,1,1648
Int. Aiport,2017,Simple Injury,Others,Residential Street,13.34303,77.385609,0,1649
Int. Aiport,2017,Grievous Injury,Hit and Run,NH,13.201528,77.658159,0,1650
Int. Aiport,2017,Simple Injury,Hit and Run,Village Road,13.06216119,77.65473068,0,1651
Int. Aiport,2017,Grievous Injury,Others,Sub Arterial,13.06216119,77.65473068,0,1652
Int. Aiport,2017,Simple Injury,Others,One way,13.195911,77.669649,0,1653
Int. Aiport,2017,Simple Injury,Hit and Run,State Highway,13.241716,77.713731,0,1654
Int. Aiport,2017,Fatal,Skidding or Self accident,Village Road,13.2570916,77.6976754,1,1655
Int. Aiport,2017,Fatal,Others,NH,13.25725629,77.714589,1,1656
Int. Aiport,2017,Grievous Injury,Hit pedestrian,Village Road,13.24471559,77.71320149,0,1657
Int. Aiport,2017,Simple Injury,Not Applicable,City or Town Road,13.0644951,77.6738254,0,1658
Int. Aiport,2017,Damage Only,Others,Others,13.198941,77.711555,0,1659
Int. Aiport,2017,Simple Injury,Others,Others,13.197924,77.690307,0,1660
Int. Aiport,2017,Simple Injury,Hit and Run,City or Town Road,13.071709,77.631884,0,1661
Int. Aiport,2017,Grievous Injury,Hit and Run,City or Town Road,13.198154,77.680104,0,1662
Int. Aiport,2017,Damage Only,Head on,NH,13.3021582,77.5510526,0,1663
Int. Aiport,2017,Damage Only,Head on,City or Town Road,13.241716,77.713731,0,1664
Int. Aiport,2017,Damage Only,Others,Others,13.19848065,77.70973742,0,1665
Int. Aiport,2017,Damage Only,Hit fixed object,NH,13.24203498,77.70400256,0,1666
Int. Aiport,2017,Fatal,Not Applicable,NH,13.131672,77.405597,1,1667
Int. Aiport,2017,Damage Only,Skidding or Self accident,Two way,13.21992627,77.67141724,0,1668
Int. Aiport,2017,Simple Injury,Others,NH,13.21992627,77.67141724,0,1669
Int. Aiport,2017,Damage Only,Head on,City or Town Road,13.226401,77.687189,0,1670
Int. Aiport,2017,Damage Only,Others,State Highway,13.241716,77.713731,0,1671
Int. Aiport,2017,Grievous Injury,Others,Others,13.24471559,77.71320149,0,1672
Int. Aiport,2017,Grievous Injury,Hit and Run,NH,13.193689,77.649658,0,1673
Int. Aiport,2017,Grievous Injury,Others,Village Road,13.24471559,77.71320149,0,1674
Int. Aiport,2017,Damage Only,Others,NH,13.2676314,77.7195886,0,1675
Int. Aiport,2017,Grievous Injury,Hit bicyclist,Others,13.073587,77.651499,0,1676
Int. Aiport,2017,Grievous Injury,Head on,City or Town Road,13.2676314,77.7195886,0,1677
Int. Aiport,2017,Simple Injury,Hit pedestrian,State Highway,13.197924,77.690307,0,1678
Int. Aiport,2017,Grievous Injury,Head on,NH,13.21992627,77.67141724,0,1679
Int. Aiport,2018,Simple Injury,Not Applicable,City or Town Road,13.06491,77.672668,0,1680
Int. Aiport,2018,Simple Injury,Hit and Run,Village Road,13.216996,77.740438,0,1681
Int. Aiport,2018,Grievous Injury,Hit and Run,City or Town Road,13.070918,77.633621,0,1682
Int. Aiport,2018,Fatal,Head on,State Highway,13.24353,77.718744,1,1683
Int. Aiport,2018,Simple Injury,Hit puchcart,City or Town Road,13.3021582,77.5510526,0,1684
Int. Aiport,2018,Simple Injury,Hit fixed object,City or Town Road,13.2676314,77.7195886,0,1685
Int. Aiport,2018,Damage Only,Hit puchcart,City or Town Road,13.21992627,77.67141724,0,1686
Int. Aiport,2018,Simple Injury,Hit puchcart,City or Town Road,13.2570916,77.6976754,0,1687
Int. Aiport,2018,Simple Injury,Not Applicable,NH,13.201528,77.658159,0,1688
Int. Aiport,2018,Simple Injury,Vehicle to Vehicle,NH,13.3021582,77.5510526,0,1689
Int. Aiport,2018,Simple Injury,Not Applicable,NH,13.2570916,77.6976754,0,1690
Int. Aiport,2018,Damage Only,Not Applicable,Others,13.198376,77.705837,0,1691
Int. Aiport,2018,Simple Injury,Not Applicable,Others,13.071452,77.651055,0,1692
Int. Aiport,2018,Simple Injury,Hit puchcart,City or Town Road,13.193689,77.649658,0,1693
Int. Aiport,2018,Simple Injury,Not Applicable,NH,13.3021582,77.5510526,0,1694
Int. Aiport,2018,Simple Injury,Hit and Run,City or Town Road,13.055511,77.646373,0,1695
Int. Aiport,2018,Simple Injury,Not Applicable,NH,13.241716,77.713731,0,1696
Int. Aiport,2018,Simple Injury,Vehicle to Vehicle,One way,13.241716,77.713731,0,1697
Int. Aiport,2018,Simple Injury,Hit puchcart,City or Town Road,13.2298289,77.702282,0,1698
Int. Aiport,2018,Simple Injury,Hit puchcart,City or Town Road,13.071452,77.651055,0,1699
Int. Aiport,2018,Fatal,Not Applicable,Others,13.073,77.643661,1,1700
Int. Aiport,2018,Simple Injury,Hit pedestrian,City or Town Road,13.198376,77.705837,0,1701
Int. Aiport,2018,Simple Injury,Not Applicable,NH,13.2298289,77.702282,0,1702
Int. Aiport,2018,Simple Injury,Not Applicable,NH,13.241716,77.713731,0,1703
Int. Aiport,2018,Simple Injury,Hit puchcart,NH,13.211861,77.673157,0,1704
Int. Aiport,2018,Fatal,Hit and Run,City or Town Road,13.211861,77.673157,1,1705
Int. Aiport,2018,Fatal,Not Applicable,NH,13.201528,77.658159,1,1706
Int. Aiport,2018,Simple Injury,Not Applicable,NH,13.241716,77.713731,0,1707
Int. Aiport,2018,Simple Injury,Hit puchcart,City or Town Road,13.2486292,77.7155364,0,1708
Int. Aiport,2018,Damage Only,Head on,One way,13.241716,77.713731,0,1709
Int. Aiport,2018,Damage Only,Hit puchcart,City or Town Road,13.2676314,77.7195886,0,1710
Int. Aiport,2018,Simple Injury,Head on,City or Town Road,13.2456607,77.7127844,0,1711
Int. Aiport,2018,Fatal,Others,City or Town Road,13.132121,77.442723,1,1712
Int. Aiport,2018,Simple Injury,Hit and Run,City or Town Road,13.21992627,77.67141724,0,1713
Int. Aiport,2018,Damage Only,Hit puchcart,City or Town Road,13.198154,77.680104,0,1714
Int. Aiport,2018,Simple Injury,Head on,NH,13.2298289,77.702282,0,1715
Int. Aiport,2018,Simple Injury,Hit and Run,NH,13.2298289,77.702282,0,1716
Int. Aiport,2018,Simple Injury,Hit puchcart,NH,13.2298289,77.702282,0,1717
Int. Aiport,2018,Fatal,Not Applicable,NH,13.241716,77.713731,1,1718
Int. Aiport,2018,Damage Only,Hit puchcart,City or Town Road,13.3021582,77.5510526,0,1719
Int. Aiport,2018,Damage Only,Hit fixed object,City or Town Road,13.073,77.643661,0,1720
Int. Aiport,2018,Damage Only,Not Applicable,City or Town Road,13.198376,77.705837,0,1721
Int. Aiport,2018,Simple Injury,Head on,City or Town Road,13.197924,77.690307,0,1722
Int. Aiport,2018,Simple Injury,Hit puchcart,City or Town Road,13.197924,77.690307,0,1723
Int. Aiport,2018,Simple Injury,Not Applicable,City or Town Road,13.055511,77.646373,0,1724
Int. Aiport,2018,Fatal,Head on,NH,13.241716,77.713731,1,1725
Int. Aiport,2018,Grievous Injury,Hit pedestrian,NH,13.2486292,77.7155364,0,1726
Int. Aiport,2018,Fatal,Overturning,NH,13.211861,77.673157,1,1727
Int. Aiport,2018,Simple Injury,Vehicle to Vehicle,Others,13.073,77.643661,0,1728
Int. Aiport,2018,Fatal,Hit pedestrian,City or Town Road,13.3021582,77.5510526,1,1729
Int. Aiport,2018,Simple Injury,Hit puchcart,City or Town Road,13.201528,77.658159,0,1730
Int. Aiport,2018,Simple Injury,Not Applicable,NH,13.2298289,77.702282,0,1731
Int. Aiport,2018,Damage Only,Others,NH,13.2676314,77.7195886,0,1732
Int. Aiport,2018,Simple Injury,Not Applicable,NH,13.201528,77.658159,0,1733
Int. Aiport,2018,Fatal,Vehicle to Vehicle,NH,13.201528,77.658159,1,1734
Int. Aiport,2018,Simple Injury,Not Applicable,City or Town Road,13.24471559,77.71320149,0,1735
Int. Aiport,2018,Simple Injury,Hit puchcart,City or Town Road,13.197924,77.690307,0,1736
Int. Aiport,2018,Simple Injury,Not Applicable,Others,13.073,77.643661,0,1737
Int. Aiport,2018,Simple Injury,Hit pedestrian,City or Town Road,13.200518,77.699239,0,1738
Int. Aiport,2018,Fatal,Hit pedestrian,Two way,13.073,77.643661,1,1739
Int. Aiport,2018,Simple Injury,Hit puchcart,City or Town Road,13.2298289,77.702282,0,1740
Int. Aiport,2018,Simple Injury,Vehicle to Vehicle,NH,13.211861,77.673157,0,1741
Int. Aiport,2018,Simple Injury,Hit and Run,City or Town Road,13.073,77.643661,0,1742
Int. Aiport,2018,Simple Injury,Hit puchcart,Service Road,13.3021582,77.5510526,0,1743
Int. Aiport,2018,Damage Only,Hit puchcart,City or Town Road,13.195911,77.669649,0,1744
Int. Aiport,2018,Fatal,Hit bicyclist,City or Town Road,13.2298289,77.702282,1,1745
Int. Aiport,2018,Simple Injury,Hit puchcart,City or Town Road,13.2486292,77.7155364,0,1746
Int. Aiport,2018,Damage Only,Hit puchcart,City or Town Road,13.241716,77.713731,0,1747
Int. Aiport,2018,Simple Injury,Not Applicable,City or Town Road,13.34303,77.385609,0,1748
Int. Aiport,2018,Simple Injury,Not Applicable,NH,13.211861,77.673157,0,1749
Int. Aiport,2018,Damage Only,Others,NH,13.201528,77.658159,0,1750
Int. Aiport,2018,Simple Injury,Others,NH,13.211861,77.673157,0,1751
Int. Aiport,2018,Simple Injury,Head on,Village Road,13.241716,77.713731,0,1752
Int. Aiport,2018,Simple Injury,Head on,Others,13.195911,77.669649,0,1753
Int. Aiport,2018,Simple Injury,Head on,NH,13.3021582,77.5510526,0,1754
Int. Aiport,2018,Damage Only,Not Applicable,Others,13.198982,77.704175,0,1755
Int. Aiport,2018,Simple Injury,Hit puchcart,City or Town Road,13.2417155,77.713730599,0,1756
Int. Aiport,2018,Simple Injury,Hit pedestrian,City or Town Road,13.071452,77.651055,0,1757
Int. Aiport,2018,Simple Injury,Not Applicable,City or Town Road,13.073,77.643661,0,1758
Int. Aiport,2018,Fatal,Not Applicable,City or Town Road,13.2486292,77.7155364,1,1759
Int. Aiport,2018,Fatal,Not Applicable,NH,13.2298289,77.702282,1,1760
Int. Aiport,2018,Simple Injury,Head on,NH,13.241716,77.713731,0,1761
Int. Aiport,2018,Simple Injury,Hit pedestrian,NH,13.241716,77.713731,0,1762
Int. Aiport,2018,Simple Injury,Head on,NH,13.2486292,77.7155364,0,1763
Int. Aiport,2018,Simple Injury,Head on,NH,13.2298289,77.702282,0,1764
Int. Aiport,2018,Fatal,Head on,Residential Street,13.055511,77.646373,1,1765
Int. Aiport,2018,Simple Injury,Others,NH,13.201528,77.658159,0,1766
Int. Aiport,2018,Simple Injury,Hit puchcart,City or Town Road,13.201528,77.658159,0,1767
Int. Aiport,2018,Simple Injury,Not Applicable,City or Town Road,13.24471559,77.71320149,0,1768
Int. Aiport,2018,Simple Injury,Hit pedestrian,NH,13.21992627,77.67141724,0,1769
Int. Aiport,2018,Simple Injury,Hit puchcart,City or Town Road,13.2676314,77.7195886,0,1770
Int. Aiport,2018,Simple Injury,Hit puchcart,City or Town Road,13.193689,77.649658,0,1771
Int. Aiport,2018,Simple Injury,Not Applicable,Others,13.211165,77.646095,0,1772
Int. Aiport,2018,Fatal,Not Applicable,NH,13.21992627,77.67141724,1,1773
Int. Aiport,2018,Damage Only,Hit fixed object,City or Town Road,13.34303,77.385609,0,1774
Int. Aiport,2018,Simple Injury,Head on,Others,13.24471559,77.71320149,0,1775
Int. Aiport,2018,Simple Injury,Overturning,NH,13.2676314,77.7195886,0,1776
Int. Aiport,2018,Simple Injury,Head on,State Highway,13.216996,77.740438,0,1777
Int. Aiport,2018,Damage Only,Not Applicable,Others,13.198154,77.680104,0,1778
Int. Aiport,2018,Simple Injury,Head on,Others,13.2486292,77.7155364,0,1779
Int. Aiport,2018,Simple Injury,Hit puchcart,City or Town Road,13.3021582,77.5510526,0,1780
Int. Aiport,2018,Damage Only,Hit puchcart,City or Town Road,13.2298289,77.702282,0,1781
Int. Aiport,2018,Fatal,Hit puchcart,City or Town Road,13.3021582,77.5510526,1,1782
Int. Aiport,2018,Simple Injury,Hit and Run,City or Town Road,13.34303,77.385609,0,1783
Int. Aiport,2018,Fatal,Not Applicable,NH,13.241715,77.71373,1,1784
Int. Aiport,2018,Simple Injury,Not Applicable,NH,13.21992627,77.67141724,0,1785
Int. Aiport,2018,Simple Injury,Not Applicable,NH,13.193689,77.649658,0,1786
Int. Aiport,2018,Simple Injury,Not Applicable,NH,13.2676314,77.7195886,0,1787
Int. Aiport,2018,Fatal,Not Applicable,NH,13.21992627,77.67141724,1,1788
Int. Aiport,2018,Simple Injury,Hit puchcart,City or Town Road,13.21992627,77.67141724,0,1789
Int. Aiport,2018,Damage Only,Others,One way,13.198376,77.705837,0,1790
Int. Aiport,2018,Damage Only,Head on,Others,13.198154,77.680104,0,1791
Int. Aiport,2018,Simple Injury,Hit fixed object,City or Town Road,13.3021582,77.5510526,0,1792
Int. Aiport,2018,Simple Injury,Side impact or Right angle,NH,13.201528,77.658159,0,1793
Int. Aiport,2018,Simple Injury,Head on,Others,13.277211,77.712902,0,1794
Int. Aiport,2018,Simple Injury,Hit and Run,NH,13.3021582,77.5510526,0,1795
Int. Aiport,2018,Damage Only,Hit puchcart,Minor District Road,13.3021582,77.5510526,0,1796
Int. Aiport,2018,Simple Injury,Hit pedal cyclist,City or Town Road,13.267877,77.718913,0,1797
Int. Aiport,2018,Fatal,Hit puchcart,City or Town Road,13.2676314,77.7195886,1,1798
Int. Aiport,2018,Simple Injury,Vehicle to Vehicle,NH,13.34303,77.385609,0,1799
Int. Aiport,2018,Simple Injury,Hit puchcart,City or Town Road,13.211165,77.646095,0,1800
Int. Aiport,2018,Fatal,Hit pedestrian,NH,13.2298289,77.702282,1,1801
Int. Aiport,2018,Simple Injury,Hit puchcart,City or Town Road,13.241716,77.713731,0,1802
Int. Aiport,2018,Simple Injury,Not Applicable,NH,13.21992627,77.67141724,0,1803
Int. Aiport,2018,Simple Injury,Hit pedestrian,City or Town Road,13.071709,77.631884,0,1804
Int. Aiport,2018,Simple Injury,Vehicle to Vehicle,NH,13.2676314,77.7195886,0,1805
Int. Aiport,2018,Simple Injury,Hit pedestrian,City or Town Road,13.201871,77.662448,0,1806
Int. Aiport,2018,Simple Injury,Hit and Run,NH,13.211165,77.646095,0,1807
Int. Aiport,2018,Simple Injury,Hit and Run,City or Town Road,13.055511,77.646373,0,1808
Int. Aiport,2018,Simple Injury,Head on,NH,13.2676314,77.7195886,0,1809
Int. Aiport,2018,Damage Only,Hit puchcart,City or Town Road,13.2486292,77.7155364,0,1810
Int. Aiport,2018,Simple Injury,Hit puchcart,City or Town Road,13.34303,77.385609,0,1811
Int. Aiport,2018,Fatal,Not Applicable,NH,13.21992627,77.67141724,1,1812
Int. Aiport,2018,Simple Injury,Hit and Run,NH,13.2298289,77.699239,0,1813
Int. Aiport,2018,Damage Only,Head on,Not Applicable,13.198154,77.680104,0,1814
Int. Aiport,2018,Fatal,Hit pedestrian,City or Town Road,13.262238,77.716858,1,1815
Int. Aiport,2018,Simple Injury,Not Applicable,City or Town Road,13.055511,77.646373,0,1816
Int. Aiport,2018,Simple Injury,Hit pedestrian,City or Town Road,13.055511,77.646373,0,1817
Int. Aiport,2018,Fatal,Hit puchcart,City or Town Road,13.241716,77.713731,1,1818
Int. Aiport,2019,Fatal,Not Applicable,NH,13.215758,77.676847,1,1819
Int. Aiport,2019,Simple Injury,Vehicle to Vehicle,Two way,13.198154,77.680104,0,1820
Int. Aiport,2019,Simple Injury,Vehicle to Vehicle,Two way,13.201528,77.658159,0,1821
Int. Aiport,2019,Simple Injury,Not Applicable,NH,13.2676314,77.7195886,0,1822
Int. Aiport,2019,Fatal,Hit pedestrian,NH,13.274088,77.709437,1,1823
Int. Aiport,2019,Damage Only,Vehicle to Vehicle,Others,13.200518,77.699239,0,1824
Int. Aiport,2019,Simple Injury,Vehicle to Vehicle,Two way,13.241716,77.713731,0,1825
Int. Aiport,2019,Simple Injury,Not Applicable,Two way,13.2486292,77.7155364,0,1826
Int. Aiport,2019,Simple Injury,Not Applicable,NH,13.3021582,77.5510526,0,1827
Int. Aiport,2019,Simple Injury,Hit puchcart,City or Town Road,13.21992627,77.67141724,0,1828
Int. Aiport,2019,Simple Injury,Vehicle to Vehicle,Service Road,13.201528,77.658159,0,1829
Int. Aiport,2019,Simple Injury,Vehicle to Vehicle,Others,13.24353,77.718744,0,1830
Int. Aiport,2019,Simple Injury,Not Applicable,Two way,13.073,77.643661,0,1831
Int. Aiport,2019,Simple Injury,Not Applicable,Others,13.2456607,77.7127844,0,1832
Int. Aiport,2019,Fatal,Vehicle to Vehicle,Others,13.1147,77.4252,1,1833
Int. Aiport,2019,Damage Only,Vehicle to Vehicle,Others,13.197924,77.690307,0,1834
Int. Aiport,2019,Damage Only,Vehicle to Vehicle,Residential Street,13.197903,77.700178,0,1835
Int. Aiport,2019,Simple Injury,Not Applicable,Others,13.200518,77.699239,0,1836
Int. Aiport,2019,Damage Only,Not Applicable,Others,13.193689,77.649658,0,1837
Int. Aiport,2019,Damage Only,Hit and Run,NH,13.2676314,77.7195886,0,1838
Int. Aiport,2019,Simple Injury,Vehicle to Vehicle,Two way,13.076866,77.664516,0,1839
Int. Aiport,2019,Simple Injury,Not Applicable,NH,13.241716,77.713731,0,1840
Int. Aiport,2019,Fatal,Not Applicable,Others,13.24353,77.718744,1,1841
Int. Aiport,2019,Simple Injury,Vehicle to Vehicle,NH,13.3021582,77.5510526,0,1842
Int. Aiport,2019,Simple Injury,Vehicle to Vehicle,NH,13.21992627,77.67141724,0,1843
Int. Aiport,2019,Simple Injury,Not Applicable,Others,13.06491,77.672668,0,1844
Int. Aiport,2019,Simple Injury,Vehicle to Vehicle,NH,13.241716,77.713731,0,1845
Int. Aiport,2019,Simple Injury,Not Applicable,Others,13.071452,77.651055,0,1846
Int. Aiport,2019,Simple Injury,Not Applicable,NH,13.2676314,77.7195886,0,1847
Int. Aiport,2019,Simple Injury,Vehicle to Vehicle,NH,13.2676314,77.7195886,0,1848
Int. Aiport,2019,Simple Injury,Not Applicable,NH,13.2298289,77.702282,0,1849
Int. Aiport,2019,Simple Injury,Hit and Run,City or Town Road,13.201528,77.658159,0,1850
Int. Aiport,2019,Simple Injury,Vehicle to Vehicle,NH,13.2298289,77.702282,0,1851
Int. Aiport,2019,Damage Only,Vehicle to Vehicle,NH,13.21992627,77.67141724,0,1852
Int. Aiport,2019,Simple Injury,Vehicle to Vehicle,NH,13.2676314,77.7195886,0,1853
Int. Aiport,2019,Simple Injury,Hit bicyclist,Minor District Road,13.2456607,77.7127844,0,1854
Int. Aiport,2019,Simple Injury,Not Applicable,NH,13.241716,77.713731,0,1855
Int. Aiport,2019,Simple Injury,Hit pedestrian,Others,13.199282,77.706529,0,1856
Int. Aiport,2019,Fatal,Vehicle to Vehicle,Others,13.21992627,77.67141724,1,1857
Int. Aiport,2019,Fatal,Vehicle to Vehicle,NH,13.2298289,77.702282,1,1858
Int. Aiport,2019,Simple Injury,Not Applicable,Not Applicable,13.211165,77.646095,0,1859
Int. Aiport,2019,Simple Injury,Not Applicable,NH,13.2298289,77.702282,0,1860
Int. Aiport,2019,Fatal,Hit pedestrian,Others,13.06491,77.672668,1,1861
Int. Aiport,2019,Simple Injury,Vehicle to Vehicle,NH,13.2298289,77.702282,0,1862
Int. Aiport,2019,Simple Injury,Hit pedestrian,Two way,13.24353,77.718744,0,1863
Int. Aiport,2019,Simple Injury,Not Applicable,Two way,13.073,77.643661,0,1864
Int. Aiport,2019,Simple Injury,Not Applicable,Two way,13.2570916,77.6976754,0,1865
Int. Aiport,2019,Damage Only,Not Applicable,NH,13.21992627,77.67141724,0,1866
Int. Aiport,2019,Simple Injury,Not Applicable,Not Applicable,13.198154,77.680104,0,1867
Int. Aiport,2019,Fatal,Hit pedestrian,NH,13.226241,77.687022,1,1868
Int. Aiport,2019,Simple Injury,Not Applicable,Others,13.200518,77.699239,0,1869
Int. Aiport,2019,Damage Only,Vehicle to Vehicle,NH,13.193689,77.649658,0,1870
Int. Aiport,2019,Simple Injury,Hit pedestrian,Others,13.200518,77.699239,0,1871
Int. Aiport,2019,Damage Only,Vehicle to Vehicle,Others,13.21992627,77.67141724,0,1872
Int. Aiport,2019,Damage Only,Vehicle to Vehicle,Not Applicable,13.197924,77.690307,0,1873
Int. Aiport,2019,Damage Only,Not Applicable,Service Road,13.21992627,77.67141724,0,1874
Int. Aiport,2019,Simple Injury,Not Applicable,NH,13.2298289,77.702282,0,1875
Int. Aiport,2019,Simple Injury,Vehicle to Vehicle,NH,13.3021582,77.5510526,0,1876
Int. Aiport,2019,Simple Injury,Vehicle to Vehicle,NH,13.3021582,77.5510526,0,1877
Int. Aiport,2019,Fatal,Vehicle to Vehicle,NH,13.2676314,77.7195886,1,1878
Int. Aiport,2019,Simple Injury,Vehicle to Vehicle,NH,13.21992627,77.67141724,0,1879
Int. Aiport,2019,Simple Injury,Hit pedestrian,NH,13.2676314,77.7195886,0,1880
Int. Aiport,2019,Simple Injury,Hit pedestrian,Others,13.34303,77.385609,0,1881
Int. Aiport,2019,Simple Injury,Not Applicable,Two way,13.06491,77.672668,0,1882
Int. Aiport,2019,Simple Injury,Not Applicable,Two way,13.241716,77.713731,0,1883
Int. Aiport,2019,Simple Injury,Vehicle to Vehicle,Others,13.197914,77.705145,0,1884
Int. Aiport,2019,Simple Injury,Not Applicable,Residential Street,13.197924,77.690307,0,1885
Int. Aiport,2019,Simple Injury,Not Applicable,NH,13.24471559,77.71320149,0,1886
Int. Aiport,2019,Damage Only,Not Applicable,Others,13.197903,77.700178,0,1887
Int. Aiport,2019,Simple Injury,Not Applicable,NH,13.2298289,77.702282,0,1888
Int. Aiport,2019,Fatal,Vehicle to Vehicle,NH,13.201528,77.658159,1,1889
Int. Aiport,2019,Simple Injury,Vehicle to Vehicle,NH,13.2298289,77.702282,0,1890
Int. Aiport,2019,Damage Only,Vehicle to Vehicle,Others,13.198376,77.705837,0,1891
Int. Aiport,2019,Simple Injury,Vehicle to Vehicle,NH,13.2298289,77.702282,0,1892
Int. Aiport,2019,Simple Injury,Not Applicable,One way,13.198154,77.680104,0,1893
Int. Aiport,2019,Simple Injury,Not Applicable,Two way,13.277211,77.712902,0,1894
Int. Aiport,2019,Fatal,Not Applicable,NH,13.21992627,77.67141724,1,1895
Int. Aiport,2019,Simple Injury,Not Applicable,NH,13.201528,77.658159,0,1896
Int. Aiport,2019,Simple Injury,Not Applicable,State Highway,13.241716,77.713731,0,1897
Int. Aiport,2019,Damage Only,Vehicle to Vehicle,Two way,13.055511,77.646373,0,1898
Int. Aiport,2019,Simple Injury,Not Applicable,Two way,13.073,77.643661,0,1899
Int. Aiport,2019,Simple Injury,Vehicle to Vehicle,NH,13.2298289,77.702282,0,1900
Int. Aiport,2019,Simple Injury,Not Applicable,NH,13.2298289,77.702282,0,1901
Int. Aiport,2019,Simple Injury,Vehicle to Vehicle,NH,13.3021582,77.5510526,0,1902
Int. Aiport,2019,Damage Only,Vehicle to Vehicle,Others,13.198154,77.680104,0,1903
Int. Aiport,2019,Simple Injury,Hit pedestrian,Others,13.2298289,77.702282,0,1904
Int. Aiport,2019,Simple Injury,Hit puchcart,City or Town Road,13.241716,77.713731,0,1905
Int. Aiport,2019,Damage Only,Vehicle to Vehicle,Others,13.198154,77.680104,0,1906
Int. Aiport,2019,Damage Only,Vehicle to Vehicle,NH,13.193689,77.649658,0,1907
Int. Aiport,2019,Simple Injury,Vehicle to Vehicle,Others,13.24353,77.718744,0,1908
Int. Aiport,2019,Simple Injury,Vehicle to Vehicle,Others,13.34303,77.385609,0,1909
Int. Aiport,2019,Simple Injury,Hit pedestrian,Others,13.055511,77.646373,0,1910
Int. Aiport,2019,Simple Injury,Not Applicable,NH,13.21992627,77.67141724,0,1911
Int. Aiport,2019,Fatal,Hit pedestrian,NH,13.3021582,77.5510526,1,1912
Int. Aiport,2019,Simple Injury,Vehicle to Vehicle,One way,13.24353,77.718744,0,1913
Int. Aiport,2019,Simple Injury,Not Applicable,Others,13.24471559,77.71320149,0,1914
Int. Aiport,2019,Simple Injury,Not Applicable,NH,13.24309,77.704903,0,1915
Int. Aiport,2019,Simple Injury,Not Applicable,NH,13.211861,77.673157,0,1916
Int. Aiport,2019,Simple Injury,Hit pedestrian,Others,13.199282,77.706529,0,1917
Int. Aiport,2019,Simple Injury,Vehicle to Vehicle,NH,13.2298289,77.702282,0,1918
Int. Aiport,2019,Damage Only,Vehicle to Vehicle,Others,13.073,77.643661,0,1919
Int. Aiport,2019,Fatal,Vehicle to Vehicle,NH,13.2298289,77.702282,1,1920
Int. Aiport,2019,Simple Injury,Vehicle to Vehicle,Service Road,13.241716,77.690307,0,1921
Int. Aiport,2019,Simple Injury,Vehicle to Vehicle,Others,13.193689,77.649658,0,1922
Int. Aiport,2019,Fatal,Vehicle to Vehicle,NH,13.21992627,77.67141724,1,1923
Int. Aiport,2019,Fatal,Not Applicable,Residential Street,13.24353,77.718744,1,1924
Int. Aiport,2019,Simple Injury,Not Applicable,Two way,13.211861,77.673157,0,1925
Int. Aiport,2019,Simple Injury,Not Applicable,Others,13.073,77.643661,0,1926
Int. Aiport,2019,Simple Injury,Hit pedestrian,One way,13.195911,77.669649,0,1927
Int. Aiport,2019,Simple Injury,Hit pedestrian,NH,13.2298289,77.702282,0,1928
Int. Aiport,2019,Simple Injury,Hit puchcart,City or Town Road,13.2456607,77.7127844,0,1929
Int. Aiport,2019,Simple Injury,Not Applicable,Two way,13.071452,77.651055,0,1930
Int. Aiport,2019,Damage Only,Vehicle to Vehicle,NH,13.201528,77.658159,0,1931
Int. Aiport,2019,Grievous Injury,Not Applicable,NH,13.241716,77.713731,0,1932
Int. Aiport,2019,Damage Only,Others,City or Town Road,13.198376,77.705837,0,1933
Int. Aiport,2019,Damage Only,Not Applicable,NH,13.193689,77.649658,0,1934
Int. Aiport,2019,Fatal,Not Applicable,NH,13.2298289,77.702282,1,1935
Int. Aiport,2019,Simple Injury,Hit pedestrian,NH,13.241716,77.713731,0,1936
Int. Aiport,2019,Simple Injury,Not Applicable,Others,13.24471559,77.71320149,0,1937
Int. Aiport,2019,Fatal,Not Applicable,NH,13.21992627,77.67141724,1,1938
Int. Aiport,2019,Simple Injury,Not Applicable,Two way,13.267877,77.718913,0,1939
Int. Aiport,2019,Simple Injury,Vehicle to Vehicle,NH,13.201528,77.658159,0,1940
Int. Aiport,2019,Simple Injury,Hit and Run,City or Town Road,13.24471559,77.71320149,0,1941
Int. Aiport,2019,Simple Injury,Vehicle to Vehicle,NH,13.2298289,77.702282,0,1942
Int. Aiport,2019,Damage Only,Vehicle to Vehicle,Others,13.197914,77.705145,0,1943
Int. Aiport,2019,Simple Injury,Vehicle to Vehicle,Others,13.198154,77.680104,0,1944
Int. Aiport,2019,Simple Injury,Vehicle to Vehicle,Others,13.24353,77.718744,0,1945
Int. Aiport,2019,Simple Injury,Vehicle to Vehicle,NH,13.2298289,77.702282,0,1946
Int. Aiport,2019,Damage Only,Vehicle to Vehicle,NH,13.2676314,77.7195886,0,1947
Int. Aiport,2020,Fatal,Not Applicable,NH,13.211861,77.673157,1,1948
Int. Aiport,2020,Grievous Injury,Vehicle to Vehicle,NH,13.24353,77.718744,0,1949
Int. Aiport,2020,Damage Only,Vehicle to Vehicle,NH,13.211861,77.673157,0,1950
Int. Aiport,2020,Damage Only,Not Applicable,NH,13.21992627,77.67141724,0,1951
Int. Aiport,2020,Simple Injury,Not Applicable,NH,13.3021582,77.5510526,0,1952
Int. Aiport,2020,Grievous Injury,Not Applicable,NH,13.241716,77.713731,0,1953
Int. Aiport,2020,Damage Only,Not Applicable,Two way,13.197924,77.690307,0,1954
Int. Aiport,2020,Simple Injury,Not Applicable,NH,13.21992627,77.67141724,0,1955
Int. Aiport,2020,Simple Injury,Not Applicable,NH,13.241716,77.713731,0,1956
Int. Aiport,2020,Simple Injury,Not Applicable,NH,13.2570916,77.6976754,0,1957
Int. Aiport,2020,Grievous Injury,Not Applicable,NH,13.2486292,77.7155364,0,1958
Int. Aiport,2020,Simple Injury,Not Applicable,NH,13.21992627,77.67141724,0,1959
Int. Aiport,2020,Simple Injury,Not Applicable,Two way,13.2456607,77.7127844,0,1960
Int. Aiport,2020,Simple Injury,Not Applicable,One way,13.071452,77.651055,0,1961
Int. Aiport,2020,Simple Injury,Not Applicable,NH,13.211861,77.673157,0,1962
Int. Aiport,2020,Simple Injury,Not Applicable,Two way,13.2570916,77.6976754,0,1963
Int. Aiport,2020,Simple Injury,Not Applicable,NH,13.193689,77.649658,0,1964
Int. Aiport,2020,Simple Injury,Not Applicable,NH,13.3021582,77.5510526,0,1965
Int. Aiport,2020,Simple Injury,Not Applicable,Two way,13.073,77.643661,0,1966
Int. Aiport,2020,Fatal,Not Applicable,NH,13.2676314,77.7195886,1,1967
Int. Aiport,2020,Simple Injury,Not Applicable,NH,13.21992627,77.67141724,0,1968
Int. Aiport,2020,Fatal,Not Applicable,NH,13.2298289,77.702282,1,1969
Int. Aiport,2020,Simple Injury,Not Applicable,NH,13.21992627,77.67141724,0,1970
Int. Aiport,2020,Simple Injury,Not Applicable,NH,13.193689,77.649658,0,1971
Int. Aiport,2020,Simple Injury,Not Applicable,Others,13.199282,77.706529,0,1972
Int. Aiport,2020,Simple Injury,Not Applicable,Two way,13.211165,77.646095,0,1973
Int. Aiport,2020,Fatal,Not Applicable,NH,13.2676314,77.7195886,1,1974
Int. Aiport,2020,Damage Only,Not Applicable,NH,13.21992627,77.67141724,0,1975
Int. Aiport,2020,Simple Injury,Not Applicable,NH,13.241716,77.713731,0,1976
Int. Aiport,2020,Simple Injury,Not Applicable,NH,13.241716,77.713731,0,1977
Int. Aiport,2020,Damage Only,Not Applicable,NH,13.21992627,77.67141724,0,1978
Int. Aiport,2020,Simple Injury,Not Applicable,Two way,13.06491,77.672668,0,1979
Int. Aiport,2020,Simple Injury,Not Applicable,Others,13.24353,77.718744,0,1980
Int. Aiport,2020,Simple Injury,Not Applicable,NH,13.201528,77.658159,0,1981
Int. Aiport,2020,Simple Injury,Not Applicable,One way,13.2486292,77.7155364,0,1982
Int. Aiport,2020,Fatal,Not Applicable,NH,13.2676314,77.7195886,1,1983
Int. Aiport,2020,Simple Injury,Not Applicable,Two way,13.2486292,77.7155364,0,1984
Int. Aiport,2020,Simple Injury,Not Applicable,NH,13.201528,77.658159,0,1985
Int. Aiport,2020,Fatal,Not Applicable,NH,13.277222,77.712822,1,1986
Int. Aiport,2020,Grievous Injury,Vehicle to Vehicle,One way,13.2676314,77.7195886,0,1987
Int. Aiport,2020,Simple Injury,Not Applicable,Two way,13.3021582,77.5510526,0,1988
Int. Aiport,2020,Simple Injury,Not Applicable,One way,13.079244,77.664762,0,1989
Int. Aiport,2020,Simple Injury,Not Applicable,NH,13.241716,77.713731,0,1990
Int. Aiport,2020,Fatal,Not Applicable,NH,13.3021582,77.5510526,1,1991
Int. Aiport,2020,Damage Only,Not Applicable,Two way,13.198376,77.699239,0,1992
Int. Aiport,2020,Simple Injury,Not Applicable,NH,13.2298289,77.702282,0,1993
Int. Aiport,2020,Simple Injury,Not Applicable,NH,13.21992627,77.67141724,0,1994
Int. Aiport,2020,Simple Injury,Not Applicable,One way,13.24353,77.718744,0,1995
Int. Aiport,2020,Simple Injury,Not Applicable,NH,13.3021582,77.5510526,0,1996
Int. Aiport,2020,Simple Injury,Not Applicable,NH,13.241716,77.713731,0,1997
Int. Aiport,2020,Simple Injury,Not Applicable,NH,13.21992627,77.67141724,0,1998
Int. Aiport,2020,Simple Injury,Not Applicable,Two way,13.200518,77.699239,0,1999
Int. Aiport,2020,Simple Injury,Not Applicable,NH,13.2486292,77.7155364,0,2000
Int. Aiport,2020,Simple Injury,Not Applicable,Two way,13.073,77.643661,0,2001
Int. Aiport,2020,Simple Injury,Not Applicable,One way,13.2298289,77.702282,0,2002
Int. Aiport,2020,Simple Injury,Not Applicable,NH,13.277211,77.712902,0,2003
Int. Aiport,2020,Simple Injury,Not Applicable,Others,13.24353,77.718744,0,2004
Int. Aiport,2020,Simple Injury,Not Applicable,One way,13.200518,77.699239,0,2005
Int. Aiport,2020,Simple Injury,Not Applicable,NH,13.2486292,77.7155364,0,2006
Int. Aiport,2020,Fatal,Not Applicable,NH,13.195911,77.669649,1,2007
Int. Aiport,2020,Simple Injury,Not Applicable,NH,13.3021582,77.5510526,0,2008
Int. Aiport,2020,Simple Injury,Vehicle to Vehicle,NH,13.2298289,77.702282,0,2009
Int. Aiport,2020,Simple Injury,Not Applicable,NH,13.241716,77.713731,0,2010
Int. Aiport,2020,Damage Only,Not Applicable,NH,13.3021582,77.5510526,0,2011
Int. Aiport,2020,Fatal,Not Applicable,NH,13.21992627,77.67141724,1,2012
Int. Aiport,2020,Simple Injury,Not Applicable,NH,13.3021582,77.5510526,0,2013
Int. Aiport,2020,Damage Only,Vehicle to Vehicle,NH,13.277211,77.712902,0,2014
Int. Aiport,2020,Fatal,Not Applicable,Two way,13.211165,77.646095,1,2015
Int. Aiport,2020,Simple Injury,Not Applicable,NH,13.201528,77.658159,0,2016
Int. Aiport,2020,Simple Injury,Not Applicable,Two way,13.073,77.643661,0,2017
Int. Aiport,2020,Simple Injury,Not Applicable,NH,13.21992627,77.67141724,0,2018
Int. Aiport,2020,Simple Injury,Not Applicable,NH,13.21992627,77.67141724,0,2019
Int. Aiport,2020,Simple Injury,Not Applicable,NH,13.3021582,77.5510526,0,2020
Int. Aiport,2020,Damage Only,Vehicle to Vehicle,Residential Street,13.06491,77.672668,0,2021
Int. Aiport,2020,Simple Injury,Hit pedestrian,Two way,13.2486292,77.7155364,0,2022
Int. Aiport,2020,Simple Injury,Not Applicable,NH,13.24353,77.718744,0,2023
Int. Aiport,2020,Simple Injury,Not Applicable,NH,13.3021582,77.5510526,0,2024
Int. Aiport,2020,Simple Injury,Not Applicable,NH,13.2676314,77.7195886,0,2025
Int. Aiport,2020,Simple Injury,Not Applicable,Two way,13.055511,77.646373,0,2026
Int. Aiport,2020,Simple Injury,Not Applicable,One way,13.24353,77.718744,0,2027
Int. Aiport,2020,Simple Injury,Not Applicable,NH,13.193689,77.649658,0,2028
Int. Aiport,2020,Simple Injury,Not Applicable,NH,13.2298289,77.702282,0,2029
Int. Aiport,2020,Simple Injury,Not Applicable,Two way,13.055511,77.646373,0,2030
Int. Aiport,2020,Simple Injury,Hit pedestrian,NH,13.2298289,77.702282,0,2031
Int. Aiport,2020,Simple Injury,Not Applicable,Two way,13.055511,77.646373,0,2032
Int. Aiport,2020,Fatal,Not Applicable,NH,13.3021582,77.5510526,1,2033
Int. Aiport,2020,Simple Injury,Not Applicable,Not Applicable,13.200518,77.699239,0,2034
Int. Aiport,2020,Simple Injury,Not Applicable,Two way,13.2486292,77.7155364,0,2035
Int. Aiport,2020,Damage Only,Not Applicable,Two way,13.198154,77.680104,0,2036
Int. Aiport,2020,Simple Injury,Not Applicable,NH,13.21992627,77.67141724,0,2037
Int. Aiport,2020,Simple Injury,Not Applicable,NH,13.21992627,77.67141724,0,2038
Int. Aiport,2020,Simple Injury,Not Applicable,Two way,13.06491,77.672668,0,2039
Int. Aiport,2020,Simple Injury,Not Applicable,NH,13.2298289,77.702282,0,2040
Int. Aiport,2020,Simple Injury,Not Applicable,NH,13.201528,77.658159,0,2041
Int. Aiport,2020,Simple Injury,Not Applicable,NH,13.274088,77.709437,0,2042
Int. Aiport,2020,Fatal,Not Applicable,NH,13.24353,77.718744,1,2043
Int. Aiport,2020,Fatal,Not Applicable,NH,13.2298289,77.702282,1,2044
Int. Aiport,2021,Simple Injury,Vehicle to Vehicle,Not Applicable,13.194651,77.69057,0,2045
Int. Aiport,2021,Simple Injury,Not Applicable,NH,13.193689,77.649658,0,2046
Int. Aiport,2021,Grievous Injury,Not Applicable,NH,13.193689,77.649658,0,2047
Int. Aiport,2021,Simple Injury,Vehicle to Vehicle,Others,13.195911,77.669649,0,2048
Int. Aiport,2021,Simple Injury,Vehicle to Vehicle,Others,13.24353,77.718744,0,2049
Int. Aiport,2021,Simple Injury,Vehicle to Vehicle,Two way,13.2298289,77.702282,0,2050
Int. Aiport,2021,Simple Injury,Vehicle to Vehicle,Others,13.199282,77.706529,0,2051
Int. Aiport,2021,Simple Injury,Vehicle to Vehicle,Two way,13.211861,77.673157,0,2052
Int. Aiport,2021,Simple Injury,Vehicle to Vehicle,Others,13.21992627,77.67141724,0,2053
Int. Aiport,2021,Damage Only,Vehicle to Vehicle,NH,13.3021582,77.5510526,0,2054
Int. Aiport,2021,Simple Injury,Vehicle to Vehicle,Others,13.198376,77.705837,0,2055
Int. Aiport,2021,Simple Injury,Vehicle to Vehicle,NH,13.211861,77.673157,0,2056
Int. Aiport,2021,Grievous Injury,Vehicle to Vehicle,Others,13.22685,77.68751,0,2057
Int. Aiport,2021,Simple Injury,Vehicle to Vehicle,NH,13.198154,77.680104,0,2058
Int. Aiport,2021,Simple Injury,Vehicle to Vehicle,Others,13.3021582,77.5510526,0,2059
Int. Aiport,2021,Simple Injury,Not Applicable,NH,13.21992627,77.67141724,0,2060
Int. Aiport,2021,Damage Only,Not Applicable,One way,13.198376,77.705837,0,2061
Int. Aiport,2021,Simple Injury,Vehicle to Vehicle,Others,13.071452,77.651055,0,2062
Int. Aiport,2021,Simple Injury,Hit pedestrian,NH,13.201528,77.658159,0,2063
Int. Aiport,2021,Fatal,Vehicle to Vehicle,NH,13.241716,77.713731,1,2064
Int. Aiport,2021,Simple Injury,Not Applicable,NH,13.21992627,77.67141724,0,2065
Int. Aiport,2021,Simple Injury,Hit pedestrian,Others,13.05942,77.64269,0,2066
Int. Aiport,2021,Fatal,Not Applicable,Others,13.195911,77.669649,1,2067
Int. Aiport,2021,Simple Injury,Vehicle to Vehicle,Others,13.274088,77.709437,0,2068
Int. Aiport,2021,Fatal,Vehicle to Vehicle,NH,13.2298289,77.702282,1,2069
Int. Aiport,2021,Simple Injury,Vehicle to Vehicle,NH,13.3021582,77.5510526,0,2070
Int. Aiport,2021,Simple Injury,Vehicle to Vehicle,Others,13.055511,77.646373,0,2071
Int. Aiport,2021,Simple Injury,Not Applicable,Others,13.198154,77.680104,0,2072
Int. Aiport,2021,Damage Only,Vehicle to Vehicle,NH,13.211165,77.646095,0,2073
Int. Aiport,2021,Simple Injury,Vehicle to Vehicle,NH,13.073,77.643661,0,2074
Int. Aiport,2021,Fatal,Not Applicable,NH,13.229828,77.702282,1,2075
Int. Aiport,2021,Damage Only,Not Applicable,NH,13.2298289,77.702282,0,2076
Int. Aiport,2021,Simple Injury,Vehicle to Vehicle,Residential Street,13.24353,77.718744,0,2077
Int. Aiport,2021,Simple Injury,Hit pedestrian,NH,13.34303,77.385609,0,2078
Int. Aiport,2021,Simple Injury,Vehicle to Vehicle,NH,13.2298289,77.702282,0,2079
Int. Aiport,2021,Simple Injury,Not Applicable,One way,13.198154,77.680104,0,2080
Int. Aiport,2021,Simple Injury,Vehicle to Vehicle,NH,13.241716,77.713731,0,2081
Int. Aiport,2021,Grievous Injury,Vehicle to Vehicle,Others,13.198154,77.680104,0,2082
Int. Aiport,2021,Damage Only,Not Applicable,Two way,13.19965,77.69057,0,2083
Int. Aiport,2021,Simple Injury,Vehicle to Vehicle,NH,13.2298289,77.702282,0,2084
Int. Aiport,2021,Simple Injury,Not Applicable,Others,13.277211,77.712902,0,2085
Int. Aiport,2021,Simple Injury,Vehicle to Vehicle,Others,13.198154,77.680104,0,2086
Int. Aiport,2021,Simple Injury,Vehicle to Vehicle,NH,13.211861,77.673157,0,2087
Int. Aiport,2021,Simple Injury,Vehicle to Vehicle,Others,13.06491,77.672668,0,2088
Int. Aiport,2021,Simple Injury,Hit pedestrian,Two way,13.274088,77.709437,0,2089
Int. Aiport,2021,Damage Only,Vehicle to Vehicle,NH,13.2676314,77.7195886,0,2090
Int. Aiport,2021,Damage Only,Vehicle to Vehicle,Others,13.197924,77.690307,0,2091
Int. Aiport,2021,Damage Only,Vehicle to Vehicle,NH,13.201528,77.658159,0,2092
Int. Aiport,2021,Simple Injury,Vehicle to Vehicle,NH,13.2298289,77.702282,0,2093
Int. Aiport,2021,Simple Injury,Vehicle to Vehicle,Two way,13.211165,77.646095,0,2094
Int. Aiport,2021,Simple Injury,Vehicle to Vehicle,Two way,13.06491,77.672668,0,2095
Int. Aiport,2021,Simple Injury,Hit pedestrian,NH,13.2486292,77.7155364,0,2096
Int. Aiport,2021,Simple Injury,Not Applicable,Others,13.07826,77.65366,0,2097
Int. Aiport,2021,Simple Injury,Vehicle to Vehicle,Others,13.07497,77.65115,0,2098
Int. Aiport,2021,Simple Injury,Not Applicable,NH,13.201528,77.658159,0,2099
Int. Aiport,2021,Not Applicable,Hit bicyclist,Others,13.06491,77.672668,0,2100
Int. Aiport,2021,Simple Injury,Vehicle to Vehicle,NH,13.193689,77.649658,0,2101
Int. Aiport,2021,Simple Injury,Vehicle to Vehicle,State Highway,13.25879348,77.74873352,0,2102
Int. Aiport,2021,Simple Injury,Vehicle to Vehicle,NH,13.2676314,77.7195886,0,2103
Int. Aiport,2021,Damage Only,Vehicle to Vehicle,NH,13.3021582,77.5510526,0,2104
Int. Aiport,2021,Simple Injury,Vehicle to Vehicle,Others,13.193689,77.649658,0,2105
Int. Aiport,2021,Simple Injury,Vehicle to Vehicle,Others,13.274088,77.709437,0,2106
Int. Aiport,2021,Simple Injury,Vehicle to Vehicle,NH,13.277211,77.712902,0,2107
Int. Aiport,2021,Simple Injury,Vehicle to Vehicle,Others,13.34303,77.385609,0,2108
Int. Aiport,2021,Simple Injury,Vehicle to Vehicle,Others,13.185192,77.676166,0,2109
Int. Aiport,2021,Simple Injury,Vehicle to Vehicle,NH,13.06491,77.672668,0,2110
Int. Aiport,2021,Fatal,Vehicle to Vehicle,NH,13.201528,77.658159,1,2111
Int. Aiport,2021,Grievous Injury,Vehicle to Vehicle,Others,13.25742,77.7129,0,2112
Int. Aiport,2021,Simple Injury,Vehicle to Vehicle,Others,13.2676314,77.7195886,0,2113
Int. Aiport,2021,Simple Injury,Vehicle to Vehicle,NH,13.3021582,77.5510526,0,2114
Int. Aiport,2021,Not Applicable,Not Applicable,NH,13.2298289,77.702282,0,2115
Int. Aiport,2021,Simple Injury,Vehicle to Vehicle,NH,13.193689,77.649658,0,2116
Int. Aiport,2021,Simple Injury,Not Applicable,NH,13.211861,77.673157,0,2117
Int. Aiport,2021,Simple Injury,Vehicle to Vehicle,NH,13.22162,77.6699,0,2118
Int. Aiport,2021,Grievous Injury,Hit pedestrian,NH,13.2298289,77.702282,0,2119
Int. Aiport,2021,Simple Injury,Hit pedestrian,NH,13.34303,77.385609,0,2120
Int. Aiport,2021,Simple Injury,Hit bicyclist,NH,13.2298289,77.702282,0,2121
Int. Aiport,2021,Simple Injury,Vehicle to Vehicle,Others,13.277232,77.712874,0,2122
Int. Aiport,2021,Fatal,Not Applicable,NH,13.2298289,77.702282,1,2123
Int. Aiport,2021,Simple Injury,Vehicle to Vehicle,Others,13.195911,77.669649,0,2124
Int. Aiport,2021,Damage Only,Vehicle to Vehicle,Others,13.198154,77.680104,0,2125
Int. Aiport,2021,Fatal,Vehicle to Vehicle,Others,13.055511,77.646373,1,2126
Int. Aiport,2021,Simple Injury,Not Applicable,Others,13.06491,77.672668,0,2127
Int. Aiport,2021,Simple Injury,Vehicle to Vehicle,NH,13.2298289,77.702282,0,2128
Int. Aiport,2021,Simple Injury,Vehicle to Vehicle,State Highway,13.25879348,77.74873352,0,2129
Int. Aiport,2021,Simple Injury,Not Applicable,NH,13.3021582,77.5510526,0,2130
Int. Aiport,2021,Simple Injury,Vehicle to Vehicle,Others,13.2676314,77.7195886,0,2131
Int. Aiport,2021,Fatal,Hit pedestrian,NH,13.241716,77.713731,1,2132
Int. Aiport,2021,Fatal,Vehicle to Vehicle,NH,13.211861,77.673157,1,2133
Int. Aiport,2021,Not Applicable,Vehicle to Vehicle,Others,13.198154,77.680104,0,2134
Int. Aiport,2021,Simple Injury,Not Applicable,NH,13.211861,77.673157,0,2135
Int. Aiport,2021,Simple Injury,Not Applicable,NH,13.193689,77.649658,0,2136
Int. Aiport,2021,Simple Injury,Vehicle to Vehicle,Others,13.199282,77.690307,0,2137
Int. Aiport,2021,Not Applicable,Vehicle to Vehicle,NH,13.2486292,77.7155364,0,2138
Int. Aiport,2021,Simple Injury,Vehicle to Vehicle,Others,13.198154,77.680104,0,2139
Int. Aiport,2021,Simple Injury,Not Applicable,Others,13.07134,77.65156,0,2140
Int. Aiport,2021,Grievous Injury,Vehicle to Vehicle,Others,13.24471559,77.71320149,0,2141
Int. Aiport,2021,Simple Injury,Vehicle to Vehicle,NH,13.26662,77.71949,0,2142
Int. Aiport,2021,Simple Injury,Vehicle to Vehicle,NH,13.25794,77.71761,0,2143
Int. Aiport,2021,Damage Only,Not Applicable,Others,13.2486292,77.7155364,0,2144
Int. Aiport,2021,Damage Only,Vehicle to Vehicle,Others,13.073,77.643661,0,2145
Int. Aiport,2021,Fatal,Not Applicable,Others,13.2570916,77.6976754,1,2146
Int. Aiport,2021,Simple Injury,Vehicle to Vehicle,State Highway,13.2486292,77.7155364,0,2147
Int. Aiport,2021,Simple Injury,Vehicle to Vehicle,Not Applicable,13.05738,77.64834,0,2148
Int. Aiport,2021,Damage Only,Not Applicable,One way,13.197924,77.690307,0,2149
Int. Aiport,2021,Not Applicable,Vehicle to Vehicle,NH,13.21992627,77.67141724,0,2150
Int. Aiport,2021,Grievous Injury,Vehicle to Vehicle,Others,13.3021582,77.5510526,0,2151
Int. Aiport,2021,Simple Injury,Vehicle to Vehicle,Others,13.198154,77.680104,0,2152
Int. Aiport,2021,Simple Injury,Vehicle to Vehicle,NH,13.2298289,77.702282,0,2153
Int. Aiport,2021,Simple Injury,Vehicle to Vehicle,NH,13.2489,77.71576,0,2154
Int. Aiport,2021,Damage Only,Not Applicable,Two way,13.197924,77.690307,0,2155
Int. Aiport,2021,Simple Injury,Vehicle to Vehicle,Two way,13.2676314,77.7195886,0,2156
Int. Aiport,2021,Fatal,Not Applicable,Two way,12.8804,77.55459,1,2157
Int. Aiport,2021,Simple Injury,Vehicle to Vehicle,Others,13.24353,77.718744,0,2158
Int. Aiport,2021,Not Applicable,Vehicle to Vehicle,Others,13.34303,77.385609,0,2159
Int. Aiport,2021,Fatal,Vehicle to Vehicle,NH,13.193689,77.649658,1,2160
Int. Aiport,2021,Fatal,Vehicle to Vehicle,NH,13.3021582,77.5510526,1,2161
Int. Aiport,2021,Simple Injury,Not Applicable,NH,13.2570916,77.6976754,0,2162
Int. Aiport,2021,Simple Injury,Vehicle to Vehicle,Others,13.211861,77.673157,0,2163
Int. Aiport,2021,Simple Injury,Vehicle to Vehicle,NH,13.03219,77.75854,0,2164
Int. Aiport,2021,Fatal,Vehicle to Vehicle,NH,13.2676314,77.7195886,1,2165
Int. Aiport,2021,Simple Injury,Vehicle to Vehicle,State Highway,13.28034,77.76322,0,2166
Int. Aiport,2021,Simple Injury,Vehicle to Vehicle,Others,13.24471559,77.71320149,0,2167
Int. Aiport,2021,Simple Injury,Not Applicable,NH,13.3021582,77.5510526,0,2168
Int. Aiport,2021,Simple Injury,Vehicle to Vehicle,NH,13.21992627,77.67141724,0,2169
Int. Aiport,2021,Fatal,Hit pedestrian,State Highway,13.241716,77.713731,1,2170
Int. Aiport,2021,Simple Injury,Vehicle to Vehicle,Others,13.06491,77.672668,0,2171
Int. Aiport,2021,Simple Injury,Vehicle to Vehicle,NH,13.241716,77.713731,0,2172
Int. Aiport,2021,Simple Injury,Vehicle to Vehicle,NH,13.229829,77.702282,0,2173
Int. Aiport,2021,Simple Injury,Vehicle to Vehicle,NH,13.2298289,77.702282,0,2174
Int. Aiport,2021,Fatal,Not Applicable,Two way,13.06491,77.672668,1,2175
Int. Aiport,2021,Fatal,Hit pedestrian,Others,13.2486292,77.7155364,1,2176
Int. Aiport,2021,Simple Injury,Vehicle to Vehicle,NH,13.2486292,77.7155364,0,2177
Int. Aiport,2021,Simple Injury,Vehicle to Vehicle,NH,13.2456607,77.7127844,0,2178
Int. Aiport,2021,Fatal,Vehicle to Vehicle,Others,13.06491,77.672668,1,2179
Int. Aiport,2021,Simple Injury,Not Applicable,NH,13.3021582,77.5510526,0,2180
Int. Aiport,2021,Fatal,Not Applicable,NH,13.193689,77.649658,1,2181
Int. Aiport,2021,Fatal,Vehicle to Vehicle,Others,13.24353,77.718744,1,2182
Int. Aiport,2021,Simple Injury,Vehicle to Vehicle,Two way,13.197924,77.690307,0,2183
Int. Aiport,2021,Simple Injury,Not Applicable,NH,13.21992627,77.67141724,0,2184
Int. Aiport,2021,Simple Injury,Vehicle to Vehicle,NH,13.21992627,77.67141724,0,2185
Int. Aiport,2021,Simple Injury,Vehicle to Vehicle,NH,13.21992627,77.67141724,0,2186
Int. Aiport,2021,Simple Injury,Vehicle to Vehicle,Others,13.2298289,77.702282,0,2187
Int. Aiport,2021,Simple Injury,Vehicle to Vehicle,NH,13.21992627,77.67141724,0,2188
Int. Aiport,2021,Simple Injury,Not Applicable,Others,13.073,77.643661,0,2189
Int. Aiport,2021,Simple Injury,Vehicle to Vehicle,NH,13.2298289,77.702282,0,2190
Int. Aiport,2021,Simple Injury,Hit pedestrian,Others,13.24538,77.71229,0,2191
Int. Aiport,2021,Simple Injury,Not Applicable,NH,13.193689,77.649658,0,2192
Int. Aiport,2021,Simple Injury,Vehicle to Vehicle,Mixed,13.03219,77.75854,0,2193
Int. Aiport,2021,Simple Injury,Hit pedestrian,NH,13.23039,77.69094,0,2194
Int. Aiport,2021,Simple Injury,Not Applicable,One way,13.195911,77.669649,0,2195
Int. Aiport,2022,Damage Only,Vehicle to Vehicle,Others,13.24471559,77.71320149,0,2196
Int. Aiport,2022,Simple Injury,Not Applicable,NH,13.241716,77.713731,0,2197
Int. Aiport,2022,Grievous Injury,Vehicle to Vehicle,NH,13.3021582,77.5510526,0,2198
Int. Aiport,2022,Fatal,Not Applicable,NH,13.198264,77.645845,1,2199
Int. Aiport,2022,Simple Injury,Vehicle to Vehicle,Two way,13.34303,77.385609,0,2200
Int. Aiport,2022,Grievous Injury,Vehicle to Vehicle,Two way,13.241716,77.713731,0,2201
Int. Aiport,2022,Damage Only,Vehicle to Vehicle,Others,13.06491,77.672668,0,2202
Int. Aiport,2022,Grievous Injury,Vehicle to Vehicle,NH,13.209975,77.670811,0,2203
Int. Aiport,2022,Fatal,Vehicle to Vehicle,NH,13.219828,77.680794,1,2204
Int. Aiport,2022,Simple Injury,Vehicle to Vehicle,NH,13.241716,77.713731,0,2205
Int. Aiport,2022,Grievous Injury,Vehicle to Vehicle,Two way,13.241716,77.713731,0,2206
Int. Aiport,2022,Grievous Injury,Vehicle to Vehicle,Others,13.06491,77.672668,0,2207
Int. Aiport,2022,Damage Only,Vehicle to Vehicle,Others,13.22635,77.68702,0,2208
Int. Aiport,2022,Fatal,Vehicle to Vehicle,Two way,13.052382,77.679044,1,2209
Int. Aiport,2022,Grievous Injury,Vehicle to Vehicle,NH,13.2298289,77.702282,0,2210
Int. Aiport,2022,Grievous Injury,Vehicle to Vehicle,Others,13.055511,77.646373,0,2211
Int. Aiport,2022,Grievous Injury,Vehicle to Vehicle,NH,13.3021582,77.5510526,0,2212
Int. Aiport,2022,Fatal,Not Applicable,Others,13.24353,77.718744,1,2213
Int. Aiport,2022,Damage Only,Not Applicable,Others,13.19246,77.66321,0,2214
Int. Aiport,2022,Damage Only,Vehicle to Vehicle,NH,13.241716,77.713731,0,2215
Int. Aiport,2022,Simple Injury,Vehicle to Vehicle,NH,13.230091,77.690808,0,2216
Int. Aiport,2022,Grievous Injury,Not Applicable,NH,13.211165,77.646095,0,2217
Int. Aiport,2022,Fatal,Hit pedestrian,Others,13.055312,77.646912,1,2218
Int. Aiport,2022,Fatal,Vehicle to Vehicle,NH,13.3021582,77.5510526,1,2219
Int. Aiport,2022,Damage Only,Hit pedestrian,NH,13.250622,77.707075,0,2220
Int. Aiport,2022,Grievous Injury,Vehicle to Vehicle,NH,13.06491,77.672668,0,2221
Int. Aiport,2022,Fatal,Hit pedestrian,NH,13.23048,77.690961,1,2222
Int. Aiport,2022,Fatal,Vehicle to Vehicle,Others,13.205023,77.657197,1,2223
Int. Aiport,2022,Fatal,Vehicle to Vehicle,Others,13.277721,77.712518,1,2224
Int. Aiport,2022,Fatal,Hit pedestrian,One way,13.200518,77.699239,1,2225
Int. Aiport,2022,Grievous Injury,Vehicle to Vehicle,Two way,13.06193,77.648872,0,2226
Int. Aiport,2022,Damage Only,Not Applicable,Others,13.198154,77.680104,0,2227
Int. Aiport,2022,Fatal,Vehicle to Vehicle,NH,13.264915,77.718507,1,2228
Int. Aiport,2022,Grievous Injury,Vehicle to Vehicle,Others,13.201528,77.658159,0,2229
Int. Aiport,2022,Simple Injury,Hit pedestrian,NH,13.270076,77.720345,0,2230
Int. Aiport,2022,Grievous Injury,Vehicle to Vehicle,NH,13.245245,77.712806,0,2231
Int. Aiport,2022,Damage Only,Vehicle to Vehicle,NH,13.248578,77.715534,0,2232
Int. Aiport,2022,Grievous Injury,Hit pedestrian,Two way,13.248637,77.715502,0,2233
Int. Aiport,2022,Not Applicable,Hit pedestrian,NH,13.2298289,77.702282,0,2234
Int. Aiport,2022,Damage Only,Vehicle to Vehicle,Others,13.198154,77.680104,0,2235
Int. Aiport,2022,Grievous Injury,Hit pedestrian,Others,13.055511,77.646373,0,2236
Int. Aiport,2022,Grievous Injury,Vehicle to Vehicle,Others,13.34303,77.385609,0,2237
Int. Aiport,2022,Grievous Injury,Vehicle to Vehicle,NH,13.23297,77.72781,0,2238
Int. Aiport,2022,Damage Only,Vehicle to Vehicle,Others,13.19821,77.669,0,2239
Int. Aiport,2022,Grievous Injury,Vehicle to Vehicle,NH,13.21992627,77.67141724,0,2240
Int. Aiport,2022,Damage Only,Vehicle to Vehicle,One way,13.197903,77.700178,0,2241
Int. Aiport,2022,Fatal,Not Applicable,Others,13.062696,77.652046,1,2242
Int. Aiport,2022,Fatal,Hit pedestrian,NH,13.201528,77.658159,1,2243
Int. Aiport,2022,Fatal,Hit pedestrian,NH,13.211302,77.672218,1,2244
Int. Aiport,2022,Grievous Injury,Vehicle to Vehicle,NH,13.264215,77.718901,0,2245
Int. Aiport,2022,Fatal,Not Applicable,NH,13.23888,77.69964,1,2246
Int. Aiport,2022,Grievous Injury,Vehicle to Vehicle,NH,13.241716,77.713731,0,2247
Int. Aiport,2022,Grievous Injury,Hit pedestrian,NH,13.2676314,77.7195886,0,2248
Int. Aiport,2022,Grievous Injury,Vehicle to Vehicle,Others,13.055511,77.646373,0,2249
Int. Aiport,2022,Fatal,Not Applicable,Others,13.24353,77.718744,1,2250
Int. Aiport,2022,Grievous Injury,Vehicle to Vehicle,Two way,13.241716,77.713731,0,2251
Int. Aiport,2022,Grievous Injury,Vehicle to Vehicle,NH,13.21992627,77.67141724,0,2252
Int. Aiport,2022,Grievous Injury,Hit pedestrian,Others,13.148995,77.674745,0,2253
Int. Aiport,2022,Simple Injury,Vehicle to Vehicle,Others,13.23876,77.72404,0,2254
Int. Aiport,2022,Grievous Injury,Vehicle to Vehicle,Two way,13.24353,77.718744,0,2255
Int. Aiport,2022,Simple Injury,Vehicle to Vehicle,NH,13.193689,77.649658,0,2256
Int. Aiport,2022,Damage Only,Vehicle to Vehicle,Others,13.197903,77.700178,0,2257
Int. Aiport,2022,Grievous Injury,Not Applicable,Others,13.241716,77.713731,0,2258
Int. Aiport,2022,Grievous Injury,Vehicle to Vehicle,NH,13.21992627,77.67141724,0,2259
Int. Aiport,2022,Fatal,Hit pedestrian,NH,13.205611,77.666688,1,2260
Int. Aiport,2022,Grievous Injury,Vehicle to Vehicle,Others,13.054222,77.670095,0,2261
Int. Aiport,2022,Grievous Injury,Hit pedestrian,Others,13.254921,77.716844,0,2262
Int. Aiport,2022,Fatal,Not Applicable,Others,13.0980537,77.6449375,1,2263
Int. Aiport,2022,Fatal,Vehicle to Vehicle,NH,13.21992627,77.67141724,1,2264
Int. Aiport,2022,Grievous Injury,Vehicle to Vehicle,Others,13.0688,77.6515,0,2265
Int. Aiport,2022,Simple Injury,Vehicle to Vehicle,NH,13.211861,77.673157,0,2266
Int. Aiport,2022,Simple Injury,Hit pedestrian,Two way,13.241716,77.713731,0,2267
Int. Aiport,2022,Grievous Injury,Vehicle to Vehicle,Not Applicable,13.241716,77.713731,0,2268
Int. Aiport,2022,Grievous Injury,Vehicle to Vehicle,NH,13.208827,77.670193,0,2269
Int. Aiport,2022,Fatal,Not Applicable,Others,13.126595,77.645643,1,2270
Int. Aiport,2022,Grievous Injury,Vehicle to Vehicle,Others,13.22129,77.72024,0,2271
Int. Aiport,2022,Fatal,Vehicle to Vehicle,NH,13.261339,77.716263,1,2272
Int. Aiport,2022,Grievous Injury,Vehicle to Vehicle,NH,13.25234,77.71633,0,2273
Int. Aiport,2022,Damage Only,Vehicle to Vehicle,NH,13.241716,77.713731,0,2274
Int. Aiport,2022,Fatal,Vehicle to Vehicle,NH,13.250796,77.707157,1,2275
Int. Aiport,2022,Grievous Injury,Vehicle to Vehicle,Others,13.073,77.643661,0,2276
Int. Aiport,2022,Grievous Injury,Hit pedestrian,Others,13.138949,77.670466,0,2277
Int. Aiport,2022,Simple Injury,Vehicle to Vehicle,Others,13.055511,77.646373,0,2278
Int. Aiport,2022,Grievous Injury,Vehicle to Vehicle,Others,13.199282,77.706529,0,2279
Int. Aiport,2022,Grievous Injury,Hit pedestrian,Others,13.245847,77.712334,0,2280
Int. Aiport,2022,Grievous Injury,Not Applicable,NH,13.3021582,77.5510526,0,2281
Int. Aiport,2022,Simple Injury,Vehicle to Vehicle,Others,13.198154,77.680104,0,2282
Int. Aiport,2022,Grievous Injury,Vehicle to Vehicle,NH,13.21992627,77.67141724,0,2283
Int. Aiport,2022,Fatal,Not Applicable,Others,13.199014,77.70897,1,2284
Int. Aiport,2022,Simple Injury,Vehicle to Vehicle,Others,13.241716,77.713731,0,2285
Int. Aiport,2022,Simple Injury,Vehicle to Vehicle,NH,13.201528,77.658159,0,2286
Int. Aiport,2022,Fatal,Vehicle to Vehicle,State Highway,13.241716,77.713731,1,2287
Int. Aiport,2022,Simple Injury,Vehicle to Vehicle,Others,13.055511,77.646373,0,2288
Int. Aiport,2022,Simple Injury,Not Applicable,Others,13.06491,77.672668,0,2289
Int. Aiport,2022,Damage Only,Vehicle to Vehicle,Others,13.195911,77.669649,0,2290
Int. Aiport,2022,Damage Only,Vehicle to Vehicle,Not Applicable,13.197924,77.690307,0,2291
Int. Aiport,2022,Damage Only,Vehicle to Vehicle,Others,13.198154,77.680104,0,2292
Int. Aiport,2022,Simple Injury,Vehicle to Vehicle,NH,13.2298289,77.702282,0,2293
Int. Aiport,2022,Fatal,Hit pedestrian,NH,13.23639,77.69723,1,2294
Int. Aiport,2023,Simple Injury,Vehicle to Vehicle,Others,13.223154,77.740045,0,2295
Int. Aiport,2023,Fatal,Not Applicable,Others,13.13187,77.662188,1,2296
Int. Aiport,2023,Fatal,Hit pedestrian,NH,13.221259,77.682326,1,2297
Int. Aiport,2023,Fatal,Vehicle to Vehicle,Others,13.117804,77.634088,1,2298
Int. Aiport,2023,Simple Injury,Vehicle to Vehicle,NH,13.219926,77.671417,0,2299
Int. Aiport,2023,Simple Injury,Hit pedestrian,Minor District Road,13.278138,77.712193,0,2300
Int. Aiport,2023,Simple Injury,Vehicle to Vehicle,NH,13.229828,77.702282,0,2301
Int. Aiport,2023,Simple Injury,Vehicle to Vehicle,Two way,13.088058,77.654744,0,2302
Int. Aiport,2023,Fatal,Vehicle to Vehicle,NH,13.257909,77.717463,1,2303
Int. Aiport,2023,Damage Only,Vehicle to Vehicle,NH,13.221353,77.682212,0,2304
Int. Aiport,2023,Grievous Injury,Vehicle to Vehicle,NH,13.250348,77.706882,0,2305
Int. Aiport,2023,Fatal,Vehicle to Vehicle,NH,13.267437,77.719763,1,2306
Int. Aiport,2023,Fatal,Hit pedestrian,NH,13.226463,77.68714,1,2307
Int. Aiport,2023,Grievous Injury,Not Applicable,Others,13.218779,77.679765,0,2308
Int. Aiport,2023,Simple Injury,Vehicle to Vehicle,Residential Street,13.101631,77.654744,0,2309
Int. Aiport,2023,Grievous Injury,Vehicle to Vehicle,Others,13.262885,77.728702,0,2310
Int. Aiport,2023,Fatal,Vehicle to Vehicle,NH,13.23065,77.712876,1,2311
Int. Aiport,2023,Damage Only,Vehicle to Vehicle,Others,13.198606,77.685857,0,2312
Int. Aiport,2023,Grievous Injury,Vehicle to Vehicle,NH,13.209861,77.670746,0,2313
Int. Aiport,2023,Simple Injury,Vehicle to Vehicle,Arterial,13.198305,77.669115,0,2314
Int. Aiport,2023,Simple Injury,Hit pedestrian,Others,13.122789,77.646745,0,2315
Int. Aiport,2023,Fatal,Vehicle to Vehicle,Others,13.148744,77.674638,1,2316
Int. Aiport,2023,Simple Injury,Not Applicable,Two way,13.091741,77.654753,0,2317
Int. Aiport,2023,Grievous Injury,Vehicle to Vehicle,Others,13.255745,77.731096,0,2318
Int. Aiport,2023,Simple Injury,Vehicle to Vehicle,Others,13.119268,77.633134,0,2319
Int. Aiport,2023,Simple Injury,Vehicle to Vehicle,NH,13.230469,77.69121,0,2320
Int. Aiport,2023,Fatal,Vehicle to Vehicle,Others,13.154272,77.685039,1,2321
Int. Aiport,2023,Fatal,Hit pedestrian,NH,13.206719,77.668348,1,2322
Int. Aiport,2023,Fatal,Vehicle to Vehicle,NH,13.221337,77.682234,1,2323
Int. Aiport,2023,Damage Only,Vehicle to Vehicle,NH,13.229828,77.702282,0,2324
Int. Aiport,2023,Simple Injury,Vehicle to Vehicle,Service Road,13.240292,77.701672,0,2325
Int. Aiport,2023,Simple Injury,Hit pedestrian,Minor District Road,13.055511,77.646373,0,2326
Int. Aiport,2023,Simple Injury,Vehicle to Vehicle,Others,13.199914,77.659221,0,2327
Int. Aiport,2023,Grievous Injury,Vehicle to Vehicle,Others,13.199621,77.69059,0,2328
Int. Aiport,2023,Fatal,Vehicle to Vehicle,NH,13.215464,77.676499,1,2329
Int. Aiport,2023,Grievous Injury,Vehicle to Vehicle,Expressway,13.199539,77.658776,0,2330
Int. Aiport,2023,Grievous Injury,Vehicle to Vehicle,NH,13.23037,77.690915,0,2331
Int. Aiport,2023,Damage Only,Vehicle to Vehicle,NH,13.193689,77.649658,0,2332
Int. Aiport,2023,Fatal,Vehicle to Vehicle,Sub Arterial,13.198113,77.684425,1,2333
Int. Aiport,2023,Grievous Injury,Hit pedestrian,NH,13.251967,77.707518,0,2334
Int. Aiport,2023,Simple Injury,Vehicle to Vehicle,Residential Street,13.224718,77.71284,0,2335
Int. Aiport,2023,Simple Injury,Vehicle to Vehicle,Others,13.091759,77.654756,0,2336
Int. Aiport,2023,Fatal,Not Applicable,Others,13.173048,77.694095,1,2337
Int. Aiport,2023,Not Applicable,Vehicle to Vehicle,NH,13.242291,77.703685,0,2338
Int. Aiport,2023,Simple Injury,Vehicle to Vehicle,NH,13.223746,77.739542,0,2339
Int. Aiport,2023,Simple Injury,Vehicle to Vehicle,NH,13.248715,77.71567,0,2340
Int. Aiport,2023,Fatal,Not Applicable,State Highway,13.263532,77.729505,1,2341
Int. Aiport,2023,Damage Only,Vehicle to Vehicle,Others,13.198405,77.701602,0,2342
Int. Aiport,2023,Grievous Injury,Vehicle to Vehicle,Two way,13.266801,77.741481,0,2343
Int. Aiport,2023,Damage Only,Vehicle to Vehicle,Others,13.1984,77.701378,0,2344
Int. Aiport,2023,Fatal,Vehicle to Vehicle,Others,13.105826,77.634154,1,2345
Int. Aiport,2023,Simple Injury,Vehicle to Vehicle,Others,13.221721,77.719254,0,2346
Int. Aiport,2023,Simple Injury,Vehicle to Vehicle,State Highway,13.276361,77.713582,0,2347
Int. Aiport,2023,Fatal,Vehicle to Vehicle,Others,13.184147,77.70355,1,2348
Int. Aiport,2023,Fatal,Vehicle to Vehicle,NH,13.257421,77.71283,1,2349
Int. Aiport,2023,Fatal,Not Applicable,Others,13.228108,77.734003,1,2350
Int. Aiport,2023,Fatal,Hit pedestrian,NH,13.240149,77.701144,1,2351
Int. Aiport,2023,Simple Injury,Vehicle to Vehicle,One way,13.193689,77.649658,0,2352
Int. Aiport,2023,Simple Injury,Vehicle to Vehicle,One way,13.055312,77.646095,0,2353
Int. Aiport,2023,Fatal,Vehicle to Vehicle,Others,13.253497,77.734209,1,2354
Int. Aiport,2023,Grievous Injury,Vehicle to Vehicle,Others,13.221161,77.682229,0,2355
Int. Aiport,2023,Fatal,Vehicle to Vehicle,Others,13.254343,77.736586,1,2356
Int. Aiport,2023,Grievous Injury,Vehicle to Vehicle,NH,13.250639,77.7071,0,2357
Int. Aiport,2023,Fatal,Not Applicable,Sub Arterial,13.191286,77.68078,1,2358
Int. Aiport,2023,Not Applicable,Vehicle to Vehicle,NH,13.208145,77.669235,0,2359
Int. Aiport,2023,Fatal,Not Applicable,NH,13.221367,77.68227,1,2360
Int. Aiport,2023,Fatal,Not Applicable,Others,13.27041,77.739557,1,2361
Int. Aiport,2023,Grievous Injury,Vehicle to Vehicle,NH,13.221364,77.68226,0,2362
Int. Aiport,2023,Fatal,Not Applicable,NH,13.23482,77.695567,1,2363
Int. Aiport,2023,Fatal,Not Applicable,Others,13.168027,77.688625,1,2364
Int. Aiport,2023,Fatal,Hit pedestrian,Residential Street,13.122703,77.668221,1,2365
Int. Aiport,2023,Simple Injury,Vehicle to Vehicle,Not Applicable,13.215358,77.710683,0,2366
Int. Aiport,2023,Simple Injury,Not Applicable,One way,13.198179,77.700266,0,2367
Int. Aiport,2023,Grievous Injury,Hit pedestrian,State Highway,13.208791,77.670153,0,2368
Int. Aiport,2023,Grievous Injury,Vehicle to Vehicle,Others,13.194644,77.700147,0,2369
Int. Aiport,2023,Simple Injury,Vehicle to Vehicle,NH,13.220683,77.681759,0,2370
Int. Aiport,2023,Simple Injury,Not Applicable,NH,13.206782,77.668037,0,2371
Int. Aiport,2023,Simple Injury,Vehicle to Vehicle,Sub Arterial,13.198573,77.68424,0,2372
Int. Aiport,2023,Simple Injury,Vehicle to Vehicle,Others,13.174829,77.717221,0,2373
Int. Aiport,2023,Fatal,Hit pedestrian,Others,13.129193,77.639388,1,2374
Int. Aiport,2023,Grievous Injury,Vehicle to Vehicle,Others,13.132692,77.686282,0,2375
Int. Aiport,2023,Simple Injury,Vehicle to Vehicle,NH,13.250256,77.70783,0,2376
Int. Aiport,2023,Grievous Injury,Not Applicable,NH,13.223485,77.684258,0,2377
Int. Aiport,2023,Fatal,Vehicle to Vehicle,NH,13.250586,77.706962,1,2378
Int. Aiport,2023,Damage Only,Vehicle to Vehicle,NH,13.193689,77.649658,0,2379
Int. Aiport,2023,Simple Injury,Hit pedestrian,One way,13.262706,77.71737,0,2380
Int. Aiport,2023,Simple Injury,Not Applicable,Others,13.194357,77.690881,0,2381
Int. Aiport,2023,Grievous Injury,Vehicle to Vehicle,NH,13.25056,77.707255,0,2382
Int. Aiport,2023,Damage Only,Vehicle to Vehicle,Others,13.183172,77.677456,0,2383
Int. Aiport,2023,Fatal,Vehicle to Vehicle,Others,13.191823,77.665601,1,2384
Int. Aiport,2023,Simple Injury,Vehicle to Vehicle,One way,13.199516,77.700205,0,2385
Int. Aiport,2023,Grievous Injury,Vehicle to Vehicle,NH,13.267631,77.719588,0,2386
Int. Aiport,2023,Damage Only,Not Applicable,Others,13.128608,77.67406,0,2387
Int. Aiport,2023,Grievous Injury,Vehicle to Vehicle,NH,13.221363,77.682243,0,2388
Int. Aiport,2023,Fatal,Not Applicable,NH,13.22705,77.687919,1,2389
Int. Aiport,2023,Fatal,Vehicle to Vehicle,NH,13.221361,77.682261,1,2390
Int. Aiport,2023,Fatal,Hit pedestrian,NH,13.26209,77.716534,1,2391
Int. Aiport,2023,Fatal,Vehicle to Vehicle,Others,13.107714,77.665639,1,2392
Int. Aiport,2023,Simple Injury,Vehicle to Vehicle,Others,13.117709,77.65494,0,2393
Int. Aiport,2023,Grievous Injury,Vehicle to Vehicle,State Highway,13.248612,77.715549,0,2394
Int. Aiport,2023,Simple Injury,Vehicle to Vehicle,Mixed,13.266291,77.740695,0,2395
Int. Aiport,2023,Damage Only,Vehicle to Vehicle,Others,13.198122,77.684203,0,2396
Int. Aiport,2023,Damage Only,Not Applicable,Not Applicable,13.230379,77.690926,0,2397
Int. Aiport,2023,Simple Injury,Hit pedestrian,NH,13.235367,77.696071,0,2398
Int. Aiport,2023,Fatal,Not Applicable,Others,13.13202,77.691295,1,2399
Int. Aiport,2023,Fatal,Not Applicable,Others,13.13351,77.67702,1,2400
Electronic City,2016,Fatal,Others,NH,12.88638,77.64155,1,2401
Electronic City,2016,Damage Only,Rear end,NH,12.85056,77.66855,0,2402
Electronic City,2016,Damage Only,Rear end,NH,12.8424,77.67619,0,2403
Electronic City,2016,Grievous Injury,Others,NH,12.84546,77.67232,0,2404
Electronic City,2016,Damage Only,Others,NH,12.84559,77.66748,0,2405
Electronic City,2016,Fatal,Hit pedestrian,NH,12.84754,77.67139,1,2406
Electronic City,2016,Grievous Injury,Rear end,NH,12.84201,77.67559,0,2407
Electronic City,2016,Grievous Injury,Others,Others,12.83824,77.67836,0,2408
Electronic City,2016,Grievous Injury,Others,NH,12.86644,77.65551,0,2409
Electronic City,2016,Grievous Injury,Hit pedestrian,NH,12.85321,77.66719,0,2410
Electronic City,2016,Grievous Injury,Hit pedestrian,NH,12.84178,77.67531,0,2411
Electronic City,2016,Damage Only,Others,NH,12.88038,77.6455,0,2412
Electronic City,2016,Grievous Injury,Others,NH,12.83914,77.67091,0,2413
Electronic City,2016,Grievous Injury,Rear end,NH,12.88827,77.64038,0,2414
Electronic City,2016,Grievous Injury,Rear end,NH,12.84797,77.67066,0,2415
Electronic City,2016,Damage Only,Others,Expressway,12.85889,77.65594,0,2416
Electronic City,2016,Grievous Injury,Others,NH,12.87917,77.64595,0,2417
Electronic City,2016,Grievous Injury,Others,Others,12.87185,77.65174,0,2418
Electronic City,2016,Grievous Injury,Others,Others,12.87808,77.62972,0,2419
Electronic City,2016,Grievous Injury,Rear end,NH,12.84548,77.67235,0,2420
Electronic City,2016,Fatal,Head on,Others,12.88973,77.64991,1,2421
Electronic City,2016,Grievous Injury,Hit pedestrian,NH,12.87873,77.64633,0,2422
Electronic City,2016,Grievous Injury,Others,NH,12.847,77.66984,0,2423
Electronic City,2016,Fatal,Hit pedestrian,Expressway,12.85887,77.61773,1,2424
Electronic City,2016,Grievous Injury,Others,NH,12.87272,77.65121,0,2425
Electronic City,2016,Damage Only,Rear end,NH,12.8421,77.65937,0,2426
Electronic City,2016,Fatal,Others,Others,12.87785,77.62854,1,2427
Electronic City,2016,Fatal,Head on,NH,12.8477,77.67069,1,2428
Electronic City,2016,Grievous Injury,Hit pedestrian,NH,12.8473,77.67052,0,2429
Electronic City,2016,Fatal,Others,NH,12.85076,77.66839,1,2430
Electronic City,2016,Damage Only,Rear end,NH,12.84736,77.67091,0,2431
Electronic City,2017,Grievous Injury,Others,NH,12.86991,77.65334,0,2432
Electronic City,2017,Grievous Injury,Others,NH,12.84358,77.67385,0,2433
Electronic City,2017,Grievous Injury,Others,Others,12.86837,77.66145,0,2434
Electronic City,2017,Grievous Injury,Hit pedestrian,Others,12.88002,77.64491,0,2435
Electronic City,2017,Grievous Injury,Hit pedestrian,NH,12.86697,77.6555,0,2436
Electronic City,2017,Fatal,Hit pedestrian,Others,12.85673,77.6361,1,2437
Electronic City,2017,Grievous Injury,Others,NH,12.84807,77.66236,0,2438
Electronic City,2017,Grievous Injury,Others,Expressway,12.85838,77.65779,0,2439
Electronic City,2017,Grievous Injury,Others,NH,12.8427,77.67379,0,2440
Electronic City,2017,Damage Only,Rear end,Expressway,12.85739,77.60697,0,2441
Electronic City,2017,Grievous Injury,Rear end,NH,12.84554,77.66106,0,2442
Electronic City,2017,Grievous Injury,Others,NH,12.84791,77.67096,0,2443
Electronic City,2017,Fatal,Rear end,NH,12.84001,77.67698,1,2444
Electronic City,2017,Simple Injury,Hit and Run,NH,12.83905,77.67799,0,2445
Electronic City,2017,Damage Only,Others,Others,12.88086,77.64373,0,2446
Electronic City,2017,Grievous Injury,Others,NH,12.86709,77.65548,0,2447
Electronic City,2017,Grievous Injury,Hit pedestrian,NH,12.85609,77.6645,0,2448
Electronic City,2017,Grievous Injury,Rear end,Expressway,12.86702,77.63549,0,2449
Electronic City,2017,Grievous Injury,Hit pedestrian,Others,12.88896,77.6716,0,2450
Electronic City,2017,Grievous Injury,Hit pedestrian,Others,12.84697,77.67942,0,2451
Electronic City,2017,Grievous Injury,Hit pedestrian,NH,12.7851,77.8951,0,2452
Electronic City,2017,Grievous Injury,Rear end,NH,12.864463,77.65761,0,2453
Electronic City,2017,Grievous Injury,Others,NH,12.86145,77.66077,0,2454
Electronic City,2017,Grievous Injury,Others,Others,12.88873,77.64021,0,2455
Electronic City,2017,Grievous Injury,Rear end,Others,12.84296,77.64029,0,2456
Electronic City,2017,Grievous Injury,Rear end,NH,12.85596,77.66429,0,2457
Electronic City,2017,Grievous Injury,Hit and Run,NH,12.86928,77.65393,0,2458
Electronic City,2017,Fatal,Head on,Expressway,12.85812,77.65888,1,2459
Electronic City,2017,Grievous Injury,Others,NH,12.85482,77.60942,0,2460
Electronic City,2017,Grievous Injury,Rear end,Others,12.8395,77.67694,0,2461
Electronic City,2017,Grievous Injury,Others,Others,12.84877,77.65917,0,2462
Electronic City,2017,Fatal,Hit pedestrian,NH,12.87747,77.64707,1,2463
Electronic City,2017,Grievous Injury,Others,NH,12.87025,77.65318,0,2464
Electronic City,2017,Grievous Injury,Others,NH,12.89109,77.63954,0,2465
Electronic City,2017,Grievous Injury,Others,Others,12.84296,77.61715,0,2466
Electronic City,2017,Grievous Injury,Rear end,NH,12.86961,77.65364,0,2467
Electronic City,2017,Simple Injury,Hit and Run,NH,12.83747,77.67857,0,2468
Electronic City,2017,Grievous Injury,Head on,NH,12.86799,77.65497,0,2469
Electronic City,2017,Grievous Injury,Others,Expressway,12.85498,77.61002,0,2470
Electronic City,2017,Grievous Injury,Hit pedestrian,NH,12.8388,77.67779,0,2471
Electronic City,2017,Fatal,Others,Others,12.84742,77.67078,1,2472
Electronic City,2017,Grievous Injury,Hit pedestrian,Others,12.87057,77.65882,0,2473
Electronic City,2017,Simple Injury,Hit and Run,NH,12.87075,77.65657,0,2474
Electronic City,2017,Simple Injury,Rear end,NH,12.8861,77.64184,0,2475
Electronic City,2017,Damage Only,Others,Others,12.89208,77.62915,0,2476
Electronic City,2017,Grievous Injury,Rear end,NH,12.83992,77.67689,0,2477
Electronic City,2017,Damage Only,Rear end,NH,12.8612,77.385356,0,2478
Electronic City,2017,Grievous Injury,Others,Others,12.85086,77.65746,0,2479
Electronic City,2017,Simple Injury,Others,NH,12.8699,77.65339,0,2480
Electronic City,2017,Grievous Injury,Others,Others,12.8391,77.64793,0,2481
Electronic City,2017,Grievous Injury,Others,NH,12.8698,77.65327,0,2482
Electronic City,2017,Damage Only,Others,NH,12.83418,77.67554,0,2483
Electronic City,2017,Grievous Injury,Rear end,NH,12.8713,77.6519,0,2484
Electronic City,2017,Grievous Injury,Others,Others,12.85065,77.66096,0,2485
Electronic City,2017,Grievous Injury,Hit pedestrian,Others,12.87639,77.67449,0,2486
Electronic City,2017,Grievous Injury,Others,Others,12.84048,77.67631,0,2487
Electronic City,2017,Grievous Injury,Hit pedestrian,NH,12.84714,77.67163,0,2488
Electronic City,2017,Grievous Injury,Hit pedestrian,NH,12.87448,77.64863,0,2489
Electronic City,2017,Grievous Injury,Hit pedestrian,Others,12.7895,77.8951,0,2490
Electronic City,2017,Grievous Injury,Rear end,NH,12.86857,77.65471,0,2491
Electronic City,2017,Damage Only,Others,Others,12.89822,77.6393,0,2492
Electronic City,2017,Grievous Injury,Others,NH,12.83998,77.6773,0,2493
Electronic City,2017,Fatal,Head on,NH,12.86449,77.65761,1,2494
Electronic City,2017,Grievous Injury,Others,NH,12.84613,77.66924,0,2495
Electronic City,2017,Fatal,Rear end,Expressway,12.86251,77.64834,1,2496
Electronic City,2017,Grievous Injury,Hit pedestrian,NH,12.84413,77.67386,0,2497
Electronic City,2017,Damage Only,Others,NH,12.8398501,77.67707541,0,2498
Electronic City,2017,Grievous Injury,Others,NH,12.84268,77.64196,0,2499
Electronic City,2017,Damage Only,Others,Others,12.83918,77.65924,0,2500
Electronic City,2017,Grievous Injury,Hit pedestrian,Others,12.89953,77.6514,0,2501
Electronic City,2017,Grievous Injury,Others,Expressway,12.86586,77.62904,0,2502
Electronic City,2017,Grievous Injury,Others,NH,12.84378,77.67386,0,2503
Electronic City,2017,Fatal,Others,Others,12.8708,77.65399,1,2504
Electronic City,2017,Grievous Injury,Hit pedestrian,Others,12.87409,77.66915,0,2505
Electronic City,2017,Grievous Injury,Others,Others,12.88515,77.65585,0,2506
Electronic City,2017,Fatal,Others,Others,12.88614,77.67033,1,2507
Electronic City,2017,Damage Only,Others,NH,12.8399,77.67707,0,2508
Electronic City,2017,Grievous Injury,Others,NH,12.85265,77.66714,0,2509
Electronic City,2017,Simple Injury,Rear end,Others,12.83942,77.65957,0,2510
Electronic City,2017,Damage Only,Others,NH,12.84403,77.67404,0,2511
Electronic City,2017,Grievous Injury,Others,Others,12.84505,77.67831,0,2512
Electronic City,2017,Fatal,Others,NH,12.85872,77.66248,1,2513
Electronic City,2017,Grievous Injury,Rear end,NH,12.85979,77.66151,0,2514
Electronic City,2017,Grievous Injury,Hit pedestrian,NH,12.87923,77.64604,0,2515
Electronic City,2017,Grievous Injury,Hit pedestrian,NH,12.87104,77.6524,0,2516
Electronic City,2017,Grievous Injury,Others,NH,12.86264,77.64714,0,2517
Electronic City,2017,Grievous Injury,Rear end,NH,12.86073,77.66067,0,2518
Electronic City,2017,Damage Only,Others,Others,12.84053,77.68154,0,2519
Electronic City,2017,Grievous Injury,Others,NH,12.84375,77.67379,0,2520
Electronic City,2017,Grievous Injury,Hit pedestrian,Others,12.85424,77.66242,0,2521
Electronic City,2017,Grievous Injury,Hit pedestrian,NH,12.84764,77.67091,0,2522
Electronic City,2017,Simple Injury,Hit pedestrian,Others,12.85475,77.66221,0,2523
Electronic City,2017,Fatal,Others,Others,12.86667,77.66236,1,2524
Electronic City,2017,Damage Only,Others,Others,12.84303902,77.63968561,0,2525
Electronic City,2017,Grievous Injury,Others,NH,12.84724,77.67142,0,2526
Electronic City,2017,Damage Only,Others,NH,12.85605,77.66434,0,2527
Electronic City,2017,Grievous Injury,Rear end,Not Applicable,12.84746,77.6713,0,2528
Electronic City,2017,Grievous Injury,Rear end,NH,12.86943,77.65378,0,2529
Electronic City,2017,Fatal,Hit pedestrian,NH,12.83999,77.677,1,2530
Electronic City,2017,Damage Only,Rear end,Others,12.84701,77.67915,0,2531
Electronic City,2017,Fatal,Hit pedestrian,Expressway,12.86603524,77.62964496,1,2532
Electronic City,2017,Grievous Injury,Hit pedestrian,Others,12.84372,77.67206,0,2533
Electronic City,2017,Grievous Injury,Skidding or Self accident,Expressway,12.85781,77.66425,0,2534
Electronic City,2017,Grievous Injury,Hit pedestrian,NH,12.88452,77.64282,0,2535
Electronic City,2017,Grievous Injury,Rear end,NH,12.83958,77.68148,0,2536
Electronic City,2017,Grievous Injury,Others,Service Road,12.83637,77.67897,0,2537
Electronic City,2017,Grievous Injury,Others,Others,12.86532,77.65138,0,2538
Electronic City,2017,Fatal,Others,Service Road,12.87355,77.65053,1,2539
Electronic City,2017,Grievous Injury,Others,NH,12.84417,77.67429,0,2540
Electronic City,2017,Grievous Injury,Others,NH,12.86036,77.66106,0,2541
Electronic City,2017,Grievous Injury,Others,NH,12.85874,77.66235,0,2542
Electronic City,2017,Grievous Injury,Others,NH,12.84658,77.67211,0,2543
Electronic City,2017,Grievous Injury,Hit pedestrian,Others,12.84542,77.66577,0,2544
Electronic City,2017,Fatal,Hit pedestrian,NH,12.88427,77.64336,1,2545
Electronic City,2017,Fatal,Head on,NH,12.88396,77.6431,1,2546
Electronic City,2017,Fatal,Rear end,NH,12.84649,77.67225,1,2547
Electronic City,2017,Simple Injury,Others,NH,12.88919,77.64162,0,2548
Electronic City,2017,Grievous Injury,Others,NH,12.8645,77.65762,0,2549
Electronic City,2017,Fatal,Hit pedestrian,NH,12.8516593,77.667781,1,2550
Electronic City,2017,Grievous Injury,Rear end,NH,12.86291,77.65876,0,2551
Electronic City,2017,Grievous Injury,Side impact or Right angle,City or Town Road,12.86812,77.65499,0,2552
Electronic City,2017,Fatal,Others,Expressway,12.85815,77.66241,1,2553
Electronic City,2017,Grievous Injury,Others,NH,12.84896,77.66966,0,2554
Electronic City,2017,Grievous Injury,Others,Others,12.8488,77.65783,0,2555
Electronic City,2017,Damage Only,Rear end,Expressway,12.85835,77.65776,0,2556
Electronic City,2017,Grievous Injury,Others,Others,12.86995,77.65567,0,2557
Electronic City,2017,Fatal,Head on,NH,12.856143,77.664427,1,2558
Electronic City,2017,Grievous Injury,Hit pedestrian,Others,12.87366,77.66634,0,2559
Electronic City,2017,Fatal,Rear end,NH,12.85601,77.66454,1,2560
Electronic City,2017,Grievous Injury,Others,Others,12.85297,77.60912,0,2561
Electronic City,2017,Damage Only,Others,Others,12.84316,77.64332,0,2562
Electronic City,2017,Grievous Injury,Others,Others,12.87969,77.64649,0,2563
Electronic City,2017,Damage Only,Others,NH,12.86895,77.65423,0,2564
Electronic City,2017,Grievous Injury,Hit pedestrian,NH,12.84313,77.6648,0,2565
Electronic City,2017,Fatal,Head on,Others,12.86728,77.65131,1,2566
Electronic City,2017,Damage Only,Others,NH,12.83867,77.67788,0,2567
Electronic City,2017,Damage Only,Rear end,NH,12.88469,77.64274,0,2568
Electronic City,2017,Fatal,Hit and Run,NH,12.87957,77.64583,1,2569
Electronic City,2017,Grievous Injury,Others,NH,12.86969,77.65341,0,2570
Electronic City,2017,Grievous Injury,Rear end,NH,12.88706,77.6411,0,2571
Electronic City,2017,Grievous Injury,Hit pedestrian,NH,12.87033,77.65405,0,2572
Electronic City,2017,Grievous Injury,Others,Others,12.8476,77.67485,0,2573
Electronic City,2017,Grievous Injury,Others,Others,12.84541,77.66111,0,2574
Electronic City,2017,Grievous Injury,Others,Others,12.85495,77.66736,0,2575
Electronic City,2017,Damage Only,Others,NH,12.8668,77.65674,0,2576
Electronic City,2017,Grievous Injury,Others,NH,12.86972,77.65336,0,2577
Electronic City,2017,Grievous Injury,Rear end,NH,12.85895,77.66228,0,2578
Electronic City,2017,Grievous Injury,Others,NH,12.84382,77.67428,0,2579
Electronic City,2018,Grievous Injury,Rear end,Others,12.85816,77.65879,0,2580
Electronic City,2018,Grievous Injury,Head on,Expressway,12.83917,77.65886,0,2581
Electronic City,2018,Grievous Injury,Others,Others,12.84004,77.66147,0,2582
Electronic City,2018,Grievous Injury,Hit pedestrian,NH,12.85335,77.66665,0,2583
Electronic City,2018,Grievous Injury,Rear end,Expressway,12.86332,77.64673,0,2584
Electronic City,2018,Grievous Injury,Hit pedestrian,City or Town Road,12.89863,77.65127,0,2585
Electronic City,2018,Grievous Injury,Not Applicable,NH,12.84347,77.67439,0,2586
Electronic City,2018,Grievous Injury,Hit pedestrian,NH,12.86994,77.65312,0,2587
Electronic City,2018,Grievous Injury,Hit pedestrian,Others,12.85081,77.65395,0,2588
Electronic City,2018,Grievous Injury,Overturning,Others,12.84251,77.6692,0,2589
Electronic City,2018,Damage Only,Rear end,NH,12.8549,77.66793,0,2590
Electronic City,2018,Fatal,Others,Others,12.89035,77.64316,1,2591
Electronic City,2018,Damage Only,Rear end,NH,12.87031,77.65384,0,2592
Electronic City,2018,Damage Only,Others,NH,12.87064,77.65287,0,2593
Electronic City,2018,Fatal,Rear end,NH,12.8728,77.65115,1,2594
Electronic City,2018,Fatal,Others,Expressway,12.85834,77.664,1,2595
Electronic City,2018,Fatal,Hit pedestrian,NH,12.869855,77.6534388,1,2596
Electronic City,2018,Grievous Injury,Others,NH,12.84314,77.67465,0,2597
Electronic City,2018,Damage Only,Others,Others,12.88498,77.64336,0,2598
Electronic City,2018,Fatal,Hit pedestrian,NH,12.87016,77.65348,1,2599
Electronic City,2018,Grievous Injury,Hit pedestrian,Others,12.84082,77.65205,0,2600
Electronic City,2018,Fatal,Rear end,NH,12.85678,77.66355,1,2601
Electronic City,2018,Damage Only,Rear end,NH,12.84874,77.67027,0,2602
Electronic City,2018,Grievous Injury,Hit and Run,NH,12.8431,77.67422,0,2603
Electronic City,2018,Grievous Injury,Right Turn Collision,City or Town Road,12.84539,77.66562,0,2604
Electronic City,2018,Grievous Injury,Hit pedestrian,NH,12.87003,77.65306,0,2605
Electronic City,2018,Grievous Injury,Others,NH,12.85589,77.66461,0,2606
Electronic City,2018,Grievous Injury,Others,Others,12.86146,77.64837,0,2607
Electronic City,2018,Grievous Injury,Overturning,NH,12.84012,77.67712,0,2608
Electronic City,2018,Grievous Injury,Rear end,Others,12.83759,77.66126,0,2609
Electronic City,2018,Grievous Injury,Rear end,NH,12.86095,77.66041,0,2610
Electronic City,2018,Simple Injury,Rear end,Expressway,12.86237,77.64819,0,2611
Electronic City,2018,Grievous Injury,Hit pedestrian,Others,12.8394,77.67763,0,2612
Electronic City,2018,Grievous Injury,Hit pedestrian,NH,12.87269,77.65136,0,2613
Electronic City,2018,Fatal,Rear end,NH,12.84235,77.67513,1,2614
Electronic City,2018,Grievous Injury,Others,Expressway,12.85951,77.66038,0,2615
Electronic City,2018,Grievous Injury,Rear end,Expressway,12.86679,77.63133,0,2616
Electronic City,2018,Fatal,Others,NH,12.84686,77.67028,1,2617
Electronic City,2018,Fatal,Rear end,Others,12.84587,77.67285,1,2618
Electronic City,2018,Damage Only,Rear end,NH,12.83725,77.67714,0,2619
Electronic City,2018,Grievous Injury,Others,Others,12.8656,77.65667,0,2620
Electronic City,2018,Grievous Injury,Head on,City or Town Road,12.87666,77.67651,0,2621
Electronic City,2018,Fatal,Others,NH,12.94149,77.55208,1,2622
Electronic City,2018,Damage Only,Head on,NH,12.84757,77.67117,0,2623
Electronic City,2018,Grievous Injury,Others,Others,12.87741,77.65482,0,2624
Electronic City,2018,Grievous Injury,Others,Expressway,12.86682,77.63436,0,2625
Electronic City,2018,Grievous Injury,Hit pedestrian,Others,12.88055,77.64571,0,2626
Electronic City,2018,Grievous Injury,Rear end,Others,12.86188,77.64952,0,2627
Electronic City,2018,Fatal,Hit pedestrian,NH,12.8475,77.67117,1,2628
Electronic City,2018,Damage Only,Rear end,Others,12.86493,77.65733,0,2629
Electronic City,2018,Grievous Injury,Hit pedestrian,NH,12.846,77.67188,0,2630
Electronic City,2018,Simple Injury,Hit pedestrian,City or Town Road,12.8989,77.65121,0,2631
Electronic City,2018,Grievous Injury,Others,NH,12.84006,77.67713,0,2632
Electronic City,2018,Damage Only,Others,Others,12.84298,77.64422,0,2633
Electronic City,2018,Simple Injury,Rear end,NH,12.87056,77.65576,0,2634
Electronic City,2018,Damage Only,Rear end,NH,12.84015,77.67691,0,2635
Electronic City,2018,Grievous Injury,Head on,Others,12.89074,77.66822,0,2636
Electronic City,2018,Grievous Injury,Others,Others,12.85966,77.67731,0,2637
Electronic City,2018,Grievous Injury,Hit pedestrian,NH,12.85589,77.66474,0,2638
Electronic City,2018,Grievous Injury,Hit pedestrian,Others,12.84541,77.66558,0,2639
Electronic City,2018,Grievous Injury,Rear end,NH,12.85589,77.65761,0,2640
Electronic City,2018,Grievous Injury,Rear end,Others,12.87594,77.54444,0,2641
Electronic City,2018,Damage Only,Others,NH,12.84733,77.67122,0,2642
Electronic City,2018,Damage Only,Rear end,Expressway,12.85816,77.65881,0,2643
Electronic City,2018,Grievous Injury,Rear end,Expressway,12.844,77.67399,0,2644
Electronic City,2018,Fatal,Hit pedestrian,NH,12.85245,77.65713,1,2645
Electronic City,2018,Grievous Injury,Hit pedestrian,Others,12.84348,77.66034,0,2646
Electronic City,2018,Simple Injury,Others,Others,12.90237,77.63094,0,2647
Electronic City,2018,Damage Only,Rear end,NH,12.83983,77.67713,0,2648
Electronic City,2018,Grievous Injury,Hit pedestrian,NH,12.85236,77.6674,0,2649
Electronic City,2018,Grievous Injury,Hit pedestrian,Expressway,12.85836,77.65809,0,2650
Electronic City,2018,Grievous Injury,Rear end,NH,12.85571,77.66457,0,2651
Electronic City,2018,Fatal,Hit pedestrian,Others,12.86141,77.65995,1,2652
Electronic City,2018,Simple Injury,Rear end,NH,12.8696,77.65377,0,2653
Electronic City,2018,Grievous Injury,Hit pedestrian,Others,12.8549,77.66793,0,2654
Electronic City,2018,Grievous Injury,Others,Others,12.84765,77.67074,0,2655
Electronic City,2018,Simple Injury,Head on,Expressway,12.84593,77.67252,0,2656
Electronic City,2018,Simple Injury,Others,Expressway,12.86648,77.63051,0,2657
Electronic City,2018,Grievous Injury,Hit pedal cyclist,NH,12.84854,77.67052,0,2658
Electronic City,2018,Grievous Injury,Rear end,Expressway,12.85603,77.66426,0,2659
Electronic City,2018,Grievous Injury,Others,NH,12.85501,77.66577,0,2660
Electronic City,2018,Simple Injury,Rear end,NH,12.84662,77.67255,0,2661
Electronic City,2018,Grievous Injury,Rear end,NH,12.85595,77.66034,0,2662
Electronic City,2018,Grievous Injury,Hit pedestrian,NH,12.87064,77.65287,0,2663
Electronic City,2018,Fatal,Hit pedestrian,NH,12.87096,77.65272,1,2664
Electronic City,2018,Grievous Injury,Others,Others,12.85021,77.65771,0,2665
Electronic City,2018,Fatal,Head on,Expressway,12.84628653,77.67279291,1,2666
Electronic City,2018,Fatal,Rear end,Others,12.877004,77.671593,1,2667
Electronic City,2018,Grievous Injury,Others,Expressway,12.85498,77.60973,0,2668
Electronic City,2018,Grievous Injury,Hit pedestrian,Others,12.85458,77.65932,0,2669
Electronic City,2018,Damage Only,Others,Others,12.86982,77.65337,0,2670
Electronic City,2018,Grievous Injury,Others,NH,12.86746,77.65529,0,2671
Electronic City,2018,Grievous Injury,Hit parked vehicle,Expressway,12.86703,77.63389,0,2672
Electronic City,2018,Grievous Injury,Hit pedestrian,Others,12.84369,77.63652,0,2673
Electronic City,2018,Grievous Injury,Others,Others,12.84224,77.6187,0,2674
Electronic City,2018,Damage Only,Rear end,Others,12.85114,77.65764,0,2675
Electronic City,2018,Fatal,Others,Expressway,12.86568,77.62888,1,2676
Electronic City,2018,Grievous Injury,Overturning,Others,12.84234,77.61857,0,2677
Electronic City,2018,Grievous Injury,Others,Others,12.88252,77.64493,0,2678
Electronic City,2018,Damage Only,Others,Others,12.84553,77.66193,0,2679
Electronic City,2018,Damage Only,Rear end,Others,12.8894,77.64967,0,2680
Electronic City,2018,Grievous Injury,Rear end,NH,12.84049,77.6603,0,2681
Electronic City,2018,Grievous Injury,Hit pedestrian,Others,12.85583,77.66471,0,2682
Electronic City,2018,Damage Only,Rear end,NH,12.86975,77.6534,0,2683
Electronic City,2018,Grievous Injury,Others,Others,12.84404,77.68785,0,2684
Electronic City,2018,Grievous Injury,Others,Others,12.89402,77.65697,0,2685
Electronic City,2018,Grievous Injury,Others,Expressway,12.85843,77.65902,0,2686
Electronic City,2018,Damage Only,Rear end,Expressway,12.8549,77.66793,0,2687
Electronic City,2018,Fatal,Rear end,NH,12.84571,77.67302,1,2688
Electronic City,2018,Grievous Injury,Hit pedestrian,Others,12.89451,77.63761,0,2689
Electronic City,2018,Damage Only,Head on,NH,12.83987,77.67689,0,2690
Electronic City,2018,Grievous Injury,Others,Others,12.8868,77.6561,0,2691
Electronic City,2018,Grievous Injury,Others,Others,12.84969,77.65773,0,2692
Electronic City,2018,Grievous Injury,Others,Others,12.9013,77.64564,0,2693
Electronic City,2018,Grievous Injury,Rear end,NH,12.856,77.66444,0,2694
Electronic City,2018,Fatal,Head on,Expressway,12.85501,77.61004,1,2695
Electronic City,2018,Fatal,Head on,NH,12.86003,77.66104,1,2696
Electronic City,2018,Grievous Injury,Others,NH,12.86686,77.65598,0,2697
Electronic City,2018,Grievous Injury,Others,Others,12.87588,77.67193,0,2698
Electronic City,2018,Damage Only,Rear end,NH,12.86182,77.6597,0,2699
Electronic City,2018,Fatal,Hit pedestrian,NH,12.84756,77.67109,1,2700
Electronic City,2018,Simple Injury,Not Applicable,City or Town Road,12.87405,77.66733,0,2701
Electronic City,2018,Grievous Injury,Others,City or Town Road,12.88506,77.64545,0,2702
Electronic City,2018,Fatal,Rear end,Expressway,12.85719,77.66349,1,2703
Electronic City,2018,Grievous Injury,Hit pedestrian,Others,12.84868,77.67754,0,2704
Electronic City,2018,Grievous Injury,Hit pedestrian,NH,12.85948,77.66186,0,2705
Electronic City,2018,Grievous Injury,Rear end,NH,12.86128,77.65938,0,2706
Electronic City,2018,Grievous Injury,Others,NH,12.90275,77.635,0,2707
Electronic City,2018,Damage Only,Others,NH,12.85595,77.66426,0,2708
Electronic City,2018,Grievous Injury,Others,Others,12.85951,77.65406,0,2709
Electronic City,2018,Fatal,Rear end,Expressway,12.85943,77.65495,1,2710
Electronic City,2018,Damage Only,Rear end,NH,12.85332,77.66646,0,2711
Electronic City,2018,Grievous Injury,Others,Others,12.84609,77.68441,0,2712
Electronic City,2018,Grievous Injury,Hit pedestrian,NH,12.86206,77.65943,0,2713
Electronic City,2018,Grievous Injury,Rear end,Others,12.89035,77.66161,0,2714
Electronic City,2018,Grievous Injury,Hit pedestrian,NH,12.85401,77.66571,0,2715
Electronic City,2018,Damage Only,Rear end,NH,12.87063,77.65549,0,2716
Electronic City,2018,Grievous Injury,Others,Others,12.88138,77.67231,0,2717
Electronic City,2018,Grievous Injury,Rear end,Others,12.86276,77.62356,0,2718
Electronic City,2018,Grievous Injury,Rear end,NH,12.86477,77.65747,0,2719
Electronic City,2018,Grievous Injury,Hit pedestrian,Others,12.88978,77.65002,0,2720
Electronic City,2018,Simple Injury,Rear end,City or Town Road,12.83971,77.67725,0,2721
Electronic City,2018,Grievous Injury,Others,NH,12.83897,77.66198,0,2722
Electronic City,2018,Grievous Injury,Others,NH,12.86645,77.63015,0,2723
Electronic City,2019,Grievous Injury,Others,Others,12.84046,77.66339,0,2724
Electronic City,2019,Grievous Injury,Hit pedestrian,NH,12.86078,77.66215,0,2725
Electronic City,2019,Grievous Injury,Hit pedestrian,NH,12.8544,77.66576,0,2726
Electronic City,2019,Fatal,Vehicle to Vehicle,NH,12.8401,77.67695,1,2727
Electronic City,2019,Grievous Injury,Vehicle to Vehicle,Arterial,12.85113,77.65745,0,2728
Electronic City,2019,Grievous Injury,Hit pedestrian,Arterial,12.90401,77.63096,0,2729
Electronic City,2019,Grievous Injury,Hit pedestrian,NH,12.85586,77.66479,0,2730
Electronic City,2019,Damage Only,Rear end,NH,12.8549,77.66795,0,2731
Electronic City,2019,Grievous Injury,Rear end,NH,12.84318,77.67436,0,2732
Electronic City,2019,Damage Only,Rear end,NH,12.84333,77.67437,0,2733
Electronic City,2019,Fatal,Hit pedestrian,NH,12.85621,77.66444,1,2734
Electronic City,2019,Simple Injury,Vehicle to Vehicle,Expressway,12.85937,77.65523,0,2735
Electronic City,2019,Fatal,Vehicle to Vehicle,Expressway,12.86468,77.64401,1,2736
Electronic City,2019,Grievous Injury,Hit pedestrian,NH,12.85619,77.66442,0,2737
Electronic City,2019,Damage Only,Vehicle to Vehicle,NH,12.83982,77.67696,0,2738
Electronic City,2019,Grievous Injury,Hit pedestrian,Arterial,12.90534,77.63012,0,2739
Electronic City,2019,Damage Only,Vehicle to Vehicle,Arterial,12.85597,77.66418,0,2740
Electronic City,2019,Fatal,Others,NH,12.84751,77.67099,1,2741
Electronic City,2019,Grievous Injury,Others,Expressway,12.86679,77.63557,0,2742
Electronic City,2019,Grievous Injury,Others,Expressway,12.86668,77.63746,0,2743
Electronic City,2019,Simple Injury,Hit pedestrian,Service Road,12.85485,77.6655,0,2744
Electronic City,2019,Grievous Injury,Others,Others,12.84742,77.67108,0,2745
Electronic City,2019,Grievous Injury,Rear end,NH,12.87056,77.65576,0,2746
Electronic City,2019,Grievous Injury,Others,NH,12.85871,77.6624,0,2747
Electronic City,2019,Damage Only,Vehicle to Vehicle,Others,12.85624,77.66431,0,2748
Electronic City,2019,Damage Only,Vehicle to Vehicle,Expressway,12.84758,77.6712,0,2749
Electronic City,2019,Damage Only,Vehicle to Vehicle,Arterial,12.84349,77.6742,0,2750
Electronic City,2019,Grievous Injury,Vehicle to Vehicle,Others,12.87149,77.66151,0,2751
Electronic City,2019,Grievous Injury,Vehicle to Vehicle,Arterial,12.8434,77.67403,0,2752
Electronic City,2019,Grievous Injury,Vehicle to Vehicle,Arterial,12.85626,77.66428,0,2753
Electronic City,2019,Grievous Injury,Others,NH,12.85588,77.66454,0,2754
Electronic City,2019,Fatal,Hit pedestrian,Others,12.85491,77.6095,1,2755
Electronic City,2019,Damage Only,Others,Others,12.84612,77.68093,0,2756
Electronic City,2019,Grievous Injury,Others,NH,12.86921,77.65299,0,2757
Electronic City,2019,Grievous Injury,Hit pedestrian,Others,12.87167,77.66186,0,2758
Electronic City,2019,Grievous Injury,Skidding or Self accident,NH,12.84551,77.66312,0,2759
Electronic City,2019,Fatal,Hit pedestrian,Others,12.8407,77.65107,1,2760
Electronic City,2019,Damage Only,Not Applicable,Two way,12.89219,77.64456,0,2761
Electronic City,2019,Fatal,Vehicle to Vehicle,NH,12.8432,77.64301,1,2762
Electronic City,2019,Grievous Injury,Vehicle to Vehicle,Arterial,12.89438,77.63677,0,2763
Electronic City,2019,Grievous Injury,Vehicle to Vehicle,Arterial,12.84984,77.66907,0,2764
Electronic City,2019,Fatal,Rear end,Others,12.85065,77.66104,1,2765
Electronic City,2019,Grievous Injury,Hit pedestrian,NH,12.84898,77.66513,0,2766
Electronic City,2019,Damage Only,Vehicle to Vehicle,NH,12.8398,77.67699,0,2767
Electronic City,2019,Grievous Injury,Others,NH,12.86138,77.65997,0,2768
Electronic City,2019,Grievous Injury,Others,NH,12.83874,77.67811,0,2769
Electronic City,2019,Fatal,Rear end,NH,12.85582,77.66438,1,2770
Electronic City,2019,Grievous Injury,Head on,Expressway,12.95642,77.47144,0,2771
Electronic City,2019,Grievous Injury,Hit pedestrian,NH,12.8699,77.6534,0,2772
Electronic City,2019,Grievous Injury,Others,Others,12.8928,77.66383,0,2773
Electronic City,2019,Fatal,Vehicle to Vehicle,Expressway,12.85838,77.61756,1,2774
Electronic City,2019,Grievous Injury,Vehicle to Vehicle,Service Road,12.8391,77.67785,0,2775
Electronic City,2019,Grievous Injury,Vehicle to Vehicle,Arterial,12.84983,77.66916,0,2776
Electronic City,2019,Damage Only,Vehicle to Vehicle,Arterial,12.83913,77.66192,0,2777
Electronic City,2019,Fatal,Vehicle to Vehicle,Others,12.84986,77.63914,1,2778
Electronic City,2019,Grievous Injury,Vehicle to Vehicle,Feeder Road,12.85033,77.66858,0,2779
Electronic City,2019,Damage Only,Rear end,NH,12.86959,77.65346,0,2780
Electronic City,2019,Grievous Injury,Hit pedestrian,Others,12.87033,77.65817,0,2781
Electronic City,2019,Grievous Injury,Others,Others,12.85804,77.6741,0,2782
Electronic City,2019,Grievous Injury,Rear end,Expressway,12.86546,77.64222,0,2783
Electronic City,2019,Damage Only,Vehicle to Vehicle,NH,12.86987,77.65343,0,2784
Electronic City,2019,Damage Only,Vehicle to Vehicle,NH,12.85069,77.66882,0,2785
Electronic City,2019,Grievous Injury,Hit pedestrian,Others,12.87134,77.65505,0,2786
Electronic City,2019,Fatal,Vehicle to Vehicle,Others,12.89216,77.64445,1,2787
Electronic City,2019,Damage Only,Vehicle to Vehicle,Others,12.8866,77.67102,0,2788
Electronic City,2019,Grievous Injury,Vehicle to Vehicle,NH,12.83851,77.67587,0,2789
Electronic City,2019,Grievous Injury,Vehicle to Vehicle,NH,12.85871,77.66233,0,2790
Electronic City,2019,Grievous Injury,Vehicle to Vehicle,Arterial,12.87001,77.65311,0,2791
Electronic City,2019,Grievous Injury,Hit pedestrian,NH,12.84815,77.67039,0,2792
Electronic City,2019,Grievous Injury,Vehicle to Vehicle,Others,12.84242,77.61853,0,2793
Electronic City,2019,Grievous Injury,Others,Others,12.89333,77.65134,0,2794
Electronic City,2019,Fatal,Rear end,NH,12.83891,77.67767,1,2795
Electronic City,2019,Damage Only,Others,Others,12.84556,77.66758,0,2796
Electronic City,2019,Grievous Injury,Others,NH,12.87094,77.65274,0,2797
Electronic City,2019,Grievous Injury,Hit pedestrian,NH,12.85039,77.66896,0,2798
Electronic City,2019,Simple Injury,Hit pedestrian,Arterial,12.86124,77.66009,0,2799
Electronic City,2019,Grievous Injury,Hit pedestrian,Arterial,12.85796,77.6591,0,2800
Electronic City,2019,Damage Only,Vehicle to Vehicle,Expressway,12.83917,77.66169,0,2801
Electronic City,2019,Grievous Injury,Rear end,NH,12.85489,77.66534,0,2802
Electronic City,2019,Simple Injury,Others,NH,12.8396,77.67729,0,2803
Electronic City,2019,Simple Injury,Others,Others,12.89471,77.66043,0,2804
Electronic City,2019,Grievous Injury,Vehicle to Vehicle,NH,12.87041,77.65844,0,2805
Electronic City,2019,Grievous Injury,Vehicle to Vehicle,Others,12.8549,77.66543,0,2806
Electronic City,2019,Grievous Injury,Hit pedestrian,Arterial,12.85499,77.66528,0,2807
Electronic City,2019,Grievous Injury,Vehicle to Vehicle,Arterial,12.84169,77.61917,0,2808
Electronic City,2019,Fatal,Vehicle to Vehicle,NH,12.84032,77.67675,1,2809
Electronic City,2019,Grievous Injury,Vehicle to Vehicle,Arterial,12.8917,77.66716,0,2810
Electronic City,2019,Damage Only,Head on,NH,12.8411,77.67628,0,2811
Electronic City,2019,Grievous Injury,Others,City or Town Road,12.87236,77.65401,0,2812
Electronic City,2019,Grievous Injury,Rear end,NH,12.85589,77.66467,0,2813
Electronic City,2019,Fatal,Rear end,NH,12.83985,77.67706,1,2814
Electronic City,2019,Grievous Injury,Hit pedestrian,NH,12.8549,77.66793,0,2815
Electronic City,2019,Fatal,Rear end,Expressway,12.86204,77.64919,1,2816
Electronic City,2019,Grievous Injury,Hit pedestrian,NH,12.84775,77.67104,0,2817
Electronic City,2019,Grievous Injury,Hit pedestrian,NH,12.86989,77.65342,0,2818
Electronic City,2019,Grievous Injury,Vehicle to Vehicle,NH,12.86997,77.65336,0,2819
Electronic City,2019,Grievous Injury,Vehicle to Vehicle,NH,12.84275,77.67507,0,2820
Electronic City,2019,Damage Only,Vehicle to Vehicle,Arterial,12.85652,77.66414,0,2821
Electronic City,2019,Grievous Injury,Others,Others,12.89031,77.64306,0,2822
Electronic City,2019,Grievous Injury,Rear end,NH,12.84658,77.67259,0,2823
Electronic City,2019,Grievous Injury,Others,Expressway,12.86693,77.6354,0,2824
Electronic City,2019,Grievous Injury,Rear end,Service Road,12.86248,77.65942,0,2825
Electronic City,2019,Grievous Injury,Rear end,Others,12.84015,77.67689,0,2826
Electronic City,2019,Grievous Injury,Hit and Run,City or Town Road,12.8436,77.67442,0,2827
Electronic City,2019,Damage Only,Vehicle to Vehicle,NH,12.83997,77.67706,0,2828
Electronic City,2019,Grievous Injury,Vehicle to Vehicle,One way,12.87007,77.65325,0,2829
Electronic City,2019,Grievous Injury,Hit animal,NH,12.85818,77.66249,0,2830
Electronic City,2019,Grievous Injury,Vehicle to Vehicle,Others,12.90205,77.63427,0,2831
Electronic City,2019,Damage Only,Vehicle to Vehicle,NH,12.85875,77.66229,0,2832
Electronic City,2019,Simple Injury,Vehicle to Vehicle,Arterial,12.86623,77.65648,0,2833
Electronic City,2019,Grievous Injury,Vehicle to Vehicle,NH,12.88463,77.6493,0,2834
Electronic City,2019,Grievous Injury,Hit pedestrian,Others,12.8871,77.67266,0,2835
Electronic City,2019,Fatal,Hit pedestrian,Others,12.8548,77.6647,1,2836
Electronic City,2019,Fatal,Head on,Others,12.84807,77.67047,1,2837
Electronic City,2019,Grievous Injury,Others,Others,12.84324,77.61432,0,2838
Electronic City,2019,Grievous Injury,Hit pedestrian,NH,12.87048,77.65896,0,2839
Electronic City,2019,Grievous Injury,Vehicle to Vehicle,Others,12.8567,77.66032,0,2840
Electronic City,2019,Grievous Injury,Vehicle to Vehicle,NH,12.8392,77.66232,0,2841
Electronic City,2019,Simple Injury,Vehicle to Vehicle,Arterial,12.86643,77.65606,0,2842
Electronic City,2019,Grievous Injury,Hit pedestrian,Arterial,12.87624,77.67741,0,2843
Electronic City,2019,Simple Injury,Vehicle to Vehicle,Arterial,12.83929,77.66186,0,2844
Electronic City,2019,Fatal,Others,Others,12.84187,77.66558,1,2845
Electronic City,2019,Grievous Injury,Others,NH,12.84002,77.66151,0,2846
Electronic City,2019,Grievous Injury,Rear end,Others,12.87041,77.65274,0,2847
Electronic City,2019,Grievous Injury,Rear end,NH,12.85616,77.66437,0,2848
Electronic City,2019,Simple Injury,Others,NH,12.85594,77.66428,0,2849
Electronic City,2019,Fatal,Hit pedestrian,NH,12.84136,77.67593,1,2850
Electronic City,2019,Grievous Injury,Hit pedestrian,Others,12.86984,77.65336,0,2851
Electronic City,2019,Grievous Injury,Vehicle to Vehicle,Minor District Road,12.84168,77.61922,0,2852
Electronic City,2019,Grievous Injury,Vehicle to Vehicle,Others,12.85743,77.6357,0,2853
Electronic City,2019,Damage Only,Vehicle to Vehicle,Expressway,12.84542,77.66523,0,2854
Electronic City,2019,Damage Only,Rear end,NH,12.84765,77.67117,0,2855
Electronic City,2019,Grievous Injury,Hit pedestrian,Others,12.83998,77.67702,0,2856
Electronic City,2019,Grievous Injury,Rear end,NH,12.84355,77.67445,0,2857
Electronic City,2019,Grievous Injury,Others,NH,12.86249,77.65943,0,2858
Electronic City,2019,Grievous Injury,Vehicle to Vehicle,Others,12.87031,77.65859,0,2859
Electronic City,2019,Grievous Injury,Vehicle to Vehicle,Others,12.84972,77.65777,0,2860
Electronic City,2019,Grievous Injury,Hit pedestrian,Others,12.8743,77.65003,0,2861
Electronic City,2019,Damage Only,Vehicle to Vehicle,NH,12.8399,77.67691,0,2862
Electronic City,2019,Simple Injury,Vehicle to Vehicle,Two way,12.84541,77.66556,0,2863
Electronic City,2019,Grievous Injury,Vehicle to Vehicle,Expressway,12.85947,77.65405,0,2864
Electronic City,2019,Simple Injury,Vehicle to Vehicle,Expressway,12.87071,77.65441,0,2865
Electronic City,2019,Simple Injury,Hit pedestrian,Arterial,12.86992,77.65342,0,2866
Electronic City,2019,Grievous Injury,Vehicle to Vehicle,Two way,12.86433,77.66914,0,2867
Electronic City,2019,Grievous Injury,Vehicle to Vehicle,Arterial,12.87116,77.65254,0,2868
Electronic City,2019,Simple Injury,Hit pedestrian,Others,12.84021,77.65981,0,2869
Electronic City,2019,Damage Only,Rear end,NH,12.85601,77.66442,0,2870
Electronic City,2019,Grievous Injury,Rear end,NH,12.88382,77.64431,0,2871
Electronic City,2019,Grievous Injury,Others,Others,12.89433,77.65833,0,2872
Electronic City,2019,Grievous Injury,Hit pedestrian,Others,12.85107,77.65771,0,2873
Electronic City,2019,Grievous Injury,Vehicle to Vehicle,NH,12.84312,77.67438,0,2874
Electronic City,2019,Grievous Injury,Vehicle to Vehicle,Expressway,12.84326,77.67428,0,2875
Electronic City,2019,Damage Only,Not Applicable,Arterial,12.84811,77.67041999999998,0,2876
Electronic City,2019,Damage Only,Vehicle to Vehicle,Arterial,12.8565,77.66418,0,2877
Electronic City,2019,Grievous Injury,Hit pedestrian,NH,12.83799,77.66154,0,2878
Electronic City,2019,Grievous Injury,Others,City or Town Road,12.87008,77.65364,0,2879
Electronic City,2019,Damage Only,Others,NH,12.86908,77.65386,0,2880
Electronic City,2019,Fatal,Vehicle to Vehicle,NH,12.85612,77.6644,1,2881
Electronic City,2019,Damage Only,Vehicle to Vehicle,Arterial,12.86845,77.65436,0,2882
Electronic City,2019,Simple Injury,Vehicle to Vehicle,Arterial,12.84707,77.67161,0,2883
Electronic City,2020,Fatal,Not Applicable,NH,12.85106,77.6681,1,2884
Electronic City,2020,Simple Injury,Vehicle to Vehicle,NH,12.8403,77.67678,0,2885
Electronic City,2020,Grievous Injury,Vehicle to Vehicle,NH,12.85633,77.66423,0,2886
Electronic City,2020,Grievous Injury,Hit pedestrian,NH,12.84209,77.67538,0,2887
Electronic City,2020,Simple Injury,Hit pedestrian,NH,12.85611,77.66457,0,2888
Electronic City,2020,Damage Only,Not Applicable,NH,12.85578,77.66435,0,2889
Electronic City,2020,Simple Injury,Vehicle to Vehicle,Expressway,12.86651,77.63105,0,2890
Electronic City,2020,Fatal,Vehicle to Vehicle,Expressway,12.85617,77.61352,1,2891
Electronic City,2020,Simple Injury,Vehicle to Vehicle,NH,12.8780273,77.6470178,0,2892
Electronic City,2020,Simple Injury,Vehicle to Vehicle,NH,12.90044,77.63319,0,2893
Electronic City,2020,Simple Injury,Hit pedestrian,NH,12.87447,77.64963,0,2894
Electronic City,2020,Simple Injury,Hit pedestrian,Others,12.87163,77.6553,0,2895
Electronic City,2020,Simple Injury,Hit pedestrian,Others,12.87023,77.65913,0,2896
Electronic City,2020,Grievous Injury,Vehicle to Vehicle,Others,12.84362,77.64423,0,2897
Electronic City,2020,Simple Injury,Vehicle to Vehicle,Others,12.84776,77.67548,0,2898
Electronic City,2020,Damage Only,Not Applicable,NH,12.84864,77.67002,0,2899
Electronic City,2020,Simple Injury,Vehicle to Vehicle,Others,12.84152,77.61938,0,2900
Electronic City,2020,Simple Injury,Vehicle to Vehicle,Residential Street,12.88199,77.65231,0,2901
Electronic City,2020,Simple Injury,Hit pedestrian,NH,12.86508,77.65745,0,2902
Electronic City,2020,Damage Only,Vehicle to Vehicle,NH,12.85638,77.66426,0,2903
Electronic City,2020,Grievous Injury,Vehicle to Vehicle,Others,12.84496,77.64747,0,2904
Electronic City,2020,Grievous Injury,Vehicle to Vehicle,Others,12.90539,77.6416,0,2905
Electronic City,2020,Grievous Injury,Vehicle to Vehicle,NH,12.86992,77.65329,0,2906
Electronic City,2020,Damage Only,Vehicle to Vehicle,NH,12.85859,77.66232,0,2907
Electronic City,2020,Simple Injury,Vehicle to Vehicle,NH,12.89431,77.63697,0,2908
Electronic City,2020,Damage Only,Vehicle to Vehicle,Others,12.89042,77.64543,0,2909
Electronic City,2020,Damage Only,Not Applicable,NH,12.83992,77.67707,0,2910
Electronic City,2020,Simple Injury,Hit pedestrian,NH,12.88919,77.63993,0,2911
Electronic City,2020,Fatal,Vehicle to Vehicle,NH,12.85849,77.66241,1,2912
Electronic City,2020,Fatal,Vehicle to Vehicle,NH,12.84806,77.67055,1,2913
Electronic City,2020,Grievous Injury,Vehicle to Vehicle,Others,12.83946,77.66135,0,2914
Electronic City,2020,Fatal,Vehicle to Vehicle,NH,12.86988,77.65321,1,2915
Electronic City,2020,Simple Injury,Vehicle to Vehicle,NH,12.83995,77.67683,0,2916
Electronic City,2020,Damage Only,Not Applicable,NH,12.88709,77.64138,0,2917
Electronic City,2020,Fatal,Vehicle to Vehicle,Expressway,12.86623,77.63991,1,2918
Electronic City,2020,Simple Injury,Vehicle to Vehicle,NH,12.85598,77.66426,0,2919
Electronic City,2020,Fatal,Vehicle to Vehicle,Others,12.84288,77.64224,1,2920
Electronic City,2020,Simple Injury,Vehicle to Vehicle,NH,12.86807,77.65272,0,2921
Electronic City,2020,Damage Only,Vehicle to Vehicle,NH,12.83999,77.677,0,2922
Electronic City,2020,Damage Only,Vehicle to Vehicle,NH,12.8396,77.67715,0,2923
Electronic City,2020,Grievous Injury,Vehicle to Vehicle,NH,12.85399,77.66625,0,2924
Electronic City,2020,Simple Injury,Vehicle to Vehicle,NH,12.8546,77.66563,0,2925
Electronic City,2020,Grievous Injury,Vehicle to Vehicle,NH,12.85211,77.66759,0,2926
Electronic City,2020,Grievous Injury,Vehicle to Vehicle,NH,12.85597,77.66424,0,2927
Electronic City,2020,Simple Injury,Vehicle to Vehicle,NH,12.84095,77.67633,0,2928
Electronic City,2020,Simple Injury,Vehicle to Vehicle,Others,12.84183,77.66484,0,2929
Electronic City,2020,Fatal,Vehicle to Vehicle,NH,12.84802,77.6705,1,2930
Electronic City,2020,Simple Injury,Hit pedestrian,Others,12.89023,77.64569,0,2931
Electronic City,2020,Fatal,Vehicle to Vehicle,NH,12.85417,77.6659,1,2932
Electronic City,2020,Simple Injury,Vehicle to Vehicle,Others,12.88364,77.65575,0,2933
Electronic City,2020,Simple Injury,Vehicle to Vehicle,NH,12.84003,77.67694,0,2934
Electronic City,2020,Simple Injury,Hit pedestrian,NH,12.88898,77.64024,0,2935
Electronic City,2020,Simple Injury,Vehicle to Vehicle,Others,12.86361,77.64616,0,2936
Electronic City,2020,Damage Only,Not Applicable,NH,12.89911,77.63388,0,2937
Electronic City,2020,Fatal,Hit pedestrian,NH,12.8533,77.66674,1,2938
Electronic City,2020,Fatal,Vehicle to Vehicle,Others,12.89271,77.66429,1,2939
Electronic City,2020,Fatal,Vehicle to Vehicle,Others,12.83954,77.65402,1,2940
Electronic City,2020,Fatal,Vehicle to Vehicle,NH,12.86537,77.65703,1,2941
Electronic City,2020,Grievous Injury,Hit bicyclist,NH,12.88433,77.64311,0,2942
Electronic City,2020,Simple Injury,Vehicle to Vehicle,NH,12.85597,77.66452,0,2943
Electronic City,2020,Simple Injury,Vehicle to Vehicle,NH,12.8698,77.6535,0,2944
Electronic City,2020,Simple Injury,Hit pedestrian,NH,12.86183,77.44151,0,2945
Electronic City,2020,Simple Injury,Vehicle to Vehicle,Others,12.88544,77.65097,0,2946
Electronic City,2020,Simple Injury,Vehicle to Vehicle,Others,12.89043,77.64538,0,2947
Electronic City,2020,Simple Injury,Vehicle to Vehicle,Expressway,12.88623,77.64182,0,2948
Electronic City,2020,Simple Injury,Vehicle to Vehicle,Others,12.87068,77.65503,0,2949
Electronic City,2020,Fatal,Hit pedestrian,NH,12.87407,77.65008,1,2950
Electronic City,2020,Damage Only,Vehicle to Vehicle,Expressway,12.86645,77.63906,0,2951
Electronic City,2020,Fatal,Hit pedestrian,NH,12.86328,77.65843,1,2952
Electronic City,2020,Simple Injury,Vehicle to Vehicle,NH,12.84362,77.64424,0,2953
Electronic City,2020,Fatal,Vehicle to Vehicle,NH,12.85023,77.63584,1,2954
Electronic City,2020,Damage Only,Vehicle to Vehicle,NH,12.85871,77.6624,0,2955
Electronic City,2020,Simple Injury,Vehicle to Vehicle,Others,12.85331,77.65071,0,2956
Electronic City,2020,Simple Injury,Vehicle to Vehicle,NH,12.84445,77.63503,0,2957
Electronic City,2020,Simple Injury,Vehicle to Vehicle,NH,12.86446,77.65742,0,2958
Electronic City,2020,Simple Injury,Vehicle to Vehicle,NH,12.89431,77.63673,0,2959
Electronic City,2020,Simple Injury,Not Applicable,NH,12.84787,77.67066,0,2960
Electronic City,2020,Simple Injury,Vehicle to Vehicle,Expressway,12.86264,77.64796,0,2961
Electronic City,2020,Simple Injury,Vehicle to Vehicle,Others,12.84312,77.63339,0,2962
Electronic City,2020,Simple Injury,Vehicle to Vehicle,NH,12.85921,77.66195,0,2963
Electronic City,2020,Damage Only,Vehicle to Vehicle,NH,12.84197,77.67547,0,2964
Electronic City,2020,Simple Injury,Vehicle to Vehicle,Others,12.84223,77.6187,0,2965
Electronic City,2020,Fatal,Hit pedestrian,Others,12.874,77.66725,1,2966
Electronic City,2020,Simple Injury,Vehicle to Vehicle,Expressway,12.85825,77.65792,0,2967
Electronic City,2020,Damage Only,Vehicle to Vehicle,NH,12.90232,77.63196,0,2968
Electronic City,2020,Simple Injury,Vehicle to Vehicle,Others,12.84307,77.66229,0,2969
Electronic City,2020,Simple Injury,Not Applicable,NH,12.86229,77.65917,0,2970
Electronic City,2020,Simple Injury,Vehicle to Vehicle,NH,12.83964,77.67745,0,2971
Electronic City,2020,Simple Injury,Vehicle to Vehicle,Expressway,12.86396,77.62534,0,2972
Electronic City,2020,Simple Injury,Hit pedestrian,Others,12.83852,77.6277,0,2973
Electronic City,2020,Simple Injury,Hit pedestrian,NH,12.89712,77.63514,0,2974
Electronic City,2020,Fatal,Hit pedestrian,NH,12.87868,77.64647,1,2975
Electronic City,2020,Grievous Injury,Vehicle to Vehicle,NH,12.89439,77.63688,0,2976
Electronic City,2020,Simple Injury,Vehicle to Vehicle,NH,12.82602,77.66437,0,2977
Electronic City,2020,Fatal,Vehicle to Vehicle,NH,12.83998,77.67686,1,2978
Electronic City,2020,Simple Injury,Vehicle to Vehicle,NH,12.86717,77.65527,0,2979
Electronic City,2020,Damage Only,Vehicle to Vehicle,NH,12.83991,77.67689,0,2980
Electronic City,2020,Simple Injury,Not Applicable,NH,12.85568,77.6645,0,2981
Electronic City,2020,Damage Only,Vehicle to Vehicle,NH,12.85603,77.66447,0,2982
Electronic City,2020,Simple Injury,Hit pedestrian,Others,12.88152,77.65523,0,2983
Electronic City,2020,Damage Only,Vehicle to Vehicle,NH,12.85677,77.66366,0,2984
Electronic City,2020,Simple Injury,Vehicle to Vehicle,NH,12.90054,77.63303,0,2985
Electronic City,2020,Grievous Injury,Vehicle to Vehicle,NH,12.89102,77.63895,0,2986
Electronic City,2020,Grievous Injury,Vehicle to Vehicle,NH,12.85569,77.66474,0,2987
Electronic City,2020,Damage Only,Vehicle to Vehicle,NH,12.8435,77.6744,0,2988
Electronic City,2020,Simple Injury,Vehicle to Vehicle,Others,12.88142,77.65357,0,2989
Electronic City,2020,Simple Injury,Hit pedestrian,NH,12.84759,77.67129,0,2990
Electronic City,2020,Fatal,Hit pedestrian,NH,12.86918,77.65379,1,2991
Electronic City,2020,Simple Injury,Vehicle to Vehicle,Expressway,12.85619,77.66425,0,2992
Electronic City,2020,Fatal,Vehicle to Vehicle,NH,12.84,77.677,1,2993
Electronic City,2020,Simple Injury,Not Applicable,NH,12.85676,77.66395,0,2994
Electronic City,2020,Simple Injury,Vehicle to Vehicle,NH,12.86996,77.65335,0,2995
Electronic City,2020,Fatal,Vehicle to Vehicle,NH,12.84335,77.6742,1,2996
Electronic City,2020,Damage Only,Vehicle to Vehicle,NH,12.85808,77.66257,0,2997
Electronic City,2020,Grievous Injury,Hit pedestrian,NH,12.87895,77.646444,0,2998
Electronic City,2020,Fatal,Vehicle to Vehicle,NH,12.88851,77.67293,1,2999
Electronic City,2020,Damage Only,Not Applicable,NH,12.89924,77.6339,0,3000
Electronic City,2020,Fatal,Hit pedestrian,NH,12.84167,77.67598,1,3001
Electronic City,2020,Simple Injury,Hit pedestrian,NH,12.88014,77.64566,0,3002
Electronic City,2020,Simple Injury,Not Applicable,Others,12.83627,77.62506,0,3003
Electronic City,2020,Fatal,Vehicle to Vehicle,NH,12.83997,77.67682,1,3004
Electronic City,2020,Damage Only,Vehicle to Vehicle,NH,12.83874,77.6781,0,3005
Electronic City,2020,Simple Injury,Vehicle to Vehicle,NH,12.84672,77.67137,0,3006
Electronic City,2020,Simple Injury,Vehicle to Vehicle,NH,12.875405,77.649031,0,3007
Electronic City,2020,Simple Injury,Vehicle to Vehicle,Others,12.84358,77.64426,0,3008
Electronic City,2020,Simple Injury,Vehicle to Vehicle,NH,12.85701,77.663369,0,3009
Electronic City,2020,Simple Injury,Vehicle to Vehicle,Others,12.87085,77.65269,0,3010
Electronic City,2020,Simple Injury,Hit pedestrian,NH,12.89944,77.63369,0,3011
Electronic City,2020,Fatal,Vehicle to Vehicle,NH,12.88588,77.64201,1,3012
Electronic City,2020,Simple Injury,Vehicle to Vehicle,NH,12.84031,77.67699,0,3013
Electronic City,2020,Simple Injury,Vehicle to Vehicle,NH,12.86682,77.65593,0,3014
Electronic City,2020,Simple Injury,Hit pedestrian,NH,12.89593,77.6359,0,3015
Electronic City,2020,Simple Injury,Vehicle to Vehicle,NH,12.8479,77.67074,0,3016
Electronic City,2020,Damage Only,Vehicle to Vehicle,Others,12.8985,77.64249,0,3017
Electronic City,2020,Damage Only,Vehicle to Vehicle,NH,12.84651,77.67179,0,3018
Electronic City,2020,Grievous Injury,Vehicle to Vehicle,NH,12.85613,77.66439,0,3019
Electronic City,2020,Damage Only,Vehicle to Vehicle,NH,12.83997,77.67698,0,3020
Electronic City,2020,Simple Injury,Vehicle to Vehicle,NH,12.8657,77.6534,0,3021
Electronic City,2020,Simple Injury,Hit pedestrian,NH,12.86692,77.65549,0,3022
Electronic City,2020,Simple Injury,Not Applicable,Others,12.84278,77.66978,0,3023
Electronic City,2020,Damage Only,Not Applicable,NH,12.84753,77.67071,0,3024
Electronic City,2020,Simple Injury,Vehicle to Vehicle,Others,12.84341,77.61348,0,3025
Electronic City,2020,Simple Injury,Not Applicable,Others,12.8439,77.61181,0,3026
Electronic City,2020,Fatal,Vehicle to Vehicle,Others,12.84236,77.61858,1,3027
Electronic City,2020,Simple Injury,Vehicle to Vehicle,Others,12.84211,77.6682,0,3028
Electronic City,2020,Simple Injury,Vehicle to Vehicle,Others,12.88401,77.65576,0,3029
Electronic City,2020,Simple Injury,Not Applicable,Others,12.84559,77.6679,0,3030
Electronic City,2020,Fatal,Vehicle to Vehicle,Others,12.871,77.65232,1,3031
Electronic City,2020,Simple Injury,Hit pedestrian,NH,12.85812,77.66284,0,3032
Electronic City,2020,Damage Only,Hit animal,NH,12.88535,77.64224,0,3033
Electronic City,2021,Simple Injury,Vehicle to Vehicle,NH,12.85605,77.66446,0,3034
Electronic City,2021,Simple Injury,Vehicle to Vehicle,Others,12.87177,77.66216,0,3035
Electronic City,2021,Fatal,Vehicle to Vehicle,NH,12.85616,77.66422,1,3036
Electronic City,2021,Simple Injury,Vehicle to Vehicle,NH,12.85616,77.66439,0,3037
Electronic City,2021,Simple Injury,Vehicle to Vehicle,Others,12.83978,77.6212,0,3038
Electronic City,2021,Simple Injury,Vehicle to Vehicle,NH,12.87062,77.65273,0,3039
Electronic City,2021,Simple Injury,Hit pedestrian,Others,12.90666,77.6322,0,3040
Electronic City,2021,Simple Injury,Vehicle to Vehicle,NH,12.88115,77.64505,0,3041
Electronic City,2021,Simple Injury,Hit pedestrian,NH,12.8467,77.67207,0,3042
Electronic City,2021,Simple Injury,Hit pedestrian,NH,12.90079,77.63297,0,3043
Electronic City,2021,Simple Injury,Vehicle to Vehicle,Others,12.83879,77.6286,0,3044
Electronic City,2021,Simple Injury,Not Applicable,NH,12.89696,77.63521,0,3045
Electronic City,2021,Simple Injury,Hit pedestrian,Others,12.86286,77.65903,0,3046
Electronic City,2021,Simple Injury,Vehicle to Vehicle,NH,12.85623,77.66407,0,3047
Electronic City,2021,Simple Injury,Vehicle to Vehicle,NH,12.85615,77.66413,0,3048
Electronic City,2021,Fatal,Hit pedestrian,NH,12.8681,77.65485,1,3049
Electronic City,2021,Simple Injury,Not Applicable,Others,12.84188,77.66649,0,3050
Electronic City,2021,Simple Injury,Not Applicable,Expressway,12.85501,77.61014,0,3051
Electronic City,2021,Damage Only,Vehicle to Vehicle,Expressway,12.85912,77.65595,0,3052
Electronic City,2021,Simple Injury,Hit pedestrian,NH,12.84636,77.67188,0,3053
Electronic City,2021,Grievous Injury,Not Applicable,Expressway,12.85959,77.65459,0,3054
Electronic City,2021,Simple Injury,Vehicle to Vehicle,NH,12.88117,77.64503,0,3055
Electronic City,2021,Simple Injury,Vehicle to Vehicle,NH,12.85613,77.66438,0,3056
Electronic City,2021,Simple Injury,Not Applicable,Expressway,12.86244,77.6485,0,3057
Electronic City,2021,Simple Injury,Vehicle to Vehicle,NH,12.89946,77.63368,0,3058
Electronic City,2021,Simple Injury,Vehicle to Vehicle,One way,12.85364,77.66465,0,3059
Electronic City,2021,Simple Injury,Vehicle to Vehicle,Major District Road,12.83692,77.62452,0,3060
Electronic City,2021,Simple Injury,Vehicle to Vehicle,NH,12.87576,77.67261,0,3061
Electronic City,2021,Simple Injury,Vehicle to Vehicle,NH,12.90173,77.63105,0,3062
Electronic City,2021,Simple Injury,Not Applicable,Residential Street,12.90157,77.63884,0,3063
Electronic City,2021,Simple Injury,Hit pedestrian,Two way,12.87668,77.65434,0,3064
Electronic City,2021,Grievous Injury,Vehicle to Vehicle,NH,12.83998,77.67686,0,3065
Electronic City,2021,Fatal,Vehicle to Vehicle,NH,12.84019,77.67689,1,3066
Electronic City,2021,Damage Only,Vehicle to Vehicle,NH,12.856,77.66426,0,3067
Electronic City,2021,Grievous Injury,Hit bicyclist,NH,12.84005,77.67697,0,3068
Electronic City,2021,Simple Injury,Vehicle to Vehicle,NH,12.84359,77.67444,0,3069
Electronic City,2021,Simple Injury,Hit pedestrian,Others,12.8599,77.66372,0,3070
Electronic City,2021,Simple Injury,Vehicle to Vehicle,Others,12.84762,77.68238,0,3071
Electronic City,2021,Fatal,Vehicle to Vehicle,Residential Street,12.85816,77.64609,1,3072
Electronic City,2021,Simple Injury,Vehicle to Vehicle,NH,12.84342,77.67419,0,3073
Electronic City,2021,Simple Injury,Vehicle to Vehicle,NH,12.84957,77.66967,0,3074
Electronic City,2021,Simple Injury,Vehicle to Vehicle,NH,12.89299,77.65599,0,3075
Electronic City,2021,Simple Injury,Vehicle to Vehicle,NH,12.83988,77.67696,0,3076
Electronic City,2021,Fatal,Vehicle to Vehicle,Service Road,12.879012,77.646384,1,3077
Electronic City,2021,Simple Injury,Vehicle to Vehicle,NH,12.84339,77.67427,0,3078
Electronic City,2021,Simple Injury,Hit pedestrian,NH,12.84064,77.67668,0,3079
Electronic City,2021,Simple Injury,Not Applicable,NH,12.84669,77.67267,0,3080
Electronic City,2021,Fatal,Hit pedestrian,NH,12.89626,77.63564,1,3081
Electronic City,2021,Simple Injury,Hit pedestrian,NH,12.85907,77.66217,0,3082
Electronic City,2021,Fatal,Hit pedestrian,NH,12.88444,77.64294,1,3083
Electronic City,2021,Fatal,Hit pedestrian,NH,12.84046,77.67666,1,3084
Electronic City,2021,Simple Injury,Hit pedestrian,NH,12.89438,77.63668,0,3085
Electronic City,2021,Simple Injury,Hit pedestrian,NH,12.85993,77.66114,0,3086
Electronic City,2021,Simple Injury,Hit pedestrian,NH,12.84502,77.67319,0,3087
Electronic City,2021,Simple Injury,Hit pedestrian,NH,12.8828,77.64395,0,3088
Electronic City,2021,Simple Injury,Hit bicyclist,NH,12.8822,77.64979,0,3089
Electronic City,2021,Simple Injury,Vehicle to Vehicle,Others,12.88864,77.67259,0,3090
Electronic City,2021,Simple Injury,Not Applicable,NH,12.84481,77.67401,0,3091
Electronic City,2021,Simple Injury,Vehicle to Vehicle,Service Road,12.84339,77.67404,0,3092
Electronic City,2021,Simple Injury,Hit bicyclist,Others,12.84513,77.66007,0,3093
Electronic City,2021,Fatal,Vehicle to Vehicle,NH,12.869081,77.654129,1,3094
Electronic City,2021,Fatal,Vehicle to Vehicle,NH,12.855,77.66512,1,3095
Electronic City,2021,Fatal,Vehicle to Vehicle,Expressway,12.8559,77.66447,1,3096
Electronic City,2021,Simple Injury,Vehicle to Vehicle,Expressway,12.88221,77.64427,0,3097
Electronic City,2021,Simple Injury,Vehicle to Vehicle,Others,12.84753,77.67473,0,3098
Electronic City,2021,Simple Injury,Vehicle to Vehicle,Expressway,12.8568,77.66413,0,3099
Electronic City,2021,Fatal,Vehicle to Vehicle,Others,12.84398,77.61168,1,3100
Electronic City,2021,Simple Injury,Vehicle to Vehicle,Others,12.87202,77.66263,0,3101
Electronic City,2021,Fatal,Vehicle to Vehicle,NH,12.84029,77.67679,1,3102
Electronic City,2021,Simple Injury,Vehicle to Vehicle,NH,12.83991,77.67693,0,3103
Electronic City,2021,Simple Injury,Vehicle to Vehicle,NH,12.90418,77.63078,0,3104
Electronic City,2021,Simple Injury,Vehicle to Vehicle,NH,12.84796,77.67049,0,3105
Electronic City,2021,Damage Only,Vehicle to Vehicle,NH,12.86988,77.65341,0,3106
Electronic City,2021,Damage Only,Vehicle to Vehicle,Others,12.85886,77.65588,0,3107
Electronic City,2021,Simple Injury,Hit pedestrian,Others,12.84238,77.64419,0,3108
Electronic City,2021,Damage Only,Vehicle to Vehicle,NH,12.83995,77.67687,0,3109
Electronic City,2021,Simple Injury,Vehicle to Vehicle,NH,12.86985,77.65342,0,3110
Electronic City,2021,Simple Injury,Vehicle to Vehicle,One way,12.84669,77.67269,0,3111
Electronic City,2021,Fatal,Hit pedestrian,Major District Road,12.83919,77.62167,1,3112
Electronic City,2021,Simple Injury,Vehicle to Vehicle,NH,12.84502,77.6728,0,3113
Electronic City,2021,Simple Injury,Vehicle to Vehicle,Others,12.88423,77.67227,0,3114
Electronic City,2021,Simple Injury,Vehicle to Vehicle,NH,12.87288,77.65122,0,3115
Electronic City,2021,Simple Injury,Vehicle to Vehicle,NH,12.90072,77.64095,0,3116
Electronic City,2021,Simple Injury,Vehicle to Vehicle,NH,12.86993,77.65326,0,3117
Electronic City,2021,Damage Only,Not Applicable,NH,12.85845,77.65793,0,3118
Electronic City,2021,Simple Injury,Vehicle to Vehicle,NH,12.85609,77.66409,0,3119
Electronic City,2021,Damage Only,Not Applicable,NH,12.88902,77.64016,0,3120
Electronic City,2021,Fatal,Vehicle to Vehicle,Expressway,12.85493,77.61043,1,3121
Electronic City,2021,Simple Injury,Vehicle to Vehicle,NH,12.83997,77.67703,0,3122
Electronic City,2021,Simple Injury,Vehicle to Vehicle,NH,12.84391,77.6739,0,3123
Electronic City,2021,Simple Injury,Vehicle to Vehicle,NH,12.87228,77.6516,0,3124
Electronic City,2021,Simple Injury,Hit pedestrian,NH,12.86803,77.65469,0,3125
Electronic City,2021,Simple Injury,Hit pedestrian,Others,12.8623,77.6723,0,3126
Electronic City,2021,Simple Injury,Vehicle to Vehicle,Others,12.84004,77.65324,0,3127
Electronic City,2021,Fatal,Vehicle to Vehicle,NH,12.8412,77.6763,1,3128
Electronic City,2021,Simple Injury,Not Applicable,NH,12.87109,77.65226,0,3129
Electronic City,2021,Simple Injury,Vehicle to Vehicle,Others,12.84942,77.63561,0,3130
Electronic City,2021,Simple Injury,Vehicle to Vehicle,NH,12.8472,77.67084,0,3131
Electronic City,2021,Simple Injury,Vehicle to Vehicle,NH,12.8941,77.63707,0,3132
Electronic City,2021,Fatal,Vehicle to Vehicle,NH,12.88994,77.63954,1,3133
Electronic City,2021,Fatal,Vehicle to Vehicle,Others,12.84482,77.67407,1,3134
Electronic City,2021,Fatal,Hit pedestrian,Residential Street,12.8913,77.64919,1,3135
Electronic City,2021,Simple Injury,Vehicle to Vehicle,Expressway,12.86155,77.6491,0,3136
Electronic City,2021,Simple Injury,Vehicle to Vehicle,NH,12.86548,77.65695,0,3137
Electronic City,2021,Fatal,Vehicle to Vehicle,Expressway,12.86701,77.63485,1,3138
Electronic City,2021,Simple Injury,Vehicle to Vehicle,NH,12.86988,77.65322,0,3139
Electronic City,2021,Fatal,Hit bicyclist,Service Road,12.88061,77.64538,1,3140
Electronic City,2021,Simple Injury,Vehicle to Vehicle,NH,12.88422,77.64308,0,3141
Electronic City,2021,Fatal,Vehicle to Vehicle,NH,12.84097,77.67633,1,3142
Electronic City,2021,Simple Injury,Vehicle to Vehicle,NH,12.90105,77.63281,0,3143
Electronic City,2021,Simple Injury,Vehicle to Vehicle,NH,12.86985,77.65345,0,3144
Electronic City,2021,Simple Injury,Not Applicable,Residential Street,12.84892,77.6454,0,3145
Electronic City,2021,Simple Injury,Vehicle to Vehicle,NH,12.85604,77.66427,0,3146
Electronic City,2021,Simple Injury,Hit pedestrian,Others,12.89889,77.65118,0,3147
Electronic City,2021,Simple Injury,Hit pedestrian,NH,12.84661,77.672,0,3148
Electronic City,2021,Simple Injury,Not Applicable,NH,12.85993,77.66114,0,3149
Electronic City,2021,Simple Injury,Hit bicyclist,NH,12.85604,77.66437,0,3150
Electronic City,2021,Simple Injury,Vehicle to Vehicle,NH,12.84808,77.67043,0,3151
Electronic City,2021,Simple Injury,Hit pedestrian,NH,12.89582,77.63587,0,3152
Electronic City,2021,Simple Injury,Vehicle to Vehicle,Others,12.84135,77.64855,0,3153
Electronic City,2021,Simple Injury,Not Applicable,NH,12.89539,77.63626,0,3154
Electronic City,2021,Not Applicable,Vehicle to Vehicle,NH,12.83993,77.67692,0,3155
Electronic City,2021,Simple Injury,Vehicle to Vehicle,NH,12.90158,77.63234,0,3156
Electronic City,2022,Simple Injury,Vehicle to Vehicle,NH,12.90272,77.63169,0,3157
Electronic City,2022,Simple Injury,Hit pedestrian,NH,12.85807,77.66287,0,3158
Electronic City,2022,Fatal,Not Applicable,NH,12.83999,77.67685,1,3159
Electronic City,2022,Grievous Injury,Vehicle to Vehicle,Expressway,12.86142,77.65067,0,3160
Electronic City,2022,Grievous Injury,Vehicle to Vehicle,Others,12.84344,77.63781,0,3161
Electronic City,2022,Simple Injury,Vehicle to Vehicle,Others,12.83625,77.62504,0,3162
Electronic City,2022,Grievous Injury,Vehicle to Vehicle,NH,12.8945,77.63659,0,3163
Electronic City,2022,Simple Injury,Hit pedestrian,Others,12.86821,77.66175,0,3164
Electronic City,2022,Simple Injury,Hit pedestrian,Others,12.87612,77.6749,0,3165
Electronic City,2022,Simple Injury,Hit pedestrian,NH,12.8965,77.63551,0,3166
Electronic City,2022,Simple Injury,Hit pedestrian,Service Road,12.87209,77.65132,0,3167
Electronic City,2022,Simple Injury,Vehicle to Vehicle,One way,12.8718,77.66226,0,3168
Electronic City,2022,Simple Injury,Vehicle to Vehicle,NH,12.89237,77.63805,0,3169
Electronic City,2022,Not Applicable,Hit animal,Others,12.87078,77.6595,0,3170
Electronic City,2022,Simple Injury,Vehicle to Vehicle,Service Road,12.90943,77.63041,0,3171
Electronic City,2022,Fatal,Vehicle to Vehicle,NH,12.89439,77.63689,1,3172
Electronic City,2022,Simple Injury,Vehicle to Vehicle,NH,12.9022,77.63201,0,3173
Electronic City,2022,Damage Only,Vehicle to Vehicle,NH,12.84004,77.67702,0,3174
Electronic City,2022,Fatal,Vehicle to Vehicle,NH,12.84188,77.67618,1,3175
Electronic City,2022,Fatal,Vehicle to Vehicle,Others,12.864974,77.627258,1,3176
Electronic City,2022,Grievous Injury,Vehicle to Vehicle,Expressway,12.85827,77.65794,0,3177
Electronic City,2022,Simple Injury,Hit pedestrian,Minor District Road,12.84315,77.61453,0,3178
Electronic City,2022,Simple Injury,Vehicle to Vehicle,Others,12.88875,77.67231,0,3179
Electronic City,2022,Not Applicable,Vehicle to Vehicle,Not Applicable,12.90643,77.63005,0,3180
Electronic City,2022,Grievous Injury,Vehicle to Vehicle,Others,12.83954,77.65411,0,3181
Electronic City,2022,Grievous Injury,Hit pedestrian,One way,12.83935,77.65615,0,3182
Electronic City,2022,Grievous Injury,Hit pedestrian,Residential Street,12.84432,77.63274,0,3183
Electronic City,2022,Simple Injury,Vehicle to Vehicle,Others,12.87548,77.67783,0,3184
Electronic City,2022,Grievous Injury,Vehicle to Vehicle,Others,12.89387,77.65678,0,3185
Electronic City,2022,Fatal,Vehicle to Vehicle,NH,12.897,77.63511,1,3186
Electronic City,2022,Simple Injury,Vehicle to Vehicle,NH,12.86199,77.65972,0,3187
Electronic City,2022,Simple Injury,Not Applicable,Others,12.88421,77.65584,0,3188
Electronic City,2022,Grievous Injury,Vehicle to Vehicle,NH,12.85278,77.66673,0,3189
Electronic City,2022,Simple Injury,Vehicle to Vehicle,NH,12.85614,77.66426,0,3190
Electronic City,2022,Simple Injury,Hit pedestrian,NH,12.85038,77.66895,0,3191
Electronic City,2022,Simple Injury,Vehicle to Vehicle,Expressway,12.85579,77.61284,0,3192
Electronic City,2022,Grievous Injury,Vehicle to Vehicle,NH,12.88916,77.64013,0,3193
Electronic City,2022,Fatal,Not Applicable,Others,12.84126,77.66531,1,3194
Electronic City,2022,Grievous Injury,Vehicle to Vehicle,Others,12.84838,77.65791,0,3195
Electronic City,2022,Grievous Injury,Vehicle to Vehicle,NH,12.86974,77.65332,0,3196
Electronic City,2022,Simple Injury,Not Applicable,NH,12.87278,77.65127,0,3197
Electronic City,2022,Fatal,Vehicle to Vehicle,NH,12.84247,77.6749,1,3198
Electronic City,2022,Fatal,Hit pedestrian,Others,12.898316,77.655149,1,3199
Electronic City,2022,Simple Injury,Vehicle to Vehicle,NH,12.86209,77.65959,0,3200
Electronic City,2022,Simple Injury,Hit pedestrian,Others,12.87327,77.65814,0,3201
Electronic City,2022,Simple Injury,Vehicle to Vehicle,NH,12.85201,77.66764,0,3202
Electronic City,2022,Simple Injury,Vehicle to Vehicle,NH,12.85256,77.66716,0,3203
Electronic City,2022,Simple Injury,Vehicle to Vehicle,NH,12.84309,77.66202,0,3204
Electronic City,2022,Fatal,Not Applicable,NH,12.85614,77.66439,1,3205
Electronic City,2022,Simple Injury,Not Applicable,Expressway,12.85786,77.61649,0,3206
Electronic City,2022,Grievous Injury,Hit pedestrian,Others,12.84306,77.64279,0,3207
Electronic City,2022,Fatal,Vehicle to Vehicle,NH,12.88891,77.64031,1,3208
Electronic City,2022,Grievous Injury,Vehicle to Vehicle,Sub Arterial,12.8703,77.62402,0,3209
Electronic City,2022,Grievous Injury,Hit pedestrian,NH,12.85572,77.66472,0,3210
Electronic City,2022,Simple Injury,Vehicle to Vehicle,Others,12.86414,77.6705,0,3211
Electronic City,2022,Simple Injury,Not Applicable,NH,12.85883,77.66225,0,3212
Electronic City,2022,Fatal,Hit pedestrian,Service Road,12.885158,77.642563,1,3213
Electronic City,2022,Simple Injury,Hit pedestrian,NH,12.88997,77.63958,0,3214
Electronic City,2022,Simple Injury,Hit pedestrian,NH,12.86342,77.6582,0,3215
Electronic City,2022,Fatal,Not Applicable,Expressway,12.86228,77.62274,1,3216
Electronic City,2022,Simple Injury,Vehicle to Vehicle,NH,12.852059,77.667612,0,3217
Electronic City,2022,Simple Injury,Hit pedestrian,NH,12.86008,77.66119,0,3218
Electronic City,2022,Simple Injury,Vehicle to Vehicle,Others,12.8794,77.67208,0,3219
Electronic City,2022,Simple Injury,Hit pedestrian,Others,12.85004,77.64567,0,3220
Electronic City,2022,Simple Injury,Vehicle to Vehicle,Others,12.868,77.66216,0,3221
Electronic City,2022,Grievous Injury,Vehicle to Vehicle,NH,12.84773,77.67553,0,3222
Electronic City,2022,Simple Injury,Vehicle to Vehicle,Expressway,12.86651,77.63868,0,3223
Electronic City,2022,Grievous Injury,Hit pedestrian,Others,12.83911,77.65579,0,3224
Electronic City,2022,Simple Injury,Vehicle to Vehicle,NH,12.84795,77.67064,0,3225
Electronic City,2022,Grievous Injury,Vehicle to Vehicle,NH,12.84811,77.67043,0,3226
Electronic City,2022,Simple Injury,Vehicle to Vehicle,NH,12.85611,77.66436,0,3227
Electronic City,2022,Simple Injury,Hit pedestrian,NH,12.84692,77.67338,0,3228
Electronic City,2022,Simple Injury,Vehicle to Vehicle,NH,12.86987,77.65341,0,3229
Electronic City,2022,Fatal,Hit pedestrian,NH,12.88594,77.64198,1,3230
Electronic City,2022,Fatal,Not Applicable,NH,12.86558,77.65687,1,3231
Electronic City,2023,Grievous Injury,Vehicle to Vehicle,Others,12.839288,77.62274,0,3232
Electronic City,2023,Grievous Injury,Not Applicable,NH,12.83625,77.61043,0,3233
Electronic City,2023,Simple Injury,Vehicle to Vehicle,Others,12.83876,77.62504,0,3234
Electronic City,2023,Grievous Injury,Not Applicable,Not Applicable,12.83625,77.62504,0,3235
Electronic City,2023,Simple Injury,Vehicle to Vehicle,Service Road,12.83625,77.47144,0,3236
Electronic City,2023,Simple Injury,Vehicle to Vehicle,NH,12.83978,77.61453,0,3237
Electronic City,2023,Grievous Injury,Not Applicable,NH,12.83852,77.61014,0,3238
Electronic City,2023,Grievous Injury,Hit pedestrian,NH,12.83876,77.62504,0,3239
Electronic City,2023,Grievous Injury,Vehicle to Vehicle,Expressway,12.856194,77.613826,0,3240
Electronic City,2023,Grievous Injury,Vehicle to Vehicle,Others,12.83876,77.61453,0,3241
Electronic City,2023,Grievous Injury,Not Applicable,NH,12.752783,77.61453,0,3242
Electronic City,2023,Fatal,Vehicle to Vehicle,NH,12.867301,77.655454,1,3243
Electronic City,2023,Simple Injury,Vehicle to Vehicle,NH,12.83993,77.61014,0,3244
Electronic City,2023,Grievous Injury,Vehicle to Vehicle,Service Road,12.83852,77.61453,0,3245
Electronic City,2023,Grievous Injury,Hit pedestrian,NH,12.83852,77.61043,0,3246
Electronic City,2023,Fatal,Not Applicable,NH,12.90289,77.631733,1,3247
Electronic City,2023,Grievous Injury,Vehicle to Vehicle,NH,12.83876,77.62402,0,3248
Electronic City,2023,Grievous Injury,Vehicle to Vehicle,Residential Street,12.83625,77.61043,0,3249
Electronic City,2023,Grievous Injury,Vehicle to Vehicle,Others,12.752783,77.61014,0,3250
Electronic City,2023,Grievous Injury,Vehicle to Vehicle,Others,12.856194,77.61284,0,3251
Electronic City,2023,Grievous Injury,Vehicle to Vehicle,Service Road,12.83852,77.61014,0,3252
Electronic City,2023,Grievous Injury,Vehicle to Vehicle,NH,12.83625,77.61043,0,3253
Electronic City,2023,Grievous Injury,Not Applicable,One way,12.83876,77.63041,0,3254
Electronic City,2023,Simple Injury,Vehicle to Vehicle,NH,12.83935,77.61014,0,3255
Electronic City,2023,Grievous Injury,Hit pedestrian,Others,12.83625,77.61014,0,3256
Electronic City,2023,Simple Injury,Vehicle to Vehicle,Others,12.83852,77.61043,0,3257
Electronic City,2023,Fatal,Not Applicable,Others,12.958962,77.651014,1,3258
Electronic City,2023,Grievous Injury,Not Applicable,Others,12.854976,77.659488,0,3259
U.Gate,2016,Fatal,Hit pedestrian,City or Town Road,12.964917,77.596,1,3260
U.Gate,2016,Grievous Injury,Hit pedestrian,City or Town Road,12.968348,77.58677,0,3261
U.Gate,2016,Fatal,Hit pedestrian,City or Town Road,12.9665496,77.5868565,1,3262
U.Gate,2017,Fatal,Hit pedestrian,City or Town Road,12.97298,77.581721,1,3263
U.Gate,2017,Fatal,Hit pedestrian,City or Town Road,12.967984,77.591371,1,3264
U.Gate,2018,Fatal,Rear end,City or Town Road,12.964555,77.586017,1,3265
U.Gate,2018,Simple Injury,Hit and Run,City or Town Road,12.967101,77.586044,0,3266
U.Gate,2018,Grievous Injury,Others,City or Town Road,12.972751,77.581621,0,3267
U.Gate,2018,Grievous Injury,Hit and Run,City or Town Road,12.975712,77.586992,0,3268
U.Gate,2018,Damage Only,Rear end,City or Town Road,12.972808,77.58157,0,3269
U.Gate,2019,Grievous Injury,Vehicle to Vehicle,Others,12.970119,77.587058,0,3270
U.Gate,2019,Grievous Injury,Vehicle to Vehicle,Others,12.974376,77.586597,0,3271
U.Gate,2019,Grievous Injury,Vehicle to Vehicle,Others,12.965552,77.586681,0,3272
U.Gate,2019,Grievous Injury,Hit pedestrian,Others,12.969758,77.585171,0,3273
U.Gate,2019,Simple Injury,Hit pedestrian,Others,12.970877,77.583802,0,3274
U.Gate,2019,Grievous Injury,Vehicle to Vehicle,Others,12.963631,77.584354,0,3275
U.Gate,2019,Grievous Injury,Vehicle to Vehicle,Others,12.970553,77.584253,0,3276
U.Gate,2019,Grievous Injury,Vehicle to Vehicle,Others,12.972539,77.586797,0,3277
U.Gate,2019,Grievous Injury,Vehicle to Vehicle,Others,12.963897,77.585347,0,3278
U.Gate,2019,Grievous Injury,Vehicle to Vehicle,Others,12.96708,77.587464,0,3279
U.Gate,2019,Grievous Injury,Hit pedestrian,Others,12.970133,77.587074,0,3280
U.Gate,2019,Simple Injury,Vehicle to Vehicle,Others,12.965549,77.586701,0,3281
U.Gate,2019,Grievous Injury,Hit pedestrian,Others,12.971186,77.586939,0,3282
U.Gate,2019,Damage Only,Vehicle to Vehicle,Not Applicable,12.963804,77.585315,0,3283
U.Gate,2019,Grievous Injury,Hit pedestrian,Others,12.966709,77.587876,0,3284
U.Gate,2019,Simple Injury,Hit pedestrian,Others,12.967838,77.568608,0,3285
U.Gate,2019,Simple Injury,Vehicle to Vehicle,Others,12.961404,77.584086,0,3286
U.Gate,2019,Grievous Injury,Vehicle to Vehicle,Others,12.963646,77.585218,0,3287
U.Gate,2019,Damage Only,Vehicle to Vehicle,Others,12.968641,77.587252,0,3288
U.Gate,2020,Simple Injury,Hit pedestrian,Others,12.974327,77.566577,0,3289
U.Gate,2020,Grievous Injury,Vehicle to Vehicle,Others,12.966973,77.587417,0,3290
U.Gate,2020,Fatal,Vehicle to Vehicle,Others,12.964055,77.585356,1,3291
U.Gate,2020,Damage Only,Vehicle to Vehicle,Others,12.967454,77.588759,0,3292
U.Gate,2020,Simple Injury,Vehicle to Vehicle,Others,12.96161,77.584034,0,3293
U.Gate,2020,Grievous Injury,Hit pedestrian,Others,12.968691,77.586402,0,3294
U.Gate,2020,Grievous Injury,Hit pedestrian,Others,12.970769,77.58446,0,3295
U.Gate,2020,Damage Only,Vehicle to Vehicle,Others,12.967081,77.58747,0,3296
U.Gate,2020,Grievous Injury,Vehicle to Vehicle,Others,12.961394,77.584087,0,3297
U.Gate,2020,Grievous Injury,Vehicle to Vehicle,Others,12.976056,77.587082,0,3298
U.Gate,2020,Fatal,Vehicle to Vehicle,Others,12.970079,77.587079,1,3299
U.Gate,2020,Grievous Injury,Vehicle to Vehicle,Others,12.970745,77.584012,0,3300
U.Gate,2020,Grievous Injury,Vehicle to Vehicle,Others,12.963559,77.5853911,0,3301
U.Gate,2020,Grievous Injury,Vehicle to Vehicle,Others,12.966927,77.587458,0,3302
U.Gate,2020,Grievous Injury,Vehicle to Vehicle,Others,12.965488,77.586817,0,3303
U.Gate,2020,Simple Injury,Hit pedestrian,Others,12.970843,77.583891,0,3304
U.Gate,2020,Grievous Injury,Vehicle to Vehicle,Others,12.966935,77.587486,0,3305
U.Gate,2020,Damage Only,Vehicle to Vehicle,Others,12.964155,77.58548,0,3306
U.Gate,2020,Grievous Injury,Hit pedestrian,Others,12.96899,77.586034,0,3307
U.Gate,2020,Grievous Injury,Vehicle to Vehicle,Others,12.967805,77.587478,0,3308
U.Gate,2020,Grievous Injury,Vehicle to Vehicle,Others,12.961134,77.587575,0,3309
U.Gate,2020,Grievous Injury,Vehicle to Vehicle,Others,12.967498,77.587405,0,3310
U.Gate,2020,Grievous Injury,Hit pedestrian,Others,12.971672,77.584233,0,3311
U.Gate,2020,Grievous Injury,Vehicle to Vehicle,Others,12.971136,77.583562,0,3312
U.Gate,2020,Damage Only,Vehicle to Vehicle,Others,12.971084,77.5836,0,3313
U.Gate,2021,Simple Injury,Hit pedestrian,Others,12.965264,77.584185,0,3314
U.Gate,2021,Simple Injury,Not Applicable,Others,12.968954,77.58721,0,3315
U.Gate,2021,Fatal,Hit pedestrian,Others,12.976833,77.585972,1,3316
U.Gate,2021,Grievous Injury,Hit pedestrian,Others,12.97245,77.58206,0,3317
U.Gate,2021,Grievous Injury,Not Applicable,Others,12.968985,77.587189,0,3318
U.Gate,2021,Grievous Injury,Not Applicable,Others,12.971409,77.586913,0,3319
U.Gate,2021,Grievous Injury,Vehicle to Vehicle,Others,12.965472,77.586685,0,3320
U.Gate,2021,Damage Only,Not Applicable,Others,12.969052,77.587176,0,3321
U.Gate,2021,Damage Only,Vehicle to Vehicle,Others,12.965555,77.5867,0,3322
U.Gate,2021,Simple Injury,Vehicle to Vehicle,Others,12.977305,77.585358,0,3323
U.Gate,2021,Grievous Injury,Vehicle to Vehicle,Others,12.973953,77.583384,0,3324
U.Gate,2021,Fatal,Hit pedestrian,Others,12.966715,77.587862,1,3325
U.Gate,2021,Simple Injury,Vehicle to Vehicle,Others,12.967731,77.588174,0,3326
U.Gate,2021,Grievous Injury,Hit pedestrian,Others,12.974388,77.586698,0,3327
U.Gate,2021,Grievous Injury,Hit pedestrian,Not Applicable,12.967762,77.588029,0,3328
U.Gate,2021,Grievous Injury,Vehicle to Vehicle,Others,12.963905,77.585379,0,3329
U.Gate,2021,Damage Only,Vehicle to Vehicle,Others,12.965526,77.586737,0,3330
U.Gate,2021,Grievous Injury,Vehicle to Vehicle,Others,12.966789,77.587911,0,3331
U.Gate,2021,Grievous Injury,Vehicle to Vehicle,Others,12.963366,77.584978,0,3332
U.Gate,2021,Grievous Injury,Vehicle to Vehicle,Others,12.96525,77.586631,0,3333
U.Gate,2021,Simple Injury,Vehicle to Vehicle,Others,12.96317,77.584955,0,3334
U.Gate,2021,Grievous Injury,Vehicle to Vehicle,Others,12.966938,77.587482,0,3335
U.Gate,2021,Damage Only,Vehicle to Vehicle,Others,12.961217,77.587564,0,3336
U.Gate,2021,Grievous Injury,Hit pedestrian,Others,12.961385,77.584083,0,3337
U.Gate,2022,Grievous Injury,Not Applicable,Others,12.9643,77.579161,0,3338
U.Gate,2022,Grievous Injury,Hit pedestrian,Not Applicable,12.96546,77.586838,0,3339
U.Gate,2022,Damage Only,Vehicle to Vehicle,Others,12.967709,77.588241,0,3340
U.Gate,2022,Grievous Injury,Vehicle to Vehicle,Others,12.963572,77.58396,0,3341
U.Gate,2022,Grievous Injury,Vehicle to Vehicle,Others,12.971811,77.582829,0,3342
U.Gate,2022,Grievous Injury,Vehicle to Vehicle,Others,12.965265,77.586761,0,3343
U.Gate,2022,Damage Only,Vehicle to Vehicle,Others,12.963869,77.585155,0,3344
U.Gate,2022,Fatal,Hit pedestrian,Others,12.975875,77.5872,1,3345
U.Gate,2022,Grievous Injury,Vehicle to Vehicle,Others,12.964572,77.586017,0,3346
U.Gate,2022,Grievous Injury,Vehicle to Vehicle,Others,12.965486,77.586826,0,3347
U.Gate,2022,Damage Only,Vehicle to Vehicle,Others,12.967709,77.588241,0,3348
U.Gate,2022,Grievous Injury,Vehicle to Vehicle,Others,12.966915,77.587474,0,3349
U.Gate,2022,Grievous Injury,Vehicle to Vehicle,Others,12.967354,77.588396,0,3350
U.Gate,2022,Grievous Injury,Vehicle to Vehicle,Others,12.967758,77.588155,0,3351
U.Gate,2022,Grievous Injury,Vehicle to Vehicle,Others,12.965487,77.586812,0,3352
U.Gate,2022,Fatal,Vehicle to Vehicle,Others,12.972248,77.582305,1,3353
U.Gate,2022,Simple Injury,Vehicle to Vehicle,Others,12.966872,77.587497,0,3354
U.Gate,2022,Grievous Injury,Hit pedestrian,Others,12.9712,77.583568,0,3355
U.Gate,2022,Grievous Injury,Hit pedestrian,Others,12.963366,77.582254,0,3356
U.Gate,2022,Grievous Injury,Hit pedestrian,Others,12.972369,77.58351,0,3357
U.Gate,2022,Grievous Injury,Hit pedestrian,Arterial,12.973346,77.586645,0,3358
U.Gate,2022,Grievous Injury,Vehicle to Vehicle,Others,12.963865,77.584025,0,3359
U.Gate,2022,Damage Only,Vehicle to Vehicle,Not Applicable,12.970752,77.586967,0,3360
U.Gate,2022,Fatal,Hit pedestrian,Others,12.963391,77.582114,1,3361
U.Gate,2022,Grievous Injury,Vehicle to Vehicle,Others,12.963704,77.584719,0,3362
U.Gate,2022,Grievous Injury,Hit pedestrian,Others,12.972807,77.581597,0,3363
U.Gate,2022,Grievous Injury,Vehicle to Vehicle,Others,12.9653,77.586667,0,3364
U.Gate,2022,Grievous Injury,Vehicle to Vehicle,Others,12.967516,77.5887564,0,3365
U.Gate,2022,Grievous Injury,Vehicle to Vehicle,Others,12.961492,77.584251,0,3366
U.Gate,2022,Grievous Injury,Vehicle to Vehicle,Others,12.975862,77.587075,0,3367
U.Gate,2023,Grievous Injury,Vehicle to Vehicle,Sub Arterial,12.975753,77.587219,0,3368
U.Gate,2023,Grievous Injury,Vehicle to Vehicle,Others,12.972718,77.58169,0,3369
U.Gate,2023,Grievous Injury,Hit pedestrian,One way,12.972751,77.581612,0,3370
U.Gate,2023,Fatal,Hit pedestrian,One way,12.971797,77.586862,1,3371
U.Gate,2023,Grievous Injury,Vehicle to Vehicle,One way,12.966781,77.587592,0,3372
U.Gate,2023,Simple Injury,Vehicle to Vehicle,One way,12.968366,77.59476,0,3373
U.Gate,2023,Fatal,Hit pedestrian,One way,12.962578,77.589585,1,3374
U.Gate,2023,Damage Only,Vehicle to Vehicle,Others,12.975814,77.587295,0,3375
U.Gate,2023,Fatal,Hit pedestrian,Others,12.967975,77.587426,1,3376
U.Gate,2023,Grievous Injury,Vehicle to Vehicle,Others,12.962321,77.594631,0,3377
U.Gate,2023,Not Applicable,Vehicle to Vehicle,One way,12.970939,77.586999,0,3378
U.Gate,2023,Simple Injury,Vehicle to Vehicle,Others,12.963379,77.582685,0,3379
U.Gate,2023,Fatal,Hit pedestrian,Others,12.965726,77.585953,1,3380
U.Gate,2023,Damage Only,Not Applicable,Others,12.966484,77.587214,0,3381
U.Gate,2023,Grievous Injury,Vehicle to Vehicle,One way,12.962773,77.584822,0,3382
U.Gate,2023,Simple Injury,Vehicle to Vehicle,One way,12.973726,77.586625,0,3383
U.Gate,2023,Damage Only,Vehicle to Vehicle,Others,12.967531,77.588397,0,3384
U.Gate,2023,Fatal,Not Applicable,Others,12.961345,77.584744,1,3385
U.Gate,2023,Damage Only,Vehicle to Vehicle,Others,12.962678,77.584783,0,3386
U.Gate,2023,Grievous Injury,Vehicle to Vehicle,Others,12.965366,77.58445,0,3387
U.Gate,2023,Grievous Injury,Vehicle to Vehicle,Two way,12.961007,77.588258,0,3388
U.Gate,2023,Fatal,Vehicle to Vehicle,Others,12.968624,77.587318,1,3389
U.Gate,2023,Grievous Injury,Vehicle to Vehicle,Others,12.967898,77.591431,0,3390
U.Gate,2023,Grievous Injury,Vehicle to Vehicle,Others,12.963819,77.585212,0,3391
U.Gate,2023,Grievous Injury,Vehicle to Vehicle,Others,12.962896,77.594126,0,3392
U.Gate,2023,Grievous Injury,Vehicle to Vehicle,Others,12.966769,77.587598,0,3393
U.Gate,2023,Damage Only,Vehicle to Vehicle,Others,12.966393,77.595151,0,3394
U.Gate,2023,Grievous Injury,Not Applicable,Sub Arterial,12.967017,77.594655,0,3395
U.Gate,2023,Grievous Injury,Vehicle to Vehicle,One way,12.962035,77.589356,0,3396
U.Gate,2023,Grievous Injury,Vehicle to Vehicle,Others,12.970845,77.583469,0,3397
U.Gate,2023,Damage Only,Not Applicable,Others,12.97288,77.581532,0,3398
U.Gate,2023,Simple Injury,Hit pedestrian,One way,12.963842,77.585288,0,3399
U.Gate,2023,Grievous Injury,Hit pedestrian,One way,12.969108,77.587222,0,3400
U.Gate,2023,Grievous Injury,Not Applicable,Others,12.966252,77.587498,0,3401
U.Gate,2023,Grievous Injury,Vehicle to Vehicle,Others,12.971118,77.583604,0,3402
U.Gate,2023,Grievous Injury,Vehicle to Vehicle,Others,12.968051,77.58705,0,3403
U.Gate,2023,Damage Only,Vehicle to Vehicle,Others,12.96139,77.584101,0,3404
U.Gate,2023,Grievous Injury,Not Applicable,Others,12.964593,77.59678,0,3405
U.Gate,2023,Grievous Injury,Vehicle to Vehicle,Others,12.968148,77.582246,0,3406
U.Gate,2023,Grievous Injury,Vehicle to Vehicle,One way,12.966701,77.587851,0,3407
U.Gate,2023,Grievous Injury,Hit pedestrian,One way,12.968343,77.586789,0,3408
U.Gate,2023,Grievous Injury,Not Applicable,Others,12.975669,77.587163,0,3409
U.Gate,2023,Simple Injury,Vehicle to Vehicle,One way,12.967634,77.58731,0,3410
U.Gate,2023,Grievous Injury,Vehicle to Vehicle,One way,12.967465,77.594201,0,3411
U.Gate,2023,Grievous Injury,Hit pedestrian,One way,12.968091,77.587002,0,3412
U.Gate,2023,Fatal,Vehicle to Vehicle,Others,12.975956,77.587464,1,3413
U.Gate,2023,Damage Only,Vehicle to Vehicle,One way,12.966759,77.587388,0,3414
U.Gate,2023,Grievous Injury,Vehicle to Vehicle,Others,12.964369,77.584022,0,3415
U.Gate,2023,Damage Only,Vehicle to Vehicle,Others,12.964995,77.596335,0,3416
U.Gate,2023,Grievous Injury,Hit pedestrian,Others,12.966916,77.588039,0,3417
U.Gate,2023,Damage Only,Vehicle to Vehicle,Others,12.963951,77.585465,0,3418
U.Gate,2023,Damage Only,Vehicle to Vehicle,Service Road,12.96152,77.587632,0,3419
Halasooru,2016,Grievous Injury,Hit bicyclist,Residential Street,12.9655154347185,77.62682058415619,0,3420
Halasooru,2016,Grievous Injury,Rear end,Two way,12.9776334953876,77.62767771151711,0,3421
Halasooru,2016,Damage Only,Rear end,Two way,12.9548847040426,77.6413354544365,0,3422
Halasooru,2016,Grievous Injury,Head on,City or Town Road,12.9607997548932,77.641776871903,0,3423
Halasooru,2016,Grievous Injury,Right Turn Collision,City or Town Road,12.9694993290332,77.6301267050971,0,3424
Halasooru,2016,Grievous Injury,Hit and Run,City or Town Road,12.971849225063,77.61954797098089,0,3425
Halasooru,2016,Fatal,Hit pedestrian,City or Town Road,12.9722887102622,77.6197586931537,1,3426
Halasooru,2016,Grievous Injury,Hit and Run,City or Town Road,12.9733996985742,77.61485836195311,0,3427
Halasooru,2016,Damage Only,Hit and Run,City or Town Road,12.9611339269144,77.6387561547972,0,3428
Halasooru,2016,Simple Injury,Hit and Run,Two way,12.9607997548932,77.64177687190339,0,3429
Halasooru,2016,Simple Injury,Overturning,City or Town Road,12.9828702588756,77.6252491326689,0,3430
Halasooru,2016,Grievous Injury,Hit and Run,City or Town Road,12.9783781641539,77.6290294277283,0,3431
Halasooru,2016,Grievous Injury,Hit and Run,City or Town Road,12.9582155411167,77.64141356774739,0,3432
Halasooru,2016,Simple Injury,Rear end,City or Town Road,12.9629700142222,77.6289923251223,0,3433
Halasooru,2016,Damage Only,Hit and Run,City or Town Road,12.9615099423649,77.6360023404116,0,3434
Halasooru,2016,Grievous Injury,Hit pedestrian,City or Town Road,12.9722887102622,77.6197586931537,0,3435
Halasooru,2016,Simple Injury,Hit and Run,Village Road,12.9562436165435,77.6386186726884,0,3436
Halasooru,2016,Simple Injury,Overturning,City or Town Road,12.9629700142222,77.6289923251223,0,3437
Halasooru,2016,Damage Only,Head on,City or Town Road,12.9654082364545,77.618006858143,0,3438
Halasooru,2016,Fatal,Hit and Run,City or Town Road,12.9629700142222,77.6289923251223,1,3439
Halasooru,2016,Grievous Injury,Hit bicyclist,City or Town Road,12.9611339269144,77.6387561547972,0,3440
Halasooru,2016,Grievous Injury,Hit pedestrian,Others,12.9783781641539,77.6290294277283,0,3441
Halasooru,2016,Fatal,Hit and Run,City or Town Road,12.9648228274777,77.6289923251223,1,3442
Halasooru,2016,Grievous Injury,Head on,City or Town Road,12.9629700142222,77.6289923251223,0,3443
Halasooru,2016,Grievous Injury,Head on,City or Town Road,12.9759683407009,77.6201657934,0,3444
Halasooru,2016,Grievous Injury,Rear end,City or Town Road,12.9607997548932,77.64177687190339,0,3445
Halasooru,2016,Damage Only,Hit and Run,City or Town Road,12.9806488926147,77.616832924494,0,3446
Halasooru,2016,Grievous Injury,Hit pedestrian,City or Town Road,12.9725382117654,77.6262154516229,0,3447
Halasooru,2016,Damage Only,Head on,Residential Street,12.9661634067386,77.6254082086355,0,3448
Halasooru,2016,Fatal,Hit and Run,City or Town Road,12.9684105754768,77.6300430120628,1,3449
Halasooru,2016,Fatal,Hit and Run,Others,12.9607997548932,77.641776871903,1,3450
Halasooru,2016,Grievous Injury,Others,City or Town Road,12.9648228274777,77.6259406435361,0,3451
Halasooru,2016,Grievous Injury,Hit and Run,City or Town Road,12.9734869657393,77.6227476685126,0,3452
Halasooru,2016,Grievous Injury,Hit pedestrian,Others,12.9684105754768,77.6300430120628,0,3453
Halasooru,2016,Fatal,Rear end,City or Town Road,12.9548847040426,77.6413354,1,3454
Halasooru,2016,Grievous Injury,Hit bicyclist,City or Town Road,12.9607997548932,77.64177687190339,0,3455
Halasooru,2016,Grievous Injury,Hit and Run,City or Town Road,12.9582155411167,77.64141356774739,0,3456
Halasooru,2016,Grievous Injury,Hit and Run,City or Town Road,12.9548847040426,77.6413354544365,0,3457
Halasooru,2016,Grievous Injury,Overturning,City or Town Road,12.9611339269144,77.6387561547972,0,3458
Halasooru,2016,Fatal,Rear end,City or Town Road,12.9461079741908,77.6413354544365,1,3459
Halasooru,2016,Damage Only,Rear end,City or Town Road,12.973854850649,77.6137430808423,0,3460
Halasooru,2016,Grievous Injury,Hit and Run,City or Town Road,12.9629700142222,77.6289923251223,0,3461
Halasooru,2016,Fatal,Others,City or Town Road,12.9629700142222,77.6289923251223,1,3462
Halasooru,2016,Damage Only,Hit and Run,Two way,12.9790422452262,77.621069862809,0,3463
Halasooru,2016,Grievous Injury,Hit and Run,City or Town Road,12.9722887102622,77.6197586931537,0,3464
Halasooru,2016,Damage Only,Hit parked vehicle,City or Town Road,12.9751704555914,77.6201657934367,0,3465
Halasooru,2016,Grievous Injury,Others,City or Town Road,12.9632138726523,77.62759394304129,0,3466
Halasooru,2016,Grievous Injury,Right Turn Collision,Two way,12.971849225063,77.61954797098089,0,3467
Halasooru,2016,Grievous Injury,Hit and Run,City or Town Road,12.9728621503643,77.62895057618,0,3468
Halasooru,2016,Grievous Injury,Hit and Run,City or Town Road,12.9548847040426,77.6413354544365,0,3469
Halasooru,2016,Damage Only,Rear end,City or Town Road,12.9648228274777,77.6259406435361,0,3470
Halasooru,2016,Fatal,Hit pedestrian,City or Town Road,12.9632138726523,77.62759394304129,1,3471
Halasooru,2016,Grievous Injury,Rear end,City or Town Road,12.973854850649,77.6137430808423,0,3472
Halasooru,2016,Simple Injury,Hit bicyclist,Village Road,12.9752333332964,77.6231566550016,0,3473
Halasooru,2016,Grievous Injury,Hit pedestrian,City or Town Road,12.9657504634943,77.61997921822899,0,3474
Halasooru,2016,Simple Injury,Hit parked vehicle,City or Town Road,12.9611339269144,77.6360023404116,0,3475
Halasooru,2016,Fatal,Side swipe,City or Town Road,12.981837168305,77.6314725737706,1,3476
Halasooru,2016,Grievous Injury,Rear end,Two way,12.9668713852714,77.6206932052587,0,3477
Halasooru,2017,Simple Injury,Hit and Run,Arterial,12.9629700142222,77.6289923251223,0,3478
Halasooru,2017,Grievous Injury,Overturning,City or Town Road,12.9751704555914,77.62016579343,0,3479
Halasooru,2017,Simple Injury,Head on,City or Town Road,12.962359,77.637651,0,3480
Halasooru,2017,Grievous Injury,Hit and Run,City or Town Road,12.961115,77.641783,0,3481
Halasooru,2017,Simple Injury,Side impact or Right angle,City or Town Road,12.972707,77.620095,0,3482
Halasooru,2017,Grievous Injury,Hit pedestrian,City or Town Road,12.968968,77.636052,0,3483
Halasooru,2017,Simple Injury,Side swipe,City or Town Road,12.971265,77.631409,0,3484
Halasooru,2017,Grievous Injury,Hit and Run,City or Town Road,12.965856,77.625369,0,3485
Halasooru,2017,Fatal,Skidding or Self accident,City or Town Road,12.980887,77.646181,1,3486
Halasooru,2017,Grievous Injury,Others,City or Town Road,12.98116,77.637467,0,3487
Halasooru,2017,Fatal,Hit pedestrian,City or Town Road,12.973278,77.622461,1,3488
Halasooru,2017,Grievous Injury,Head on,City or Town Road,12.987595,77.63554,0,3489
Halasooru,2017,Damage Only,Rear end,City or Town Road,12.97339310627,77.616506643182,0,3490
Halasooru,2017,Damage Only,Hit fixed object,City or Town Road,12.9780763,77.638077,0,3491
Halasooru,2017,Damage Only,Hit and Run,City or Town Road,12.9759683407009,77.6201654412651,0,3492
Halasooru,2017,Fatal,Right Turn Collision,City or Town Road,12.9611339269144,77.6387561547972,1,3493
Halasooru,2017,Grievous Injury,Others,City or Town Road,12.951658,77.640065,0,3494
Halasooru,2017,Grievous Injury,Hit and Run,City or Town Road,12.975705,77.616402,0,3495
Halasooru,2017,Simple Injury,Hit and Run,City or Town Road,12.973931,77.623566,0,3496
Halasooru,2017,Grievous Injury,Hit pedestrian,City or Town Road,12.985598,77.645147,0,3497
Halasooru,2017,Grievous Injury,Rear end,City or Town Road,12.97362,77.646874,0,3498
Halasooru,2017,Damage Only,Hit and Run,City or Town Road,12.9764139128091,77.6146593214762,0,3499
Halasooru,2017,Grievous Injury,Hit and Run,City or Town Road,12.9722887102622,77.6197586931537,0,3500
Halasooru,2017,Simple Injury,Hit and Run,City or Town Road,12.976575,77.640418,0,3501
Halasooru,2017,Grievous Injury,Others,City or Town Road,12.986373,77.63585,0,3502
Halasooru,2017,Grievous Injury,Others,Others,12.976633,77.646681,0,3503
Halasooru,2017,Simple Injury,Side swipe,City or Town Road,12.98116,77.637467,0,3504
Halasooru,2017,Grievous Injury,Side impact or Right angle,City or Town Road,12.972806,77.620058,0,3505
Halasooru,2017,Fatal,Hit pedestrian,City or Town Road,12.978392,77.6303,1,3506
Halasooru,2017,Damage Only,Hit and Run,City or Town Road,12.953765,77.639737,0,3507
Halasooru,2017,Grievous Injury,Head on,City or Town Road,12.973532,77.641388,0,3508
Halasooru,2017,Grievous Injury,Side swipe,City or Town Road,12.968348,77.640371,0,3509
Halasooru,2017,Damage Only,Hit and Run,City or Town Road,12.97336,77.635936,0,3510
Halasooru,2017,Simple Injury,Side swipe,City or Town Road,12.963617,77.638403,0,3511
Halasooru,2017,Simple Injury,Head on,City or Town Road,12.969535,77.636302,0,3512
Halasooru,2017,Grievous Injury,Hit and Run,City or Town Road,12.978538,77.646609,0,3513
Halasooru,2017,Simple Injury,Hit pedestrian,City or Town Road,12.978309,77.640653,0,3514
Halasooru,2017,Grievous Injury,Hit and Run,City or Town Road,12.9611339269144,77.6360023404116,0,3515
Halasooru,2017,Simple Injury,Right Turn Collision,City or Town Road,12.9682765245366,77.6266793818609,0,3516
Halasooru,2017,Simple Injury,Head on,City or Town Road,12.9595938824011,77.64147832797991,0,3517
Halasooru,2017,Simple Injury,Hit pedestrian,City or Town Road,12.983846,77.640797,0,3518
Halasooru,2017,Damage Only,Skidding or Self accident,City or Town Road,12.9722887102622,77.6197586931537,0,3519
Halasooru,2017,Damage Only,Others,City or Town Road,12.975956,77.646751,0,3520
Halasooru,2017,Simple Injury,Side impact or Right angle,City or Town Road,12.959115,77.64173,0,3521
Halasooru,2017,Grievous Injury,Hit and Run,City or Town Road,12.982592,77.636531,0,3522
Halasooru,2017,Simple Injury,Hit and Run,City or Town Road,12.985612,77.645033,0,3523
Halasooru,2017,Damage Only,Hit parked vehicle,City or Town Road,12.961373,77.635902,0,3524
Halasooru,2017,Fatal,Hit pedestrian,City or Town Road,12.966024,77.62512,1,3525
Halasooru,2017,Simple Injury,Hit pedestrian,City or Town Road,12.9828702588756,77.6252491326689,0,3526
Halasooru,2017,Fatal,Hit pedestrian,City or Town Road,12.9611339269144,77.6387561547972,1,3527
Halasooru,2017,Grievous Injury,Hit pedestrian,City or Town Road,12.982669,77.642082,0,3528
Halasooru,2017,Simple Injury,Hit pedestrian,City or Town Road,12.965157,77.638407,0,3529
Halasooru,2017,Simple Injury,Rear end,City or Town Road,12.978171,77.637089,0,3530
Halasooru,2017,Grievous Injury,Hit and Run,City or Town Road,12.984709,77.642802,0,3531
Halasooru,2017,Damage Only,Hit and Run,City or Town Road,12.968412,77.628987,0,3532
Halasooru,2017,Simple Injury,Rear end,City or Town Road,12.9607997548932,77.64177687190339,0,3533
Halasooru,2017,Simple Injury,Rear end,City or Town Road,12.968291,77.614943,0,3534
Halasooru,2017,Fatal,Others,City or Town Road,12.9686137897813,77.62894235372809,1,3535
Halasooru,2017,Simple Injury,Hit pedestrian,City or Town Road,12.981988,77.625941,0,3536
Halasooru,2017,Fatal,Rear end,City or Town Road,12.982727,77.637059,1,3537
Halasooru,2017,Simple Injury,Hit and Run,City or Town Road,12.970384,77.635998,0,3538
Halasooru,2017,Damage Only,Hit and Run,City or Town Road,12.965679,77.619829,0,3539
Halasooru,2018,Grievous Injury,Hit and Run,City or Town Road,12.96183,77.63733,0,3540
Halasooru,2018,Damage Only,Head on,City or Town Road,12.979076,77.618334,0,3541
Halasooru,2018,Fatal,Hit and Run,City or Town Road,12.982549,77.634792,1,3542
Halasooru,2018,Fatal,Rear end,City or Town Road,12.974688,77.620047,1,3543
Halasooru,2018,Simple Injury,Hit pedestrian,City or Town Road,12.959739,77.63616,0,3544
Halasooru,2018,Simple Injury,Hit and Run,City or Town Road,12.978444,77.644851,0,3545
Halasooru,2018,Grievous Injury,Hit and Run,City or Town Road,12.982596,77.637502,0,3546
Halasooru,2018,Damage Only,Rear end,City or Town Road,12.974987,77.625447,0,3547
Halasooru,2018,Simple Injury,Hit and Run,City or Town Road,12.961694,77.641659,0,3548
Halasooru,2018,Grievous Injury,Hit pedestrian,City or Town Road,12.975396,77.618549,0,3549
Halasooru,2018,Fatal,Hit pedestrian,City or Town Road,12.978496,77.628872,1,3550
Halasooru,2018,Simple Injury,Side impact or Right angle,City or Town Road,12.985778,77.645034,0,3551
Halasooru,2018,Grievous Injury,Rear end,City or Town Road,12.954551,77.641271,0,3552
Halasooru,2018,Simple Injury,Hit pedestrian,City or Town Road,12.977274,77.639036,0,3553
Halasooru,2018,Simple Injury,Hit and Run,City or Town Road,12.982549,77.634792,0,3554
Halasooru,2018,Damage Only,Hit and Run,City or Town Road,12.961576,77.634579,0,3555
Halasooru,2018,Simple Injury,Hit pedestrian,City or Town Road,12.976468,77.626825,0,3556
Halasooru,2018,Fatal,Hit pedestrian,City or Town Road,12.979928,77.640738,1,3557
Halasooru,2018,Grievous Injury,Others,City or Town Road,12.978314,77.62979,0,3558
Halasooru,2018,Grievous Injury,Hit pedestrian,City or Town Road,12.961554,77.635786,0,3559
Halasooru,2018,Damage Only,Hit and Run,City or Town Road,12.960647,77.641562,0,3560
Halasooru,2018,Grievous Injury,Hit and Run,City or Town Road,12.974095,77.641075,0,3561
Halasooru,2018,Grievous Injury,Hit and Run,City or Town Road,12.984692,77.62253,0,3562
Halasooru,2018,Damage Only,Rear end,City or Town Road,12.952428,77.639977,0,3563
Halasooru,2018,Damage Only,Side impact or Right angle,City or Town Road,12.975977,77.62023,0,3564
Halasooru,2018,Damage Only,Hit and Run,City or Town Road,12.975066,77.625292,0,3565
Halasooru,2018,Simple Injury,Side swipe,City or Town Road,12.981313,77.615713,0,3566
Halasooru,2018,Fatal,Skidding or Self accident,City or Town Road,12.965492,77.626281,1,3567
Halasooru,2018,Grievous Injury,Rear end,City or Town Road,12.978344,77.640903,0,3568
Halasooru,2018,Fatal,Hit and Run,City or Town Road,12.966103,77.641536,1,3569
Halasooru,2018,Fatal,Hit pedestrian,City or Town Road,12.977291,77.619376,1,3570
Halasooru,2018,Simple Injury,Hit pedestrian,City or Town Road,12.984899,77.643042,0,3571
Halasooru,2018,Simple Injury,Side impact or Right angle,City or Town Road,12.961474,77.635914,0,3572
Halasooru,2018,Damage Only,Rear end,City or Town Road,12.973053,77.616713,0,3573
Halasooru,2018,Grievous Injury,Hit and Run,City or Town Road,12.982353,77.63404,0,3574
Halasooru,2018,Grievous Injury,Hit and Run,City or Town Road,12.978363,77.64085,0,3575
Halasooru,2018,Grievous Injury,Head on,Others,12.969058,77.615511,0,3576
Halasooru,2018,Grievous Injury,Hit pedestrian,City or Town Road,12.965401,77.641571,0,3577
Halasooru,2018,Damage Only,Rear end,City or Town Road,12.965765,77.637902,0,3578
Halasooru,2018,Grievous Injury,Hit and Run,City or Town Road,12.979599,77.629507,0,3579
Halasooru,2018,Grievous Injury,Hit pedestrian,City or Town Road,12.973306,77.615168,0,3580
Halasooru,2018,Simple Injury,Hit pedestrian,City or Town Road,12.958173,77.641327,0,3581
Halasooru,2018,Simple Injury,Hit and Run,City or Town Road,12.985785,77.644982,0,3582
Halasooru,2018,Simple Injury,Hit and Run,City or Town Road,12.984793,77.642765,0,3583
Halasooru,2018,Grievous Injury,Rear end,City or Town Road,12.968197,77.619976,0,3584
Halasooru,2018,Grievous Injury,Hit pedestrian,City or Town Road,12.978279,77.635013,0,3585
Halasooru,2018,Damage Only,Side swipe,City or Town Road,12.982868,77.637278,0,3586
Halasooru,2018,Damage Only,Hit and Run,City or Town Road,12.965938,77.625346,0,3587
Halasooru,2018,Damage Only,Rear end,City or Town Road,12.977797,77.640894,0,3588
Halasooru,2018,Grievous Injury,Hit pedestrian,City or Town Road,12.961401,77.635877,0,3589
Halasooru,2018,Damage Only,Hit and Run,City or Town Road,12.984149,77.640821,0,3590
Halasooru,2018,Grievous Injury,Hit and Run,City or Town Road,12.981782,77.631738,0,3591
Halasooru,2018,Simple Injury,Side swipe,City or Town Road,12.977633,77.645322,0,3592
Halasooru,2018,Grievous Injury,Hit and Run,City or Town Road,12.975629,77.626129,0,3593
Halasooru,2018,Fatal,Hit and Run,City or Town Road,12.974474,77.625731,1,3594
Halasooru,2018,Fatal,Hit pedestrian,City or Town Road,12.951866,77.640036,1,3595
Halasooru,2018,Fatal,Side impact or Right angle,City or Town Road,12.982345,77.626682,1,3596
Halasooru,2018,Grievous Injury,Head on,City or Town Road,12.978158,77.636707,0,3597
Halasooru,2018,Grievous Injury,Head on,City or Town Road,12.981584,77.631246,0,3598
Halasooru,2018,Grievous Injury,Head on,City or Town Road,12.975296,77.640264,0,3599
Halasooru,2018,Damage Only,Rear end,City or Town Road,12.965348,77.61783,0,3600
Halasooru,2018,Grievous Injury,Hit bicyclist,City or Town Road,12.981863,77.631767,0,3601
Halasooru,2018,Grievous Injury,Hit pedestrian,City or Town Road,12.961428,77.636059,0,3602
Halasooru,2018,Grievous Injury,Rear end,City or Town Road,12.978525,77.644649,0,3603
Halasooru,2018,Simple Injury,Hit and Run,City or Town Road,12.961783,77.641745,0,3604
Halasooru,2018,Simple Injury,Hit pedestrian,Service Road,12.960936,77.636596,0,3605
Halasooru,2018,Grievous Injury,Hit pedestrian,City or Town Road,12.971584,77.6182,0,3606
Halasooru,2018,Damage Only,Others,City or Town Road,12.972947,77.635266,0,3607
Halasooru,2018,Grievous Injury,Hit pedestrian,City or Town Road,12.968821,77.636034,0,3608
Halasooru,2019,Grievous Injury,Hit pedestrian,City or Town Road,12.977742,77.627665,0,3609
Halasooru,2019,Grievous Injury,Hit and Run,City or Town Road,12.985987,77.622528,0,3610
Halasooru,2019,Fatal,Hit pedestrian,Others,12.975694,77.62029,1,3611
Halasooru,2019,Fatal,Not Applicable,Two way,12.96563,77.619689,1,3612
Halasooru,2019,Grievous Injury,Hit pedestrian,Two way,12.978391,77.638077,0,3613
Halasooru,2019,Grievous Injury,Hit pedestrian,Two way,12.95521,77.641407,0,3614
Halasooru,2019,Grievous Injury,Vehicle to Vehicle,Others,12.963319,77.641551,0,3615
Halasooru,2019,Damage Only,Vehicle to Vehicle,Major District Road,12.982786,77.637235,0,3616
Halasooru,2019,Grievous Injury,Hit pedestrian,Two way,12.965922,77.641456,0,3617
Halasooru,2019,Damage Only,Hit and Run,City or Town Road,12.984104,77.640792,0,3618
Halasooru,2019,Grievous Injury,Hit and Run,City or Town Road,12.97167,77.635972,0,3619
Halasooru,2019,Grievous Injury,Vehicle to Vehicle,Major District Road,12.961376,77.635913,0,3620
Halasooru,2019,Grievous Injury,Vehicle to Vehicle,Two way,12.964859,77.628215,0,3621
Halasooru,2019,Grievous Injury,Hit bicyclist,Two way,12.959266,77.638444,0,3622
Halasooru,2019,Grievous Injury,Vehicle to Vehicle,Two way,12.981169,77.637436,0,3623
Halasooru,2019,Grievous Injury,Vehicle to Vehicle,Two way,12.974326,77.624082,0,3624
Halasooru,2019,Damage Only,Rear end,City or Town Road,12.975962,77.620162,0,3625
Halasooru,2019,Grievous Injury,Vehicle to Vehicle,Minor District Road,12.980551,77.630232,0,3626
Halasooru,2019,Damage Only,Hit animal,Residential Street,12.96005,77.636547,0,3627
Halasooru,2019,Grievous Injury,Hit pedestrian,Others,12.975979,77.620251,0,3628
Halasooru,2019,Grievous Injury,Vehicle to Vehicle,Residential Street,12.969975,77.637618,0,3629
Halasooru,2019,Grievous Injury,Vehicle to Vehicle,Two way,12.975264,77.614327,0,3630
Halasooru,2019,Grievous Injury,Rear end,City or Town Road,12.984102,77.640646,0,3631
Halasooru,2019,Damage Only,Rear end,City or Town Road,12.977116,77.61771,0,3632
Halasooru,2019,Damage Only,Hit and Run,City or Town Road,12.985038,77.642627,0,3633
Halasooru,2019,Grievous Injury,Rear end,City or Town Road,12.96065,77.641609,0,3634
Halasooru,2019,Damage Only,Vehicle to Vehicle,Service Road,12.965984,77.625258,0,3635
Halasooru,2019,Grievous Injury,Hit pedestrian,Residential Street,12.972474,77.630676,0,3636
Halasooru,2019,Grievous Injury,Vehicle to Vehicle,Service Road,12.945991,77.640062,0,3637
Halasooru,2019,Grievous Injury,Vehicle to Vehicle,Two way,12.970956,77.64731,0,3638
Halasooru,2019,Grievous Injury,Vehicle to Vehicle,Two way,12.978573,77.646456,0,3639
Halasooru,2019,Fatal,Vehicle to Vehicle,Arterial,12.961359,77.635927,1,3640
Halasooru,2019,Grievous Injury,Vehicle to Vehicle,Others,12.970231,77.641295,0,3641
Halasooru,2019,Grievous Injury,Vehicle to Vehicle,Residential Street,12.96205,77.62749,0,3642
Halasooru,2019,Simple Injury,Vehicle to Vehicle,Two way,12.972602,77.620241,0,3643
Halasooru,2019,Damage Only,Rear end,City or Town Road,12.966049,77.625185,0,3644
Halasooru,2019,Grievous Injury,Rear end,City or Town Road,12.971279,77.619682,0,3645
Halasooru,2019,Grievous Injury,Rear end,City or Town Road,12.978057,77.640856,0,3646
Halasooru,2019,Fatal,Hit bicyclist,Service Road,12.970023,77.638772,1,3647
Halasooru,2019,Simple Injury,Vehicle to Vehicle,Two way,12.978761,77.620701,0,3648
Halasooru,2019,Grievous Injury,Vehicle to Vehicle,Others,12.98412,77.640523,0,3649
Halasooru,2019,Grievous Injury,Hit pedestrian,Two way,12.980138,77.64088,0,3650
Halasooru,2019,Grievous Injury,Vehicle to Vehicle,Others,12.985922,77.622436,0,3651
Halasooru,2019,Simple Injury,Not Applicable,Minor District Road,12.95132,77.639708,0,3652
Halasooru,2019,Fatal,Hit pedestrian,Arterial,12.961555,77.634822,1,3653
Halasooru,2019,Simple Injury,Vehicle to Vehicle,Two way,12.96601,77.625419,0,3654
Halasooru,2019,Damage Only,Vehicle to Vehicle,Residential Street,12.969974,77.638402,0,3655
Halasooru,2019,Damage Only,Right Turn Collision,Residential Street,12.97628,77.635738,0,3656
Halasooru,2019,Grievous Injury,Vehicle to Vehicle,Two way,12.965712,77.619802,0,3657
Halasooru,2019,Fatal,Vehicle to Vehicle,Two way,12.973761,77.613883,1,3658
Halasooru,2019,Fatal,Hit and Run,City or Town Road,12.98411,77.640485,1,3659
Halasooru,2019,Damage Only,Vehicle to Vehicle,Others,12.981688,77.628617,0,3660
Halasooru,2019,Fatal,Hit pedestrian,Major District Road,12.982102,77.626998,1,3661
Halasooru,2019,Simple Injury,Hit pedestrian,Two way,12.985497,77.645241,0,3662
Halasooru,2019,Grievous Injury,Hit and Run,City or Town Road,12.964749,77.625832,0,3663
Halasooru,2019,Not Applicable,Vehicle to Vehicle,Service Road,12.973844,77.641123,0,3664
Halasooru,2019,Fatal,Not Applicable,Expressway,12.985745,77.64512,1,3665
Halasooru,2019,Grievous Injury,Hit pedestrian,City or Town Road,12.962152,77.629128,0,3666
Halasooru,2019,Damage Only,Hit fixed object,City or Town Road,12.978058,77.620319,0,3667
Halasooru,2019,Grievous Injury,Right Turn Collision,City or Town Road,12.970286,77.641301,0,3668
Halasooru,2019,Fatal,Hit pedestrian,Minor District Road,12.982529,77.635737,1,3669
Halasooru,2019,Grievous Injury,Not Applicable,Others,12.96336,77.62665,0,3670
Halasooru,2019,Grievous Injury,Vehicle to Vehicle,Major District Road,12.969264,77.619621,0,3671
Halasooru,2019,Fatal,Vehicle to Vehicle,Service Road,12.977818,77.646686,1,3672
Halasooru,2019,Grievous Injury,Vehicle to Vehicle,Others,12.972087,77.6471,0,3673
Halasooru,2019,Simple Injury,Vehicle to Vehicle,Others,12.971298,77.635104,0,3674
Halasooru,2019,Damage Only,Head on,City or Town Road,12.978363,77.636671,0,3675
Halasooru,2019,Grievous Injury,Hit and Run,City or Town Road,12.958793,77.641541,0,3676
Halasooru,2019,Fatal,Side swipe,City or Town Road,12.972146,77.64129,1,3677
Halasooru,2019,Grievous Injury,Head on,City or Town Road,12.966867,77.624425,0,3678
Halasooru,2019,Damage Only,Hit and Run,City or Town Road,12.983611,77.639116,0,3679
Halasooru,2019,Grievous Injury,Vehicle to Vehicle,Residential Street,12.97412,77.646864,0,3680
Halasooru,2019,Grievous Injury,Hit pedestrian,Others,12.972631,77.620628,0,3681
Halasooru,2019,Grievous Injury,Hit bicyclist,Others,12.970733,77.641952,0,3682
Halasooru,2019,Damage Only,Vehicle to Vehicle,Others,12.965388,77.617751,0,3683
Halasooru,2019,Fatal,Hit pedestrian,Feeder Road,12.973189,77.616551,1,3684
Halasooru,2019,Grievous Injury,Vehicle to Vehicle,Arterial,12.978345,77.640789,0,3685
Halasooru,2019,Grievous Injury,Vehicle to Vehicle,Two way,12.981613,77.623067,0,3686
Halasooru,2019,Simple Injury,Vehicle to Vehicle,Two way,12.97382,77.641173,0,3687
Halasooru,2019,Grievous Injury,Vehicle to Vehicle,Two way,12.968581,77.641293,0,3688
Halasooru,2019,Damage Only,Rear end,City or Town Road,12.965985,77.625211,0,3689
Halasooru,2019,Damage Only,Rear end,City or Town Road,12.981634,77.631238,0,3690
Halasooru,2019,Damage Only,Hit and Run,City or Town Road,12.946045,77.640028,0,3691
Halasooru,2019,Fatal,Hit pedestrian,Two way,12.972816,77.617484,1,3692
Halasooru,2019,Grievous Injury,Vehicle to Vehicle,Others,12.973899,77.64354,0,3693
Halasooru,2019,Grievous Injury,Vehicle to Vehicle,Others,12.96835,77.61438,0,3694
Halasooru,2019,Grievous Injury,Hit pedestrian,Two way,12.978228,77.63484,0,3695
Halasooru,2019,Grievous Injury,Hit pedestrian,Others,12.97268,77.631821,0,3696
Halasooru,2019,Damage Only,Vehicle to Vehicle,One way,12.975886,77.614607,0,3697
Halasooru,2019,Grievous Injury,Vehicle to Vehicle,Service Road,12.978156,77.635644,0,3698
Halasooru,2020,Grievous Injury,Hit pedestrian,Two way,12.982456,77.635043,0,3699
Halasooru,2020,Simple Injury,Vehicle to Vehicle,Two way,12.966833,77.620729,0,3700
Halasooru,2020,Grievous Injury,Hit bicyclist,Feeder Road,12.951973,77.640084,0,3701
Halasooru,2020,Grievous Injury,Hit pedestrian,Sub Arterial,12.98483,77.642475,0,3702
Halasooru,2020,Grievous Injury,Hit pedestrian,Two way,12.968571,77.641243,0,3703
Halasooru,2020,Damage Only,Vehicle to Vehicle,Two way,12.965754,77.625263,0,3704
Halasooru,2020,Fatal,Not Applicable,Others,12.959548,77.3649122,1,3705
Halasooru,2020,Grievous Injury,Hit bicyclist,Two way,12.962329,77.62833,0,3706
Halasooru,2020,Fatal,Vehicle to Vehicle,Two way,12.968415,77.614369,1,3707
Halasooru,2020,Fatal,Not Applicable,Service Road,12.948841,77.639962,1,3708
Halasooru,2020,Grievous Injury,Hit pedestrian,Two way,12.98124,77.636771,0,3709
Halasooru,2020,Grievous Injury,Vehicle to Vehicle,Two way,12.98289,77.637452,0,3710
Halasooru,2020,Grievous Injury,Vehicle to Vehicle,Others,12.970319,77.643557,0,3711
Halasooru,2020,Grievous Injury,Vehicle to Vehicle,Two way,12.974982,77.6254,0,3712
Halasooru,2020,Grievous Injury,Vehicle to Vehicle,Two way,12.978399,77.640908,0,3713
Halasooru,2020,Grievous Injury,Vehicle to Vehicle,Sub Arterial,12.983194,77.638353,0,3714
Halasooru,2020,Simple Injury,Vehicle to Vehicle,Two way,12.981623,77.623031,0,3715
Halasooru,2020,Grievous Injury,Hit pedestrian,Service Road,12.981768,77.628562,0,3716
Halasooru,2020,Fatal,Not Applicable,Others,12.984265,77.641088,1,3717
Halasooru,2020,Fatal,Hit pedestrian,Two way,12.978341,77.63088,1,3718
Halasooru,2020,Grievous Injury,Vehicle to Vehicle,Two way,12.985713,77.645078,0,3719
Halasooru,2020,Fatal,Vehicle to Vehicle,Sub Arterial,12.984076,77.640728,1,3720
Halasooru,2020,Grievous Injury,Vehicle to Vehicle,Two way,12.960901,77.63869,0,3721
Halasooru,2020,Grievous Injury,Hit pedestrian,One way,12.958951,77.641507,0,3722
Halasooru,2020,Grievous Injury,Vehicle to Vehicle,Two way,12.98363,77.645539,0,3723
Halasooru,2020,Grievous Injury,Hit pedestrian,Two way,12.97362,77.641051,0,3724
Halasooru,2020,Grievous Injury,Vehicle to Vehicle,Sub Arterial,12.960901,77.63869,0,3725
Halasooru,2020,Grievous Injury,Hit pedestrian,One way,12.973469,77.620043,0,3726
Halasooru,2020,Fatal,Not Applicable,Others,12.959256,77.641236,1,3727
Halasooru,2020,Fatal,Vehicle to Vehicle,One way,12.971855,77.647121,1,3728
Halasooru,2020,Grievous Injury,Vehicle to Vehicle,Others,12.98412,77.622473,0,3729
Halasooru,2020,Fatal,Vehicle to Vehicle,Two way,12.974047,77.646859,1,3730
Halasooru,2020,Grievous Injury,Vehicle to Vehicle,Two way,12.97423,77.623871,0,3731
Halasooru,2020,Damage Only,Not Applicable,Two way,12.959548,77.649122,0,3732
Halasooru,2020,Grievous Injury,Hit pedestrian,Two way,12.976214,77.620389,0,3733
Halasooru,2020,Grievous Injury,Vehicle to Vehicle,Two way,12.974968,77.625434,0,3734
Halasooru,2020,Grievous Injury,Vehicle to Vehicle,Two way,12.960901,77.63869,0,3735
Halasooru,2020,Simple Injury,Vehicle to Vehicle,Two way,12.952942,77.64064,0,3736
Halasooru,2020,Fatal,Not Applicable,Two way,12.964061,77.626103,1,3737
Halasooru,2020,Simple Injury,Vehicle to Vehicle,Two way,12.930609,77.632945,0,3738
Halasooru,2020,Damage Only,Vehicle to Vehicle,Service Road,12.970719,77.619638,0,3739
Halasooru,2020,Grievous Injury,Hit pedestrian,Two way,12.977642,77.640927,0,3740
Halasooru,2020,Grievous Injury,Hit pedestrian,Residential Street,12.968275,77.614475,0,3741
Halasooru,2020,Damage Only,Vehicle to Vehicle,Two way,12.978134,77.637862,0,3742
Halasooru,2020,Fatal,Vehicle to Vehicle,Two way,12.982697,77.636873,1,3743
Halasooru,2020,Simple Injury,Not Applicable,Two way,12.975065,77.614404,0,3744
Halasooru,2021,Fatal,Hit pedestrian,Two way,12.982493,77.640737,1,3745
Halasooru,2021,Simple Injury,Vehicle to Vehicle,Two way,12.971839,77.635977,0,3746
Halasooru,2021,Grievous Injury,Vehicle to Vehicle,Two way,12.973803,77.613844,0,3747
Halasooru,2021,Fatal,Vehicle to Vehicle,Arterial,12.979949,77.64071,1,3748
Halasooru,2021,Fatal,Hit pedestrian,Two way,12.975746,77.626172,1,3749
Halasooru,2021,Fatal,Not Applicable,Two way,12.961462,77.635528,1,3750
Halasooru,2021,Fatal,Not Applicable,Others,12.97854,77.629865,1,3751
Halasooru,2021,Grievous Injury,Hit bicyclist,Arterial,12.973697,77.614419,0,3752
Halasooru,2021,Grievous Injury,Vehicle to Vehicle,Arterial,12.975013,77.625255,0,3753
Halasooru,2021,Fatal,Not Applicable,Others,12.976492,77.62669,1,3754
Halasooru,2021,Grievous Injury,Not Applicable,Mixed,12.947724,77.640842,0,3755
Halasooru,2021,Fatal,Not Applicable,Not Applicable,12.961327,77.631682,1,3756
Halasooru,2021,Grievous Injury,Vehicle to Vehicle,Two way,12.982906,77.63743,0,3757
Halasooru,2021,Simple Injury,Vehicle to Vehicle,One way,12.959221,77.641436,0,3758
Halasooru,2021,Grievous Injury,Vehicle to Vehicle,Two way,12.973818,77.613955,0,3759
Halasooru,2021,Fatal,Vehicle to Vehicle,One way,12.975095,77.646849,1,3760
Halasooru,2021,Grievous Injury,Vehicle to Vehicle,Others,12.972153,77.631721,0,3761
Halasooru,2021,Simple Injury,Vehicle to Vehicle,Two way,12.97164,77.635883,0,3762
Halasooru,2021,Fatal,Not Applicable,Others,12.961685,77.634646,1,3763
Halasooru,2021,Damage Only,Vehicle to Vehicle,Others,12.982991,77.64564,0,3764
Halasooru,2021,Grievous Injury,Hit pedestrian,Others,12.978635,77.640676,0,3765
Halasooru,2021,Grievous Injury,Hit pedestrian,Two way,12.958277,77.640064,0,3766
Halasooru,2021,Grievous Injury,Hit pedestrian,Two way,12.977303,77.627282,0,3767
Halasooru,2021,Fatal,Not Applicable,Two way,12.961355,77.632808,1,3768
Halasooru,2021,Fatal,Hit bicyclist,One way,12.973729,77.613882,1,3769
Halasooru,2021,Fatal,Not Applicable,Two way,12.944088,77.640276,1,3770
Halasooru,2021,Grievous Injury,Vehicle to Vehicle,Arterial,12.965964,77.625109,0,3771
Halasooru,2022,Fatal,Hit pedestrian,Others,12.954474,77.641324,1,3772
Halasooru,2022,Damage Only,Vehicle to Vehicle,Others,12.970151,77.631724,0,3773
Halasooru,2022,Grievous Injury,Hit pedestrian,Not Applicable,12.974924,77.625492,0,3774
Halasooru,2022,Grievous Injury,Vehicle to Vehicle,Two way,12.977455,77.627407,0,3775
Halasooru,2022,Damage Only,Vehicle to Vehicle,Others,12.981577,77.63136,0,3776
Halasooru,2022,Fatal,Hit pedestrian,Not Applicable,12.978138,77.626431,1,3777
Halasooru,2022,Fatal,Hit pedestrian,One way,12.975296,77.622164,1,3778
Halasooru,2022,Simple Injury,Vehicle to Vehicle,One way,12.965374,77.617533,0,3779
Halasooru,2022,Fatal,Vehicle to Vehicle,Two way,12.97286,77.644919,1,3780
Halasooru,2022,Grievous Injury,Vehicle to Vehicle,Not Applicable,12.978928,77.629169,0,3781
Halasooru,2022,Grievous Injury,Hit pedestrian,Two way,12.9636911,77.6383276,0,3782
Halasooru,2023,Damage Only,Vehicle to Vehicle,Not Applicable,12.982898,77.637532,0,3783
Halasooru,2023,Grievous Injury,Vehicle to Vehicle,Others,12.96099,77.638689,0,3784
Halasooru,2023,Grievous Injury,Not Applicable,One way,12.967373,77.620197,0,3785
Halasooru,2023,Fatal,Hit pedestrian,Others,12.9582401,77.6413434,1,3786
Halasooru,2023,Simple Injury,Vehicle to Vehicle,Two way,12.981663,77.631297,0,3787
Halasooru,2023,Grievous Injury,Not Applicable,Two way,12.956875,77.641292,0,3788
Halasooru,2023,Fatal,Not Applicable,Two way,12.963547,77.626316,1,3789
Halasooru,2023,Grievous Injury,Vehicle to Vehicle,One way,12.975423,77.61744,0,3790
Halasooru,2023,Fatal,Not Applicable,Two way,12.963547,77.626316,1,3791
Halasooru,2023,Grievous Injury,Not Applicable,Two way,12.967093,77.621518,0,3792
Halasooru,2023,Grievous Injury,Hit pedestrian,One way,12.970819,77.619539,0,3793
Halasooru,2023,Fatal,Not Applicable,One way,12.963633,77.926371,1,3794
Halasooru,2023,Grievous Injury,Vehicle to Vehicle,One way,12.969882,77.616547,0,3795
Halasooru,2023,Grievous Injury,Hit pedestrian,Two way,12.976261,77.627507,0,3796
Halasooru,2023,Fatal,Not Applicable,One way,12.974126,77.682612,1,3797
Halasooru,2023,Simple Injury,Not Applicable,One way,12.936408,77.61491,0,3798
Halasooru,2023,Grievous Injury,Not Applicable,Two way,12.963027,77.627223,0,3799
Halasooru,2023,Grievous Injury,Vehicle to Vehicle,Two way,12.972537,77.619526,0,3800
Halasooru,2023,Fatal,Not Applicable,One way,12.954524,77.641296,1,3801
Halasooru,2023,Fatal,Not Applicable,Two way,12.982031,77.624856,1,3802
Halasooru,2023,Grievous Injury,Vehicle to Vehicle,Two way,12.960974,77.641761,0,3803
Halasooru,2023,Grievous Injury,Hit pedestrian,Two way,12.952336,77.640287,0,3804
Halasooru,2023,Grievous Injury,Not Applicable,One way,12.96723,77.621719,0,3805
Halasooru,2023,Grievous Injury,Hit pedestrian,Two way,12.978599,77.618666,0,3806
Hebbala,2021,Fatal,Vehicle to Vehicle,NH,13.058988,77.593304,1,3807
Hebbala,2022,Fatal,Hit pedestrian,Others,13.071054,77.611108,1,3808
Hebbala,2022,Simple Injury,Hit pedestrian,Others,13.042556,77.613988,0,3809
Hebbala,2022,Simple Injury,Hit pedestrian,Others,13.067191,77.601125,0,3810
Hebbala,2022,Simple Injury,Vehicle to Vehicle,NH,13.067249,77.593161,0,3811
Hebbala,2022,Damage Only,Vehicle to Vehicle,NH,13.067421,77.592877,0,3812
Hebbala,2022,Fatal,Vehicle to Vehicle,Two way,13.059112,77.580017,1,3813
Hebbala,2022,Fatal,Vehicle to Vehicle,NH,13.067183,77.593172,1,3814
Hebbala,2022,Fatal,Hit pedestrian,NH,13.070629,77.593542,1,3815
Hebbala,2022,Simple Injury,Vehicle to Vehicle,NH,13.0455,77.591809,0,3816
Hebbala,2022,Fatal,Hit pedestrian,Others,13.047512,77.579097,1,3817
Hebbala,2022,Fatal,Vehicle to Vehicle,Others,13.047189,77.569989,1,3818
Hebbala,2022,Grievous Injury,Hit pedestrian,Others,13.057889,77.587968,0,3819
Hebbala,2022,Fatal,Vehicle to Vehicle,Others,13.046902,77.567951,1,3820
Hebbala,2022,Fatal,Not Applicable,Others,13.059187,77.590427,1,3821
Hebbala,2022,Simple Injury,Vehicle to Vehicle,NH,13.057346,77.593482,0,3822
Hebbala,2022,Simple Injury,Vehicle to Vehicle,Others,13.072745,77.589031,0,3823
Hebbala,2022,Grievous Injury,Vehicle to Vehicle,NH,13.047273,77.591323,0,3824
Hebbala,2022,Simple Injury,Not Applicable,Others,13.058855,77.581162,0,3825
Hebbala,2022,Fatal,Vehicle to Vehicle,Two way,13.04672,77.572111,1,3826
Hebbala,2022,Fatal,Vehicle to Vehicle,NH,13.067144,77.593083,1,3827
Hebbala,2022,Simple Injury,Vehicle to Vehicle,Others,13.058394,77.5849429,0,3828
Hebbala,2022,Simple Injury,Vehicle to Vehicle,Others,13.069853,77.581085,0,3829
Hebbala,2022,Simple Injury,Vehicle to Vehicle,NH,13.063194,77.593249,0,3830
Hebbala,2022,Fatal,Not Applicable,NH,13.061164,77.593279,1,3831
Hebbala,2022,Grievous Injury,Hit pedestrian,Others,13.042162,77.594502,0,3832
Hebbala,2022,Simple Injury,Not Applicable,NH,13.061672,77.593454,0,3833
Hebbala,2022,Simple Injury,Vehicle to Vehicle,NH,13.046798,77.591651,0,3834
Hebbala,2022,Fatal,Vehicle to Vehicle,Others,13.047683,77.577698,1,3835
Hebbala,2022,Simple Injury,Vehicle to Vehicle,Residential Street,13.055498,77.598358,0,3836
Hebbala,2022,Fatal,Vehicle to Vehicle,NH,13.05736,77.593201,1,3837
Hebbala,2022,Grievous Injury,Vehicle to Vehicle,Two way,13.072599,77.58888,0,3838
Hebbala,2022,Simple Injury,Hit pedestrian,NH,13.052292,77.5938,0,3839
Hebbala,2022,Simple Injury,Vehicle to Vehicle,Others,13.066461,77.58145,0,3840
Hebbala,2022,Fatal,Not Applicable,NH,13.061999,77.593549,1,3841
Hebbala,2022,Simple Injury,Vehicle to Vehicle,NH,13.051076,77.592972,0,3842
Hebbala,2022,Grievous Injury,Hit pedestrian,NH,13.046572,77.5915379,0,3843
Hebbala,2022,Fatal,Not Applicable,Others,13.06051,77.605835,1,3844
Hebbala,2022,Fatal,Vehicle to Vehicle,NH,13.056305,77.593221,1,3845
Hebbala,2022,Simple Injury,Vehicle to Vehicle,NH,13.067215,77.593266,0,3846
Hebbala,2022,Fatal,Vehicle to Vehicle,Others,13.065708,77.600783,1,3847
Hebbala,2022,Fatal,Not Applicable,Others,13.043487,77.599155,1,3848
Hebbala,2022,Fatal,Not Applicable,Others,13.043437,77.599158,1,3849
Hebbala,2022,Fatal,Hit pedestrian,NH,13.069087,77.59297,1,3850
Hebbala,2023,Grievous Injury,Not Applicable,NH,13.059192,77.593534,0,3851
Hebbala,2023,Grievous Injury,Vehicle to Vehicle,NH,13.067121,77.593278,0,3852
Hebbala,2023,Damage Only,Vehicle to Vehicle,NH,13.057352,77.593589,0,3853
Hebbala,2023,Damage Only,Vehicle to Vehicle,Others,13.042422,77.613477,0,3854
Hebbala,2023,Damage Only,Vehicle to Vehicle,Others,13.043137,77.590641,0,3855
Hebbala,2023,Grievous Injury,Hit pedestrian,Others,13.046914,77.569115,0,3856
Hebbala,2023,Grievous Injury,Vehicle to Vehicle,NH,13.06304,77.593406,0,3857
Hebbala,2023,Damage Only,Not Applicable,NH,13.066704,77.593281,0,3858
Hebbala,2023,Grievous Injury,Vehicle to Vehicle,Others,13.042536,77.612573,0,3859
Hebbala,2023,Simple Injury,Hit pedestrian,NH,13.052123,77.593193,0,3860
Hebbala,2023,Grievous Injury,Hit pedestrian,Others,13.036532,77.593897,0,3861
Hebbala,2023,Grievous Injury,Vehicle to Vehicle,Others,13.047161,77.570022,0,3862
Hebbala,2023,Grievous Injury,Vehicle to Vehicle,Others,13.039094,77.598391,0,3863
Hebbala,2023,Grievous Injury,Hit pedestrian,Others,13.046924,77.569125,0,3864
Hebbala,2023,Grievous Injury,Vehicle to Vehicle,NH,13.057445,77.775935,0,3865
Hebbala,2023,Grievous Injury,Vehicle to Vehicle,NH,13.05084,77.593016,0,3866
Hebbala,2023,Simple Injury,Vehicle to Vehicle,Others,13.034925,77.603242,0,3867
Hebbala,2023,Grievous Injury,Vehicle to Vehicle,Others,13.067009,77.593978,0,3868
Hebbala,2023,Grievous Injury,Hit pedestrian,Others,13.055031,77.611769,0,3869
Hebbala,2023,Grievous Injury,Vehicle to Vehicle,Others,13.058602,77.583373,0,3870
Hebbala,2023,Grievous Injury,Vehicle to Vehicle,NH,13.049987,77.592909,0,3871
Hebbala,2023,Fatal,Not Applicable,NH,13.061666,77.593548,1,3872
Hebbala,2023,Grievous Injury,Vehicle to Vehicle,NH,13.055314,77.593653,0,3873
Hebbala,2023,Fatal,Not Applicable,Others,13.058699,77.596232,1,3874
Hebbala,2023,Grievous Injury,Hit pedestrian,Others,13.057489,77.576889,0,3875
Hebbala,2023,Fatal,Vehicle to Vehicle,NH,13.049198,77.592776,1,3876
Hebbala,2023,Grievous Injury,Vehicle to Vehicle,Others,13.067041,77.609998,0,3877
Hebbala,2023,Grievous Injury,Vehicle to Vehicle,NH,13.059117,77.593363,0,3878
Hebbala,2023,Grievous Injury,Not Applicable,Others,13.047241,77.574067,0,3879
Hebbala,2023,Grievous Injury,Vehicle to Vehicle,Others,13.069273,77.569083,0,3880
Hebbala,2023,Grievous Injury,Vehicle to Vehicle,Others,13.066539,77.570199,0,3881
Hebbala,2023,Grievous Injury,Vehicle to Vehicle,NH,13.057345,77.593341,0,3882
Hebbala,2023,Fatal,Vehicle to Vehicle,Others,13.070831,77.603706,1,3883
Hebbala,2023,Grievous Injury,Not Applicable,Others,13.043606,77.599007,0,3884
Hebbala,2023,Grievous Injury,Vehicle to Vehicle,NH,13.064732,77.593343,0,3885
Hebbala,2023,Simple Injury,Not Applicable,Others,13.053747,77.574216,0,3886
Hebbala,2023,Fatal,Vehicle to Vehicle,Others,13.066893,77.601043,1,3887
Hebbala,2023,Fatal,Not Applicable,Others,13.071313,77.606674,1,3888
Hebbala,2023,Grievous Injury,Vehicle to Vehicle,NH,13.04988,77.59275,0,3889
Hebbala,2023,Grievous Injury,Vehicle to Vehicle,Others,13.066749,77.581776,0,3890
Hebbala,2023,Grievous Injury,Vehicle to Vehicle,NH,13.058895,77.593423,0,3891
Hebbala,2023,Grievous Injury,Vehicle to Vehicle,Others,13.042713,77.590297,0,3892
Hebbala,2023,Grievous Injury,Vehicle to Vehicle,Others,13.059066,77.580368,0,3893
Hebbala,2023,Grievous Injury,Vehicle to Vehicle,NH,13.048776,77.592607,0,3894
Hebbala,2023,Grievous Injury,Vehicle to Vehicle,NH,13.06714,77.593267,0,3895
Hebbala,2023,Grievous Injury,Hit bicyclist,Others,13.043011,77.586652,0,3896
Hebbala,2023,Fatal,Hit bicyclist,NH,13.055698,77.593332,1,3897
Hebbala,2023,Grievous Injury,Not Applicable,NH,13.070693,77.59271,0,3898
Hebbala,2023,Grievous Injury,Vehicle to Vehicle,Others,13.03866,77.590382,0,3899
Hebbala,2023,Grievous Injury,Vehicle to Vehicle,Others,13.065439,77.594135,0,3900
Hebbala,2023,Grievous Injury,Vehicle to Vehicle,Others,13.035547,77.598042,0,3901
Hebbala,2023,Damage Only,Vehicle to Vehicle,Others,13.043218,77.598296,0,3902
Hebbala,2023,Grievous Injury,Vehicle to Vehicle,NH,13.06684,77.593221,0,3903
Hebbala,2023,Grievous Injury,Vehicle to Vehicle,NH,13.056936,77.593343,0,3904
Hebbala,2023,Grievous Injury,Not Applicable,Others,13.075942,77.606762,0,3905
Hebbala,2023,Grievous Injury,Hit pedestrian,NH,13.064453,77.593359,0,3906
Hebbala,2023,Grievous Injury,Not Applicable,Others,13.073267,77.594319,0,3907
Hebbala,2023,Grievous Injury,Vehicle to Vehicle,Others,13.046974,77.568471,0,3908
Hebbala,2023,Grievous Injury,Vehicle to Vehicle,Others,13.061667,77.599656,0,3909
Hebbala,2023,Grievous Injury,Vehicle to Vehicle,Others,13.062902,77.572833,0,3910
Hebbala,2023,Grievous Injury,Vehicle to Vehicle,Others,13.046168,77.591613,0,3911
Hebbala,2023,Simple Injury,Vehicle to Vehicle,Others,13.043047,77.590263,0,3912
Hebbala,2023,Simple Injury,Vehicle to Vehicle,Others,13.042829,77.611169,0,3913
Hebbala,2023,Grievous Injury,Vehicle to Vehicle,Others,13.060071,77.581451,0,3914
Hebbala,2023,Grievous Injury,Hit pedestrian,Others,13.051739,77.597672,0,3915
Hebbala,2023,Grievous Injury,Hit pedestrian,NH,13.051771,77.593432,0,3916
Hebbala,2023,Grievous Injury,Hit pedestrian,NH,13.067128,77.592982,0,3917
Hennuru,2023,Simple Injury,Vehicle to Vehicle,Two way,13.041189,77.621005,0,3918
Hennuru,2023,Simple Injury,Hit pedestrian,Residential Street,13.040637,77.661939,0,3919
Hennuru,2023,Grievous Injury,Vehicle to Vehicle,Two way,13.077841,77.631271,0,3920
Hennuru,2023,Simple Injury,Vehicle to Vehicle,Service Road,13.067596,77.633729,0,3921
Hennuru,2023,Fatal,Hit pedestrian,Two way,13.038064,77.641464,1,3922
Hennuru,2023,Grievous Injury,Hit pedestrian,Two way,13.051473,77.655574,0,3923
Hennuru,2023,Simple Injury,Vehicle to Vehicle,Others,13.037962,77.649071,0,3924
Hennuru,2023,Grievous Injury,Hit pedestrian,Two way,13.050208,77.648413,0,3925
Hennuru,2023,Grievous Injury,Hit pedestrian,Two way,13.080857,77.661558,0,3926
Hennuru,2023,Simple Injury,Hit pedestrian,Two way,13.094423,77.636011,0,3927
Hennuru,2023,Grievous Injury,Vehicle to Vehicle,Two way,13.051473,77.630896,0,3928
Hennuru,2023,Simple Injury,Not Applicable,Two way,13.068134,77.629272,0,3929
Hennuru,2023,Grievous Injury,Vehicle to Vehicle,Others,13.045387,77.627305,0,3930
Hennuru,2023,Grievous Injury,Hit pedestrian,Sub Arterial,13.029985,77.643324,0,3931
Hennuru,2023,Damage Only,Not Applicable,Two way,13.083139,77.618159,0,3932
Hennuru,2023,Simple Injury,Vehicle to Vehicle,Two way,13.071742,77.651471,0,3933
Hennuru,2023,Grievous Injury,Vehicle to Vehicle,Two way,13.064704,77.65611,0,3934
Hennuru,2023,Fatal,Hit pedestrian,Two way,13.041016,77.621303,1,3935
Hennuru,2023,Fatal,Vehicle to Vehicle,Two way,13.097176,77.635883,1,3936
Hennuru,2023,Simple Injury,Vehicle to Vehicle,Two way,13.065861,77.651809,0,3937
Hennuru,2023,Grievous Injury,Vehicle to Vehicle,Two way,13.035698,77.657321,0,3938
Hennuru,2023,Grievous Injury,Hit pedestrian,Two way,13.048471,77.645391,0,3939
Hennuru,2023,Simple Injury,Vehicle to Vehicle,Two way,13.052692,77.675533,0,3940
Hennuru,2023,Fatal,Hit pedestrian,Two way,13.070152,77.633685,1,3941
Hennuru,2023,Simple Injury,Vehicle to Vehicle,Two way,13.052744,77.675476,0,3942
Hennuru,2023,Simple Injury,Vehicle to Vehicle,Two way,13.089985,77.635637,0,3943
Hennuru,2023,Grievous Injury,Vehicle to Vehicle,Two way,13.070062,77.620499,0,3944
Hennuru,2023,Not Applicable,Vehicle to Vehicle,Two way,13.028236,77.633047,0,3945
Hennuru,2023,Grievous Injury,Hit pedestrian,Two way,13.041237,77.618945,0,3946
Hennuru,2023,Grievous Injury,Vehicle to Vehicle,Two way,13.066774,77.638678,0,3947
Hennuru,2023,Grievous Injury,Vehicle to Vehicle,Sub Arterial,13.057533,77.6262,0,3948
Hennuru,2023,Simple Injury,Vehicle to Vehicle,Two way,13.036829,77.640318,0,3949
Hennuru,2023,Fatal,Hit pedestrian,Two way,13.043695,77.625839,1,3950
Hennuru,2023,Grievous Injury,Hit pedestrian,Sub Arterial,13.035916,77.646417,0,3951
Hennuru,2023,Grievous Injury,Vehicle to Vehicle,Two way,13.09053,77.624904,0,3952
Hennuru,2023,Fatal,Vehicle to Vehicle,Two way,13.102642,77.628164,1,3953
Hennuru,2023,Fatal,Hit pedestrian,Two way,13.073654,77.633711,1,3954
Hennuru,2023,Fatal,Not Applicable,Two way,13.054539,77.646758,1,3955
Hennuru,2023,Simple Injury,Vehicle to Vehicle,Two way,13.077602,77.633777,0,3956
Hennuru,2023,Grievous Injury,Vehicle to Vehicle,Two way,13.05722,77.649231,0,3957
Hennuru,2023,Fatal,Not Applicable,Two way,13.0633,77.663039,1,3958
H.Grounds,2016,Fatal,Rear end,Two way,12.997481,77.572009,1,3959
H.Grounds,2016,Grievous Injury,Side swipe,Two way,12.98988,77.571858,0,3960
H.Grounds,2016,Damage Only,Rear end,One way,12.99478,77.588241,0,3961
H.Grounds,2017,Damage Only,Rear end,Two way,12.987243,77.548484,0,3962
H.Grounds,2017,Grievous Injury,Hit pedestrian,Two way,12.989224,77.571996,0,3963
H.Grounds,2018,Grievous Injury,Hit and Run,City or Town Road,12.992162,77.60003,0,3964
H.Grounds,2018,Grievous Injury,Hit pedestrian,One way,12.989745,77.571933,0,3965
H.Grounds,2018,Grievous Injury,Side swipe,City or Town Road,12.984595,77.588252,0,3966
H.Grounds,2018,Damage Only,Hit fixed object,City or Town Road,12.996426,77.584736,0,3967
H.Grounds,2019,Damage Only,Vehicle to Vehicle,Not Applicable,12.9848694,77.5721052,0,3968
H.Grounds,2019,Grievous Injury,Vehicle to Vehicle,Residential Street,12.992248,77.57577,0,3969
H.Grounds,2020,Grievous Injury,Vehicle to Vehicle,Two way,12.99326,77.5851304,0,3970
H.Grounds,2021,Grievous Injury,Vehicle to Vehicle,Others,12.984968,77.588448,0,3971
H.Grounds,2021,Fatal,Hit pedestrian,Service Road,12.9942126,77.5849936,1,3972
H.Grounds,2021,Damage Only,Vehicle to Vehicle,Two way,12.9874043,77.5802501,0,3973
H.Grounds,2021,Grievous Injury,Vehicle to Vehicle,Two way,12.9884295,77.5765299,0,3974
H.Grounds,2021,Damage Only,Not Applicable,Two way,12.9884828,77.5866294,0,3975
H.Grounds,2021,Simple Injury,Vehicle to Vehicle,Two way,12.98737,77.580274,0,3976
H.Grounds,2021,Grievous Injury,Vehicle to Vehicle,Two way,12.9815403,77.5745702,0,3977
H.Grounds,2021,Simple Injury,Vehicle to Vehicle,Two way,12.9883736,77.5865791,0,3978
H.Grounds,2021,Simple Injury,Vehicle to Vehicle,Two way,12.985051,77.572103,0,3979
H.Grounds,2021,Grievous Injury,Vehicle to Vehicle,Two way,12.984447,77.588296,0,3980
H.Grounds,2021,Damage Only,Vehicle to Vehicle,One way,12.984883,77.587568,0,3981
H.Grounds,2022,Damage Only,Vehicle to Vehicle,Others,12.99563,77.5849,0,3982
H.Grounds,2022,Simple Injury,Vehicle to Vehicle,Others,12.99022,77.57446,0,3983
H.Grounds,2022,Fatal,Hit pedestrian,Others,12.98733,77.58021,1,3984
H.Grounds,2022,Damage Only,Vehicle to Vehicle,Others,12.99379,77.58499,0,3985
H.Grounds,2022,Simple Injury,Vehicle to Vehicle,Others,12.98535,77.58843,0,3986
H.Grounds,2022,Fatal,Vehicle to Vehicle,Others,12.99543,77.584966,1,3987
H.Grounds,2023,Simple Injury,Vehicle to Vehicle,Others,12.9845,77.6578,0,3988
H.Grounds,2023,Fatal,Hit pedestrian,Others,12.985068,77.572399,1,3989
H.Grounds,2023,Simple Injury,Vehicle to Vehicle,Others,12.984658,77.571836,0,3990
H.Grounds,2023,Simple Injury,Not Applicable,Others,12.984718,77.582814,0,3991
H.Grounds,2023,Simple Injury,Vehicle to Vehicle,Others,12.985073,77.57212,0,3992
H.Grounds,2023,Damage Only,Not Applicable,Others,12.995534,77.589568,0,3993
H.Grounds,2023,Simple Injury,Vehicle to Vehicle,Others,12.992683,77.57431,0,3994
H.Grounds,2023,Fatal,Not Applicable,Others,12.9889,77.58607,1,3995
H.Grounds,2023,Damage Only,Vehicle to Vehicle,Others,12.988749,77.581129,0,3996
H.Grounds,2023,Fatal,Hit pedestrian,Others,12.985023,77.58825,1,3997
H.Grounds,2023,Simple Injury,Vehicle to Vehicle,Others,12.978918,77.583324,0,3998
H.Grounds,2023,Simple Injury,Vehicle to Vehicle,Others,12.984583,77.588156,0,3999
H.Grounds,2023,Simple Injury,Vehicle to Vehicle,Others,12.996683,77.574586,0,4000
H.Grounds,2023,Simple Injury,Vehicle to Vehicle,Others,12.992108,77.58318,0,4001
H.Grounds,2023,Grievous Injury,Vehicle to Vehicle,Others,12.99383,77.585,0,4002
H.Grounds,2023,Simple Injury,Vehicle to Vehicle,Others,12.9815403,77.3522,0,4003
HSR Layout,2018,Fatal,Hit and Run,City or Town Road,12.916894,77.632756,1,4004
HSR Layout,2018,Simple Injury,Hit and Run,City or Town Road,12.923619,77.646754,0,4005
HSR Layout,2018,Simple Injury,Hit and Run,City or Town Road,12.922484,77.669092,0,4006
HSR Layout,2018,Grievous Injury,Hit and Run,City or Town Road,12.906127,77.698154,0,4007
HSR Layout,2018,Fatal,Hit pedestrian,City or Town Road,12.917916,77.641582,1,4008
HSR Layout,2018,Grievous Injury,Hit and Run,City or Town Road,12.91973,77.666841,0,4009
HSR Layout,2018,Grievous Injury,Others,City or Town Road,12.914125,77.629761,0,4010
HSR Layout,2018,Grievous Injury,Others,City or Town Road,12.901164,77.651696,0,4011
HSR Layout,2018,Fatal,Hit and Run,City or Town Road,12.918603,77.651621,1,4012
HSR Layout,2018,Simple Injury,Others,City or Town Road,12.923094,77.639628,0,4013
HSR Layout,2018,Simple Injury,Others,City or Town Road,12.921284,77.666411,0,4014
HSR Layout,2018,Grievous Injury,Others,City or Town Road,12.923796,77.654334,0,4015
HSR Layout,2018,Fatal,Hit and Run,City or Town Road,12.891793,77.67378,1,4016
HSR Layout,2018,Fatal,Others,City or Town Road,12.894424,77.674344,1,4017
HSR Layout,2018,Grievous Injury,Hit pedestrian,City or Town Road,12.921765,77.651597,0,4018
HSR Layout,2019,Grievous Injury,Hit and Run,City or Town Road,12.92378,77.654394,0,4019
HSR Layout,2019,Grievous Injury,Others,City or Town Road,12.911421,77.632442,0,4020
HSR Layout,2019,Fatal,Skidding or Self accident,City or Town Road,12.925191,77.669672,1,4021
HSR Layout,2019,Grievous Injury,Hit and Run,City or Town Road,12.918654,77.67378,0,4022
HSR Layout,2019,Simple Injury,Vehicle to Vehicle,One way,12.921075,77.663566,0,4023
HSR Layout,2019,Fatal,Vehicle to Vehicle,One way,12.919862,77.643061,1,4024
HSR Layout,2019,Fatal,Not Applicable,Others,12.927368,77.679645,1,4025
HSR Layout,2019,Grievous Injury,Hit and Run,City or Town Road,12.921927,77.659935,0,4026
HSR Layout,2019,Simple Injury,Others,City or Town Road,12.92199,77.668227,0,4027
HSR Layout,2019,Grievous Injury,Hit and Run,City or Town Road,12.910199,77.68582,0,4028
HSR Layout,2019,Grievous Injury,Skidding or Self accident,City or Town Road,12.921839,77.6679509,0,4029
HSR Layout,2019,Grievous Injury,Hit and Run,City or Town Road,12.914445,77.638199,0,4030
HSR Layout,2019,Grievous Injury,Hit pedestrian,Others,12.916218,77.634798,0,4031
HSR Layout,2019,Grievous Injury,Hit pedestrian,Others,12.927805,77.67991,0,4032
HSR Layout,2019,Grievous Injury,Vehicle to Vehicle,Others,12.908361,77.41437,0,4033
HSR Layout,2019,Grievous Injury,Hit pedestrian,Others,12.911379,77.652599,0,4034
HSR Layout,2019,Grievous Injury,Vehicle to Vehicle,Others,12.912208,77.642508,0,4035
HSR Layout,2019,Grievous Injury,Hit and Run,City or Town Road,12.911065,77.683738,0,4036
HSR Layout,2019,Fatal,Vehicle to Vehicle,Others,12.916005,77.637866,1,4037
HSR Layout,2019,Grievous Injury,Hit pedestrian,One way,12.924638,77.673718,0,4038
HSR Layout,2019,Simple Injury,Hit and Run,City or Town Road,12.911043,77.683603,0,4039
HSR Layout,2019,Fatal,Hit and Run,City or Town Road,12.920601,77.665346,1,4040
HSR Layout,2019,Grievous Injury,Others,City or Town Road,12.923959,77.6471989,0,4041
HSR Layout,2019,Grievous Injury,Hit and Run,City or Town Road,12.90314,77.704526,0,4042
HSR Layout,2019,Grievous Injury,Hit pedestrian,Two way,12.916365,77.699021,0,4043
HSR Layout,2019,Grievous Injury,Vehicle to Vehicle,One way,12.923681,77.654235,0,4044
HSR Layout,2019,Grievous Injury,Not Applicable,One way,12.904766,77.64432,0,4045
HSR Layout,2019,Grievous Injury,Hit and Run,City or Town Road,12.913479,77.678712,0,4046
HSR Layout,2019,Grievous Injury,Hit and Run,City or Town Road,12.916548,77.632352,0,4047
HSR Layout,2019,Grievous Injury,Vehicle to Vehicle,One way,12.919301,77.642567,0,4048
HSR Layout,2019,Grievous Injury,Vehicle to Vehicle,Others,12.914071,77.677006,0,4049
HSR Layout,2019,Simple Injury,Vehicle to Vehicle,Others,12.924533,77.647413,0,4050
HSR Layout,2019,Grievous Injury,Vehicle to Vehicle,Others,12.911649,77.638298,0,4051
HSR Layout,2019,Grievous Injury,Others,City or Town Road,12.916481,77.632254,0,4052
HSR Layout,2019,Fatal,Hit and Run,City or Town Road,12.914449,77.639541,1,4053
HSR Layout,2019,Grievous Injury,Hit and Run,City or Town Road,12.919242,77.642654,0,4054
HSR Layout,2019,Grievous Injury,Others,City or Town Road,12.921083,77.665917,0,4055
HSR Layout,2019,Simple Injury,Hit and Run,City or Town Road,12.909453,77.663828,0,4056
HSR Layout,2019,Grievous Injury,Vehicle to Vehicle,Expressway,12.918769,77.673392,0,4057
HSR Layout,2019,Grievous Injury,Vehicle to Vehicle,Service Road,12.915403,77.632335,0,4058
HSR Layout,2019,Damage Only,Others,City or Town Road,12.92542,77.6752129,0,4059
HSR Layout,2019,Fatal,Not Applicable,Others,12.915669,77.674153,1,4060
HSR Layout,2019,Grievous Injury,Vehicle to Vehicle,Two way,12.908694,77.689805,0,4061
HSR Layout,2019,Grievous Injury,Not Applicable,Others,12.916358,77.635057,0,4062
HSR Layout,2019,Grievous Injury,Hit pedestrian,Residential Street,12.912397,77.63423,0,4063
HSR Layout,2019,Fatal,Hit pedestrian,Others,12.919081,77.642375,1,4064
HSR Layout,2019,Grievous Injury,Hit pedestrian,Others,12.907194,77.695445,0,4065
HSR Layout,2019,Grievous Injury,Hit pedestrian,Others,12.912053,77.639289,0,4066
HSR Layout,2019,Fatal,Hit and Run,City or Town Road,12.921261,77.662659,1,4067
HSR Layout,2019,Fatal,Hit pedestrian,City or Town Road,12.927788,77.680062,1,4068
HSR Layout,2019,Fatal,Vehicle to Vehicle,Others,12.918413,77.670237,1,4069
HSR Layout,2019,Simple Injury,Vehicle to Vehicle,One way,12.924801,77.673983,0,4070
HSR Layout,2019,Grievous Injury,Hit pedestrian,One way,12.918465,77.6699489,0,4071
HSR Layout,2019,Grievous Injury,Vehicle to Vehicle,One way,12.924013,77.647283,0,4072
HSR Layout,2019,Grievous Injury,Vehicle to Vehicle,Others,12.919826,77.643076,0,4073
HSR Layout,2019,Grievous Injury,Others,City or Town Road,12.922921,77.645956,0,4074
HSR Layout,2019,Fatal,Others,City or Town Road,12.924723,77.673748,1,4075
HSR Layout,2019,Simple Injury,Hit and Run,City or Town Road,12.896566,77.675074,0,4076
HSR Layout,2019,Grievous Injury,Hit pedestrian,City or Town Road,12.910606,77.684772,0,4077
HSR Layout,2019,Grievous Injury,Hit and Run,City or Town Road,12.908081,77.649176,0,4078
HSR Layout,2019,Grievous Injury,Hit pedestrian,City or Town Road,12.923826,77.653824,0,4079
HSR Layout,2019,Grievous Injury,Hit pedestrian,Others,12.907625,77.683462,0,4080
HSR Layout,2019,Grievous Injury,Vehicle to Vehicle,Service Road,12.913956,77.642128,0,4081
HSR Layout,2019,Grievous Injury,Vehicle to Vehicle,Residential Street,12.910793,77.638051,0,4082
HSR Layout,2019,Fatal,Not Applicable,Others,12.917389,77.640882,1,4083
HSR Layout,2019,Grievous Injury,Vehicle to Vehicle,Not Applicable,12.916672,77.62922,0,4084
HSR Layout,2019,Grievous Injury,Vehicle to Vehicle,One way,12.924706,77.675909,0,4085
HSR Layout,2019,Simple Injury,Hit and Run,City or Town Road,12.921161,77.662587,0,4086
HSR Layout,2019,Simple Injury,Others,City or Town Road,12.923003,77.645986,0,4087
HSR Layout,2019,Fatal,Vehicle to Vehicle,Others,12.916566,77.632307,1,4088
HSR Layout,2019,Fatal,Not Applicable,One way,12.921219,77.644274,1,4089
HSR Layout,2019,Fatal,Not Applicable,One way,12.923347,77.655828,1,4090
HSR Layout,2019,Damage Only,Vehicle to Vehicle,Two way,12.913091,77.666143,0,4091
HSR Layout,2019,Grievous Injury,Hit and Run,City or Town Road,12.930148,77.680925,0,4092
HSR Layout,2019,Grievous Injury,Others,City or Town Road,12.916393,77.634735,0,4093
HSR Layout,2019,Grievous Injury,Others,City or Town Road,12.91743,77.641215,0,4094
HSR Layout,2019,Fatal,Others,City or Town Road,12.895443,77.690198,1,4095
HSR Layout,2019,Damage Only,Others,City or Town Road,12.91546,77.638295,0,4096
HSR Layout,2019,Grievous Injury,Hit pedestrian,Two way,12.907871,77.651754,0,4097
HSR Layout,2020,Grievous Injury,Vehicle to Vehicle,Others,12.920628,77.665325,0,4098
HSR Layout,2020,Fatal,Vehicle to Vehicle,Others,12.92124,77.666157,1,4099
HSR Layout,2020,Grievous Injury,Hit pedestrian,Others,12.90723,77.695554,0,4100
HSR Layout,2020,Grievous Injury,Hit pedestrian,Others,12.924641,77.673648,0,4101
HSR Layout,2020,Grievous Injury,Vehicle to Vehicle,Others,12.920926,77.665654,0,4102
HSR Layout,2020,Grievous Injury,Vehicle to Vehicle,Others,12.921,77.663761,0,4103
HSR Layout,2020,Grievous Injury,Hit pedestrian,Others,12.907003,77.62919,0,4104
HSR Layout,2020,Simple Injury,Vehicle to Vehicle,Service Road,12.924246,77.649957,0,4105
HSR Layout,2020,Simple Injury,Hit pedestrian,Not Applicable,12.926113,77.676858,0,4106
HSR Layout,2020,Grievous Injury,Vehicle to Vehicle,Others,12.904907,77.643676,0,4107
HSR Layout,2020,Grievous Injury,Vehicle to Vehicle,Others,12.892948,77.694697,0,4108
HSR Layout,2020,Damage Only,Vehicle to Vehicle,Others,12.904091,77.650674,0,4109
HSR Layout,2020,Grievous Injury,Vehicle to Vehicle,Others,12.905996,77.698004,0,4110
HSR Layout,2020,Fatal,Vehicle to Vehicle,Others,12.91612,77.638758,1,4111
HSR Layout,2020,Simple Injury,Hit pedestrian,Others,12.923682,77.654184,0,4112
HSR Layout,2020,Grievous Injury,Not Applicable,Others,12.924027,77.647722,0,4113
HSR Layout,2020,Grievous Injury,Vehicle to Vehicle,Others,12.906534,77.697772,0,4114
HSR Layout,2020,Grievous Injury,Vehicle to Vehicle,Others,12.905159,77.704671,0,4115
HSR Layout,2020,Grievous Injury,Vehicle to Vehicle,Others,12.910698,77.684651,0,4116
HSR Layout,2020,Grievous Injury,Vehicle to Vehicle,Others,12.912257,77.63875,0,4117
HSR Layout,2020,Fatal,Vehicle to Vehicle,Others,12.923829,77.647036,1,4118
HSR Layout,2020,Simple Injury,Vehicle to Vehicle,Others,12.924613,77.648652,0,4119
HSR Layout,2020,Grievous Injury,Hit pedestrian,Others,12.919002,77.642499,0,4120
HSR Layout,2020,Grievous Injury,Vehicle to Vehicle,Not Applicable,12.923758,77.639935,0,4121
HSR Layout,2020,Simple Injury,Vehicle to Vehicle,Others,12.911491,77.632443,0,4122
HSR Layout,2020,Fatal,Hit pedestrian,Others,12.923746,77.64003,1,4123
HSR Layout,2020,Grievous Injury,Vehicle to Vehicle,Others,12.923627,77.640664,0,4124
HSR Layout,2020,Fatal,Not Applicable,One way,12.910049,77.676285,1,4125
HSR Layout,2020,Grievous Injury,Vehicle to Vehicle,Others,12.907995,77.692505,0,4126
HSR Layout,2020,Damage Only,Not Applicable,Others,12.921773,77.661229,0,4127
HSR Layout,2020,Fatal,Hit pedestrian,Others,12.921765,77.651476,1,4128
HSR Layout,2020,Grievous Injury,Hit pedestrian,Others,12.924534,77.650604,0,4129
HSR Layout,2020,Grievous Injury,Vehicle to Vehicle,Others,12.922421,77.668797,0,4130
HSR Layout,2020,Grievous Injury,Hit pedestrian,Others,12.912036,77.642672,0,4131
HSR Layout,2020,Grievous Injury,Hit pedestrian,Others,12.970297,77.678032,0,4132
HSR Layout,2020,Grievous Injury,Vehicle to Vehicle,Others,12.906471,77.697942,0,4133
HSR Layout,2020,Grievous Injury,Vehicle to Vehicle,Others,12.914798,77.675451,0,4134
HSR Layout,2020,Grievous Injury,Not Applicable,Others,12.922106,77.644965,0,4135
HSR Layout,2020,Damage Only,Not Applicable,Others,12.911288,77.629134,0,4136
HSR Layout,2020,Grievous Injury,Hit pedestrian,Others,12.902348,77.651316,0,4137
HSR Layout,2020,Grievous Injury,Vehicle to Vehicle,Others,12.925188,77.669655,0,4138
HSR Layout,2020,Grievous Injury,Vehicle to Vehicle,Others,12.915963,77.637426,0,4139
HSR Layout,2020,Grievous Injury,Hit pedestrian,Others,12.927034,77.679865,0,4140
HSR Layout,2020,Fatal,Vehicle to Vehicle,Others,12.921669,77.661225,1,4141
HSR Layout,2020,Grievous Injury,Vehicle to Vehicle,Others,12.915049,77.67547,0,4142
HSR Layout,2020,Fatal,Not Applicable,Others,12.923234,77.656474,1,4143
HSR Layout,2020,Grievous Injury,Not Applicable,Others,12.905166,77.701028,0,4144
HSR Layout,2020,Simple Injury,Vehicle to Vehicle,Others,12.921721,77.667716,0,4145
HSR Layout,2020,Simple Injury,Vehicle to Vehicle,Others,12.916408,77.632559,0,4146
HSR Layout,2020,Grievous Injury,Not Applicable,Two way,12.900102,77.675457,0,4147
HSR Layout,2020,Grievous Injury,Vehicle to Vehicle,Not Applicable,12.916198,77.636689,0,4148
HSR Layout,2020,Grievous Injury,Vehicle to Vehicle,Others,12.906128,77.694938,0,4149
HSR Layout,2020,Grievous Injury,Vehicle to Vehicle,Others,12.906552,77.697875,0,4150
HSR Layout,2020,Grievous Injury,Vehicle to Vehicle,Others,12.917197,77.643408,0,4151
HSR Layout,2020,Grievous Injury,Hit pedestrian,Others,12.91637,77.635021,0,4152
HSR Layout,2020,Simple Injury,Vehicle to Vehicle,Others,12.923858,77.647012,0,4153
HSR Layout,2020,Grievous Injury,Vehicle to Vehicle,Others,12.923833,77.63985,0,4154
HSR Layout,2020,Grievous Injury,Vehicle to Vehicle,Others,12.91655,77.673611,0,4155
HSR Layout,2020,Fatal,Not Applicable,Others,12.922866,77.647851,1,4156
HSR Layout,2020,Grievous Injury,Hit pedestrian,Others,12.916199,77.638246,0,4157
HSR Layout,2020,Fatal,Hit pedestrian,Others,12.911978,77.626118,1,4158
HSR Layout,2020,Grievous Injury,Hit pedestrian,Others,12.918438,77.670792,0,4159
HSR Layout,2020,Grievous Injury,Vehicle to Vehicle,Others,12.921064,77.638629,0,4160
HSR Layout,2020,Simple Injury,Vehicle to Vehicle,Others,12.916389,77.629346,0,4161
HSR Layout,2020,Grievous Injury,Hit bicyclist,Others,12.906843,77.696976,0,4162
HSR Layout,2020,Fatal,Not Applicable,Others,12.922123,77.644933,1,4163
HSR Layout,2020,Grievous Injury,Vehicle to Vehicle,Others,12.917599,77.641184,0,4164
HSR Layout,2020,Damage Only,Not Applicable,Others,12.916449,77.632392,0,4165
HSR Layout,2020,Grievous Injury,Hit pedestrian,Others,12.916305,77.635382,0,4166
HSR Layout,2020,Grievous Injury,Vehicle to Vehicle,Others,12.909263,77.638482,0,4167
HSR Layout,2020,Fatal,Not Applicable,Others,12.922874,77.658087,1,4168
HSR Layout,2021,Fatal,Not Applicable,Others,12.917105,77.640527,1,4169
HSR Layout,2021,Grievous Injury,Vehicle to Vehicle,Others,12.923794,77.654449,0,4170
HSR Layout,2021,Grievous Injury,Not Applicable,Others,12.917513,77.623695,0,4171
HSR Layout,2021,Grievous Injury,Hit bicyclist,Others,12.909668,77.702845,0,4172
HSR Layout,2021,Simple Injury,Vehicle to Vehicle,Others,12.904552,77.702722,0,4173
HSR Layout,2021,Fatal,Vehicle to Vehicle,Others,12.918958,77.651657,1,4174
HSR Layout,2021,Grievous Injury,Vehicle to Vehicle,Others,12.910009,77.686353,0,4175
HSR Layout,2021,Damage Only,Vehicle to Vehicle,Others,12.912995,77.632396,0,4176
HSR Layout,2021,Grievous Injury,Vehicle to Vehicle,Others,12.912287,77.63805,0,4177
HSR Layout,2021,Simple Injury,Vehicle to Vehicle,Others,12.924479,77.650708,0,4178
HSR Layout,2021,Grievous Injury,Hit pedestrian,Others,12.924284,77.65159,0,4179
HSR Layout,2021,Grievous Injury,Vehicle to Vehicle,Others,12.923801,77.639861,0,4180
HSR Layout,2021,Fatal,Hit pedestrian,Others,12.907943,77.628617,1,4181
HSR Layout,2021,Grievous Injury,Not Applicable,Others,12.915636,77.674696,0,4182
HSR Layout,2021,Grievous Injury,Hit pedestrian,Residential Street,12.915066,77.644376,0,4183
HSR Layout,2021,Grievous Injury,Not Applicable,Others,12.923274,77.641202,0,4184
HSR Layout,2021,Fatal,Vehicle to Vehicle,Others,12.924057,77.652112,1,4185
HSR Layout,2021,Grievous Injury,Hit pedestrian,Others,12.924319,77.650475,0,4186
HSR Layout,2021,Simple Injury,Vehicle to Vehicle,Others,12.916388,77.633565,0,4187
HSR Layout,2021,Grievous Injury,Hit pedestrian,Others,12.913851,77.677748,0,4188
HSR Layout,2021,Simple Injury,Vehicle to Vehicle,Not Applicable,12.912405,77.641325,0,4189
HSR Layout,2021,Grievous Injury,Hit pedestrian,Others,12.871281,77.660765,0,4190
HSR Layout,2021,Grievous Injury,Vehicle to Vehicle,Others,12.90724,77.695572,0,4191
HSR Layout,2021,Grievous Injury,Hit pedestrian,Others,12.912303,77.638125,0,4192
HSR Layout,2021,Grievous Injury,Vehicle to Vehicle,Others,12.914362,77.62524,0,4193
HSR Layout,2021,Grievous Injury,Not Applicable,Others,12.916008,77.638236,0,4194
HSR Layout,2021,Grievous Injury,Vehicle to Vehicle,Others,12.924613,77.648652,0,4195
HSR Layout,2021,Simple Injury,Vehicle to Vehicle,Others,12.923738,77.655148,0,4196
HSR Layout,2021,Fatal,Not Applicable,Others,12.922179,77.659708,1,4197
HSR Layout,2021,Simple Injury,Vehicle to Vehicle,Others,12.922112,77.660534,0,4198
HSR Layout,2021,Fatal,Vehicle to Vehicle,Not Applicable,12.923724,77.640372,1,4199
HSR Layout,2021,Grievous Injury,Hit pedestrian,Others,12.91669,77.634966,0,4200
HSR Layout,2021,Grievous Injury,Hit pedestrian,Residential Street,12.909754,77.638037,0,4201
HSR Layout,2021,Simple Injury,Vehicle to Vehicle,Others,12.9222,77.668544,0,4202
HSR Layout,2021,Grievous Injury,Vehicle to Vehicle,Others,12.911683,77.644628,0,4203
HSR Layout,2021,Fatal,Vehicle to Vehicle,Others,12.912442,77.680954,1,4204
HSR Layout,2021,Fatal,Vehicle to Vehicle,Others,12.92384,77.647046,1,4205
HSR Layout,2021,Fatal,Vehicle to Vehicle,Service Road,12.924816,77.651916,1,4206
HSR Layout,2021,Fatal,Vehicle to Vehicle,Others,12.904123,77.650703,1,4207
HSR Layout,2021,Grievous Injury,Not Applicable,Others,12.903831,77.662073,0,4208
HSR Layout,2021,Fatal,Vehicle to Vehicle,Residential Street,12.917221,77.672792,1,4209
HSR Layout,2021,Grievous Injury,Vehicle to Vehicle,Others,12.913548,77.678758,0,4210
HSR Layout,2021,Fatal,Vehicle to Vehicle,Two way,12.92099,77.665623,1,4211
HSR Layout,2021,Fatal,Not Applicable,Others,12.923664,77.65422,1,4212
HSR Layout,2021,Grievous Injury,Vehicle to Vehicle,Others,12.92208,77.659379,0,4213
HSR Layout,2021,Grievous Injury,Vehicle to Vehicle,Others,12.920871,77.638432,0,4214
HSR Layout,2021,Fatal,Hit pedestrian,NH,12.909006,77.627888,1,4215
HSR Layout,2021,Grievous Injury,Vehicle to Vehicle,One way,12.91299,77.679783,0,4216
HSR Layout,2021,Grievous Injury,Vehicle to Vehicle,Others,12.912301,77.638034,0,4217
HSR Layout,2021,Grievous Injury,Vehicle to Vehicle,Others,12.916457,77.632532,0,4218
HSR Layout,2021,Grievous Injury,Vehicle to Vehicle,Others,12.925274,77.644925,0,4219
HSR Layout,2021,Grievous Injury,Vehicle to Vehicle,Others,12.915926,77.638229,0,4220
HSR Layout,2021,Grievous Injury,Vehicle to Vehicle,Others,12.923859,77.65328,0,4221
HSR Layout,2021,Grievous Injury,Not Applicable,Two way,12.917498,77.641163,0,4222
HSR Layout,2022,Grievous Injury,Hit pedestrian,Two way,12.912271,77.641764,0,4223
HSR Layout,2022,Grievous Injury,Vehicle to Vehicle,Others,12.912484,77.651823,0,4224
HSR Layout,2022,Grievous Injury,Vehicle to Vehicle,Others,12.9243838,77.6949457,0,4225
HSR Layout,2022,Grievous Injury,Vehicle to Vehicle,Others,12.924176,77.651895,0,4226
HSR Layout,2022,Fatal,Vehicle to Vehicle,Others,12.920621,77.665094,1,4227
HSR Layout,2022,Fatal,Vehicle to Vehicle,Others,12.9028927,77.6757602,1,4228
HSR Layout,2022,Grievous Injury,Vehicle to Vehicle,Others,12.911043,77.683852,0,4229
HSR Layout,2022,Grievous Injury,Hit pedestrian,Service Road,12.907449,77.628881,0,4230
HSR Layout,2022,Grievous Injury,Hit pedestrian,Others,12.911703,77.682021,0,4231
HSR Layout,2022,Grievous Injury,Hit pedestrian,Others,12.925869,77.676244,0,4232
HSR Layout,2022,Grievous Injury,Vehicle to Vehicle,Two way,12.89985,77.667813,0,4233
HSR Layout,2022,Grievous Injury,Hit pedestrian,Others,12.906416,77.69832,0,4234
HSR Layout,2022,Grievous Injury,Vehicle to Vehicle,Others,12.909088,77.676388,0,4235
HSR Layout,2022,Simple Injury,Vehicle to Vehicle,Two way,12.901176,77.675588,0,4236
HSR Layout,2022,Grievous Injury,Vehicle to Vehicle,Others,12.9236871,77.6544205,0,4237
HSR Layout,2022,Grievous Injury,Not Applicable,Others,12.9160684,77.6384312,0,4238
HSR Layout,2022,Grievous Injury,Vehicle to Vehicle,Two way,12.90925,77.640959,0,4239
HSR Layout,2022,Damage Only,Vehicle to Vehicle,Others,12.9249567,77.6742904,0,4240
HSR Layout,2022,Fatal,Not Applicable,Others,12.9167354,77.6289191,1,4241
HSR Layout,2022,Grievous Injury,Vehicle to Vehicle,Others,12.92086,77.665206,0,4242
HSR Layout,2022,Simple Injury,Hit pedestrian,Service Road,12.9079742,77.6286113,0,4243
HSR Layout,2022,Grievous Injury,Vehicle to Vehicle,Two way,12.922874,77.670046,0,4244
HSR Layout,2022,Grievous Injury,Hit pedestrian,Two way,12.91122,77.683042,0,4245
HSR Layout,2022,Simple Injury,Vehicle to Vehicle,Others,12.906447,77.698039,0,4246
HSR Layout,2022,Fatal,Vehicle to Vehicle,Others,12.91962,77.643335,1,4247
HSR Layout,2022,Grievous Injury,Vehicle to Vehicle,Others,12.910763,77.684388,0,4248
HSR Layout,2022,Grievous Injury,Hit pedestrian,Service Road,12.92743,77.679964,0,4249
HSR Layout,2022,Fatal,Not Applicable,Others,12.9108311,77.6324579,1,4250
HSR Layout,2022,Fatal,Vehicle to Vehicle,Others,12.921014,77.663262,1,4251
HSR Layout,2022,Grievous Injury,Vehicle to Vehicle,One way,12.917585,77.62501,0,4252
HSR Layout,2022,Grievous Injury,Vehicle to Vehicle,Others,12.923515,77.646747,0,4253
HSR Layout,2022,Grievous Injury,Hit pedestrian,Others,12.9175566,77.6249732,0,4254
HSR Layout,2022,Grievous Injury,Hit pedestrian,Others,12.904479,77.650861,0,4255
HSR Layout,2022,Grievous Injury,Vehicle to Vehicle,Others,12.916464,77.669819,0,4256
HSR Layout,2022,Grievous Injury,Not Applicable,Others,12.921137,77.663441,0,4257
HSR Layout,2022,Fatal,Vehicle to Vehicle,One way,12.916481,77.639885,1,4258
HSR Layout,2022,Grievous Injury,Vehicle to Vehicle,Two way,12.919926,77.649249,0,4259
HSR Layout,2022,Grievous Injury,Vehicle to Vehicle,Others,12.924044,77.653846,0,4260
HSR Layout,2022,Fatal,Vehicle to Vehicle,Others,12.885931,77.696631,1,4261
HSR Layout,2022,Grievous Injury,Vehicle to Vehicle,Others,12.906467,77.697786,0,4262
HSR Layout,2022,Grievous Injury,Hit pedestrian,Service Road,12.907442,77.628887,0,4263
HSR Layout,2022,Fatal,Hit pedestrian,Others,12.916388,77.674534,1,4264
HSR Layout,2022,Grievous Injury,Vehicle to Vehicle,Others,12.9159,77.647599,0,4265
HSR Layout,2022,Grievous Injury,Not Applicable,Two way,12.91029,77.700155,0,4266
HSR Layout,2022,Grievous Injury,Hit pedestrian,Two way,12.914103,77.700299,0,4267
HSR Layout,2022,Grievous Injury,Hit pedestrian,Others,12.903085,77.66142,0,4268
HSR Layout,2022,Grievous Injury,Hit pedestrian,Others,12.923929,77.647517,0,4269
HSR Layout,2022,Grievous Injury,Vehicle to Vehicle,Others,12.924568,77.649797,0,4270
HSR Layout,2022,Fatal,Vehicle to Vehicle,Two way,12.908876,77.637513,1,4271
HSR Layout,2022,Fatal,Not Applicable,Not Applicable,12.912028,77.645571,1,4272
HSR Layout,2022,Grievous Injury,Not Applicable,Others,12.906496,77.697943,0,4273
HSR Layout,2022,Grievous Injury,Vehicle to Vehicle,One way,12.922291,77.668499,0,4274
HSR Layout,2022,Grievous Injury,Vehicle to Vehicle,Two way,12.911049,77.683617,0,4275
HSR Layout,2022,Simple Injury,Vehicle to Vehicle,Others,12.924401,77.648874,0,4276
HSR Layout,2022,Grievous Injury,Vehicle to Vehicle,Others,12.903481,77.703955,0,4277
HSR Layout,2022,Grievous Injury,Hit pedestrian,One way,12.906194,77.699047,0,4278
HSR Layout,2022,Fatal,Vehicle to Vehicle,Others,12.9051114,77.6489569,1,4279
HSR Layout,2023,Fatal,Hit pedestrian,Others,12.909302,77.649284,1,4280
HSR Layout,2023,Grievous Injury,Vehicle to Vehicle,Two way,12.914263,77.648994,0,4281
HSR Layout,2023,Grievous Injury,Vehicle to Vehicle,Two way,12.907644,77.651637,0,4282
HSR Layout,2023,Damage Only,Vehicle to Vehicle,Others,12.906905,77.696118,0,4283
HSR Layout,2023,Fatal,Vehicle to Vehicle,Two way,12.906545,77.644443,1,4284
HSR Layout,2023,Grievous Injury,Hit pedestrian,Others,12.924493,77.645687,0,4285
HSR Layout,2023,Fatal,Not Applicable,Others,12.918924,77.638452,1,4286
HSR Layout,2023,Grievous Injury,Vehicle to Vehicle,State Highway,12.916204,77.63673,0,4287
HSR Layout,2023,Grievous Injury,Not Applicable,Others,12.917618,77.640883,0,4288
HSR Layout,2023,Grievous Injury,Hit pedestrian,Others,12.9255,77.669899,0,4289
HSR Layout,2023,Grievous Injury,Hit pedestrian,Others,12.901798,77.650613,0,4290
HSR Layout,2023,Grievous Injury,Vehicle to Vehicle,One way,12.924431,77.645395,0,4291
HSR Layout,2023,Grievous Injury,Not Applicable,Service Road,12.915412,77.624037,0,4292
HSR Layout,2023,Fatal,Vehicle to Vehicle,Service Road,12.920355,77.643655,1,4293
HSR Layout,2023,Fatal,Vehicle to Vehicle,Service Road,12.917634,77.641401,1,4294
HSR Layout,2023,Fatal,Hit pedestrian,Others,12.923139,77.64621,1,4295
HSR Layout,2023,Grievous Injury,Vehicle to Vehicle,Sub Arterial,12.913664,77.644677,0,4296
HSR Layout,2023,Grievous Injury,Vehicle to Vehicle,Others,12.910768,77.644357,0,4297
HSR Layout,2023,Grievous Injury,Vehicle to Vehicle,Others,12.920072,77.696462,0,4298
HSR Layout,2023,Grievous Injury,Vehicle to Vehicle,Others,12.912277,77.639931,0,4299
HSR Layout,2023,Grievous Injury,Vehicle to Vehicle,Others,12.909833,77.64072,0,4300
HSR Layout,2023,Fatal,Not Applicable,Others,12.916316,77.63397,1,4301
HSR Layout,2023,Grievous Injury,Not Applicable,Service Road,12.914012,77.624839,0,4302
HSR Layout,2023,Simple Injury,Vehicle to Vehicle,Others,12.907765,77.644265,0,4303
HSR Layout,2023,Grievous Injury,Hit pedestrian,Residential Street,12.905048,77.643248,0,4304
HSR Layout,2023,Grievous Injury,Vehicle to Vehicle,Minor District Road,12.911902,77.649464,0,4305
HSR Layout,2023,Grievous Injury,Vehicle to Vehicle,Others,12.921072,77.665231,0,4306
HSR Layout,2023,Fatal,Vehicle to Vehicle,Others,12.914055,77.651263,1,4307
HSR Layout,2023,Grievous Injury,Not Applicable,Others,12.919656,77.643028,0,4308
HSR Layout,2023,Grievous Injury,Vehicle to Vehicle,Residential Street,12.912253,77.639946,0,4309
HSR Layout,2023,Grievous Injury,Not Applicable,Minor District Road,12.91624,77.635299,0,4310
HSR Layout,2023,Grievous Injury,Vehicle to Vehicle,Others,12.919801,77.654117,0,4311
HSR Layout,2023,Damage Only,Vehicle to Vehicle,Two way,12.891449,77.673498,0,4312
HSR Layout,2023,Grievous Injury,Vehicle to Vehicle,Service Road,12.91752,77.640907,0,4313
HSR Layout,2023,Grievous Injury,Hit pedestrian,State Highway,12.919847,77.642982,0,4314
HSR Layout,2023,Simple Injury,Vehicle to Vehicle,Two way,12.910056,77.627876,0,4315
HSR Layout,2023,Fatal,Not Applicable,Others,12.916199,77.637202,1,4316
HSR Layout,2023,Fatal,Hit pedestrian,Others,12.913238,77.69849,1,4317
HSR Layout,2023,Fatal,Not Applicable,Others,12.92348,77.646612,1,4318
HSR Layout,2023,Fatal,Vehicle to Vehicle,Two way,12.910441,77.649166,1,4319
HSR Layout,2023,Grievous Injury,Vehicle to Vehicle,Two way,12.912101,77.632436,0,4320
HSR Layout,2023,Grievous Injury,Vehicle to Vehicle,Others,12.90843,77.632606,0,4321
HSR Layout,2023,Damage Only,Vehicle to Vehicle,Two way,12.919485,77.649965,0,4322
HSR Layout,2023,Grievous Injury,Hit bicyclist,Others,12.92455,77.645399,0,4323
HSR Layout,2023,Fatal,Vehicle to Vehicle,Others,12.91501,77.649102,1,4324
HSR Layout,2023,Grievous Injury,Vehicle to Vehicle,Others,12.919748,77.643174,0,4325
HSR Layout,2023,Grievous Injury,Vehicle to Vehicle,Residential Street,12.914829,77.648943,0,4326
HSR Layout,2023,Grievous Injury,Vehicle to Vehicle,Others,12.905805,77.69897,0,4327
HSR Layout,2023,Fatal,Not Applicable,Others,12.913377,77.651819,1,4328
Hulimavu,2016,Damage Only,Others,City or Town Road,12.900772,77.5858,0,4329
Hulimavu,2016,Simple Injury,Hit and Run,City or Town Road,12.901685,77.586,0,4330
Hulimavu,2017,Fatal,Hit pedestrian,City or Town Road,12.905104,77.595895,1,4331
Hulimavu,2018,Fatal,Hit pedestrian,NH,12.88288,77.647816,1,4332
Hulimavu,2018,Simple Injury,Hit pedestrian,City or Town Road,12.879622,77.624538,0,4333
Hulimavu,2018,Grievous Injury,Hit and Run,City or Town Road,12.875975,77.616997,0,4334
Hulimavu,2018,Grievous Injury,Rear end,City or Town Road,12.858124,77.588978,0,4335
Hulimavu,2018,Simple Injury,Head on,City or Town Road,12.843651,77.588133,0,4336
Hulimavu,2018,Grievous Injury,Hit and Run,City or Town Road,12.841579,77.588478,0,4337
Hulimavu,2018,Simple Injury,Hit and Run,City or Town Road,12.890175,77.635205,0,4338
Hulimavu,2018,Simple Injury,Rear end,NH,12.881771,77.644465,0,4339
Hulimavu,2018,Damage Only,Rear end,NH,12.884345,77.642784,0,4340
Hulimavu,2018,Simple Injury,Hit pedestrian,NH,12.889136,77.63991,0,4341
Hulimavu,2018,Fatal,Rear end,City or Town Road,12.858454,77.589065,1,4342
Hulimavu,2018,Fatal,Rear end,Service Road,12.886605,77.641664,1,4343
Hulimavu,2018,Fatal,Rear end,City or Town Road,12.863824,77.591082,1,4344
Hulimavu,2018,Simple Injury,Head on,City or Town Road,12.878794,77.609718,0,4345
Hulimavu,2018,Simple Injury,Rear end,City or Town Road,12.865951,77.591839,0,4346
Hulimavu,2018,Simple Injury,Rear end,City or Town Road,12.842775,77.588296,0,4347
Hulimavu,2018,Simple Injury,Head on,City or Town Road,12.8778,77.627516,0,4348
Hulimavu,2018,Grievous Injury,Hit and Run,City or Town Road,12.867023,77.592328,0,4349
Hulimavu,2018,Simple Injury,Hit pedestrian,Others,12.883206,77.608383,0,4350
Hulimavu,2019,Grievous Injury,Head on,City or Town Road,12.87812,77.6298,0,4351
Hulimavu,2019,Damage Only,Not Applicable,Others,12.87082,77.61627,0,4352
Hulimavu,2019,Grievous Injury,Hit bicyclist,Not Applicable,12.8756084538293,77.6261024549603,0,4353
Hulimavu,2019,Damage Only,Vehicle to Vehicle,Others,12.8623,77.5905,0,4354
Hulimavu,2019,Simple Injury,Hit parked vehicle,City or Town Road,12.86737,77.61921,0,4355
Hulimavu,2019,Damage Only,Vehicle to Vehicle,Two way,12.8489,77.5882,0,4356
Hulimavu,2019,Simple Injury,Hit pedestrian,Service Road,12.88506,77.64263,0,4357
Hulimavu,2019,Grievous Injury,Not Applicable,Others,12.850724,77.591194,0,4358
Hulimavu,2019,Simple Injury,Vehicle to Vehicle,Others,12.8833,77.6248,0,4359
Hulimavu,2019,Simple Injury,Vehicle to Vehicle,Others,12.8533,77.5969,0,4360
Hulimavu,2019,Grievous Injury,Vehicle to Vehicle,Others,12.88326,77.6247,0,4361
Hulimavu,2020,Fatal,Vehicle to Vehicle,Others,12.88653,77.61044,1,4362
Hulimavu,2020,Fatal,Not Applicable,Others,12.87394,77.64178,1,4363
Hulimavu,2020,Damage Only,Vehicle to Vehicle,Others,12.879446,77.619629,0,4364
Hulimavu,2020,Fatal,Not Applicable,Others,12.877756,77.627039,1,4365
Hulimavu,2020,Simple Injury,Hit bicyclist,Others,12.885,77.5964,0,4366
Hulimavu,2021,Grievous Injury,Hit pedestrian,NH,12.885365,77.6417685,0,4367
Hulimavu,2022,Damage Only,Vehicle to Vehicle,Expressway,12.849892,77.58892,0,4368
Hulimavu,2022,Grievous Injury,Vehicle to Vehicle,Others,12.8872138,77.5983456,0,4369
Hulimavu,2023,Damage Only,Vehicle to Vehicle,Major District Road,12.867043,77.620473,0,4370
Hulimavu,2023,Damage Only,Vehicle to Vehicle,State Highway,12.858709,77.599578,0,4371
Hulimavu,2023,Grievous Injury,Vehicle to Vehicle,Expressway,12.854011,77.604986,0,4372
Hulimavu,2023,Grievous Injury,Vehicle to Vehicle,State Highway,12.858165,77.588903,0,4373
Hulimavu,2023,Grievous Injury,Vehicle to Vehicle,State Highway,12.871061,77.593621,0,4374
Hulimavu,2023,Fatal,Hit pedestrian,State Highway,12.845495,77.587539,1,4375
Hulimavu,2023,Grievous Injury,Vehicle to Vehicle,Others,12.841197,77.592353,0,4376
Hulimavu,2023,Grievous Injury,Vehicle to Vehicle,State Highway,12.863037,77.591419,0,4377
Hulimavu,2023,Simple Injury,Vehicle to Vehicle,Others,12.874702,77.648525,0,4378
Hulimavu,2023,Simple Injury,Vehicle to Vehicle,State Highway,12.854335,77.588587,0,4379
Hulimavu,2023,Damage Only,Vehicle to Vehicle,State Highway,12.855088,77.588697,0,4380
Hulimavu,2023,Grievous Injury,Vehicle to Vehicle,Arterial,12.841406,77.5911,0,4381
Hulimavu,2023,Grievous Injury,Vehicle to Vehicle,State Highway,12.884154,77.596172,0,4382
Hulimavu,2023,Fatal,Vehicle to Vehicle,State Highway,12.875798,77.595241,1,4383
Hulimavu,2023,Grievous Injury,Vehicle to Vehicle,State Highway,12.866039,77.591905,0,4384
Hulimavu,2023,Grievous Injury,Hit pedestrian,Others,12.877764,77.625558,0,4385
Hulimavu,2023,Grievous Injury,Vehicle to Vehicle,Expressway,12.854601,77.60723,0,4386
Hulimavu,2023,Fatal,Not Applicable,State Highway,12.859847,77.590067,1,4387
Hulimavu,2023,Fatal,Vehicle to Vehicle,Expressway,12.824156,77.602593,1,4388
Hulimavu,2023,Damage Only,Vehicle to Vehicle,Others,12.880685,77.599976,0,4389
Hulimavu,2023,Grievous Injury,Not Applicable,Others,12.854314,77.599608,0,4390
Hulimavu,2023,Fatal,Vehicle to Vehicle,Others,12.893639,77.637205,1,4391
Hulimavu,2023,Fatal,Not Applicable,NH,12.882784,77.644219,1,4392
Hulimavu,2023,Grievous Injury,Vehicle to Vehicle,Others,12.884761,77.602427,0,4393
Hulimavu,2023,Grievous Injury,Vehicle to Vehicle,Sub Arterial,12.878115,77.625166,0,4394
Hulimavu,2023,Grievous Injury,Vehicle to Vehicle,NH,12.890889,77.63835,0,4395
Hulimavu,2023,Grievous Injury,Vehicle to Vehicle,State Highway,12.865568,77.591851,0,4396
Hulimavu,2023,Grievous Injury,Vehicle to Vehicle,Expressway,12.853117,77.594814,0,4397
Hulimavu,2023,Grievous Injury,Vehicle to Vehicle,NH,12.888916,77.640079,0,4398
Hulimavu,2023,Fatal,Vehicle to Vehicle,NH,12.887481,77.641095,1,4399
Hulimavu,2023,Simple Injury,Hit pedestrian,Expressway,12.853505,77.596965,0,4400
Hulimavu,2023,Grievous Injury,Vehicle to Vehicle,Others,12.872775,77.6247,0,4401
Hulimavu,2023,Grievous Injury,Vehicle to Vehicle,Others,12.86379,77.622833,0,4402
Hulimavu,2023,Grievous Injury,Vehicle to Vehicle,NH,12.885524,77.641748,0,4403
Hulimavu,2023,Simple Injury,Vehicle to Vehicle,Others,12.88087,77.617372,0,4404
Hulimavu,2023,Simple Injury,Vehicle to Vehicle,NH,12.890398,77.63824,0,4405
Hulimavu,2023,Fatal,Hit pedestrian,Others,12.884237,77.596201,1,4406
Hulimavu,2023,Simple Injury,Hit pedestrian,Others,12.85573,77.589952,0,4407
Jalahalli,2016,Simple Injury,Head on,Arterial,13.03,77.313,0,4408
Jalahalli,2016,Fatal,Head on,Arterial,13.0237,77.3342,1,4409
Jalahalli,2016,Fatal,Rear end,City or Town Road,13.0449,77.3008,1,4410
Jalahalli,2016,Simple Injury,Rear end,City or Town Road,13.0238,77.3332,0,4411
Jalahalli,2016,Simple Injury,Others,City or Town Road,13.0258,77.3313,0,4412
Jalahalli,2016,Damage Only,Rear end,Arterial,13.0244,77.3323,0,4413
Jalahalli,2016,Damage Only,Head on,Sub Arterial,13.0349,77.3026,0,4414
Jalahalli,2016,Simple Injury,Hit pedestrian,City or Town Road,13.0256,77.33,0,4415
Jalahalli,2016,Damage Only,Rear end,City or Town Road,13.0222,77.3235,0,4416
Jalahalli,2017,Simple Injury,Head on,Arterial,13.0237,77.3312,0,4417
Jalahalli,2017,Simple Injury,Head on,Sub Arterial,13.115487,77.48623,0,4418
Jalahalli,2017,Simple Injury,Hit pedestrian,Arterial,13.086744,77.496082,0,4419
Jalahalli,2017,Simple Injury,Head on,Arterial,13.050659,77.542676,0,4420
Jalahalli,2017,Simple Injury,Head on,Sub Arterial,13.054568,77.54144,0,4421
Jalahalli,2017,Simple Injury,Rear end,Arterial,13.052388,77.529403,0,4422
Jalahalli,2017,Simple Injury,Head on,Arterial,13.0244,77.3323,0,4423
Jalahalli,2017,Simple Injury,Right Turn Collision,Arterial,13.0519,77.551963,0,4424
Jalahalli,2017,Simple Injury,Hit pedestrian,Residential Street,13.064412,77.508734,0,4425
Jalahalli,2017,Simple Injury,Rear end,Arterial,13.0414,77.3014,0,4426
Jalahalli,2017,Fatal,Head on,Arterial,13.0307,77.3144,1,4427
Jalahalli,2017,Simple Injury,Head on,Sub Arterial,13.083511,77.492446,0,4428
Jalahalli,2017,Damage Only,Rear end,Arterial,13.049196,77.523952,0,4429
Jalahalli,2017,Simple Injury,Right Turn Collision,Arterial,13.043212,77.561224,0,4430
Jalahalli,2017,Simple Injury,Hit pedestrian,Arterial,13.042609,77.550084,0,4431
Jalahalli,2017,Damage Only,Hit fixed object,Arterial,13.0222,77.3235,0,4432
Jalahalli,2017,Damage Only,Rear end,Arterial,13.044273,77.553395,0,4433
Jalahalli,2017,Simple Injury,Rear end,Arterial,13.0316,77.3157,0,4434
Jalahalli,2017,Grievous Injury,Head on,Arterial,13.043,77.306,0,4435
Jalahalli,2017,Damage Only,Head on,Arterial,13.051558,77.552058,0,4436
Jalahalli,2017,Damage Only,Rear end,Arterial,13.04273,77.550598,0,4437
Jalahalli,2017,Simple Injury,Right Turn Collision,Arterial,13.0349,77.3238,0,4438
Jalahalli,2017,Simple Injury,Right Turn Collision,Arterial,13.048843,77.550047,0,4439
Jalahalli,2017,Simple Injury,Rear end,Sub Arterial,13.063238,77.535252,0,4440
Jalahalli,2017,Simple Injury,Hit pedestrian,Sub Arterial,13.060609,77.54413,0,4441
Jalahalli,2017,Simple Injury,Rear end,Arterial,13.043387,77.557287,0,4442
Jalahalli,2017,Simple Injury,Skidding or Self accident,Arterial,13.112915,77.502556,0,4443
Jalahalli,2017,Simple Injury,Head on,Arterial,13.0323,77.3249,0,4444
Jalahalli,2017,Simple Injury,Head on,Arterial,13.045468,77.300079,0,4445
Jalahalli,2017,Simple Injury,Head on,Sub Arterial,13.036972,77.5363,0,4446
Jalahalli,2017,Simple Injury,Skidding or Self accident,Arterial,13.049233,77.543221,0,4447
Jalahalli,2017,Simple Injury,Rear end,Arterial,13.038161,77.537675,0,4448
Jalahalli,2017,Simple Injury,Hit pedestrian,Sub Arterial,13.041237,77.539009,0,4449
Jalahalli,2017,Simple Injury,Rear end,Sub Arterial,13.054312,77.541161,0,4450
Jalahalli,2017,Simple Injury,Right Turn Collision,Sub Arterial,13.0356,77.3168,0,4451
Jalahalli,2017,Simple Injury,Head on,Arterial,13.080728,77.502725,0,4452
Jalahalli,2017,Simple Injury,Hit pedestrian,Arterial,13.0449,77.3008,0,4453
Jalahalli,2017,Simple Injury,Others,Arterial,13.04951,77.554942,0,4454
Jalahalli,2017,Simple Injury,Hit parked vehicle,Sub Arterial,13.0462,77.5559,0,4455
Jalahalli,2017,Simple Injury,Head on,Arterial,13.076724,77.517257,0,4456
Jalahalli,2017,Damage Only,Hit and Run,Arterial,13.068625,77.52746,0,4457
Jalahalli,2017,Simple Injury,Hit pedestrian,Arterial,13.060637,77.533892,0,4458
Jalahalli,2017,Simple Injury,Head on,Arterial,13.054589,77.548993,0,4459
Jalahalli,2017,Simple Injury,Others,Arterial,13.042895,77.55074,0,4460
Jalahalli,2017,Simple Injury,Head on,Arterial,13.0449,77.3008,0,4461
Jalahalli,2017,Simple Injury,Rear end,Arterial,13.0237,77.334,0,4462
Jalahalli,2017,Simple Injury,Hit pedestrian,Arterial,13.072489,77.523488,0,4463
Jalahalli,2017,Simple Injury,Hit pedestrian,Arterial,13.042903,77.550918,0,4464
Jalahalli,2017,Damage Only,Rear end,Arterial,13.043659,77.556718,0,4465
Jalahalli,2017,Damage Only,Head on,Arterial,13.053424,77.556814,0,4466
Jalahalli,2017,Simple Injury,Rear end,Arterial,13.0229,77.3325,0,4467
Jalahalli,2017,Damage Only,Rear end,Arterial,13.0317,77.3207,0,4468
Jalahalli,2017,Simple Injury,Head on,Arterial,13.06844,77.530236,0,4469
Jalahalli,2017,Simple Injury,Rear end,Arterial,13.070675,77.529752,0,4470
Jalahalli,2017,Simple Injury,Head on,Sub Arterial,13.110382,77.527896,0,4471
Jalahalli,2017,Simple Injury,Head on,Arterial,13.076317,77.503803,0,4472
Jalahalli,2017,Simple Injury,Side impact or Right angle,Arterial,13.043816,77.561221,0,4473
Jalahalli,2017,Simple Injury,Rear end,Arterial,13.070915,77.503905,0,4474
Jalahalli,2017,Simple Injury,Rear end,Sub Arterial,13.037737,77.536941,0,4475
Jalahalli,2017,Simple Injury,Rear end,Arterial,13.043975,77.555591,0,4476
Jalahalli,2017,Simple Injury,Hit pedestrian,Arterial,13.055822,77.532989,0,4477
Jalahalli,2017,Damage Only,Rear end,Arterial,13.044259,77.554947,0,4478
Jalahalli,2017,Fatal,Hit and Run,Arterial,13.05436,77.53118,1,4479
Jalahalli,2017,Simple Injury,Head on,Arterial,13.139274,77.456309,0,4480
Jalahalli,2017,Simple Injury,Others,Sub Arterial,13.0463,77.522498,0,4481
Jalahalli,2017,Damage Only,Hit fixed object,Arterial,13.042259,77.548688,0,4482
Jalahalli,2017,Simple Injury,Head on,Sub Arterial,13.054841,77.533481,0,4483
Jalahalli,2017,Simple Injury,Rear end,Arterial,13.0324,77.3248,0,4484
Jalahalli,2017,Simple Injury,Hit and Run,Arterial,13.0311,77.3303,0,4485
Jalahalli,2017,Damage Only,Hit fixed object,Sub Arterial,13.063136,77.530679,0,4486
Jalahalli,2017,Simple Injury,Hit pedestrian,Sub Arterial,13.07131,77.526594,0,4487
Jalahalli,2017,Fatal,Hit pedestrian,Sub Arterial,13.0588798,77.531888,1,4488
Jalahalli,2017,Fatal,Head on,Sub Arterial,13.0356,77.3168,1,4489
Jalahalli,2017,Damage Only,Rear end,Arterial,13.0222,77.3235,0,4490
Jalahalli,2017,Damage Only,Rear end,Arterial,13.023,77.3279,0,4491
Jalahalli,2017,Simple Injury,Head on,Arterial,13.0414,77.3146,0,4492
Jalahalli,2017,Damage Only,Rear end,Arterial,13.0258,77.3313,0,4493
Jalahalli,2017,Simple Injury,Head on,Arterial,13.0356,77.3168,0,4494
Jalahalli,2017,Simple Injury,Hit pedestrian,Village Road,13.061217,77.532602,0,4495
Jalahalli,2017,Simple Injury,Rear end,Arterial,13.080853,77.501893,0,4496
Jalahalli,2017,Simple Injury,Rear end,Arterial,13.041739,77.54719,0,4497
Jalahalli,2017,Simple Injury,Hit pedestrian,Sub Arterial,13.06046,77.544161,0,4498
Jalahalli,2017,Simple Injury,Hit pedestrian,Arterial,13.084175,77.486444,0,4499
Jalahalli,2017,Simple Injury,Head on,Arterial,13.04149,77.54685,0,4500
Jalahalli,2017,Damage Only,Rear end,Arterial,13.041763,77.547241,0,4501
Jalahalli,2017,Simple Injury,Rear end,Arterial,13.0222,77.3235,0,4502
Jalahalli,2017,Simple Injury,Head on,Arterial,13.0414,77.3146,0,4503
Jalahalli,2017,Fatal,Side impact or Right angle,Arterial,13.043662,77.553484,1,4504
Jalahalli,2017,Simple Injury,Head on,Arterial,13.030689,77.33063,0,4505
Jalahalli,2017,Simple Injury,Head on,Arterial,13.04017,77.53856,0,4506
Jalahalli,2017,Damage Only,Side impact or Right angle,Arterial,13.045206,77.547941,0,4507
Jalahalli,2017,Simple Injury,Rear end,Sub Arterial,13.061356,77.537034,0,4508
Jalahalli,2018,Simple Injury,Rear end,Arterial,13.050862,77.526423,0,4509
Jalahalli,2018,Simple Injury,Head on,Sub Arterial,13.045627,77.552028,0,4510
Jalahalli,2018,Simple Injury,Head on,Arterial,13.050203,77.525573,0,4511
Jalahalli,2018,Simple Injury,Head on,Sub Arterial,13.058407,77.55913,0,4512
Jalahalli,2018,Simple Injury,Hit pedestrian,Sub Arterial,13.1332308,77.4844976,0,4513
Jalahalli,2018,Simple Injury,Head on,Sub Arterial,13.138232,77.453532,0,4514
Jalahalli,2018,Simple Injury,Right Turn Collision,Arterial,13.053295,77.550909,0,4515
Jalahalli,2018,Simple Injury,Head on,Sub Arterial,13.061273,77.5371,0,4516
Jalahalli,2018,Damage Only,Rear end,Sub Arterial,13.046289,77.555881,0,4517
Jalahalli,2018,Damage Only,Rear end,Arterial,13.040704,77.557237,0,4518
Jalahalli,2018,Simple Injury,Side impact or Right angle,Arterial,13.081171,77.50118,0,4519
Jalahalli,2018,Simple Injury,Head on,Arterial,13.054662,77.549084,0,4520
Jalahalli,2018,Simple Injury,Skidding or Self accident,Arterial,13.105018,77.474768,0,4521
Jalahalli,2018,Simple Injury,Head on,Arterial,13.041711,77.547049,0,4522
Jalahalli,2018,Fatal,Head on,Sub Arterial,13.142915,77.501956,1,4523
Jalahalli,2018,Damage Only,Rear end,Arterial,13.051927,77.552099,0,4524
Jalahalli,2018,Simple Injury,Hit fixed object,Arterial,13.042915,77.561533,0,4525
Jalahalli,2018,Simple Injury,Hit fixed object,Sub Arterial,13.08859,77.487876,0,4526
Jalahalli,2018,Simple Injury,Hit pedestrian,Sub Arterial,13.045583,77.556569,0,4527
Jalahalli,2018,Simple Injury,Skidding or Self accident,Arterial,13.131788,77.477269,0,4528
Jalahalli,2018,Damage Only,Head on,Arterial,13.044066,77.561611,0,4529
Jalahalli,2018,Simple Injury,Rear end,Arterial,13.043986,77.554139,0,4530
Jalahalli,2018,Simple Injury,Head on,Arterial,13.10845,77.483566,0,4531
Jalahalli,2018,Fatal,Skidding or Self accident,Sub Arterial,13.101425,77.530458,1,4532
Jalahalli,2018,Fatal,Head on,Arterial,13.118569,77.48386,1,4533
Jalahalli,2018,Simple Injury,Rear end,Arterial,13.05673,77.54672,0,4534
Jalahalli,2018,Simple Injury,Rear end,Arterial,13.040632,77.557258,0,4535
Jalahalli,2018,Simple Injury,Others,Arterial,13.119106,77.484148,0,4536
Jalahalli,2018,Simple Injury,Hit pedestrian,Sub Arterial,13.051453,77.537246,0,4537
Jalahalli,2018,Simple Injury,Hit pedestrian,Sub Arterial,13.050117,77.539571,0,4538
Jalahalli,2018,Simple Injury,Hit pedestrian,Sub Arterial,13.3063656,77.530602,0,4539
Jalahalli,2018,Simple Injury,Hit pedestrian,Sub Arterial,13.077804,77.497457,0,4540
Jalahalli,2018,Simple Injury,Rear end,Sub Arterial,13.045905,77.549358,0,4541
Jalahalli,2018,Simple Injury,Head on,Arterial,13.05142,77.552225,0,4542
Jalahalli,2018,Simple Injury,Skidding or Self accident,Sub Arterial,13.043267,77.561306,0,4543
Jalahalli,2018,Damage Only,Rear end,Arterial,13.0517574,77.551996,0,4544
Jalahalli,2018,Simple Injury,Rear end,Arterial,13.055674,77.547904,0,4545
Jalahalli,2018,Simple Injury,Hit pedestrian,Sub Arterial,13.0792,77.506538,0,4546
Jalahalli,2018,Simple Injury,Rear end,Arterial,13.043542,77.559165,0,4547
Jalahalli,2018,Simple Injury,Hit pedestrian,Others,13.070825,77.53922,0,4548
Jalahalli,2018,Simple Injury,Hit and Run,Sub Arterial,13.065135,77.53056,0,4549
Jalahalli,2018,Simple Injury,Rear end,Arterial,13.042118,77.548486,0,4550
Jalahalli,2018,Simple Injury,Skidding or Self accident,Arterial,13.046247,77.555955,0,4551
Jalahalli,2018,Damage Only,Rear end,Service Road,13.043772,77.558731,0,4552
Jalahalli,2018,Simple Injury,Skidding or Self accident,Sub Arterial,13.144459,77.480284,0,4553
Jalahalli,2018,Damage Only,Hit parked vehicle,Sub Arterial,13.06031,77.531387,0,4554
Jalahalli,2018,Simple Injury,Rear end,Sub Arterial,13.105524,77.528625,0,4555
Jalahalli,2018,Grievous Injury,Head on,Sub Arterial,13.049088,77.53582,0,4556
Jalahalli,2018,Damage Only,Hit fixed object,Arterial,13.114718,77.4825,0,4557
Jalahalli,2018,Simple Injury,Right Turn Collision,Sub Arterial,13.049585,77.553782,0,4558
Jalahalli,2018,Simple Injury,Head on,Arterial,13.043548,77.560711,0,4559
Jalahalli,2018,Simple Injury,Side impact or Right angle,Arterial,13.048603,77.55016,0,4560
Jalahalli,2018,Simple Injury,Hit pedestrian,Sub Arterial,13.058263,77.539969,0,4561
Jalahalli,2018,Simple Injury,Rear end,Sub Arterial,13.060394,77.537957,0,4562
Jalahalli,2018,Simple Injury,Rear end,Arterial,13.067244,77.503485,0,4563
Jalahalli,2018,Fatal,Rear end,Arterial,13.044179,77.562354,1,4564
Jalahalli,2018,Simple Injury,Rear end,Arterial,13.046014,77.556123,0,4565
Jalahalli,2018,Simple Injury,Skidding or Self accident,Sub Arterial,13.066255,77.519873,0,4566
Jalahalli,2018,Simple Injury,Skidding or Self accident,Sub Arterial,13.071179,77.527637,0,4567
Jalahalli,2018,Simple Injury,Hit pedestrian,Sub Arterial,13.057159,77.546523,0,4568
Jalahalli,2018,Simple Injury,Rear end,Arterial,13.043941,77.557037,0,4569
Jalahalli,2018,Simple Injury,Head on,Sub Arterial,13.051162,77.550692,0,4570
Jalahalli,2018,Simple Injury,Side impact or Right angle,Arterial,13.049565,77.55381,0,4571
Jalahalli,2018,Simple Injury,Side impact or Right angle,Arterial,13.055057,77.54303,0,4572
Jalahalli,2018,Damage Only,Rear end,Sub Arterial,13.070291,77.528761,0,4573
Jalahalli,2018,Simple Injury,Hit pedestrian,Arterial,13.050373,77.553203,0,4574
Jalahalli,2018,Simple Injury,Head on,Arterial,13.118961,77.484316,0,4575
Jalahalli,2018,Damage Only,Rear end,Arterial,13.070191,77.503845,0,4576
Jalahalli,2018,Simple Injury,Rear end,Arterial,13.071204,77.503766,0,4577
Jalahalli,2018,Simple Injury,Hit pedestrian,Sub Arterial,13.071338,77.506155,0,4578
Jalahalli,2018,Damage Only,Rear end,Arterial,13.056679,77.546792,0,4579
Jalahalli,2018,Simple Injury,Rear end,Sub Arterial,13.079786,77.510165,0,4580
Jalahalli,2018,Simple Injury,Side impact or Right angle,Residential Street,13.045641,77.554011,0,4581
Jalahalli,2018,Damage Only,Rear end,Sub Arterial,13.056737,77.546751,0,4582
Jalahalli,2018,Damage Only,Side swipe,Arterial,13.043626,77.561201,0,4583
Jalahalli,2018,Simple Injury,Rear end,Arterial,13.108036,77.482099,0,4584
Jalahalli,2018,Simple Injury,Hit fixed object,Sub Arterial,13.129234,77.488078,0,4585
Jalahalli,2018,Simple Injury,Side impact or Right angle,Sub Arterial,13.041908,77.548882,0,4586
Jalahalli,2018,Simple Injury,Rear end,Arterial,13.043557,77.560807,0,4587
Jalahalli,2018,Simple Injury,Hit pedestrian,Arterial,13.101277,77.480832,0,4588
Jalahalli,2018,Simple Injury,Rear end,Sub Arterial,13.15295,77.473263,0,4589
Jalahalli,2018,Simple Injury,Hit pedestrian,Sub Arterial,13.065796,77.542204,0,4590
Jalahalli,2018,Simple Injury,Head on,Arterial,13.09772,77.484188,0,4591
Jalahalli,2018,Simple Injury,Hit pedestrian,Arterial,13.072053,77.524595,0,4592
Jalahalli,2018,Simple Injury,Hit pedestrian,Arterial,13.044656,77.562498,0,4593
Jalahalli,2018,Simple Injury,Head on,Arterial,13.04792,77.557272,0,4594
Jalahalli,2018,Simple Injury,Rear end,Arterial,13.070169,77.503855,0,4595
Jalahalli,2018,Damage Only,Rear end,Arterial,13.041716,77.547324,0,4596
Jalahalli,2018,Simple Injury,Rear end,Arterial,13.050356,77.553176,0,4597
Jalahalli,2018,Simple Injury,Rear end,Arterial,13.042208,77.548884,0,4598
Jalahalli,2018,Simple Injury,Rear end,Arterial,13.043007,77.551346,0,4599
Jalahalli,2018,Simple Injury,Hit pedestrian,Arterial,13.077745,77.50268,0,4600
Jalahalli,2018,Simple Injury,Head on,Sub Arterial,13.073623,77.529923,0,4601
Jalahalli,2018,Simple Injury,Hit pedestrian,Sub Arterial,13.064844,77.508216,0,4602
Jalahalli,2018,Grievous Injury,Head on,Arterial,13.043641,77.55697,0,4603
Jalahalli,2018,Simple Injury,Head on,Arterial,13.080225,77.509081,0,4604
Jalahalli,2018,Damage Only,Head on,Arterial,13.077971,77.502446,0,4605
Jalahalli,2018,Simple Injury,Head on,Sub Arterial,13.058206,77.521829,0,4606
Jalahalli,2018,Simple Injury,Right Turn Collision,Sub Arterial,13.066854,77.531806,0,4607
Jalahalli,2018,Simple Injury,Hit pedestrian,Sub Arterial,13.049938,77.557509,0,4608
Jalahalli,2018,Damage Only,Rear end,Arterial,13.043599,77.557089,0,4609
Jalahalli,2018,Simple Injury,Hit bicyclist,City or Town Road,13.0781102,77.5022977,0,4610
Jalahalli,2018,Grievous Injury,Side swipe,Arterial,13.084078,77.499352,0,4611
Jalahalli,2018,Simple Injury,Head on,Sub Arterial,13.04926,77.543477,0,4612
Jalahalli,2018,Simple Injury,Right Turn Collision,Sub Arterial,13.048627,77.546474,0,4613
Jalahalli,2018,Simple Injury,Rear end,Sub Arterial,13.054541,77.53174,0,4614
Jalahalli,2018,Simple Injury,Head on,Arterial,13.044681,77.562594,0,4615
Jalahalli,2018,Simple Injury,Hit pedestrian,Arterial,13.054874,77.53471,0,4616
Jalahalli,2018,Damage Only,Hit fixed object,Arterial,13.10455,77.478109,0,4617
Jalahalli,2018,Simple Injury,Head on,Arterial,13.054755,77.549021,0,4618
Jalahalli,2018,Simple Injury,Head on,Sub Arterial,13.047464,77.542343,0,4619
Jalahalli,2018,Simple Injury,Hit parked vehicle,Sub Arterial,13.065509,77.533076,0,4620
Jalahalli,2018,Simple Injury,Rear end,Arterial,13.044942,77.556736,0,4621
Jalahalli,2018,Simple Injury,Head on,Sub Arterial,13.054553,77.531833,0,4622
Jalahalli,2018,Simple Injury,Head on,Arterial,13.130295,77.484393,0,4623
Jalahalli,2018,Fatal,Hit fixed object,Arterial,13.042493,77.557098,1,4624
Jalahalli,2018,Simple Injury,Right Turn Collision,Sub Arterial,13.054811,77.541599,0,4625
Jalahalli,2018,Damage Only,Hit fixed object,Arterial,13.043075,77.551231,0,4626
Jalahalli,2018,Fatal,Head on,Sub Arterial,13.09062,77.50339,1,4627
Jalahalli,2018,Simple Injury,Hit pedestrian,Sub Arterial,13.084069,77.499334,0,4628
Jalahalli,2018,Damage Only,Rear end,Arterial,13.044504,77.562666,0,4629
Jalahalli,2018,Damage Only,Rear end,Sub Arterial,13.049133,77.545082,0,4630
Jalahalli,2018,Fatal,Side swipe,Arterial,13.087662,77.495256,1,4631
Jalahalli,2018,Simple Injury,Rear end,Sub Arterial,13.053215,77.523858,0,4632
Jalahalli,2018,Damage Only,Rear end,Arterial,13.055368,77.548342,0,4633
Jalahalli,2018,Simple Injury,Head on,Arterial,13.053053,77.530259,0,4634
Jalahalli,2018,Simple Injury,Hit pedestrian,Sub Arterial,13.114259,77.502121,0,4635
Jalahalli,2018,Damage Only,Side swipe,Arterial,13.064983,77.544198,0,4636
Jalahalli,2018,Damage Only,Rear end,Arterial,13.053118,77.550966,0,4637
Jalahalli,2018,Simple Injury,Hit pedestrian,Sub Arterial,13.056922,77.548294,0,4638
Jalahalli,2018,Simple Injury,Skidding or Self accident,Sub Arterial,13.121386,77.498181,0,4639
Jalahalli,2018,Simple Injury,Side swipe,City or Town Road,13.13863,77.481095,0,4640
Jalahalli,2018,Simple Injury,Head on,Arterial,13.136458,77.481378,0,4641
Jalahalli,2018,Simple Injury,Rear end,Sub Arterial,13.081038,77.496242,0,4642
Jalahalli,2018,Simple Injury,Side swipe,Sub Arterial,13.047357,77.549682,0,4643
Jalahalli,2018,Simple Injury,Head on,Arterial,13.139128,77.47032,0,4644
Jalahalli,2018,Simple Injury,Head on,Arterial,13.073306,77.50307,0,4645
Jalahalli,2018,Simple Injury,Skidding or Self accident,Sub Arterial,13.079729,77.505462,0,4646
Jalahalli,2018,Damage Only,Hit fixed object,Sub Arterial,13.051041,77.550656,0,4647
Jalahalli,2018,Simple Injury,Head on,Sub Arterial,13.037187,77.535923,0,4648
Jalahalli,2018,Damage Only,Head on,Sub Arterial,13.132967,77.48972,0,4649
Jalahalli,2018,Simple Injury,Right Turn Collision,Sub Arterial,13.065335,77.530597,0,4650
Jalahalli,2018,Simple Injury,Hit pedestrian,Sub Arterial,13.051512,77.552184,0,4651
Jalahalli,2018,Simple Injury,Others,Arterial,13.049661,77.557561,0,4652
Jalahalli,2018,Simple Injury,Head on,Arterial,13.11256,77.468139,0,4653
Jalahalli,2018,Simple Injury,Rear end,Arterial,13.09331,77.489026,0,4654
Jalahalli,2018,Fatal,Rear end,Arterial,13.125426,77.483631,1,4655
Jalahalli,2018,Simple Injury,Head on,Sub Arterial,13.133354,77.489887,0,4656
Jalahalli,2018,Simple Injury,Skidding or Self accident,Sub Arterial,13.153294,77.473056,0,4657
Jalahalli,2018,Simple Injury,Head on,City or Town Road,13.101285,77.480808,0,4658
Jalahalli,2018,Simple Injury,Hit fixed object,Arterial,13.131143,77.484345,0,4659
Jalahalli,2018,Simple Injury,Head on,Sub Arterial,13.036913,77.535197,0,4660
Jalahalli,2018,Fatal,Rear end,Arterial,13.068856,77.503582,1,4661
Jalahalli,2018,Damage Only,Rear end,Sub Arterial,13.060682,77.544957,0,4662
Jalahalli,2018,Damage Only,Hit and Run,Sub Arterial,13.04469,77.537894,0,4663
Jalahalli,2018,Simple Injury,Hit pedestrian,Sub Arterial,13.064608,77.542656,0,4664
Jalahalli,2018,Fatal,Others,Arterial,13.042011,77.562124,1,4665
Jalahalli,2018,Simple Injury,Hit pedestrian,Arterial,13.093266,77.489083,0,4666
Jalahalli,2019,Simple Injury,Rear end,Arterial,13.051336,77.552296,0,4667
Jalahalli,2019,Simple Injury,Not Applicable,Sub Arterial,13.041865,77.539267,0,4668
Jalahalli,2019,Fatal,Vehicle to Vehicle,Arterial,13.105672,77.475154,1,4669
Jalahalli,2019,Simple Injury,Hit pedestrian,State Highway,13.130668,77.484412,0,4670
Jalahalli,2019,Simple Injury,Hit pedestrian,Sub Arterial,13.105004,77.483917,0,4671
Jalahalli,2019,Simple Injury,Vehicle to Vehicle,Arterial,13.044643,77.563009,0,4672
Jalahalli,2019,Fatal,Hit pedestrian,Arterial,13.136621,77.48099,1,4673
Jalahalli,2019,Simple Injury,Vehicle to Vehicle,Arterial,13.076772,77.50346,0,4674
Jalahalli,2019,Simple Injury,Vehicle to Vehicle,Arterial,13.092145,77.49128,0,4675
Jalahalli,2019,Damage Only,Hit fixed object,Sub Arterial,13.071733,77.525509,0,4676
Jalahalli,2019,Damage Only,Side swipe,City or Town Road,13.141774,77.459007,0,4677
Jalahalli,2019,Simple Injury,Side swipe,State Highway,13.140872,77.46218,0,4678
Jalahalli,2019,Simple Injury,Head on,State Highway,13.097703,77.484176,0,4679
Jalahalli,2019,Simple Injury,Head on,City or Town Road,13.143049,77.483587,0,4680
Jalahalli,2019,Simple Injury,Side swipe,Sub Arterial,13.071974,77.530241,0,4681
Jalahalli,2019,Simple Injury,Rear end,State Highway,13.141438,77.463008,0,4682
Jalahalli,2019,Damage Only,Rear end,Arterial,13.049693,77.524896,0,4683
Jalahalli,2019,Simple Injury,Vehicle to Vehicle,Sub Arterial,13.05108,77.557429,0,4684
Jalahalli,2019,Simple Injury,Hit pedestrian,Sub Arterial,13.079361,77.505948,0,4685
Jalahalli,2019,Simple Injury,Side swipe,City or Town Road,13.088298,77.495316,0,4686
Jalahalli,2019,Simple Injury,Head on,Sub Arterial,13.076624,77.497882,0,4687
Jalahalli,2019,Simple Injury,Side swipe,Sub Arterial,13.054637,77.532719,0,4688
Jalahalli,2019,Fatal,Hit bicyclist,State Highway,13.140529,77.467504,1,4689
Jalahalli,2019,Simple Injury,Head on,Sub Arterial,13.074263,77.517541,0,4690
Jalahalli,2019,Simple Injury,Side swipe,City or Town Road,13.060781,77.531261,0,4691
Jalahalli,2019,Simple Injury,Head on,Sub Arterial,13.06977,77.529763,0,4692
Jalahalli,2019,Simple Injury,Side swipe,City or Town Road,13.043599,77.556969,0,4693
Jalahalli,2019,Simple Injury,Hit bicyclist,Arterial,13.056756,77.546171,0,4694
Jalahalli,2019,Simple Injury,Side swipe,City or Town Road,13.0919968,77.49141,0,4695
Jalahalli,2019,Simple Injury,Side impact or Right angle,Arterial,13.048877,77.55011,0,4696
Jalahalli,2019,Fatal,Skidding or Self accident,City or Town Road,13.155617,77.473137,1,4697
Jalahalli,2019,Simple Injury,Vehicle to Vehicle,Sub Arterial,13.077353,77.517256,0,4698
Jalahalli,2019,Simple Injury,Side impact or Right angle,Sub Arterial,13.056783,77.546789,0,4699
Jalahalli,2019,Grievous Injury,Hit pedestrian,Sub Arterial,13.0929,77.526505,0,4700
Jalahalli,2019,Damage Only,Head on,Sub Arterial,13.049829,77.525108,0,4701
Jalahalli,2019,Simple Injury,Head on,Others,13.066638,77.504581,0,4702
Jalahalli,2019,Simple Injury,Hit pedestrian,Arterial,13.065556,77.527689,0,4703
Jalahalli,2019,Fatal,Vehicle to Vehicle,Arterial,13.07028,77.503864,1,4704
Jalahalli,2019,Simple Injury,Vehicle to Vehicle,Sub Arterial,13.078277,77.530673,0,4705
Jalahalli,2019,Simple Injury,Side swipe,City or Town Road,13.08061,77.502519,0,4706
Jalahalli,2019,Simple Injury,Vehicle to Vehicle,Arterial,13.042119,77.562219,0,4707
Jalahalli,2019,Simple Injury,Hit pedal cyclist,Sub Arterial,13.04782,77.542501,0,4708
Jalahalli,2019,Simple Injury,Head on,Sub Arterial,13.091433,77.532012,0,4709
Jalahalli,2019,Simple Injury,Vehicle to Vehicle,Others,13.088166,77.49486,0,4710
Jalahalli,2019,Simple Injury,Vehicle to Vehicle,Arterial,13.045592,77.755456,0,4711
Jalahalli,2019,Simple Injury,Hit pedestrian,Sub Arterial,13.16053,77.46116,0,4712
Jalahalli,2019,Simple Injury,Head on,City or Town Road,13.082012,77.500272,0,4713
Jalahalli,2019,Fatal,Rear end,Sub Arterial,13.066621,77.53053,1,4714
Jalahalli,2019,Simple Injury,Side swipe,State Highway,13.107856,77.481568,0,4715
Jalahalli,2019,Simple Injury,Others,Sub Arterial,13.051173,77.550723,0,4716
Jalahalli,2019,Simple Injury,Side swipe,Sub Arterial,13.051458,77.538893,0,4717
Jalahalli,2019,Simple Injury,Vehicle to Vehicle,Sub Arterial,13.111968,77.525488,0,4718
Jalahalli,2019,Simple Injury,Head on,Arterial,13.15419,77.472907,0,4719
Jalahalli,2019,Simple Injury,Head on,Sub Arterial,13.045766,77.549148,0,4720
Jalahalli,2019,Simple Injury,Not Applicable,Arterial,13.092638,77.490504,0,4721
Jalahalli,2019,Simple Injury,Vehicle to Vehicle,Sub Arterial,13.054671,77.540891,0,4722
Jalahalli,2019,Fatal,Vehicle to Vehicle,Sub Arterial,13.140481,77.467774,1,4723
Jalahalli,2019,Simple Injury,Hit pedestrian,Sub Arterial,13.081304,77.496215,0,4724
Jalahalli,2019,Simple Injury,Vehicle to Vehicle,Sub Arterial,13.13977,77.457067,0,4725
Jalahalli,2019,Simple Injury,Vehicle to Vehicle,Sub Arterial,13.128203,77.484167,0,4726
Jalahalli,2019,Simple Injury,Rear end,Arterial,13.043025,77.557087,0,4727
Jalahalli,2019,Fatal,Vehicle to Vehicle,Arterial,13.090211,77.492667,1,4728
Jalahalli,2019,Simple Injury,Vehicle to Vehicle,Sub Arterial,13.04903,77.547536,0,4729
Jalahalli,2019,Simple Injury,Head on,Sub Arterial,13.054674,77.536465,0,4730
Jalahalli,2019,Simple Injury,Skidding or Self accident,Sub Arterial,13.060964,77.544064,0,4731
Jalahalli,2019,Fatal,Hit pedestrian,State Highway,13.138891,77.470835,1,4732
Jalahalli,2019,Simple Injury,Hit pedestrian,Arterial,13.048905,77.550702,0,4733
Jalahalli,2019,Simple Injury,Vehicle to Vehicle,Sub Arterial,13.051173,77.550723,0,4734
Jalahalli,2019,Simple Injury,Hit pedestrian,Arterial,13.042056,77.547989,0,4735
Jalahalli,2019,Fatal,Hit bicyclist,Sub Arterial,13.142992,77.49531,1,4736
Jalahalli,2019,Simple Injury,Hit pedestrian,Sub Arterial,13.07789,77.497454,0,4737
Jalahalli,2019,Simple Injury,Side swipe,City or Town Road,13.07552,77.500962,0,4738
Jalahalli,2019,Simple Injury,Hit pedestrian,Sub Arterial,13.057679,77.546369,0,4739
Jalahalli,2019,Fatal,Vehicle to Vehicle,Sub Arterial,13.156941,77.509033,1,4740
Jalahalli,2020,Simple Injury,Not Applicable,Sub Arterial,13.042585,77.561645,0,4741
Jalahalli,2020,Simple Injury,Vehicle to Vehicle,Sub Arterial,13.045888,77.522243,0,4742
Jalahalli,2020,Simple Injury,Hit pedestrian,Sub Arterial,13.054709,77.5448949,0,4743
Jalahalli,2020,Fatal,Vehicle to Vehicle,Sub Arterial,13.140244,77.469074,1,4744
Jalahalli,2020,Simple Injury,Hit pedestrian,Sub Arterial,13.05133,77.538757,0,4745
Jalahalli,2020,Simple Injury,Hit pedestrian,Sub Arterial,13.078298,77.520561,0,4746
Jalahalli,2020,Simple Injury,Vehicle to Vehicle,Sub Arterial,13.051079,77.526723,0,4747
Jalahalli,2020,Simple Injury,Hit pedestrian,Sub Arterial,13.0840619,77.4992993,0,4748
Jalahalli,2020,Simple Injury,Vehicle to Vehicle,Sub Arterial,13.0416331,77.5540283,0,4749
Jalahalli,2020,Simple Injury,Vehicle to Vehicle,Sub Arterial,13.043975,77.554673,0,4750
Jalahalli,2020,Simple Injury,Vehicle to Vehicle,Sub Arterial,13.064806,77.544191,0,4751
Jalahalli,2020,Fatal,Vehicle to Vehicle,Sub Arterial,13.1058371,77.5280662,1,4752
Jalahalli,2020,Simple Injury,Vehicle to Vehicle,Sub Arterial,13.045888,77.522243,0,4753
Jalahalli,2020,Simple Injury,Vehicle to Vehicle,Sub Arterial,13.04424,77.55698,0,4754
Jalahalli,2020,Fatal,Not Applicable,Sub Arterial,13.0669236,77.5418195,1,4755
Jalahalli,2020,Simple Injury,Vehicle to Vehicle,Sub Arterial,13.114322,77.516452,0,4756
Jalahalli,2021,Grievous Injury,Vehicle to Vehicle,Sub Arterial,13.06431,77.53029167,0,4757
Jalahalli,2021,Damage Only,Vehicle to Vehicle,Sub Arterial,13.07837,77.48923,0,4758
Jalahalli,2021,Grievous Injury,Not Applicable,Sub Arterial,13.0609434,77.531295,0,4759
Jalahalli,2021,Grievous Injury,Hit pedestrian,State Highway,13.0463692,77.5417256,0,4760
Jalahalli,2021,Fatal,Vehicle to Vehicle,Sub Arterial,13.038698,77.557366,1,4761
Jalahalli,2021,Simple Injury,Vehicle to Vehicle,Sub Arterial,13.06093,77.50756,0,4762
Jalahalli,2021,Simple Injury,Vehicle to Vehicle,Sub Arterial,13.05603018,77.55737591,0,4763
Jalahalli,2021,Simple Injury,Vehicle to Vehicle,Sub Arterial,13.0780433,77.5023966,0,4764
Jalahalli,2021,Fatal,Vehicle to Vehicle,Sub Arterial,13.06163215,77.53117047,1,4765
Jalahalli,2021,Simple Injury,Vehicle to Vehicle,Sub Arterial,13.052332,77.552175,0,4766
Jalahalli,2021,Grievous Injury,Vehicle to Vehicle,Sub Arterial,13.1278454,77.50280719,0,4767
Jalahalli,2021,Grievous Injury,Not Applicable,Sub Arterial,13.039838,77.557255,0,4768
Jalahalli,2021,Fatal,Vehicle to Vehicle,Sub Arterial,13.110275,77.4829075,1,4769
Jalahalli,2021,Simple Injury,Hit pedestrian,Sub Arterial,13.0543594,77.5234252,0,4770
Jalahalli,2021,Simple Injury,Not Applicable,Sub Arterial,13.05476,77.5489549,0,4771
Jalahalli,2021,Grievous Injury,Vehicle to Vehicle,Sub Arterial,13.082303,77.495869,0,4772
Jalahalli,2021,Simple Injury,Hit pedestrian,Sub Arterial,13.0506543,77.5404429,0,4773
Jalahalli,2021,Simple Injury,Not Applicable,Sub Arterial,13.11334,77.514965,0,4774
Jalahalli,2021,Grievous Injury,Not Applicable,Sub Arterial,13.087946,77.487716,0,4775
Jalahalli,2021,Grievous Injury,Vehicle to Vehicle,Sub Arterial,13.055989,77.557197,0,4776
Jalahalli,2021,Grievous Injury,Vehicle to Vehicle,Sub Arterial,13.0526187,77.5242017,0,4777
Jalahalli,2021,Fatal,Vehicle to Vehicle,Sub Arterial,13.1323275,77.4843579,1,4778
Jalahalli,2021,Simple Injury,Vehicle to Vehicle,Sub Arterial,13.0500956,77.52535076,0,4779
Jalahalli,2021,Simple Injury,Hit pedestrian,Sub Arterial,13.047041,77.547801,0,4780
Jalahalli,2021,Simple Injury,Hit pedestrian,Sub Arterial,13.054141,77.5334587,0,4781
Jalahalli,2021,Grievous Injury,Vehicle to Vehicle,Sub Arterial,13.054905,77.534332,0,4782
Jalahalli,2021,Simple Injury,Vehicle to Vehicle,Sub Arterial,13.0449974,77.5380359,0,4783
Jalahalli,2021,Simple Injury,Vehicle to Vehicle,Sub Arterial,13.040085,77.538499,0,4784
Jalahalli,2021,Grievous Injury,Vehicle to Vehicle,Sub Arterial,13.0637993,77.544163,0,4785
Jalahalli,2021,Grievous Injury,Vehicle to Vehicle,Sub Arterial,13.0424088,77.557138,0,4786
Jalahalli,2021,Grievous Injury,Vehicle to Vehicle,Sub Arterial,13.137854,77.479089,0,4787
Jalahalli,2021,Damage Only,Vehicle to Vehicle,Sub Arterial,13.041266,77.545817,0,4788
Jalahalli,2021,Simple Injury,Hit pedestrian,Sub Arterial,13.04385956,77.55383863,0,4789
Jalahalli,2021,Fatal,Not Applicable,Sub Arterial,13.10455062,77.47816798,1,4790
Jalahalli,2021,Damage Only,Vehicle to Vehicle,Sub Arterial,13.05594,77.55719,0,4791
Jalahalli,2021,Fatal,Vehicle to Vehicle,Sub Arterial,13.0444226,77.5588968,1,4792
Jalahalli,2021,Grievous Injury,Vehicle to Vehicle,Sub Arterial,13.0710771,77.5182152,0,4793
Jalahalli,2021,Simple Injury,Hit bicyclist,Sub Arterial,13.04379,77.55994,0,4794
Jalahalli,2021,Fatal,Not Applicable,State Highway,13.1381266,77.4765683,1,4795
Jalahalli,2021,Fatal,Not Applicable,Sub Arterial,13.09519,77.451256,1,4796
Jalahalli,2021,Fatal,Vehicle to Vehicle,Sub Arterial,13.04426866,77.5625768,1,4797
Jalahalli,2021,Fatal,Hit pedestrian,Sub Arterial,13.0726429,77.5033007,1,4798
Jalahalli,2021,Grievous Injury,Vehicle to Vehicle,Sub Arterial,13.0541956,77.5321003,0,4799
Jalahalli,2021,Damage Only,Not Applicable,Sub Arterial,13.048862,77.550763,0,4800
Jalahalli,2021,Simple Injury,Vehicle to Vehicle,Sub Arterial,13.040873,77.54497,0,4801
Jalahalli,2021,Simple Injury,Hit pedestrian,Sub Arterial,13.05527,77.542807,0,4802
Jalahalli,2021,Grievous Injury,Vehicle to Vehicle,Sub Arterial,13.046232,77.555973,0,4803
Jalahalli,2021,Fatal,Vehicle to Vehicle,Sub Arterial,13.097154,77.484604,1,4804
Jalahalli,2021,Simple Injury,Vehicle to Vehicle,Sub Arterial,13.0850446,77.4987539,0,4805
Jalahalli,2021,Grievous Injury,Vehicle to Vehicle,Sub Arterial,13.104707,77.478439,0,4806
Jalahalli,2021,Damage Only,Vehicle to Vehicle,Sub Arterial,13.0656536,77.5449245,0,4807
Jalahalli,2021,Grievous Injury,Vehicle to Vehicle,Sub Arterial,13.0492782,77.546755,0,4808
Jalahalli,2021,Damage Only,Vehicle to Vehicle,Sub Arterial,13.070475,77.503921,0,4809
Jalahalli,2021,Fatal,Not Applicable,Sub Arterial,13.168544,77.483485,1,4810
Jalahalli,2021,Fatal,Vehicle to Vehicle,One way,13.040873,77.54497,1,4811
Jalahalli,2021,Grievous Injury,Vehicle to Vehicle,Sub Arterial,13.182735,77.484373,0,4812
Jalahalli,2021,Grievous Injury,Not Applicable,Sub Arterial,13.1521799,77.5061383,0,4813
Jalahalli,2021,Fatal,Vehicle to Vehicle,Sub Arterial,13.141315,77.49971,1,4814
Jalahalli,2021,Grievous Injury,Not Applicable,Sub Arterial,13.08711,77.495953,0,4815
Jalahalli,2022,Grievous Injury,Vehicle to Vehicle,Sub Arterial,13.04609,77.55592,0,4816
Jalahalli,2022,Grievous Injury,Hit pedestrian,Sub Arterial,13.06118,77.50877,0,4817
Jalahalli,2022,Grievous Injury,Vehicle to Vehicle,Others,13.0555,77.5481,0,4818
Jalahalli,2022,Grievous Injury,Vehicle to Vehicle,Forest Road,13.0659,77.5434,0,4819
Jalahalli,2022,Fatal,Not Applicable,Others,13.16035,77.4609,1,4820
Jalahalli,2022,Simple Injury,Hit pedestrian,Others,13.06992,77.54486,0,4821
Jalahalli,2022,Grievous Injury,Vehicle to Vehicle,Residential Street,13.049049,77.548418,0,4822
Jalahalli,2022,Grievous Injury,Vehicle to Vehicle,Minor District Road,13.07976,77.505407,0,4823
Jalahalli,2022,Grievous Injury,Vehicle to Vehicle,Others,13.04875,77.54647,0,4824
Jalahalli,2022,Grievous Injury,Vehicle to Vehicle,Residential Street,13.07572,77.53011,0,4825
Jalahalli,2022,Damage Only,Vehicle to Vehicle,Sub Arterial,13.046028,77.538094,0,4826
Jalahalli,2022,Grievous Injury,Hit pedestrian,Sub Arterial,13.087,77.4989,0,4827
Jalahalli,2022,Grievous Injury,Hit pedestrian,State Highway,13.136655,77.48102,0,4828
Jalahalli,2022,Grievous Injury,Hit pedestrian,Minor District Road,13.10577,77.56826,0,4829
Jalahalli,2022,Grievous Injury,Not Applicable,Sub Arterial,13.15724,77.470454,0,4830
Jalahalli,2022,Grievous Injury,Vehicle to Vehicle,Residential Street,13.0492,77.5501,0,4831
Jalahalli,2022,Grievous Injury,Not Applicable,Others,13.08425,77.53091,0,4832
Jalahalli,2022,Damage Only,Not Applicable,Sub Arterial,13.060642,77.531288,0,4833
Jalahalli,2022,Grievous Injury,Vehicle to Vehicle,Sub Arterial,13.105726,77.52859,0,4834
Jalahalli,2022,Grievous Injury,Hit pedestrian,State Highway,13.043572,77.552653,0,4835
Jalahalli,2022,Grievous Injury,Not Applicable,Residential Street,13.056791,77.547608,0,4836
Jalahalli,2022,Grievous Injury,Hit pedestrian,Sub Arterial,13.05772776,77.5220128,0,4837
Jalahalli,2022,Grievous Injury,Vehicle to Vehicle,Residential Street,13.0753,77.517,0,4838
Jalahalli,2022,Fatal,Vehicle to Vehicle,State Highway,13.083951,77.499476,1,4839
Jalahalli,2022,Grievous Injury,Not Applicable,Sub Arterial,13.05473319,77.54154607,0,4840
Jalahalli,2022,Simple Injury,Hit pedestrian,Others,13.1246737,77.4879589,0,4841
Jalahalli,2022,Fatal,Not Applicable,Residential Street,13.10577,77.528665,1,4842
Jalahalli,2022,Simple Injury,Not Applicable,Sub Arterial,13.04682675,77.55560943,0,4843
Jalahalli,2022,Grievous Injury,Vehicle to Vehicle,Sub Arterial,13.05172574,77.55200842,0,4844
Jalahalli,2022,Grievous Injury,Vehicle to Vehicle,Sub Arterial,13.09293268,77.52642406,0,4845
Jalahalli,2022,Grievous Injury,Not Applicable,Residential Street,13.0801,77.5093,0,4846
Jalahalli,2022,Simple Injury,Vehicle to Vehicle,State Highway,13.0437,77.561,0,4847
Jalahalli,2022,Grievous Injury,Vehicle to Vehicle,State Highway,13.096864,77.485183,0,4848
Jalahalli,2022,Fatal,Not Applicable,Sub Arterial,13.03815069,77.5375231,1,4849
Jalahalli,2022,Grievous Injury,Vehicle to Vehicle,Sub Arterial,13.0644261,77.5444523,0,4850
Jalahalli,2022,Simple Injury,Vehicle to Vehicle,Others,13.048775,77.5492286,0,4851
Jalahalli,2022,Grievous Injury,Vehicle to Vehicle,Major District Road,13.043067,77.552806,0,4852
Jalahalli,2022,Grievous Injury,Not Applicable,Major District Road,13.119042,77.52305,0,4853
Jalahalli,2022,Grievous Injury,Vehicle to Vehicle,Sub Arterial,13.049034,77.523854,0,4854
Jalahalli,2022,Grievous Injury,Not Applicable,Residential Street,13.087,77.4863,0,4855
Jalahalli,2022,Grievous Injury,Vehicle to Vehicle,Sub Arterial,13.05444061,77.53770601,0,4856
Jalahalli,2022,Grievous Injury,Not Applicable,State Highway,13.04330527,77.55236098,0,4857
Jalahalli,2022,Grievous Injury,Vehicle to Vehicle,Sub Arterial,13.08019264,77.50901812,0,4858
Jalahalli,2022,Damage Only,Not Applicable,State Highway,13.155279,77.473042,0,4859
Jalahalli,2022,Grievous Injury,Hit pedestrian,Sub Arterial,13.04572007,77.55632171,0,4860
Jalahalli,2022,Grievous Injury,Hit pedestrian,Major District Road,13.10782,77.48137,0,4861
Jalahalli,2022,Grievous Injury,Vehicle to Vehicle,Mixed,13.1596,77.5111,0,4862
Jalahalli,2023,Grievous Injury,Hit pedestrian,Two way,13.04444,77.55704,0,4863
Jalahalli,2023,Grievous Injury,Vehicle to Vehicle,Sub Arterial,13.087287,77.506879,0,4864
Jalahalli,2023,Fatal,Vehicle to Vehicle,State Highway,13.096874,77.48534,1,4865
Jalahalli,2023,Fatal,Not Applicable,Sub Arterial,13.055954,77.545875,1,4866
Jalahalli,2023,Simple Injury,Vehicle to Vehicle,Two way,13.004256,77.555124,0,4867
Jalahalli,2023,Grievous Injury,Vehicle to Vehicle,Others,13.05311,77.554618,0,4868
Jalahalli,2023,Simple Injury,Vehicle to Vehicle,Others,13.106823,77.483282,0,4869
Jalahalli,2023,Simple Injury,Vehicle to Vehicle,Others,13.038098,77.537818,0,4870
Jalahalli,2023,Fatal,Not Applicable,Others,13.017778,77.518208,1,4871
Jalahalli,2023,Grievous Injury,Hit pedestrian,Sub Arterial,13.057719,77.55045,0,4872
Jalahalli,2023,Simple Injury,Not Applicable,Two way,13.100279,77.531452,0,4873
Jalahalli,2023,Simple Injury,Vehicle to Vehicle,Others,13.059177,77.562004,0,4874
Jalahalli,2023,Grievous Injury,Vehicle to Vehicle,Not Applicable,13.050653,77.552903,0,4875
Jalahalli,2023,Damage Only,Vehicle to Vehicle,Sub Arterial,13.099,77.5321,0,4876
Jalahalli,2023,Simple Injury,Vehicle to Vehicle,State Highway,13.1103,77.4824,0,4877
Jalahalli,2023,Grievous Injury,Hit pedestrian,Others,13.04999,77.557106,0,4878
Jalahalli,2023,Grievous Injury,Vehicle to Vehicle,Others,13.052477,77.529535,0,4879
Jalahalli,2023,Simple Injury,Vehicle to Vehicle,Sub Arterial,13.04383,77.56111,0,4880
Jalahalli,2023,Simple Injury,Vehicle to Vehicle,Others,13.10684,77.52823,0,4881
Jalahalli,2023,Fatal,Vehicle to Vehicle,Two way,13.1354,77.4843,1,4882
Jalahalli,2023,Simple Injury,Vehicle to Vehicle,Two way,13.0539042,77.55689794,0,4883
Jalahalli,2023,Fatal,Not Applicable,Two way,13.079108,77.706851,1,4884
Jalahalli,2023,Fatal,Vehicle to Vehicle,Others,13.105045,77.486194,1,4885
Jalahalli,2023,Fatal,Hit pedestrian,Others,13.043711,77.558342,1,4886
Jalahalli,2023,Fatal,Vehicle to Vehicle,Others,13.042518,77.539459,1,4887
Jalahalli,2023,Simple Injury,Vehicle to Vehicle,Others,13.088185,77.531222,0,4888
Jalahalli,2023,Fatal,Not Applicable,Sub Arterial,13.118097,77.525338,1,4889
Jalahalli,2023,Simple Injury,Vehicle to Vehicle,Sub Arterial,13.21474,77.315272,0,4890
Jalahalli,2023,Simple Injury,Not Applicable,Two way,13.107,77.59948,0,4891
Jalahalli,2023,Simple Injury,Vehicle to Vehicle,Sub Arterial,13.1091,77.49161,0,4892
Jalahalli,2023,Damage Only,Vehicle to Vehicle,Two way,13.04748,77.542414,0,4893
Jalahalli,2023,Simple Injury,Hit pedestrian,Others,13.114296,77.510567,0,4894
Jalahalli,2023,Simple Injury,Vehicle to Vehicle,Sub Arterial,13.0809,77.5016,0,4895
Jalahalli,2023,Fatal,Not Applicable,Sub Arterial,13.04513,77.5634,1,4896
Jalahalli,2023,Simple Injury,Not Applicable,Sub Arterial,13.047034,77.547685,0,4897
Jalahalli,2023,Fatal,Hit pedestrian,One way,13.043551,77.557067,1,4898
Jalahalli,2023,Simple Injury,Not Applicable,Residential Street,13.0425,77.55512,0,4899
Jalahalli,2023,Simple Injury,Hit pedestrian,Two way,13.04258361,77.54940359,0,4900
Jalahalli,2023,Simple Injury,Not Applicable,Sub Arterial,13.042929,77.556781,0,4901
Jalahalli,2023,Damage Only,Not Applicable,Sub Arterial,13.0365,77.5415,0,4902
Jalahalli,2023,Simple Injury,Vehicle to Vehicle,Others,13.1357,77.4831,0,4903
Jalahalli,2023,Simple Injury,Not Applicable,Two way,13.044132,77.556824,0,4904
Jalahalli,2023,Fatal,Vehicle to Vehicle,Others,13.129611,77.487863,1,4905
Jalahalli,2023,Fatal,Not Applicable,Two way,13.096236,77.485979,1,4906
Jalahalli,2023,Simple Injury,Not Applicable,Others,13.041694,77.547294,0,4907
Jalahalli,2023,Damage Only,Vehicle to Vehicle,Others,13.043846,77.553817,0,4908
Jalahalli,2023,Fatal,Vehicle to Vehicle,Others,13.059177,77.562004,1,4909
Jalahalli,2023,Simple Injury,Vehicle to Vehicle,Others,13.072934,77.503147,0,4910
Jalahalli,2023,Simple Injury,Hit pedestrian,Others,13.13735,77.478088,0,4911
Jalahalli,2023,Fatal,Not Applicable,Others,13.082585,77.495661,1,4912
Jalahalli,2023,Fatal,Hit pedestrian,Major District Road,13.058674,77.545859,1,4913
Jalahalli,2023,Damage Only,Vehicle to Vehicle,Two way,13.041397,77.54712,0,4914
Jalahalli,2023,Simple Injury,Vehicle to Vehicle,Sub Arterial,13.114613,77.508794,0,4915
Jalahalli,2023,Grievous Injury,Vehicle to Vehicle,Two way,13.07989,77.503925,0,4916
Jalahalli,2023,Fatal,Hit pedestrian,Others,13.10533,77.48568,1,4917
Jalahalli,2023,Simple Injury,Vehicle to Vehicle,Two way,13.159491,77.479227,0,4918
Jalahalli,2023,Simple Injury,Vehicle to Vehicle,Sub Arterial,13.044898,77.55015,0,4919
Jalahalli,2023,Simple Injury,Vehicle to Vehicle,Others,13.08699,77.500228,0,4920
Jalahalli,2023,Simple Injury,Hit pedestrian,Others,13.042614,77.550093,0,4921
Jalahalli,2023,Grievous Injury,Vehicle to Vehicle,Sub Arterial,13.072742,77.524025,0,4922
Jalahalli,2023,Grievous Injury,Hit pedestrian,Sub Arterial,13.07856,77.52022,0,4923
Jalahalli,2023,Damage Only,Not Applicable,Sub Arterial,13.1065,77.518,0,4924
Jalahalli,2023,Fatal,Hit pedestrian,Others,13.058621,77.533525,1,4925
Jalahalli,2023,Fatal,Vehicle to Vehicle,Minor District Road,13.08688,77.536994,1,4926
Jalahalli,2023,Grievous Injury,Hit pedestrian,Sub Arterial,13.045551,77.55636,0,4927
Jalahalli,2023,Fatal,Not Applicable,Residential Street,13.039349,77.538623,1,4928
Jayanagar,2016,Damage Only,Right Turn Collision,City or Town Road,12.9080588,77.5905559,0,4929
Jayanagar,2016,Grievous Injury,Side impact or Right angle,City or Town Road,12.9363964,77.5843922,0,4930
Jayanagar,2016,Grievous Injury,Others,City or Town Road,12.9255064,77.5989082,0,4931
Jayanagar,2016,Grievous Injury,Others,City or Town Road,12.9322959,77.5901765,0,4932
Jayanagar,2016,Grievous Injury,Head on,City or Town Road,12.9254672,77.5848671,0,4933
Jayanagar,2016,Simple Injury,Hit pedestrian,City or Town Road,12.9161789,77.5849652,0,4934
Jayanagar,2016,Fatal,Others,City or Town Road,12.916831,77.5955119,1,4935
Jayanagar,2016,Simple Injury,Others,City or Town Road,12.9280339,77.5650369,0,4936
Jayanagar,2016,Grievous Injury,Others,City or Town Road,12.9263141,77.5796463,0,4937
Jayanagar,2017,Fatal,Others,City or Town Road,12.917014,77.578754,1,4938
Jayanagar,2017,Grievous Injury,Hit and Run,City or Town Road,12.9391834,77.5826056,0,4939
Jayanagar,2017,Fatal,Hit and Run,City or Town Road,12.942588,77.582847,1,4940
Jayanagar,2017,Grievous Injury,Head on,City or Town Road,12.91269,77.59557,0,4941
Jayanagar,2017,Grievous Injury,Others,City or Town Road,12.9168375,77.5968628,0,4942
Jayanagar,2017,Grievous Injury,Hit pedestrian,City or Town Road,12.891163,77.594358,0,4943
Jayanagar,2017,Fatal,Hit pedestrian,City or Town Road,12.9102093,77.5935776,1,4944
Jayanagar,2017,Simple Injury,Hit and Run,City or Town Road,12.921588,77.584815,0,4945
Jayanagar,2017,Grievous Injury,Hit pedestrian,City or Town Road,12.919164,77.576346,0,4946
Jayanagar,2017,Simple Injury,Side swipe,City or Town Road,12.9366843,77.580423,0,4947
Jayanagar,2017,Fatal,Hit and Run,City or Town Road,12.906524,77.579346,1,4948
Jayanagar,2018,Grievous Injury,Hit bicyclist,City or Town Road,12.911641,77.591423,0,4949
Jayanagar,2018,Simple Injury,Head on,City or Town Road,12.90041,77.585847,0,4950
Jayanagar,2018,Simple Injury,Rear end,City or Town Road,12.900845,77.574369,0,4951
Jayanagar,2018,Simple Injury,Rear end,City or Town Road,12.9265193,77.5821802,0,4952
Jayanagar,2018,Grievous Injury,Hit pedal cyclist,City or Town Road,12.8970447,77.5799303,0,4953
Jayanagar,2018,Not Applicable,Head on,City or Town Road,12.926325,77.583744,0,4954
Jayanagar,2018,Fatal,Hit bicyclist,City or Town Road,12.918999,77.577848,1,4955
Jayanagar,2019,Simple Injury,Not Applicable,Two way,12.910217,77.595341,0,4956
Jayanagar,2019,Grievous Injury,Vehicle to Vehicle,Two way,12.926387,77.581137,0,4957
Jayanagar,2019,Fatal,Hit animal,Two way,12.903897,77.595343,1,4958
Jayanagar,2019,Grievous Injury,Vehicle to Vehicle,Others,12.935852,77.582735,0,4959
Jayanagar,2019,Grievous Injury,Hit pedestrian,Two way,12.891083,77.595161,0,4960
Jayanagar,2019,Fatal,Vehicle to Vehicle,Two way,12.904009,77.585755,1,4961
Jayanagar,2019,Grievous Injury,Hit pedestrian,Two way,12.942811,77.592916,0,4962
Jayanagar,2019,Fatal,Not Applicable,Two way,12.941151,77.597499,1,4963
Jayanagar,2019,Fatal,Not Applicable,Two way,12.907088,77.580293,1,4964
Jayanagar,2019,Grievous Injury,Vehicle to Vehicle,Others,12.908134,77.580748,0,4965
Jayanagar,2019,Grievous Injury,Hit pedestrian,Not Applicable,12.906462,77.578239,0,4966
Jayanagar,2019,Fatal,Hit pedestrian,Others,12.914441,77.575799,1,4967
Jayanagar,2019,Grievous Injury,Hit pedestrian,Not Applicable,12.906518,77.573376,0,4968
Jayanagar,2019,Grievous Injury,Vehicle to Vehicle,Two way,12.913967,77.585756,0,4969
Jayanagar,2019,Grievous Injury,Hit pedestrian,Others,12.908977,77.57782,0,4970
Jayanagar,2020,Grievous Injury,Vehicle to Vehicle,Two way,12.915072,77.59502,0,4971
Jayanagar,2022,Grievous Injury,Vehicle to Vehicle,Two way,12.92764,77.58084,0,4972
Jayanagar,2022,Grievous Injury,Vehicle to Vehicle,Two way,12.905814,77.580342,0,4973
Jayanagar,2023,Grievous Injury,Hit pedestrian,Two way,12.916965,77.573485,0,4974
Jayanagar,2023,Simple Injury,Vehicle to Vehicle,Arterial,12.906274,77.590551,0,4975
Jayanagar,2023,Fatal,Hit pedestrian,Arterial,12.906401,77.579074,1,4976
Jayanagar,2023,Grievous Injury,Hit pedestrian,Two way,12.911429,77.573363,0,4977
Jayanagar,2023,Grievous Injury,Hit pedestrian,One way,12.928646,77.585246,0,4978
Jayanagar,2023,Fatal,Vehicle to Vehicle,Sub Arterial,12.929222,77.580129,1,4979
Jayanagar,2023,Simple Injury,Hit pedestrian,Two way,12.919916,77.581873,0,4980
Jayanagar,2023,Grievous Injury,Hit pedestrian,Two way,12.918123,77.574852,0,4981
Jayanagar,2023,Grievous Injury,Vehicle to Vehicle,Two way,12.909039,77.595766,0,4982
Jayanagar,2023,Grievous Injury,Vehicle to Vehicle,Two way,12.912509,77.581305,0,4983
Jayanagar,2023,Damage Only,Not Applicable,Two way,12.933581,77.583229,0,4984
Jayanagar,2023,Simple Injury,Vehicle to Vehicle,Two way,12.918987,77.576007,0,4985
Jayanagar,2023,Grievous Injury,Hit pedestrian,Two way,12.904228,77.585762,0,4986
Jayanagar,2023,Simple Injury,Vehicle to Vehicle,Sub Arterial,12.928618,77.586105,0,4987
Jayanagar,2023,Fatal,Not Applicable,Arterial,12.906435,77.576172,1,4988
Jayanagar,2023,Grievous Injury,Vehicle to Vehicle,Two way,12.915339,77.591591,0,4989
Jayanagar,2023,Damage Only,Vehicle to Vehicle,Two way,12.9037879,77.5988841,0,4990
Jayanagar,2023,Grievous Injury,Hit pedestrian,Two way,12.919953,77.576972,0,4991
Jayanagar,2023,Simple Injury,Vehicle to Vehicle,Two way,12.916123,77.586296,0,4992
Jayanagar,2023,Grievous Injury,Hit pedestrian,Two way,12.906431,77.581156,0,4993
Jayanagar,2023,Grievous Injury,Hit pedestrian,Two way,12.913618,77.587864,0,4994
Jayanagar,2023,Grievous Injury,Hit pedestrian,Two way,12.90407,77.58056,0,4995
Jayanagar,2023,Grievous Injury,Vehicle to Vehicle,Two way,12.91097,77.578401,0,4996
Jayanagar,2023,Grievous Injury,Vehicle to Vehicle,Two way,12.910224,77.594093,0,4997
Jayanagar,2023,Damage Only,Vehicle to Vehicle,Sub Arterial,12.926382,77.581826,0,4998
Jayanagar,2023,Grievous Injury,Hit pedestrian,Two way,12.919995,77.575192,0,4999
Jayanagar,2023,Fatal,Hit pedestrian,Sub Arterial,12.911054,77.577314,1,5000
Jayanagar,2023,Grievous Injury,Vehicle to Vehicle,Two way,12.906409,77.573349,0,5001
Jayanagar,2023,Grievous Injury,Vehicle to Vehicle,Two way,12.928676,77.580246,0,5002
Jayanagar,2023,Grievous Injury,Hit pedestrian,Two way,12.906202,77.586831,0,5003
Jayanagar,2023,Simple Injury,Vehicle to Vehicle,Two way,12.906507,77.578874,0,5004
Jayanagar,2023,Simple Injury,Vehicle to Vehicle,Two way,12.911335,77.585646,0,5005
Jayanagar,2023,Simple Injury,Hit pedestrian,Two way,12.90552,77.577219,0,5006
Jayanagar,2023,Grievous Injury,Vehicle to Vehicle,Two way,12.932639,77.582275,0,5007
Jayanagar,2023,Grievous Injury,Hit pedestrian,Two way,12.906399,77.590279,0,5008
Jayanagar,2023,Grievous Injury,Vehicle to Vehicle,Two way,12.921729,77.584798,0,5009
Jayanagar,2023,Damage Only,Vehicle to Vehicle,Two way,12.919842,77.583658,0,5010
Jayanagar,2023,Grievous Injury,Hit pedestrian,Two way,12.883334,77.589143,0,5011
Jayanagar,2023,Grievous Injury,Vehicle to Vehicle,Two way,12.906384,77.591931,0,5012
Jayanagar,2023,Fatal,Hit pedestrian,Sub Arterial,12.905583,77.585692,1,5013
Indiranagar,2019,Fatal,Hit pedestrian,Others,12.98767,77.648666,1,5014
Indiranagar,2020,Fatal,Hit pedestrian,Others,12.997118,77.661862,1,5015
Indiranagar,2022,Damage Only,Vehicle to Vehicle,Arterial,12.95624,77.653462,0,5016
Indiranagar,2022,Grievous Injury,Vehicle to Vehicle,Others,12.990304704695,77.643266926512,0,5017
Indiranagar,2022,Grievous Injury,Hit pedestrian,Others,12.983636,77.679742,0,5018
Indiranagar,2022,Damage Only,Vehicle to Vehicle,Others,12.968741,77.64776,0,5019
Indiranagar,2022,Fatal,Vehicle to Vehicle,Two way,12.959297,77.66118,1,5020
Indiranagar,2023,Damage Only,Vehicle to Vehicle,Others,12.9855,77.644306,0,5021
Indiranagar,2023,Grievous Injury,Not Applicable,Others,12.959501,77.65198,0,5022
Indiranagar,2023,Fatal,Not Applicable,Others,12.968709,77.644851,1,5023
Indiranagar,2023,Grievous Injury,Vehicle to Vehicle,Others,12.970246,77.654356,0,5024
Indiranagar,2023,Grievous Injury,Not Applicable,Others,12.959436,77.656796,0,5025
Indiranagar,2023,Damage Only,Vehicle to Vehicle,Others,12.971238,77.658821,0,5026
Indiranagar,2023,Grievous Injury,Not Applicable,Others,12.960142,77.6459,0,5027
Indiranagar,2023,Grievous Injury,Hit pedestrian,Others,12.959229,77.662551,0,5028
Indiranagar,2023,Grievous Injury,Hit pedestrian,Others,12.959309,77.661195,0,5029
Indiranagar,2023,Grievous Injury,Vehicle to Vehicle,Others,12.959349,77.661152,0,5030
Indiranagar,2023,Grievous Injury,Hit pedestrian,Others,12.977262,77.679334,0,5031
Indiranagar,2023,Grievous Injury,Hit pedestrian,Others,12.973333,77.65021,0,5032
Indiranagar,2023,Grievous Injury,Vehicle to Vehicle,Others,12.94576,77.664624,0,5033
Indiranagar,2023,Grievous Injury,Vehicle to Vehicle,Others,12.97632,77.655346,0,5034
Indiranagar,2023,Fatal,Not Applicable,One way,12.968709,77.644851,1,5035
Indiranagar,2023,Fatal,Not Applicable,Others,12.978395,77.65675,1,5036
Indiranagar,2023,Grievous Injury,Vehicle to Vehicle,Others,12.980575,77.656234,0,5037
Indiranagar,2023,Grievous Injury,Not Applicable,Others,12.959131,77.659912,0,5038
Indiranagar,2023,Grievous Injury,Vehicle to Vehicle,Others,12.974076,77.646865,0,5039
Indiranagar,2023,Grievous Injury,Not Applicable,Others,12.956065,77.653385,0,5040
Indiranagar,2023,Grievous Injury,Hit pedestrian,Others,12.970244,77.642779,0,5041
Indiranagar,2023,Grievous Injury,Hit bicyclist,Others,12.970316,77.64133,0,5042
Indiranagar,2023,Grievous Injury,Vehicle to Vehicle,Others,12.991212,77.657016,0,5043
Indiranagar,2023,Fatal,Vehicle to Vehicle,Others,12.982312,77.633433,1,5044
Indiranagar,2023,Grievous Injury,Not Applicable,Others,12.98508,77.665638,0,5045
Indiranagar,2023,Grievous Injury,Vehicle to Vehicle,Others,12.970346,77.644333,0,5046
Indiranagar,2023,Simple Injury,Vehicle to Vehicle,Others,12.975111,77.669695,0,5047
Indiranagar,2023,Grievous Injury,Vehicle to Vehicle,Others,12.978249,77.636693,0,5048
Indiranagar,2023,Grievous Injury,Vehicle to Vehicle,Others,12.968402,77.650595,0,5049
Indiranagar,2023,Grievous Injury,Vehicle to Vehicle,Others,12.986213,77.64597,0,5050
Indiranagar,2023,Fatal,Vehicle to Vehicle,Others,12.975397,77.678936,1,5051
Indiranagar,2023,Grievous Injury,Vehicle to Vehicle,Others,12.971866,77.658397,0,5052
Indiranagar,2023,Grievous Injury,Vehicle to Vehicle,Others,12.98514,77.64247,0,5053
K G Halli,2017,Simple Injury,Others,City or Town Road,13.028373,77.628311,0,5054
K G Halli,2017,Simple Injury,Others,City or Town Road,13.021255,77.618711,0,5055
K G Halli,2017,Simple Injury,Others,City or Town Road,13.026524,77.620142,0,5056
K G Halli,2017,Simple Injury,Others,City or Town Road,13.025092,77.62771,0,5057
K G Halli,2019,Grievous Injury,Hit fixed object,Service Road,13.029161,77.631267,0,5058
K G Halli,2019,Fatal,Not Applicable,Two way,13.030604,77.614972,1,5059
K G Halli,2019,Damage Only,Vehicle to Vehicle,Service Road,13.031403,77.630209,0,5060
K G Halli,2019,Fatal,Hit pedestrian,Others,13.033343,77.605364,1,5061
K G Halli,2019,Simple Injury,Others,City or Town Road,13.039147,77.610707,0,5062
K G Halli,2019,Simple Injury,Hit pedestrian,Two way,13.008568,77.6132749,0,5063
K G Halli,2019,Simple Injury,Vehicle to Vehicle,Others,13.03152,77.621508,0,5064
K G Halli,2019,Simple Injury,Vehicle to Vehicle,Two way,13.029566,77.610937,0,5065
K G Halli,2019,Grievous Injury,Hit bicyclist,City or Town Road,13.028691,77.615682,0,5066
K G Halli,2019,Simple Injury,Others,City or Town Road,13.018247,77.628285,0,5067
K G Halli,2019,Fatal,Not Applicable,Two way,13.020121,77.604083,1,5068
K G Halli,2019,Simple Injury,Hit pedestrian,Two way,13.033454,77.612148,0,5069
K G Halli,2019,Simple Injury,Vehicle to Vehicle,Two way,13.027387,77.626121,0,5070
K G Halli,2019,Simple Injury,Hit pedestrian,Others,13.024657,77.6052569,0,5071
K G Halli,2019,Fatal,Hit pedestrian,City or Town Road,13.007863,77.612899,1,5072
K G Halli,2019,Simple Injury,Vehicle to Vehicle,Two way,13.028162,77.619326,0,5073
K G Halli,2019,Simple Injury,Vehicle to Vehicle,Two way,13.023562,77.619464,0,5074
K G Halli,2019,Damage Only,Others,Residential Street,13.023284,77.6244159,0,5075
K G Halli,2019,Simple Injury,Others,City or Town Road,13.027579,77.609388,0,5076
K G Halli,2019,Grievous Injury,Vehicle to Vehicle,One way,13.018764,77.6281379,0,5077
K G Halli,2019,Simple Injury,Hit pedestrian,Residential Street,13.039801,77.620206,0,5078
K G Halli,2019,Simple Injury,Others,City or Town Road,13.008507,77.613214,0,5079
K G Halli,2019,Grievous Injury,Hit pedestrian,Two way,13.021218,77.625026,0,5080
K G Halli,2019,Simple Injury,Hit pedestrian,Two way,13.018942,77.628175,0,5081
K G Halli,2021,Grievous Injury,Hit pedestrian,Not Applicable,13.030504,77.6081481,0,5082
K G Halli,2022,Fatal,Not Applicable,Service Road,13.040404,77.62193,1,5083
K G Halli,2022,Grievous Injury,Vehicle to Vehicle,Two way,13.038613,77.614266,0,5084
K G Halli,2022,Simple Injury,Hit pedestrian,Others,13.029988,77.613093,0,5085
K G Halli,2022,Grievous Injury,Vehicle to Vehicle,Sub Arterial,13.026363,77.624952,0,5086
K G Halli,2022,Grievous Injury,Hit pedestrian,Others,13.029586,77.60937,0,5087
K G Halli,2022,Grievous Injury,Vehicle to Vehicle,One way,13.005871,77.611828,0,5088
K G Halli,2022,Grievous Injury,Vehicle to Vehicle,Major District Road,13.034714,77.622826,0,5089
K G Halli,2022,Simple Injury,Vehicle to Vehicle,Sub Arterial,13.039346,77.619346,0,5090
K G Halli,2022,Grievous Injury,Hit pedestrian,Sub Arterial,13.020643,77.613093,0,5091
K G Halli,2022,Grievous Injury,Hit pedestrian,Residential Street,13.020643,77.613951,0,5092
K G Halli,2022,Grievous Injury,Vehicle to Vehicle,Arterial,13.041461,77.630991,0,5093
K G Halli,2022,Grievous Injury,Not Applicable,Two way,13.036013,77.613934,0,5094
K G Halli,2022,Fatal,Hit pedestrian,Two way,13.040616,77.619393,1,5095
K G Halli,2022,Grievous Injury,Vehicle to Vehicle,Service Road,13.027938,77.63196,0,5096
K G Halli,2022,Grievous Injury,Vehicle to Vehicle,Two way,13.018785,77.628227,0,5097
K G Halli,2022,Fatal,Hit pedestrian,Two way,13.005871,77.615005,1,5098
K G Halli,2022,Fatal,Vehicle to Vehicle,Two way,13.040929,77.61604,1,5099
K G Halli,2022,Grievous Injury,Vehicle to Vehicle,Two way,13.031561,77.62301,0,5100
K G Halli,2022,Grievous Injury,Hit pedestrian,Major District Road,13.038118,77.623538,0,5101
K G Halli,2022,Fatal,Hit pedestrian,Arterial,13.040566,77.622562,1,5102
K G Halli,2022,Damage Only,Vehicle to Vehicle,Arterial,13.037912,77.625867,0,5103
K G Halli,2022,Grievous Injury,Hit pedestrian,Not Applicable,13.030602,77.608065,0,5104
K G Halli,2023,Simple Injury,Not Applicable,Residential Street,13.039346,77.619346,0,5105
K G Halli,2023,Grievous Injury,Vehicle to Vehicle,Arterial,13.028133,77.632454,0,5106
K G Halli,2023,Simple Injury,Vehicle to Vehicle,Not Applicable,13.039002,77.613269,0,5107
K G Halli,2023,Grievous Injury,Hit pedestrian,Minor District Road,13.008429,77.589577,0,5108
K G Halli,2023,Simple Injury,Vehicle to Vehicle,Residential Street,13.03251,77.60866,0,5109
K G Halli,2023,Fatal,Hit pedestrian,Two way,13.014627,77.617177,1,5110
K G Halli,2023,Grievous Injury,Hit pedestrian,Sub Arterial,13.020584,77.611828,0,5111
K G Halli,2023,Fatal,Hit pedestrian,Arterial,13.026499,77.613951,1,5112
K G Halli,2023,Grievous Injury,Not Applicable,Residential Street,13.024755,77.605317,0,5113
K G Halli,2023,Grievous Injury,Hit bicyclist,Major District Road,13.019318,77.602535,0,5114
K G Halli,2023,Grievous Injury,Vehicle to Vehicle,Arterial,13.034569,77.62871,0,5115
K G Halli,2023,Grievous Injury,Hit pedestrian,Arterial,13.020586,77.611843,0,5116
K G Halli,2023,Fatal,Hit pedestrian,Major District Road,13.008382,77.589577,1,5117
K G Halli,2023,Grievous Injury,Hit pedestrian,Residential Street,13.020643,77.613951,0,5118
K G Halli,2023,Fatal,Hit bicyclist,Major District Road,13.033769,77.628965,1,5119
K G Halli,2023,Grievous Injury,Hit pedestrian,Residential Street,13.029837,77.60842,0,5120
K G Halli,2023,Fatal,Vehicle to Vehicle,Major District Road,13.026474,77.63102,1,5121
K G Halli,2023,Grievous Injury,Hit pedestrian,Others,13.021172,77.628291,0,5122
K G Halli,2023,Grievous Injury,Hit pedestrian,Arterial,13.028722,77.621158,0,5123
K R Puram,2016,Fatal,Rear end,City or Town Road,13.19,77.432083,1,5124
K R Puram,2017,Fatal,Rear end,City or Town Road,13.004872,77.684342,1,5125
K R Puram,2017,Fatal,Hit and Run,Two way,12.992326,77.716418,1,5126
K R Puram,2017,Fatal,Hit and Run,City or Town Road,12.977602,77.707658,1,5127
K R Puram,2017,Fatal,Hit and Run,NH,13.024301,77.716825,1,5128
K R Puram,2017,Fatal,Rear end,City or Town Road,13.016063,77.720339,1,5129
K R Puram,2017,Simple Injury,Hit and Run,City or Town Road,12.988784,77.688834,0,5130
K R Puram,2017,Fatal,Rear end,City or Town Road,12.998969,77.673217,1,5131
K R Puram,2017,Fatal,Hit and Run,One way,13.006327,77.686948,1,5132
K R Puram,2017,Fatal,Hit and Run,City or Town Road,13.00342,77.663182,1,5133
K R Puram,2017,Fatal,Hit pedestrian,NH,13.009011,77.696625,1,5134
K R Puram,2017,Fatal,Head on,Two way,12.99758,77.67014,1,5135
K R Puram,2017,Fatal,Rear end,City or Town Road,13.010298,77.697648,1,5136
K R Puram,2018,Grievous Injury,Rear end,City or Town Road,12.994061,77.685187,0,5137
K R Puram,2018,Grievous Injury,Hit and Run,City or Town Road,13.020274,77.709771,0,5138
K R Puram,2018,Fatal,Head on,Service Road,12.994276,77.685003,1,5139
K R Puram,2018,Simple Injury,Hit and Run,City or Town Road,13.008424,77.695873,0,5140
K R Puram,2018,Fatal,Rear end,City or Town Road,12.994105,77.701416,1,5141
K R Puram,2018,Simple Injury,Rear end,City or Town Road,13.017517,77.696256,0,5142
K R Puram,2018,Fatal,Hit and Run,NH,13.023994,77.716379,1,5143
K R Puram,2018,Fatal,Hit and Run,City or Town Road,13.008334,77.695446,1,5144
K R Puram,2018,Damage Only,Hit and Run,City or Town Road,13.017582,77.659085,0,5145
K R Puram,2018,Fatal,Others,City or Town Road,13.030475,77.688772,1,5146
K R Puram,2018,Fatal,Hit and Run,City or Town Road,13.204459,77.707091,1,5147
K R Puram,2018,Simple Injury,Rear end,City or Town Road,13.008695,77.655725,0,5148
K R Puram,2018,Fatal,Hit and Run,City or Town Road,12.997196,77.664196,1,5149
K R Puram,2018,Fatal,Hit and Run,City or Town Road,13.01478,77.700758,1,5150
K R Puram,2018,Fatal,Hit and Run,City or Town Road,12.997923,77.689255,1,5151
K R Puram,2018,Fatal,Rear end,City or Town Road,13.002073,77.663276,1,5152
K R Puram,2018,Fatal,Rear end,City or Town Road,13.004243,77.655808,1,5153
K R Puram,2018,Fatal,Hit and Run,Service Road,13.005036,77.684701,1,5154
K R Puram,2018,Fatal,Hit and Run,City or Town Road,12.996325,77.66795,1,5155
K R Puram,2018,Fatal,Hit and Run,City or Town Road,13.000701,77.663414,1,5156
K R Puram,2018,Fatal,Hit and Run,City or Town Road,13.023757,77.716126,1,5157
K R Puram,2018,Fatal,Rear end,City or Town Road,13.012079,77.662351,1,5158
K R Puram,2018,Fatal,Rear end,City or Town Road,13.032364,77.671385,1,5159
K R Puram,2018,Fatal,Right Turn Collision,Others,13.000312,77.678615,1,5160
K R Puram,2018,Fatal,Hit bicyclist,City or Town Road,13.009144,77.650154,1,5161
K R Puram,2018,Fatal,Hit pedestrian,NH,13.02110462,77.7000297,1,5162
K R Puram,2018,Fatal,Hit and Run,City or Town Road,13.040245,77.677643,1,5163
K R Puram,2018,Fatal,Rear end,City or Town Road,13.000356,77.683344,1,5164
K R Puram,2018,Fatal,Rear end,City or Town Road,12.993047,77.706194,1,5165
K R Puram,2018,Fatal,Rear end,City or Town Road,12.996737,77.669161,1,5166
K R Puram,2018,Fatal,Hit and Run,City or Town Road,12.994621,77.703648,1,5167
K R Puram,2018,Grievous Injury,Rear end,NH,13.001035,77.678075,0,5168
K R Puram,2018,Fatal,Rear end,City or Town Road,12.990569,77.714119,1,5169
K R Puram,2018,Fatal,Hit and Run,City or Town Road,13.013327,77.679643,1,5170
K R Puram,2019,Grievous Injury,Rear end,City or Town Road,13.016407,77.661689,0,5171
K R Puram,2019,Grievous Injury,Rear end,City or Town Road,12.990664,77.687715,0,5172
K R Puram,2019,Grievous Injury,Rear end,City or Town Road,13.002767,77.663241,0,5173
K R Puram,2019,Fatal,Not Applicable,One way,12.999731,77.675856,1,5174
K R Puram,2019,Grievous Injury,Vehicle to Vehicle,Others,12.999931,77.675403,0,5175
K R Puram,2019,Grievous Injury,Not Applicable,Two way,13.007974,77.662542,0,5176
K R Puram,2019,Grievous Injury,Not Applicable,Others,12.990461,77.721649,0,5177
K R Puram,2019,Grievous Injury,Vehicle to Vehicle,One way,12.995083,77.665025,0,5178
K R Puram,2019,Grievous Injury,Not Applicable,One way,12.996404,77.716583,0,5179
K R Puram,2019,Grievous Injury,Vehicle to Vehicle,Service Road,12.989527,77.712834,0,5180
K R Puram,2019,Grievous Injury,Hit pedestrian,Others,13.014337,77.709545,0,5181
K R Puram,2019,Grievous Injury,Vehicle to Vehicle,Others,12.99241,77.712515,0,5182
K R Puram,2019,Fatal,Hit and Run,City or Town Road,13.003736,77.663248,1,5183
K R Puram,2019,Grievous Injury,Not Applicable,Others,12.994653,77.685086,0,5184
K R Puram,2019,Fatal,Vehicle to Vehicle,Sub Arterial,13.012977,77.663498,1,5185
K R Puram,2019,Simple Injury,Vehicle to Vehicle,Others,12.978523,77.695424,0,5186
K R Puram,2019,Grievous Injury,Vehicle to Vehicle,Others,12.980985,77.693906,0,5187
K R Puram,2019,Grievous Injury,Not Applicable,One way,13.011777,77.65083,0,5188
K R Puram,2019,Grievous Injury,Not Applicable,Others,12.998853,77.71631,0,5189
K R Puram,2019,Damage Only,Not Applicable,One way,13.005173,77.684891,0,5190
K R Puram,2019,Damage Only,Vehicle to Vehicle,Service Road,13.01774,77.659132,0,5191
K R Puram,2019,Damage Only,Vehicle to Vehicle,Others,13.013431,77.662261,0,5192
K R Puram,2019,Simple Injury,Vehicle to Vehicle,Others,12.999753,77.675367,0,5193
K R Puram,2019,Grievous Injury,Vehicle to Vehicle,Service Road,12.999436,77.663541,0,5194
K R Puram,2019,Grievous Injury,Hit and Run,City or Town Road,12.995655,77.695096,0,5195
K R Puram,2019,Damage Only,Vehicle to Vehicle,Not Applicable,12.999395,77.674844,0,5196
K R Puram,2019,Fatal,Not Applicable,NH,12.998164,77.672445,1,5197
K R Puram,2019,Grievous Injury,Not Applicable,Others,12.994476,77.684957,0,5198
K R Puram,2019,Grievous Injury,Vehicle to Vehicle,Others,13.000027,77.681635,0,5199
K R Puram,2019,Simple Injury,Vehicle to Vehicle,NH,13.01316,77.699681,0,5200
K R Puram,2019,Not Applicable,Not Applicable,Others,13.004154,77.683088,0,5201
K R Puram,2019,Fatal,Vehicle to Vehicle,NH,13.013193,77.662452,1,5202
K R Puram,2019,Damage Only,Vehicle to Vehicle,Others,12.996227,77.68376,0,5203
K R Puram,2019,Grievous Injury,Others,City or Town Road,13.004913,77.684777,0,5204
K R Puram,2019,Grievous Injury,Rear end,City or Town Road,12.997271,77.670553,0,5205
K R Puram,2019,Grievous Injury,Hit and Run,City or Town Road,13.017699,77.659146,0,5206
K R Puram,2019,Fatal,Hit pedestrian,NH,13.024217,77.716695,1,5207
K R Puram,2019,Fatal,Vehicle to Vehicle,One way,12.994341,77.717815,1,5208
K R Puram,2019,Fatal,Hit pedestrian,Residential Street,12.993803,77.686615,1,5209
K R Puram,2019,Damage Only,Rear end,City or Town Road,13.000227,77.681253,0,5210
K R Puram,2019,Grievous Injury,Rear end,City or Town Road,12.993911,77.666365,0,5211
K R Puram,2019,Damage Only,Rear end,City or Town Road,12.973452,77.703003,0,5212
K R Puram,2019,Fatal,Hit and Run,City or Town Road,13.012709,77.664426,1,5213
K R Puram,2019,Simple Injury,Rear end,City or Town Road,12.979758,77.6948,0,5214
K R Puram,2019,Grievous Injury,Not Applicable,Others,12.997717,77.663944,0,5215
K R Puram,2019,Grievous Injury,Not Applicable,Others,13.024491,77.716951,0,5216
K R Puram,2019,Grievous Injury,Not Applicable,One way,13.003383,77.682352,0,5217
K R Puram,2019,Fatal,Vehicle to Vehicle,Others,13.012621,77.664602,1,5218
K R Puram,2019,Simple Injury,Vehicle to Vehicle,Not Applicable,13.017555,77.659534,0,5219
K R Puram,2019,Grievous Injury,Vehicle to Vehicle,NH,13.0078,77.689454,0,5220
K R Puram,2019,Damage Only,Vehicle to Vehicle,One way,13.011441,77.674916,0,5221
K R Puram,2019,Grievous Injury,Hit pedestrian,Others,12.987067,77.690161,0,5222
K R Puram,2019,Grievous Injury,Vehicle to Vehicle,NH,13.005188,77.684933,0,5223
K R Puram,2019,Damage Only,Rear end,City or Town Road,13.021928,77.712843,0,5224
K R Puram,2019,Damage Only,Vehicle to Vehicle,State Highway,12.997967,77.671208,0,5225
K R Puram,2019,Simple Injury,Rear end,City or Town Road,13.019499,77.710089,0,5226
K R Puram,2019,Grievous Injury,Vehicle to Vehicle,One way,12.977654,77.692175,0,5227
K R Puram,2019,Grievous Injury,Not Applicable,One way,13.007262,77.41233,0,5228
K R Puram,2019,Grievous Injury,Not Applicable,One way,13.014163,77.709542,0,5229
K R Puram,2019,Grievous Injury,Not Applicable,Others,13.013185,77.862055,0,5230
K R Puram,2019,Damage Only,Vehicle to Vehicle,NH,12.996868,77.669018,0,5231
K R Puram,2019,Fatal,Not Applicable,Service Road,12.982291,77.693277,1,5232
K R Puram,2019,Grievous Injury,Hit and Run,City or Town Road,12.994119,77.685379,0,5233
K R Puram,2019,Grievous Injury,Rear end,City or Town Road,12.994306,77.684935,0,5234
K R Puram,2019,Grievous Injury,Rear end,City or Town Road,12.982879,77.692553,0,5235
K R Puram,2019,Grievous Injury,Rear end,City or Town Road,12.982958,77.692697,0,5236
K R Puram,2019,Grievous Injury,Not Applicable,Residential Street,12.989305,77.688875,0,5237
K R Puram,2019,Simple Injury,Vehicle to Vehicle,NH,13.020726,77.686199,0,5238
K R Puram,2019,Simple Injury,Vehicle to Vehicle,Others,13.014401,77.700495,0,5239
K R Puram,2019,Fatal,Hit pedestrian,Two way,13.008287,77.662507,1,5240
K R Puram,2019,Grievous Injury,Not Applicable,One way,12.994001,77.685435,0,5241
K R Puram,2019,Fatal,Not Applicable,One way,12.971765,77.699337,1,5242
K R Puram,2019,Simple Injury,Vehicle to Vehicle,Service Road,12.989845,77.672333,0,5243
K R Puram,2019,Damage Only,Vehicle to Vehicle,Not Applicable,12.982527,77.692987,0,5244
K R Puram,2019,Fatal,Not Applicable,Others,13.01854,77.677859,1,5245
K R Puram,2019,Fatal,Hit pedestrian,Service Road,12.994306,77.684949,1,5246
K R Puram,2019,Simple Injury,Not Applicable,NH,13.008263,77.692422,0,5247
K R Puram,2019,Grievous Injury,Vehicle to Vehicle,NH,13.007927,77.691432,0,5248
K R Puram,2019,Damage Only,Rear end,City or Town Road,13.005281,77.685237,0,5249
K R Puram,2019,Grievous Injury,Vehicle to Vehicle,Others,13.041746,77.679702,0,5250
K R Puram,2019,Damage Only,Vehicle to Vehicle,Not Applicable,13.020664,77.684224,0,5251
K R Puram,2019,Grievous Injury,Not Applicable,Others,12.978177,77.708397,0,5252
K R Puram,2019,Grievous Injury,Vehicle to Vehicle,NH,13.008199,77.694012,0,5253
K R Puram,2019,Grievous Injury,Vehicle to Vehicle,One way,13.021402,77.713165,0,5254
K R Puram,2019,Grievous Injury,Vehicle to Vehicle,NH,13.008468,77.693825,0,5255
K R Puram,2019,Simple Injury,Not Applicable,NH,13.008196,77.694919,0,5256
K R Puram,2019,Simple Injury,Vehicle to Vehicle,Others,12.992697,77.686359,0,5257
K R Puram,2019,Fatal,Hit and Run,City or Town Road,13.003743,77.663245,1,5258
K R Puram,2019,Grievous Injury,Hit and Run,City or Town Road,12.994532,77.684883,0,5259
K R Puram,2019,Fatal,Vehicle to Vehicle,Service Road,12.978699,77.695381,1,5260
K R Puram,2019,Damage Only,Not Applicable,Service Road,12.975318,77.697462,0,5261
K R Puram,2019,Grievous Injury,Vehicle to Vehicle,One way,13.012325,77.76498,0,5262
K R Puram,2019,Grievous Injury,Not Applicable,Not Applicable,12.993918,77.678607,0,5263
K R Puram,2019,Grievous Injury,Hit pedestrian,Others,13.013198,77.699736,0,5264
K R Puram,2019,Grievous Injury,Rear end,City or Town Road,12.994455,77.684843,0,5265
K R Puram,2019,Damage Only,Rear end,City or Town Road,12.997012,77.669692,0,5266
K R Puram,2019,Damage Only,Vehicle to Vehicle,Arterial,12.997648,77.671229,0,5267
K R Puram,2019,Fatal,Not Applicable,NH,13.000987,77.678056,1,5268
K R Puram,2019,Fatal,Vehicle to Vehicle,NH,13.019623,77.7086832,1,5269
K R Puram,2019,Damage Only,Hit and Run,City or Town Road,13.002698,77.663351,0,5270
K R Puram,2019,Grievous Injury,Hit and Run,City or Town Road,12.989258,77.688695,0,5271
K R Puram,2019,Grievous Injury,Not Applicable,Others,13.0190092,77.655955,0,5272
K R Puram,2019,Grievous Injury,Vehicle to Vehicle,Service Road,13.002185,77.683233,0,5273
K R Puram,2019,Fatal,Not Applicable,Service Road,13.004111,77.683052,1,5274
K R Puram,2019,Grievous Injury,Vehicle to Vehicle,Service Road,13.022044,77.659486,0,5275
K R Puram,2019,Fatal,Hit pedestrian,Others,13.017055,77.660307,1,5276
K R Puram,2019,Simple Injury,Rear end,City or Town Road,13.019478,77.708434,0,5277
K R Puram,2019,Damage Only,Rear end,City or Town Road,13.020511,77.675795,0,5278
K R Puram,2019,Fatal,Vehicle to Vehicle,NH,13.023139,77.714663,1,5279
K R Puram,2019,Fatal,Hit pedestrian,NH,12.997291,77.664085,1,5280
K R Puram,2019,Damage Only,Vehicle to Vehicle,NH,12.997074,77.669769,0,5281
K R Puram,2019,Grievous Injury,Not Applicable,Others,13.021805,77.712801,0,5282
K R Puram,2019,Grievous Injury,Not Applicable,Not Applicable,12.996044,77.693752,0,5283
K R Puram,2019,Fatal,Hit pedestrian,Others,12.988772,77.689195,1,5284
K R Puram,2019,Damage Only,Vehicle to Vehicle,Others,13.011305,77.674968,0,5285
K R Puram,2019,Grievous Injury,Vehicle to Vehicle,Not Applicable,12.996953,77.669548,0,5286
K R Puram,2019,Damage Only,Vehicle to Vehicle,Others,12.97963,77.694744,0,5287
K R Puram,2019,Grievous Injury,Hit and Run,City or Town Road,13.012733,77.664493,0,5288
K R Puram,2019,Grievous Injury,Hit and Run,City or Town Road,13.019431,77.708574,0,5289
K R Puram,2019,Grievous Injury,Rear end,City or Town Road,13.019942,77.714683,0,5290
K R Puram,2019,Simple Injury,Not Applicable,Not Applicable,12.998104,77.721618,0,5291
K R Puram,2019,Damage Only,Vehicle to Vehicle,Others,12.998713,77.672743,0,5292
K R Puram,2019,Fatal,Not Applicable,Arterial,13.009123,77.682667,1,5293
K R Puram,2019,Fatal,Vehicle to Vehicle,One way,13.041299,77.679727,1,5294
K R Puram,2019,Grievous Injury,Not Applicable,NH,13.008405,77.675622,0,5295
K R Puram,2019,Grievous Injury,Vehicle to Vehicle,Others,13.013299,77.662202,0,5296
K R Puram,2019,Grievous Injury,Not Applicable,Others,13.013512,77.662202,0,5297
K R Puram,2019,Fatal,Hit and Run,City or Town Road,13.023247,77.714774,1,5298
K R Puram,2019,Grievous Injury,Rear end,City or Town Road,12.992293,77.718817,0,5299
K R Puram,2019,Fatal,Vehicle to Vehicle,Others,12.996283,77.683813,1,5300
K R Puram,2019,Damage Only,Rear end,City or Town Road,12.978036,77.709752,0,5301
K R Puram,2019,Simple Injury,Vehicle to Vehicle,Not Applicable,12.99044,77.723645,0,5302
K R Puram,2019,Grievous Injury,Not Applicable,One way,13.008951,77.654584,0,5303
K R Puram,2019,Damage Only,Not Applicable,Not Applicable,13.001058,77.678229,0,5304
K R Puram,2019,Grievous Injury,Not Applicable,Service Road,13.003456,77.682475,0,5305
K R Puram,2019,Grievous Injury,Hit pedestrian,One way,12.994879,77.717807,0,5306
K R Puram,2019,Damage Only,Vehicle to Vehicle,Others,12.992251,77.71881,0,5307
K R Puram,2019,Grievous Injury,Hit and Run,City or Town Road,13.008103,77.692647,0,5308
K R Puram,2019,Damage Only,Hit parked vehicle,City or Town Road,13.021255,77.676569,0,5309
K R Puram,2019,Fatal,Hit pedestrian,NH,12.993997,77.685259,1,5310
K R Puram,2019,Simple Injury,Vehicle to Vehicle,Others,13.02215,77.712649,0,5311
K R Puram,2019,Fatal,Vehicle to Vehicle,Arterial,12.982141,77.692793,1,5312
K R Puram,2019,Grievous Injury,Not Applicable,One way,12.996882,77.683498,0,5313
K R Puram,2019,Grievous Injury,Not Applicable,Others,13.019123,77.707611,0,5314
K R Puram,2019,Fatal,Not Applicable,Others,12.974922,77.697453,1,5315
K R Puram,2019,Grievous Injury,Not Applicable,One way,12.993757,77.703794,0,5316
K R Puram,2019,Grievous Injury,Vehicle to Vehicle,Others,13.037863,77.683606,0,5317
K R Puram,2019,Grievous Injury,Vehicle to Vehicle,Others,13.016092,77.709317,0,5318
K R Puram,2019,Grievous Injury,Vehicle to Vehicle,Others,12.976298,77.696889,0,5319
K R Puram,2019,Fatal,Not Applicable,NH,13.002485,77.680391,1,5320
K R Puram,2019,Grievous Injury,Hit pedestrian,Others,13.011764,77.717595,0,5321
K R Puram,2019,Grievous Injury,Rear end,City or Town Road,12.982839,77.692615,0,5322
K R Puram,2019,Fatal,Rear end,City or Town Road,12.978134,77.707378,1,5323
K R Puram,2019,Fatal,Hit and Run,City or Town Road,12.994843,77.684918,1,5324
K R Puram,2019,Damage Only,Rear end,City or Town Road,13.001959,77.663357,0,5325
K R Puram,2019,Grievous Injury,Vehicle to Vehicle,Service Road,13.017353,77.705317,0,5326
K R Puram,2019,Fatal,Vehicle to Vehicle,NH,12.997076,77.669566,1,5327
K R Puram,2019,Grievous Injury,Not Applicable,One way,13.009858,77.682219,0,5328
K R Puram,2019,Fatal,Hit pedestrian,NH,13.008455,77.695287,1,5329
K R Puram,2019,Fatal,Vehicle to Vehicle,Residential Street,12.980275,77.694017,1,5330
K R Puram,2019,Simple Injury,Vehicle to Vehicle,NH,13.023131,77.715212,0,5331
K R Puram,2019,Simple Injury,Vehicle to Vehicle,NH,13.008315,77.692682,0,5332
K R Puram,2020,Grievous Injury,Hit pedestrian,Others,13.012642,77.677233,0,5333
K R Puram,2020,Damage Only,Vehicle to Vehicle,Others,13.012868,77.699649,0,5334
K R Puram,2020,Simple Injury,Vehicle to Vehicle,Others,13.013214,77.662376,0,5335
K R Puram,2020,Fatal,Hit pedestrian,Others,12.998348,77.688756,1,5336
K R Puram,2020,Grievous Injury,Hit pedestrian,Service Road,13.020353,77.710357,0,5337
K R Puram,2020,Grievous Injury,Not Applicable,Others,12.991139,77.687468,0,5338
K R Puram,2020,Grievous Injury,Vehicle to Vehicle,One way,13.004847,77.662942,0,5339
K R Puram,2020,Grievous Injury,Vehicle to Vehicle,Others,13.003525,77.66338,0,5340
K R Puram,2020,Grievous Injury,Hit pedestrian,Others,13.003731,77.663482,0,5341
K R Puram,2020,Grievous Injury,Vehicle to Vehicle,Others,12.990509,77.72297,0,5342
K R Puram,2020,Fatal,Vehicle to Vehicle,NH,13.017183,77.704418,1,5343
K R Puram,2020,Fatal,Not Applicable,Others,12.97483,77.697762,1,5344
K R Puram,2020,Grievous Injury,Vehicle to Vehicle,Others,12.974961,77.697411,0,5345
K R Puram,2020,Grievous Injury,Vehicle to Vehicle,Others,13.01284,77.662294,0,5346
K R Puram,2020,Fatal,Not Applicable,Mixed,13.00287,77.663164,1,5347
K R Puram,2020,Grievous Injury,Hit pedestrian,Others,13.000324,77.676589,0,5348
K R Puram,2020,Grievous Injury,Vehicle to Vehicle,NH,13.008482,77.69597,0,5349
K R Puram,2020,Grievous Injury,Hit pedestrian,Others,13.017454,77.659163,0,5350
K R Puram,2020,Simple Injury,Vehicle to Vehicle,Others,12.991221,77.714853,0,5351
K R Puram,2020,Grievous Injury,Vehicle to Vehicle,Others,13.004193,77.663264,0,5352
K R Puram,2020,Grievous Injury,Hit pedestrian,Others,12.989289,77.688644,0,5353
K R Puram,2020,Fatal,Hit pedestrian,Others,12.994874,77.684814,1,5354
K R Puram,2020,Damage Only,Not Applicable,Others,13.003694,77.663274,0,5355
K R Puram,2020,Damage Only,Vehicle to Vehicle,Others,13.006076,77.648542,0,5356
K R Puram,2020,Grievous Injury,Not Applicable,One way,13.011452,77.676775,0,5357
K R Puram,2020,Fatal,Not Applicable,Others,12.984258,77.69199,1,5358
K R Puram,2020,Grievous Injury,Hit pedestrian,Not Applicable,13.003654,77.6634456,0,5359
K R Puram,2020,Grievous Injury,Vehicle to Vehicle,Others,13.00319,77.682009,0,5360
K R Puram,2020,Simple Injury,Vehicle to Vehicle,Others,12.972679,77.700803,0,5361
K R Puram,2020,Grievous Injury,Vehicle to Vehicle,Others,13.016426,77.661758,0,5362
K R Puram,2020,Damage Only,Vehicle to Vehicle,Not Applicable,12.998743,77.673099,0,5363
K R Puram,2020,Fatal,Hit pedestrian,Others,12.996934,77.669319,1,5364
K R Puram,2020,Grievous Injury,Vehicle to Vehicle,Others,13.020658,77.710493,0,5365
K R Puram,2020,Grievous Injury,Vehicle to Vehicle,Others,12.998137,77.671641,0,5366
K R Puram,2020,Simple Injury,Vehicle to Vehicle,NH,13.008237,77.692541,0,5367
K R Puram,2020,Fatal,Vehicle to Vehicle,Others,13.008678,77.662681,1,5368
K R Puram,2020,Grievous Injury,Vehicle to Vehicle,Others,12.982288,77.693119,0,5369
K R Puram,2020,Grievous Injury,Vehicle to Vehicle,NH,13.019991,77.709719,0,5370
K R Puram,2020,Fatal,Vehicle to Vehicle,NH,13.025804,77.719782,1,5371
K R Puram,2020,Grievous Injury,Vehicle to Vehicle,NH,13.017065,77.704572,0,5372
K R Puram,2020,Simple Injury,Vehicle to Vehicle,One way,13.007128,77.692566,0,5373
K R Puram,2020,Simple Injury,Vehicle to Vehicle,Others,13.005207,77.702505,0,5374
K R Puram,2020,Damage Only,Not Applicable,NH,13.01298,77.699611,0,5375
K R Puram,2020,Fatal,Hit pedestrian,Others,12.986044,77.690788,1,5376
K R Puram,2020,Damage Only,Vehicle to Vehicle,NH,13.011756,77.698885,0,5377
K R Puram,2020,Simple Injury,Not Applicable,Two way,12.975053,77.697529,0,5378
K R Puram,2020,Grievous Injury,Not Applicable,Residential Street,12.994369,77.700725,0,5379
K R Puram,2020,Simple Injury,Hit pedestrian,NH,13.005017,77.68503,0,5380
K R Puram,2020,Grievous Injury,Hit pedestrian,Others,12.979687,77.694764,0,5381
K R Puram,2020,Grievous Injury,Vehicle to Vehicle,Others,13.011672,77.670076,0,5382
K R Puram,2020,Grievous Injury,Not Applicable,Others,12.990722,77.70028,0,5383
K R Puram,2020,Grievous Injury,Vehicle to Vehicle,NH,13.019957,77.70967,0,5384
K R Puram,2020,Grievous Injury,Vehicle to Vehicle,Others,13.019425,77.678175,0,5385
K R Puram,2020,Grievous Injury,Vehicle to Vehicle,Others,13.006214,77.716984,0,5386
K R Puram,2020,Grievous Injury,Vehicle to Vehicle,Others,12.993966,77.685169,0,5387
K R Puram,2020,Grievous Injury,Hit pedestrian,Not Applicable,12.983798,77.692126,0,5388
K R Puram,2020,Grievous Injury,Hit pedestrian,Others,13.021192,77.679328,0,5389
K R Puram,2020,Fatal,Not Applicable,Others,13.011561,77.672678,1,5390
K R Puram,2020,Fatal,Not Applicable,Others,12.995624,77.665676,1,5391
K R Puram,2020,Grievous Injury,Hit pedestrian,NH,12.997142,77.669511,0,5392
K R Puram,2020,Grievous Injury,Vehicle to Vehicle,Others,13.017324,77.704653,0,5393
K R Puram,2020,Simple Injury,Vehicle to Vehicle,Others,13.010344,77.703487,0,5394
K R Puram,2020,Grievous Injury,Hit pedestrian,Others,13.013708,77.662329,0,5395
K R Puram,2020,Grievous Injury,Vehicle to Vehicle,Others,13.022694,77.714344,0,5396
K R Puram,2020,Fatal,Vehicle to Vehicle,Others,12.989427,77.688856,1,5397
K R Puram,2020,Grievous Injury,Vehicle to Vehicle,Others,12.994128,77.700776,0,5398
K R Puram,2020,Grievous Injury,Vehicle to Vehicle,Residential Street,13.024059,77.669177,0,5399
K R Puram,2020,Grievous Injury,Vehicle to Vehicle,Others,12.992619,77.711729,0,5400
K R Puram,2020,Fatal,Vehicle to Vehicle,Others,13.004837,77.704157,1,5401
K R Puram,2020,Simple Injury,Vehicle to Vehicle,Others,12.990837,77.687604,0,5402
K R Puram,2020,Fatal,Not Applicable,NH,13.005534,77.685954,1,5403
K R Puram,2020,Fatal,Vehicle to Vehicle,Mixed,12.986863,77.708973,1,5404
K R Puram,2020,Grievous Injury,Not Applicable,Others,12.994205,77.700824,0,5405
K R Puram,2020,Grievous Injury,Hit pedestrian,Others,13.009932,77.662458,0,5406
K R Puram,2020,Fatal,Not Applicable,NH,13.005406,77.685514,1,5407
K R Puram,2020,Grievous Injury,Vehicle to Vehicle,Others,12.991912,77.714732,0,5408
K R Puram,2020,Damage Only,Vehicle to Vehicle,Others,12.996386,77.664565,0,5409
K R Puram,2020,Fatal,Vehicle to Vehicle,Others,13.017949,77.658037,1,5410
K R Puram,2020,Grievous Injury,Hit pedestrian,NH,13.023895,77.716632,0,5411
K R Puram,2020,Grievous Injury,Vehicle to Vehicle,Others,12.989997,77.679764,0,5412
K R Puram,2020,Grievous Injury,Vehicle to Vehicle,One way,13.009383,77.696732,0,5413
K R Puram,2020,Damage Only,Not Applicable,Others,12.982982,77.692475,0,5414
K R Puram,2020,Damage Only,Vehicle to Vehicle,Others,13.006257,77.699908,0,5415
K R Puram,2020,Damage Only,Vehicle to Vehicle,NH,13.019484,77.708458,0,5416
K R Puram,2020,Grievous Injury,Vehicle to Vehicle,Others,13.001266,77.660392,0,5417
K R Puram,2020,Grievous Injury,Vehicle to Vehicle,Service Road,13.00031,77.676211,0,5418
K R Puram,2020,Grievous Injury,Vehicle to Vehicle,NH,13.017142,77.704446,0,5419
K R Puram,2020,Grievous Injury,Vehicle to Vehicle,Others,12.997519,77.670328,0,5420
K R Puram,2020,Simple Injury,Vehicle to Vehicle,Others,12.994552,77.664517,0,5421
K R Puram,2020,Fatal,Vehicle to Vehicle,NH,13.019441,77.708533,1,5422
K R Puram,2020,Fatal,Vehicle to Vehicle,Mixed,13.004611,77.719195,1,5423
K R Puram,2020,Grievous Injury,Vehicle to Vehicle,NH,12.9995,77.663382,0,5424
K R Puram,2020,Grievous Injury,Vehicle to Vehicle,NH,13.017564,77.705293,0,5425
K R Puram,2020,Simple Injury,Vehicle to Vehicle,Others,13.036498,77.665196,0,5426
K R Puram,2020,Simple Injury,Vehicle to Vehicle,Others,13.000333,77.676571,0,5427
K R Puram,2020,Grievous Injury,Vehicle to Vehicle,Others,13.000272,77.680513,0,5428
K R Puram,2020,Grievous Injury,Vehicle to Vehicle,Others,12.99907,77.663586,0,5429
K R Puram,2020,Grievous Injury,Hit pedestrian,Others,13.017537,77.659373,0,5430
K R Puram,2020,Grievous Injury,Vehicle to Vehicle,Not Applicable,13.005782,77.65046,0,5431
K R Puram,2020,Simple Injury,Not Applicable,Others,12.99598,77.665023,0,5432
K R Puram,2020,Fatal,Hit pedestrian,Others,12.994257,77.685119,1,5433
K R Puram,2020,Grievous Injury,Vehicle to Vehicle,Others,12.983068,77.693703,0,5434
K R Puram,2020,Grievous Injury,Vehicle to Vehicle,Others,13.00155,77.676562,0,5435
K R Puram,2020,Damage Only,Not Applicable,Others,12.991083,77.721707,0,5436
K R Puram,2020,Simple Injury,Hit animal,Others,13.003581,77.723455,0,5437
K R Puram,2020,Grievous Injury,Vehicle to Vehicle,Others,13.022629,77.696431,0,5438
K R Puram,2020,Grievous Injury,Not Applicable,Others,12.975624,77.697003,0,5439
K R Puram,2020,Grievous Injury,Hit pedestrian,Others,13.009525,77.696615,0,5440
K R Puram,2020,Grievous Injury,Vehicle to Vehicle,Others,12.992931,77.686202,0,5441
K R Puram,2020,Fatal,Vehicle to Vehicle,Others,13.01755,77.659067,1,5442
K R Puram,2020,Damage Only,Vehicle to Vehicle,Others,13.023844,77.716008,0,5443
K R Puram,2020,Grievous Injury,Vehicle to Vehicle,Others,12.980385,77.723743,0,5444
K R Puram,2020,Grievous Injury,Vehicle to Vehicle,NH,13.025138,77.718629,0,5445
K R Puram,2020,Fatal,Not Applicable,Two way,12.992913,77.708299,1,5446
K R Puram,2020,Fatal,Vehicle to Vehicle,Others,12.982541,77.692614,1,5447
K R Puram,2020,Grievous Injury,Vehicle to Vehicle,NH,12.999387,77.674778,0,5448
K R Puram,2020,Damage Only,Vehicle to Vehicle,NH,13.008088,77.692531,0,5449
K R Puram,2020,Grievous Injury,Vehicle to Vehicle,Others,13.003383,77.663677,0,5450
K R Puram,2020,Simple Injury,Vehicle to Vehicle,NH,13.017964,77.657785,0,5451
K R Puram,2020,Grievous Injury,Vehicle to Vehicle,Others,12.992019,77.715131,0,5452
K R Puram,2020,Grievous Injury,Vehicle to Vehicle,NH,13.019385,77.708616,0,5453
K R Puram,2020,Grievous Injury,Vehicle to Vehicle,Others,13.021805,77.720618,0,5454
K R Puram,2020,Grievous Injury,Vehicle to Vehicle,Others,13.011595,77.671523,0,5455
K R Puram,2020,Grievous Injury,Vehicle to Vehicle,Service Road,13.005752,77.650684,0,5456
K R Puram,2020,Simple Injury,Not Applicable,One way,12.983162,77.692672,0,5457
K R Puram,2020,Grievous Injury,Vehicle to Vehicle,Service Road,13.004695,77.684619,0,5458
K R Puram,2020,Grievous Injury,Vehicle to Vehicle,Service Road,13.010503,77.697079,0,5459
K R Puram,2020,Damage Only,Not Applicable,NH,12.999114,77.674013,0,5460
K R Puram,2020,Grievous Injury,Vehicle to Vehicle,Others,12.978687,77.695402,0,5461
K R Puram,2020,Grievous Injury,Vehicle to Vehicle,Others,13.003523,77.682099,0,5462
K R Puram,2020,Grievous Injury,Vehicle to Vehicle,NH,13.01721,77.704555,0,5463
K R Puram,2020,Fatal,Not Applicable,Others,13.00042,77.681535,1,5464
K R Puram,2020,Grievous Injury,Hit pedestrian,Others,13.004857,77.704164,0,5465
K R Puram,2020,Grievous Injury,Hit pedestrian,NH,13.014459,77.700526,0,5466
K R Puram,2020,Fatal,Not Applicable,Others,12.983007,77.692223,1,5467
K R Puram,2020,Fatal,Not Applicable,Mixed,12.982697,77.692702,1,5468
K R Puram,2020,Grievous Injury,Not Applicable,Others,13.003056,77.663117,0,5469
K R Puram,2020,Grievous Injury,Hit pedestrian,Others,12.995926,77.684064,0,5470
K R Puram,2020,Damage Only,Vehicle to Vehicle,Others,13.000398,77.679309,0,5471
K R Puram,2020,Damage Only,Vehicle to Vehicle,Others,13.00793,77.68941,0,5472
K R Puram,2020,Grievous Injury,Vehicle to Vehicle,Others,12.99973,77.67579,0,5473
K R Puram,2020,Fatal,Hit bicyclist,NH,13.003785,77.6822944,1,5474
K R Puram,2020,Fatal,Not Applicable,Others,12.982691,77.692849,1,5475
K R Puram,2020,Grievous Injury,Hit pedestrian,Others,12.992212,77.716233,0,5476
K R Puram,2020,Fatal,Hit pedestrian,NH,13.022738,77.714034,1,5477
K R Puram,2020,Grievous Injury,Vehicle to Vehicle,NH,12.996902,77.669205,0,5478
K R Puram,2020,Fatal,Not Applicable,Others,13.016431,77.661586,1,5479
K R Puram,2020,Grievous Injury,Vehicle to Vehicle,Others,12.992531,77.711458,0,5480
K R Puram,2020,Fatal,Not Applicable,Service Road,12.982658,77.693033,1,5481
K R Puram,2020,Fatal,Vehicle to Vehicle,NH,13.013361,77.662202,1,5482
K R Puram,2020,Grievous Injury,Not Applicable,Others,13.018453,77.65709,0,5483
K R Puram,2020,Fatal,Not Applicable,NH,13.008404,77.695825,1,5484
K R Puram,2020,Damage Only,Vehicle to Vehicle,Others,13.010965,77.662503,0,5485
K R Puram,2020,Fatal,Not Applicable,Service Road,13.016463,77.661359,1,5486
K R Puram,2020,Damage Only,Vehicle to Vehicle,Others,13.018373,77.672151,0,5487
K R Puram,2020,Grievous Injury,Vehicle to Vehicle,NH,13.01962,77.708663,0,5488
K R Puram,2020,Grievous Injury,Vehicle to Vehicle,Others,13.00176,77.66192,0,5489
K R Puram,2020,Grievous Injury,Vehicle to Vehicle,Others,12.991075,77.707127,0,5490
K R Puram,2020,Fatal,Vehicle to Vehicle,Service Road,12.988802,77.68881,1,5491
K R Puram,2021,Damage Only,Vehicle to Vehicle,Others,12.99644,77.690409,0,5492
K R Puram,2021,Damage Only,Vehicle to Vehicle,Others,13.004962,77.692684,0,5493
K R Puram,2021,Grievous Injury,Vehicle to Vehicle,Others,13.000187,77.676624,0,5494
K R Puram,2021,Grievous Injury,Hit pedestrian,Not Applicable,13.007214,77.683764,0,5495
K R Puram,2021,Simple Injury,Vehicle to Vehicle,Not Applicable,13.003926,77.721638,0,5496
K R Puram,2021,Fatal,Not Applicable,Others,13.000336,77.679176,1,5497
K R Puram,2021,Grievous Injury,Vehicle to Vehicle,Not Applicable,13.014251,77.717002,0,5498
K R Puram,2021,Fatal,Not Applicable,Others,12.985748,77.691176,1,5499
K R Puram,2021,Simple Injury,Not Applicable,Others,13.022,77.713162,0,5500
K R Puram,2021,Simple Injury,Not Applicable,Others,13.012828,77.673107,0,5501
K R Puram,2021,Simple Injury,Vehicle to Vehicle,Others,13.000088,77.676603,0,5502
K R Puram,2021,Grievous Injury,Vehicle to Vehicle,Others,13.002037,77.683226,0,5503
K R Puram,2021,Fatal,Not Applicable,Service Road,13.018056,77.657557,1,5504
K R Puram,2021,Damage Only,Vehicle to Vehicle,Others,12.974702,77.697715,0,5505
K R Puram,2021,Grievous Injury,Vehicle to Vehicle,Service Road,13.003339,77.682275,0,5506
K R Puram,2021,Simple Injury,Vehicle to Vehicle,One way,12.992546,77.711581,0,5507
K R Puram,2021,Grievous Injury,Vehicle to Vehicle,Mixed,13.013269,77.662212,0,5508
K R Puram,2021,Grievous Injury,Vehicle to Vehicle,Service Road,13.023866,77.71629,0,5509
K R Puram,2021,Simple Injury,Vehicle to Vehicle,Service Road,13.017644,77.70571,0,5510
K R Puram,2021,Damage Only,Vehicle to Vehicle,Others,13.01322,77.662318,0,5511
K R Puram,2021,Simple Injury,Vehicle to Vehicle,Not Applicable,13.024275,77.706943,0,5512
K R Puram,2021,Simple Injury,Vehicle to Vehicle,NH,12.989975,77.68844,0,5513
K R Puram,2021,Grievous Injury,Vehicle to Vehicle,Others,12.991141,77.687466,0,5514
K R Puram,2021,Simple Injury,Vehicle to Vehicle,NH,13.008217,77.692421,0,5515
K R Puram,2021,Grievous Injury,Vehicle to Vehicle,NH,13.013266,77.699645,0,5516
K R Puram,2021,Simple Injury,Vehicle to Vehicle,Others,13.009665,77.667482,0,5517
K R Puram,2021,Grievous Injury,Vehicle to Vehicle,Others,12.989348,77.688606,0,5518
K R Puram,2021,Damage Only,Vehicle to Vehicle,Others,12.997587,77.670574,0,5519
K R Puram,2021,Fatal,Vehicle to Vehicle,Service Road,13.018583,77.706727,1,5520
K R Puram,2021,Fatal,Vehicle to Vehicle,NH,13.005923,77.68673,1,5521
K R Puram,2021,Grievous Injury,Vehicle to Vehicle,One way,12.992897,77.705761,0,5522
K R Puram,2021,Fatal,Vehicle to Vehicle,NH,13.013273,77.699613,1,5523
K R Puram,2021,Grievous Injury,Not Applicable,Others,13.008886,77.696343,0,5524
K R Puram,2021,Fatal,Not Applicable,Others,13.016459,77.661732,1,5525
K R Puram,2021,Grievous Injury,Not Applicable,Residential Street,13.010466,77.697604,0,5526
K R Puram,2021,Grievous Injury,Vehicle to Vehicle,NH,13.010275,77.697595,0,5527
K R Puram,2021,Simple Injury,Vehicle to Vehicle,NH,13.008349,77.693528,0,5528
K R Puram,2021,Fatal,Not Applicable,Not Applicable,13.016455,77.66148,1,5529
K R Puram,2021,Damage Only,Vehicle to Vehicle,NH,12.996886,77.669143,0,5530
K R Puram,2021,Fatal,Not Applicable,Others,13.015943,77.662072,1,5531
K R Puram,2021,Simple Injury,Hit pedestrian,Service Road,12.994654,77.721083,0,5532
K R Puram,2021,Fatal,Hit pedestrian,NH,13.009503,77.696834,1,5533
K R Puram,2021,Fatal,Hit pedestrian,Others,12.994319,77.700507,1,5534
K R Puram,2021,Grievous Injury,Vehicle to Vehicle,Not Applicable,12.994135,77.685378,0,5535
K R Puram,2021,Grievous Injury,Vehicle to Vehicle,Two way,12.986202,77.707822,0,5536
K R Puram,2021,Grievous Injury,Vehicle to Vehicle,Service Road,12.999673,77.663596,0,5537
K R Puram,2021,Simple Injury,Vehicle to Vehicle,Service Road,13.012818,77.673099,0,5538
K R Puram,2021,Simple Injury,Hit pedestrian,Others,13.003196,77.695474,0,5539
K R Puram,2021,Simple Injury,Vehicle to Vehicle,NH,13.019833,77.709134,0,5540
K R Puram,2021,Damage Only,Vehicle to Vehicle,Others,13.031774,77.716026,0,5541
K R Puram,2023,Grievous Injury,Vehicle to Vehicle,Others,13.019255,77.675695,0,5542
K R Puram,2023,Grievous Injury,Vehicle to Vehicle,Expressway,12.99827,77.721707,0,5543
K R Puram,2023,Grievous Injury,Hit pedestrian,Major District Road,13.021446,77.711084,0,5544
K R Puram,2023,Simple Injury,Vehicle to Vehicle,NH,13.019355,77.708337,0,5545
K R Puram,2023,Simple Injury,Hit pedestrian,Expressway,12.997512,77.670084,0,5546
K R Puram,2023,Damage Only,Vehicle to Vehicle,Expressway,13.020447,77.690957,0,5547
K R Puram,2023,Grievous Injury,Vehicle to Vehicle,Arterial,13.024503,77.668721,0,5548
K R Puram,2023,Grievous Injury,Vehicle to Vehicle,Two way,13.024,77.694212,0,5549
K R Puram,2023,Grievous Injury,Not Applicable,Expressway,13.004317,77.662975,0,5550
K R Puram,2023,Grievous Injury,Vehicle to Vehicle,Arterial,13.020656,77.685018,0,5551
K R Puram,2023,Grievous Injury,Vehicle to Vehicle,Others,13.012868,77.650182,0,5552
K R Puram,2023,Fatal,Hit pedestrian,Residential Street,13.022744,77.693084,1,5553
K R Puram,2023,Not Applicable,Vehicle to Vehicle,Others,13.002415,77.664049,0,5554
K R Puram,2023,Damage Only,Vehicle to Vehicle,Expressway,13.012429,77.699953,0,5555
K R Puram,2023,Damage Only,Vehicle to Vehicle,NH,13.008959,77.695661,0,5556
K R Puram,2023,Simple Injury,Vehicle to Vehicle,Expressway,13.012544,77.699824,0,5557
K R Puram,2023,Grievous Injury,Vehicle to Vehicle,Expressway,13.005279,77.686488,0,5558
K R Puram,2023,Grievous Injury,Vehicle to Vehicle,Others,13.009962,77.706031,0,5559
K R Puram,2023,Simple Injury,Vehicle to Vehicle,Not Applicable,13.019966,77.708938,0,5560
K R Puram,2023,Grievous Injury,Vehicle to Vehicle,Expressway,13.011958,77.674192,0,5561
K R Puram,2023,Grievous Injury,Vehicle to Vehicle,Arterial,12.993243,77.706434,0,5562
K R Puram,2023,Grievous Injury,Vehicle to Vehicle,Arterial,12.99218,77.713493,0,5563
K R Puram,2023,Grievous Injury,Vehicle to Vehicle,Others,13.027873,77.662344,0,5564
K R Puram,2023,Grievous Injury,Hit pedestrian,Others,13.019563,77.67553,0,5565
K R Puram,2023,Grievous Injury,Vehicle to Vehicle,NH,13.019804,77.709021,0,5566
K R Puram,2023,Grievous Injury,Vehicle to Vehicle,Expressway,13.012105,77.66636,0,5567
K R Puram,2023,Grievous Injury,Hit pedestrian,Arterial,13.00921,77.696793,0,5568
K R Puram,2023,Grievous Injury,Vehicle to Vehicle,Arterial,13.005791,77.651075,0,5569
K R Puram,2023,Damage Only,Vehicle to Vehicle,Others,13.002415,77.664049,0,5570
K R Puram,2023,Damage Only,Vehicle to Vehicle,Others,13.007348,77.697662,0,5571
K R Puram,2023,Grievous Injury,Vehicle to Vehicle,Major District Road,13.008223,77.693028,0,5572
K R Puram,2023,Grievous Injury,Hit pedestrian,Expressway,13.017342,77.704877,0,5573
K R Puram,2023,Simple Injury,Hit bicyclist,Two way,13.00737,77.709357,0,5574
K R Puram,2023,Grievous Injury,Vehicle to Vehicle,Expressway,12.996811,77.663455,0,5575
K R Puram,2023,Grievous Injury,Hit pedestrian,One way,13.010537,77.70515,0,5576
K R Puram,2023,Grievous Injury,Not Applicable,Others,13.006912,77.700797,0,5577
K R Puram,2023,Grievous Injury,Vehicle to Vehicle,Expressway,12.998118,77.670773,0,5578
K R Puram,2023,Grievous Injury,Vehicle to Vehicle,Not Applicable,13.003544,77.662895,0,5579
K R Puram,2023,Grievous Injury,Vehicle to Vehicle,Arterial,13.021931,77.698453,0,5580
K R Puram,2023,Fatal,Not Applicable,Major District Road,13.004027,77.683205,1,5581
K R Puram,2023,Damage Only,Vehicle to Vehicle,Expressway,13.016422,77.703664,0,5582
K R Puram,2023,Simple Injury,Vehicle to Vehicle,Expressway,13.016422,77.703889,0,5583
K R Puram,2023,Grievous Injury,Vehicle to Vehicle,Expressway,13.009868,77.662297,0,5584
K R Puram,2023,Grievous Injury,Hit pedestrian,Others,13.016767,77.669115,0,5585
K R Puram,2023,Grievous Injury,Not Applicable,Expressway,13.01729,77.660192,0,5586
K R Puram,2023,Grievous Injury,Vehicle to Vehicle,Expressway,13.024802,77.684486,0,5587
K R Puram,2023,Damage Only,Vehicle to Vehicle,Expressway,12.998118,77.670773,0,5588
K R Puram,2023,Grievous Injury,Hit pedestrian,Expressway,13.021241,77.67865,0,5589
K R Puram,2023,Grievous Injury,Vehicle to Vehicle,Major District Road,12.997501,77.669923,0,5590
K R Puram,2023,Fatal,Not Applicable,Service Road,13.012644,77.662474,1,5591
K R Puram,2023,Grievous Injury,Hit pedestrian,Others,13.011049,77.710011,0,5592
K R Puram,2023,Simple Injury,Hit pedestrian,Two way,13.021446,77.711083,0,5593
K R Puram,2023,Damage Only,Vehicle to Vehicle,Major District Road,13.01729,77.660192,0,5594
K R Puram,2023,Damage Only,Vehicle to Vehicle,Expressway,13.028617,77.692321,0,5595
K R Puram,2023,Grievous Injury,Vehicle to Vehicle,Others,13.024053,77.694084,0,5596
K R Puram,2023,Grievous Injury,Vehicle to Vehicle,Expressway,13.01218,77.666809,0,5597
K R Puram,2023,Fatal,Hit pedestrian,Others,12.997721,77.670336,1,5598
K R Puram,2023,Grievous Injury,Vehicle to Vehicle,Others,13.025015,77.719356,0,5599
K R Puram,2023,Grievous Injury,Vehicle to Vehicle,Arterial,13.018565,77.70727,0,5600
K R Puram,2023,Damage Only,Vehicle to Vehicle,Expressway,13.015304,77.665395,0,5601
K R Puram,2023,Simple Injury,Vehicle to Vehicle,Expressway,13.016969,77.704546,0,5602
K R Puram,2023,Fatal,Hit pedestrian,Residential Street,13.046159,77.679897,1,5603
Kamakshipalya,2017,Grievous Injury,Not Applicable,Two way,12.968211,77.512784,0,5604
Kamakshipalya,2017,Fatal,Hit and Run,Not Applicable,12.987775,77.51343,1,5605
Kamakshipalya,2017,Grievous Injury,Head on,City or Town Road,12.968211,77.512784,0,5606
Kamakshipalya,2018,Grievous Injury,Hit pedestrian,Two way,12.978051,77.514735,0,5607
Kamakshipalya,2019,Grievous Injury,Hit pedestrian,Others,12.983158,77.502503,0,5608
Kamakshipalya,2019,Simple Injury,Vehicle to Vehicle,Others,12.951814,77.497433,0,5609
Kamakshipalya,2019,Grievous Injury,Not Applicable,State Highway,12.999753,77.504332,0,5610
Kamakshipalya,2019,Grievous Injury,Vehicle to Vehicle,Two way,12.96556,77.509539,0,5611
Kamakshipalya,2020,Simple Injury,Not Applicable,Others,12.975,77.517,0,5612
Kamakshipalya,2020,Grievous Injury,Not Applicable,Two way,12.948652,77.497056,0,5613
Kamakshipalya,2021,Fatal,Not Applicable,Others,12.949409,77.471809,1,5614
Kamakshipalya,2021,Fatal,Hit pedestrian,Others,12.957584,77.503154,1,5615
Kamakshipalya,2022,Grievous Injury,Vehicle to Vehicle,Expressway,12.964217,77.512186,0,5616
Kamakshipalya,2022,Grievous Injury,Hit pedestrian,State Highway,12.983902,77.528991,0,5617
Kamakshipalya,2022,Fatal,Vehicle to Vehicle,Service Road,12.991196,77.520597,1,5618
Kamakshipalya,2022,Fatal,Not Applicable,Two way,12.939561,77.507949,1,5619
Kamakshipalya,2022,Fatal,Vehicle to Vehicle,One way,12.987895,77.515648,1,5620
Kamakshipalya,2022,Fatal,Vehicle to Vehicle,Sub Arterial,12.93738859,77.5111602,1,5621
Kamakshipalya,2022,Grievous Injury,Vehicle to Vehicle,Residential Street,12.994301,77.521842,0,5622
Kamakshipalya,2022,Fatal,Not Applicable,Not Applicable,12.952502,77.500959,1,5623
Kamakshipalya,2022,Fatal,Vehicle to Vehicle,Sub Arterial,12.994487,77.522093,1,5624
Kamakshipalya,2023,Grievous Injury,Hit pedestrian,Arterial,13.139914,77.375675,0,5625
Kamakshipalya,2023,Grievous Injury,Not Applicable,Arterial,12.972247,77.512688,0,5626
Kamakshipalya,2023,Damage Only,Vehicle to Vehicle,Arterial,12.961025,77.512688,0,5627
Kamakshipalya,2023,Grievous Injury,Vehicle to Vehicle,Two way,12.971565,77.498696,0,5628
Kamakshipalya,2023,Fatal,Vehicle to Vehicle,Sub Arterial,12.984556,77.556545,1,5629
Kamakshipalya,2023,Fatal,Hit pedestrian,State Highway,12.98713,77.491998,1,5630
Kamakshipalya,2023,Not Applicable,Hit pedestrian,Others,12.971599,77.594566,0,5631
Kamakshipalya,2023,Grievous Injury,Vehicle to Vehicle,Arterial,13.006752,77.561737,0,5632
Kamakshipalya,2023,Grievous Injury,Vehicle to Vehicle,Sub Arterial,12.997639,77.523646,0,5633
Kamakshipalya,2023,Grievous Injury,Vehicle to Vehicle,Arterial,12.990615,77.487875,0,5634
Kamakshipalya,2023,Fatal,Vehicle to Vehicle,State Highway,12.987316,77.519743,1,5635
Kamakshipalya,2023,Damage Only,Vehicle to Vehicle,Sub Arterial,12.9845,77.511677,0,5636
Kamakshipalya,2023,Fatal,Vehicle to Vehicle,State Highway,12.98564,77.546056,1,5637
Kamakshipalya,2023,Fatal,Hit pedestrian,Sub Arterial,12.960445,77.54065,1,5638
Kamakshipalya,2023,Damage Only,Vehicle to Vehicle,Sub Arterial,12.899162,77.616859,0,5639
Kamakshipalya,2023,Grievous Injury,Vehicle to Vehicle,Sub Arterial,13.01026168,77.49657165,0,5640
Kamakshipalya,2023,Fatal,Vehicle to Vehicle,Arterial,12.971834,77.507723,1,5641
Kamakshipalya,2023,Grievous Injury,Not Applicable,Arterial,12.972274,77.508051,0,5642
Kamakshipalya,2023,Fatal,Vehicle to Vehicle,State Highway,12.985651,77.484244,1,5643
Kamakshipalya,2023,Damage Only,Vehicle to Vehicle,State Highway,12.96988,77.55731,0,5644
Kamakshipalya,2023,Grievous Injury,Vehicle to Vehicle,Sub Arterial,12.998401,77.50324,0,5645
Kamakshipalya,2023,Grievous Injury,Vehicle to Vehicle,Arterial,12.984371,77.528034,0,5646
Kamakshipalya,2023,Grievous Injury,Hit pedestrian,Sub Arterial,13.031359,77.570244,0,5647
Kamakshipalya,2023,Fatal,Hit pedestrian,Sub Arterial,12.935681,77.512866,1,5648
Kamakshipalya,2023,Grievous Injury,Hit pedestrian,Two way,12.96187,77.503371,0,5649
Kamakshipalya,2023,Grievous Injury,Vehicle to Vehicle,Sub Arterial,12.985626,77.568524,0,5650
Kamakshipalya,2023,Fatal,Vehicle to Vehicle,Sub Arterial,12.994343,77.488927,1,5651
Kamakshipalya,2023,Grievous Injury,Vehicle to Vehicle,Sub Arterial,12.98678,77.52072,0,5652
Kamakshipalya,2023,Grievous Injury,Hit pedestrian,State Highway,12.96988,77.55731,0,5653
Kamakshipalya,2023,Grievous Injury,Vehicle to Vehicle,Arterial,12.961025,77.512688,0,5654
Kamakshipalya,2023,Grievous Injury,Hit pedestrian,State Highway,12.988376,77.51625,0,5655
Kamakshipalya,2023,Grievous Injury,Hit pedestrian,Residential Street,13.0092783,77.482545,0,5656
Kamakshipalya,2023,Grievous Injury,Vehicle to Vehicle,Arterial,12.972442,77.580643,0,5657
Kamakshipalya,2023,Grievous Injury,Not Applicable,Arterial,12.96844,77.48199,0,5658
Kamakshipalya,2023,Grievous Injury,Vehicle to Vehicle,Service Road,12.970136,77.512522,0,5659
Kamakshipalya,2023,Grievous Injury,Hit pedestrian,Sub Arterial,12.973078,77.513129,0,5660
Kamakshipalya,2023,Grievous Injury,Not Applicable,Sub Arterial,12.993067,77.521617,0,5661
Kamakshipalya,2023,Fatal,Hit pedestrian,State Highway,12.965415,77.565152,1,5662
Kamakshipalya,2023,Simple Injury,Hit pedestrian,Sub Arterial,12.995739,77.502409,0,5663
Kamakshipalya,2023,Grievous Injury,Vehicle to Vehicle,Sub Arterial,12.963093,77.512637,0,5664
Kamakshipalya,2023,Grievous Injury,Not Applicable,Arterial,13.069521,77.582284,0,5665
Kamakshipalya,2023,Fatal,Not Applicable,Sub Arterial,12.986541,77.564562,1,5666
Kamakshipalya,2023,Damage Only,Vehicle to Vehicle,State Highway,13.030032,77.604721,0,5667
Kamakshipalya,2023,Grievous Injury,Hit pedestrian,State Highway,12.98677,77.49125,0,5668
Kamakshipalya,2023,Grievous Injury,Not Applicable,Sub Arterial,12.84479,77.36961,0,5669
Kamakshipalya,2023,Grievous Injury,Not Applicable,Arterial,12.961025,77.522688,0,5670
Kamakshipalya,2023,Grievous Injury,Hit pedestrian,Major District Road,12.973022,77.512703,0,5671
Kamakshipalya,2023,Grievous Injury,Hit pedestrian,State Highway,12.990244,77.504203,0,5672
Kamakshipalya,2023,Grievous Injury,Vehicle to Vehicle,Service Road,12.981811,77.517167,0,5673
Kamakshipalya,2023,Grievous Injury,Hit pedestrian,Sub Arterial,12.972855,77.512753,0,5674
Kamakshipalya,2023,Grievous Injury,Hit pedestrian,Arterial,12.972907,77.512157,0,5675
Kamakshipalya,2023,Damage Only,Vehicle to Vehicle,Sub Arterial,12.972442,77.580643,0,5676
Kamakshipalya,2023,Grievous Injury,Vehicle to Vehicle,Residential Street,13.000139,77.485143,0,5677
Kamakshipalya,2023,Simple Injury,Not Applicable,Arterial,12.961025,77.512688,0,5678
Kamakshipalya,2023,Simple Injury,Vehicle to Vehicle,Sub Arterial,12.961025,77.512688,0,5679
Kamakshipalya,2023,Grievous Injury,Vehicle to Vehicle,Sub Arterial,12.899162,77.616859,0,5680
Kamakshipalya,2023,Grievous Injury,Hit pedestrian,Arterial,12.917212,77.457126,0,5681
Kamakshipalya,2023,Grievous Injury,Not Applicable,Sub Arterial,12.9832,77.4787,0,5682
Kamakshipalya,2023,Grievous Injury,Vehicle to Vehicle,Sub Arterial,12.998038,77.523412,0,5683
Kamakshipalya,2023,Grievous Injury,Vehicle to Vehicle,Sub Arterial,12.974646,77.513335,0,5684
Kamakshipalya,2023,Grievous Injury,Vehicle to Vehicle,Arterial,12.990946,77.507925,0,5685
Kamakshipalya,2023,Fatal,Not Applicable,Sub Arterial,12.965842,77.541258,1,5686
Kamakshipalya,2023,Fatal,Not Applicable,Arterial,12.961316,77.51259,1,5687
Kamakshipalya,2023,Simple Injury,Vehicle to Vehicle,Others,12.990067,77.501609,0,5688
Kamakshipalya,2023,Fatal,Vehicle to Vehicle,State Highway,12.975414,77.541247,1,5689
Kamakshipalya,2023,Fatal,Vehicle to Vehicle,State Highway,12.987446,77.492662,1,5690
Kamakshipalya,2023,Grievous Injury,Hit pedestrian,Major District Road,12.985923,77.486061,0,5691
Kamakshipalya,2023,Grievous Injury,Hit pedestrian,Sub Arterial,12.964784,77.504986,0,5692
Kamakshipalya,2023,Grievous Injury,Hit pedestrian,Sub Arterial,12.985803,77.511485,0,5693
Kamakshipalya,2023,Fatal,Not Applicable,NH,12.999698,77.473998,1,5694
Kamakshipalya,2023,Grievous Injury,Vehicle to Vehicle,Sub Arterial,12.977101,77.514201,0,5695
Kamakshipalya,2023,Grievous Injury,Vehicle to Vehicle,State Highway,12.964585,77.562546,0,5696
Kamakshipalya,2023,Fatal,Not Applicable,State Highway,12.984576,77.553011,1,5697
Kamakshipalya,2023,Damage Only,Vehicle to Vehicle,Others,12.98995,77.47285,0,5698
Kamakshipalya,2023,Damage Only,Vehicle to Vehicle,Arterial,12.961025,77.512688,0,5699
Kamakshipalya,2023,Grievous Injury,Vehicle to Vehicle,Arterial,13.010816,77.493259,0,5700
Kamakshipalya,2023,Grievous Injury,Vehicle to Vehicle,Arterial,12.97182,77.5079,0,5701
Kamakshipalya,2023,Grievous Injury,Vehicle to Vehicle,Sub Arterial,12.961025,77.512688,0,5702
Kamakshipalya,2023,Fatal,Vehicle to Vehicle,One way,12.9609783,77.4792983,1,5703
Kamakshipalya,2023,Grievous Injury,Vehicle to Vehicle,Sub Arterial,12.993818,77.513721,0,5704
Kamakshipalya,2023,Grievous Injury,Vehicle to Vehicle,Arterial,12.980769,77.50609,0,5705
Kamakshipalya,2023,Grievous Injury,Vehicle to Vehicle,Arterial,12.972442,77.580643,0,5706
Kamakshipalya,2023,Simple Injury,Hit pedestrian,State Highway,12.983547,77.494574,0,5707
Kamakshipalya,2023,Fatal,Vehicle to Vehicle,Major District Road,12.991468,77.472604,1,5708
Kengeri,2017,Fatal,Hit pedestrian,NH,12.9195572,77.4921234,1,5709
Kengeri,2017,Fatal,Side swipe,NH,12.9035241,77.4700867,1,5710
Kengeri,2017,Grievous Injury,Others,City or Town Road,12.9039457,77.5092279,0,5711
Kengeri,2017,Fatal,Skidding or Self accident,Others,12.8945076,77.5147398,1,5712
Kengeri,2017,Fatal,Side impact or Right angle,Expressway,12.8957423,77.4763041,1,5713
Kengeri,2017,Grievous Injury,Hit pedestrian,NH,12.9142246,77.4866588,0,5714
Kengeri,2022,Grievous Injury,Hit pedestrian,Others,12.916121,77.509067,0,5715
Kengeri,2022,Grievous Injury,Vehicle to Vehicle,Others,12.934235,77.531424,0,5716
Kengeri,2022,Fatal,Vehicle to Vehicle,NH,12.922905,77.495975,1,5717
Kengeri,2022,Grievous Injury,Vehicle to Vehicle,NH,12.931277,77.506449,0,5718
Kengeri,2022,Grievous Injury,Vehicle to Vehicle,NH,12.906666,77.473155,0,5719
Kengeri,2022,Fatal,Vehicle to Vehicle,Others,12.883628,77.500799,1,5720
Kengeri,2022,Grievous Injury,Vehicle to Vehicle,NH,12.897301,77.531732,0,5721
Kengeri,2022,Grievous Injury,Hit pedestrian,NH,12.913949,77.486228,0,5722
Kengeri,2022,Grievous Injury,Hit bicyclist,Others,12.888366,77.525357,0,5723
Kengeri,2022,Fatal,Vehicle to Vehicle,NH,12.909849,77.480361,1,5724
Kengeri,2022,Grievous Injury,Vehicle to Vehicle,Others,12.909142,77.513162,0,5725
Kengeri,2022,Fatal,Not Applicable,Expressway,12.937459,77.469325,1,5726
Kengeri,2022,Fatal,Not Applicable,Others,12.903872,77.525357,1,5727
Kengeri,2022,Fatal,Vehicle to Vehicle,Mixed,12.904023,77.511723,1,5728
Kengeri,2022,Fatal,Hit pedestrian,Expressway,12.921408,77.469146,1,5729
Kengeri,2022,Fatal,Hit pedestrian,Others,12.91063,77.486607,1,5730
Kengeri,2022,Fatal,Vehicle to Vehicle,Others,12.928142,77.531732,1,5731
Kengeri,2022,Grievous Injury,Hit pedestrian,Others,12.92906,77.486756,0,5732
Kengeri,2022,Fatal,Hit pedestrian,Others,12.887039,77.485939,1,5733
Kengeri,2022,Fatal,Vehicle to Vehicle,NH,12.910465,77.484077,1,5734
Kengeri,2022,Simple Injury,Vehicle to Vehicle,Others,12.895767,77.47628,0,5735
Kengeri,2022,Grievous Injury,Vehicle to Vehicle,Others,12.90839,77.512302,0,5736
Kengeri,2022,Grievous Injury,Vehicle to Vehicle,NH,12.922759,77.496062,0,5737
Kengeri,2022,Grievous Injury,Vehicle to Vehicle,Others,12.887399,77.525929,0,5738
Kengeri,2022,Fatal,Vehicle to Vehicle,Others,12.895687,77.476268,1,5739
Kengeri,2022,Grievous Injury,Vehicle to Vehicle,Others,12.928357,77.474157,0,5740
Kengeri,2022,Fatal,Vehicle to Vehicle,Others,12.915387,77.46765,1,5741
Kengeri,2022,Fatal,Vehicle to Vehicle,Residential Street,12.91715979,77.50996989,1,5742
Kengeri,2022,Simple Injury,Vehicle to Vehicle,Others,12.850214,77.589437,0,5743
Kengeri,2022,Grievous Injury,Vehicle to Vehicle,Others,12.911833,77.48513,0,5744
Kengeri,2022,Fatal,Hit pedestrian,Others,12.897301,77.512424,1,5745
Kengeri,2022,Fatal,Not Applicable,Residential Street,12.882088,77.497582,1,5746
Kengeri,2022,Grievous Injury,Not Applicable,NH,12.927895,77.502428,0,5747
Kengeri,2022,Grievous Injury,Vehicle to Vehicle,NH,12.930563,77.506123,0,5748
Kengeri,2022,Damage Only,Vehicle to Vehicle,NH,12.895687,77.469313,0,5749
Kengeri,2022,Fatal,Vehicle to Vehicle,Others,12.913948,77.467469,1,5750
Kengeri,2022,Simple Injury,Vehicle to Vehicle,Others,12.904046,77.511839,0,5751
Kengeri,2022,Fatal,Hit pedestrian,Others,12.903238,77.51659,1,5752
Kengeri,2022,Damage Only,Not Applicable,NH,12.888366,77.525357,0,5753
Kengeri,2022,Grievous Injury,Vehicle to Vehicle,Others,12.912136,77.513619,0,5754
Kengeri,2022,Fatal,Not Applicable,NH,12.914324,77.486904,1,5755
Kengeri,2022,Fatal,Vehicle to Vehicle,NH,12.921789,77.493914,1,5756
Kengeri,2022,Damage Only,Not Applicable,Others,12.919398,77.468863,0,5757
Kengeri,2022,Damage Only,Vehicle to Vehicle,Others,12.926249,77.488192,0,5758
Kengeri,2022,Grievous Injury,Not Applicable,Others,12.883628,77.531732,0,5759
Kengeri,2022,Fatal,Hit pedestrian,Residential Street,12.910268,77.490226,1,5760
Kengeri,2022,Fatal,Vehicle to Vehicle,Expressway,12.907015,77.468912,1,5761
Kengeri,2022,Damage Only,Not Applicable,Others,12.892488,77.469312,0,5762
Kengeri,2022,Fatal,Vehicle to Vehicle,Others,12.89535,77.476742,1,5763
Kengeri,2022,Fatal,Not Applicable,Others,12.901781,77.470602,1,5764
Kengeri,2022,Grievous Injury,Hit pedestrian,Others,12.897301,77.512424,0,5765
Kengeri,2022,Grievous Injury,Vehicle to Vehicle,Others,12.919029,77.477441,0,5766
Kengeri,2022,Damage Only,Vehicle to Vehicle,Others,12.897301,77.525357,0,5767
Kengeri,2022,Grievous Injury,Vehicle to Vehicle,NH,12.887399,77.525357,0,5768
Kengeri,2022,Grievous Injury,Vehicle to Vehicle,Others,12.927895,77.525511,0,5769
Kengeri,2022,Grievous Injury,Hit pedestrian,NH,12.926457,77.500487,0,5770
Kengeri,2022,Damage Only,Not Applicable,NH,12.924213,77.498295,0,5771
Kengeri,2022,Grievous Injury,Vehicle to Vehicle,Others,12.883628,77.512302,0,5772
Kengeri,2022,Fatal,Not Applicable,NH,12.91026,77.481538,1,5773
Kengeri,2022,Fatal,Not Applicable,Others,12.929884,77.474738,1,5774
Kengeri,2022,Fatal,Not Applicable,NH,12.905236,77.471556,1,5775
Kengeri,2022,Grievous Injury,Vehicle to Vehicle,Others,12.919288,77.468773,0,5776
Kengeri,2022,Grievous Injury,Not Applicable,Others,12.882088,77.531732,0,5777
Kengeri,2022,Grievous Injury,Hit bicyclist,Others,12.933572,77.525929,0,5778
Kengeri,2022,Damage Only,Vehicle to Vehicle,Others,12.926064,77.517882,0,5779
Kengeri,2022,Grievous Injury,Vehicle to Vehicle,Others,12.880704,77.496959,0,5780
Kengeri,2022,Damage Only,Vehicle to Vehicle,Others,12.850219,77.468863,0,5781
Kengeri,2022,Fatal,Vehicle to Vehicle,NH,12.922719,77.495941,1,5782
Kengeri,2022,Simple Injury,Vehicle to Vehicle,Others,12.914818,77.467469,0,5783
Kengeri,2022,Grievous Injury,Vehicle to Vehicle,Others,12.928142,77.525511,0,5784
Kengeri,2022,Fatal,Vehicle to Vehicle,Others,12.907247,77.468778,1,5785
Kengeri,2022,Grievous Injury,Hit pedestrian,Others,12.92344,77.52218,0,5786
Kengeri,2022,Grievous Injury,Vehicle to Vehicle,Not Applicable,12.927895,77.525511,0,5787
Kengeri,2023,Grievous Injury,Hit pedestrian,Others,12.934235,77.525929,0,5788
Kengeri,2023,Fatal,Hit pedestrian,Not Applicable,12.941547,77.49355,1,5789
Kengeri,2023,Grievous Injury,Vehicle to Vehicle,Others,12.883628,77.46886,0,5790
Kengeri,2023,Not Applicable,Vehicle to Vehicle,Others,12.904013,77.474355,0,5791
Kengeri,2023,Fatal,Not Applicable,Others,12.909049,77.499644,1,5792
Kengeri,2023,Fatal,Not Applicable,Others,12.951824,77.477423,1,5793
Kengeri,2023,Grievous Injury,Hit pedestrian,NH,12.926272,77.500248,0,5794
Kengeri,2023,Grievous Injury,Vehicle to Vehicle,Others,12.904701,77.470602,0,5795
Kengeri,2023,Not Applicable,Vehicle to Vehicle,Others,12.970967,77.673108,0,5796
Kengeri,2023,Simple Injury,Vehicle to Vehicle,State Highway,12.934231,77.525929,0,5797
Kengeri,2023,Fatal,Vehicle to Vehicle,Two way,12.903757,77.514118,1,5798
Kengeri,2023,Damage Only,Vehicle to Vehicle,Others,12.887399,77.467549,0,5799
Kengeri,2023,Damage Only,Not Applicable,Others,12.898915,77.473152,0,5800
Kengeri,2023,Grievous Injury,Vehicle to Vehicle,Others,12.966359,77.52083,0,5801
Kengeri,2023,Grievous Injury,Vehicle to Vehicle,Others,12.934235,77.525929,0,5802
Kengeri,2023,Fatal,Hit pedestrian,Expressway,12.913021,77.467533,1,5803
Kengeri,2023,Grievous Injury,Vehicle to Vehicle,Others,12.964461,77.470837,0,5804
Kengeri,2023,Simple Injury,Not Applicable,NH,12.888366,77.471556,0,5805
Kengeri,2023,Simple Injury,Vehicle to Vehicle,Others,12.936373,77.580552,0,5806
Kengeri,2023,Fatal,Hit pedestrian,NH,12.906791,77.473366,1,5807
Kengeri,2023,Not Applicable,Vehicle to Vehicle,Others,12.897301,77.471186,0,5808
Kengeri,2023,Simple Injury,Not Applicable,Others,12.904013,77.479232,0,5809
Kengeri,2023,Grievous Injury,Vehicle to Vehicle,Others,12.904013,77.470446,0,5810
Kengeri,2023,Grievous Injury,Vehicle to Vehicle,NH,12.903255,77.470837,0,5811
Kengeri,2023,Fatal,Hit pedestrian,Expressway,12.920643,77.531994,1,5812
Kengeri,2023,Simple Injury,Vehicle to Vehicle,Not Applicable,12.934235,77.531732,0,5813
Kengeri,2023,Fatal,Hit pedestrian,Residential Street,12.90517,77.521044,1,5814
Kengeri,2023,Damage Only,Hit pedestrian,Others,12.903255,77.473152,0,5815
Kengeri,2023,Grievous Injury,Vehicle to Vehicle,Others,12.934231,77.525511,0,5816
Kengeri,2023,Damage Only,Vehicle to Vehicle,Others,12.883628,77.469536,0,5817
Kengeri,2023,Grievous Injury,Vehicle to Vehicle,Others,12.968255,77.531732,0,5818
Kengeri,2023,Damage Only,Vehicle to Vehicle,Others,12.903872,77.470446,0,5819
Kengeri,2023,Grievous Injury,Vehicle to Vehicle,Others,12.887399,77.46899,0,5820
Kengeri,2023,Fatal,Not Applicable,State Highway,12.904701,77.4708371,1,5821
Kengeri,2023,Fatal,Vehicle to Vehicle,Not Applicable,12.904029,77.510228,1,5822
Kengeri,2023,Fatal,Not Applicable,Expressway,12.896303,77.475176,1,5823
Kengeri,2023,Fatal,Vehicle to Vehicle,Residential Street,12.91315,77.521713,1,5824
Kengeri,2023,Simple Injury,Vehicle to Vehicle,Others,12.887039,77.471556,0,5825
Kengeri,2023,Grievous Injury,Vehicle to Vehicle,Others,12.901781,77.470602,0,5826
Kengeri,2023,Grievous Injury,Vehicle to Vehicle,Others,12.900403,77.469395,0,5827
Kengeri,2023,Fatal,Vehicle to Vehicle,Service Road,12.893591,77.513502,1,5828
Kengeri,2023,Fatal,Not Applicable,NH,12.922792,77.496029,1,5829
Kengeri,2023,Grievous Injury,Not Applicable,NH,12.898915,77.531994,0,5830
Kengeri,2023,Fatal,Hit pedestrian,Residential Street,12.930403,77.513784,1,5831
Kengeri,2023,Simple Injury,Vehicle to Vehicle,Others,12.900403,77.469395,0,5832
Kengeri,2023,Simple Injury,Hit pedestrian,Others,12.896299,77.468863,0,5833
Kengeri,2023,Fatal,Vehicle to Vehicle,Expressway,12.887604,77.485525,1,5834
Kengeri,2023,Simple Injury,Hit pedestrian,Others,12.898915,77.470602,0,5835
Kengeri,2023,Grievous Injury,Vehicle to Vehicle,Others,12.903255,77.470837,0,5836
Kengeri,2023,Grievous Injury,Vehicle to Vehicle,Others,12.899643,77.531994,0,5837
Kengeri,2023,Fatal,Vehicle to Vehicle,NH,12.905187,77.471035,1,5838
Kengeri,2023,Grievous Injury,Hit pedestrian,Two way,12.924671,77.49867,0,5839
Kengeri,2023,Fatal,Not Applicable,Two way,12.912508,77.483166,1,5840
Kengeri,2023,Grievous Injury,Vehicle to Vehicle,Others,12.934235,77.531732,0,5841
Kengeri,2023,Fatal,Vehicle to Vehicle,One way,12.970967,77.471186,1,5842
Kengeri,2023,Fatal,Vehicle to Vehicle,Expressway,12.968192,77.471169,1,5843
Kengeri,2023,Grievous Injury,Vehicle to Vehicle,Others,12.888366,77.467569,0,5844
Kengeri,2023,Grievous Injury,Vehicle to Vehicle,NH,12.887039,77.525511,0,5845
Kengeri,2023,Fatal,Vehicle to Vehicle,Residential Street,12.912185,77.520887,1,5846
Kengeri,2023,Damage Only,Vehicle to Vehicle,Others,12.883628,77.469359,0,5847
Kengeri,2023,Not Applicable,Not Applicable,Others,12.897301,77.468992,0,5848
Kengeri,2023,Grievous Injury,Vehicle to Vehicle,Others,12.932511,77.516402,0,5849
Kengeri,2023,Fatal,Hit pedestrian,Residential Street,12.937761,77.489282,1,5850
Kengeri,2023,Grievous Injury,Vehicle to Vehicle,NH,12.910448,77.483881,0,5851
Kengeri,2023,Fatal,Vehicle to Vehicle,Others,12.913159,77.467235,1,5852
Kengeri,2023,Fatal,Vehicle to Vehicle,Expressway,12.962608,77.471322,1,5853
Kengeri,2023,Not Applicable,Not Applicable,Others,12.887039,77.469536,0,5854
Kengeri,2023,Fatal,Hit pedestrian,Two way,12.963383,77.48874,1,5855
Kengeri,2023,Fatal,Not Applicable,Others,12.926014,77.514658,1,5856
Kengeri,2023,Grievous Injury,Vehicle to Vehicle,Others,12.887746,77.467739,0,5857
Kengeri,2023,Grievous Injury,Hit pedestrian,Others,12.887399,77.469395,0,5858
Kengeri,2023,Grievous Injury,Vehicle to Vehicle,Residential Street,12.904023,77.471035,0,5859
Kengeri,2023,Grievous Injury,Vehicle to Vehicle,Others,12.883628,77.468995,0,5860
Kengeri,2023,Simple Injury,Vehicle to Vehicle,Not Applicable,12.964461,77.525929,0,5861
Kengeri,2023,Grievous Injury,Not Applicable,Others,12.936474,77.52083,0,5862
Kengeri,2023,Fatal,Hit pedestrian,NH,12.912641,77.485288,1,5863
Kengeri,2023,Grievous Injury,Vehicle to Vehicle,Others,12.898915,77.473152,0,5864
Kengeri,2023,Grievous Injury,Vehicle to Vehicle,Others,12.968255,77.531732,0,5865
Kengeri,2023,Grievous Injury,Hit pedestrian,NH,12.924805,77.498793,0,5866
Kengeri,2023,Grievous Injury,Not Applicable,Others,12.92901,77.474355,0,5867
Kengeri,2023,Fatal,Vehicle to Vehicle,Others,12.935958,77.469422,1,5868
Kengeri,2023,Grievous Injury,Vehicle to Vehicle,Others,12.904023,77.469536,0,5869
Kengeri,2023,Damage Only,Hit pedestrian,Others,12.887039,77.469359,0,5870
Kengeri,2023,Simple Injury,Vehicle to Vehicle,Two way,12.883628,77.516693,0,5871
Kengeri,2023,Grievous Injury,Vehicle to Vehicle,NH,12.933572,77.513619,0,5872
Kengeri,2023,Grievous Injury,Hit pedestrian,NH,12.904029,77.470837,0,5873
Kengeri,2023,Grievous Injury,Not Applicable,NH,12.897301,77.470446,0,5874
Kengeri,2023,Fatal,Vehicle to Vehicle,NH,12.904144,77.470546,1,5875
Kengeri,2023,Grievous Injury,Vehicle to Vehicle,Others,12.900403,77.477431,0,5876
Kengeri,2023,Grievous Injury,Vehicle to Vehicle,Others,12.897301,77.471651,0,5877
Kengeri,2023,Grievous Injury,Vehicle to Vehicle,Others,12.900403,77.469395,0,5878
Kengeri,2023,Simple Injury,Vehicle to Vehicle,Not Applicable,12.933572,77.525511,0,5879
Kengeri,2023,Simple Injury,Not Applicable,Others,12.883628,77.468778,0,5880
Kengeri,2023,Grievous Injury,Vehicle to Vehicle,Others,12.893591,77.473152,0,5881
Kengeri,2023,Damage Only,Hit pedestrian,Others,12.963383,77.691403,0,5882
Kengeri,2023,Grievous Injury,Vehicle to Vehicle,NH,12.887746,77.467563,0,5883
Kengeri,2023,Fatal,Vehicle to Vehicle,Others,12.936777,77.512155,1,5884
Kengeri,2023,Damage Only,Vehicle to Vehicle,Others,12.948849,77.501379,0,5885
Kengeri,2023,Grievous Injury,Vehicle to Vehicle,Others,12.933572,77.531732,0,5886
Kengeri,2023,Grievous Injury,Not Applicable,Not Applicable,12.933572,77.525929,0,5887
Kengeri,2023,Grievous Injury,Hit pedestrian,Others,12.956787,77.478839,0,5888
Kengeri,2023,Fatal,Hit pedestrian,NH,12.9129,77.485314,1,5889
Kengeri,2023,Grievous Injury,Vehicle to Vehicle,Others,12.893591,77.470446,0,5890
Kengeri,2023,Grievous Injury,Vehicle to Vehicle,Others,12.963383,77.467469,0,5891
Kengeri,2023,Grievous Injury,Not Applicable,Others,12.893591,77.468992,0,5892
Kengeri,2023,Not Applicable,Not Applicable,Others,12.888366,77.467739,0,5893
Kengeri,2023,Simple Injury,Not Applicable,Not Applicable,12.905818,77.501722,0,5894
Kengeri,2023,Fatal,Not Applicable,Two way,12.966359,77.480763,1,5895
Kengeri,2023,Grievous Injury,Hit pedestrian,Residential Street,12.898915,77.470602,0,5896
Kengeri,2023,Grievous Injury,Vehicle to Vehicle,Others,12.896299,77.469536,0,5897
Kengeri,2023,Grievous Injury,Vehicle to Vehicle,Others,12.883628,77.470446,0,5898
Kengeri,2023,Not Applicable,Vehicle to Vehicle,NH,12.897301,77.470446,0,5899
Kengeri,2023,Grievous Injury,Vehicle to Vehicle,Others,12.902752,77.471556,0,5900
Kengeri,2023,Damage Only,Vehicle to Vehicle,Others,12.897301,77.473152,0,5901
K S Layout,2016,Grievous Injury,Head on,Others,12.90823368,77.53949652,0,5902
K S Layout,2017,Grievous Injury,Head on,Residential Street,12.89047086,77.57081006,0,5903
K S Layout,2017,Grievous Injury,Hit pedestrian,State Highway,12.89344428,77.56993532,0,5904
K S Layout,2017,Simple Injury,Hit and Run,City or Town Road,12.88050587,77.57503794,0,5905
K S Layout,2017,Grievous Injury,Others,NH,12.8841203,77.5510012,0,5906
K S Layout,2017,Grievous Injury,Hit pedestrian,City or Town Road,12.88289563,77.56647782,0,5907
K S Layout,2017,Damage Only,Rear end,NH,12.8831411,77.56498259,0,5908
K S Layout,2017,Simple Injury,Others,Residential Street,12.83962,77.571729,0,5909
K S Layout,2017,Grievous Injury,Others,Others,12.936197,77.555886,0,5910
K S Layout,2017,Fatal,Rear end,City or Town Road,12.861265,77.518625,1,5911
K S Layout,2017,Fatal,Side swipe,NH,12.89344428,77.56993532,1,5912
K S Layout,2017,Grievous Injury,Hit and Run,City or Town Road,12.9054085,77.54224539,0,5913
K S Layout,2017,Grievous Injury,Head on,Others,12.88273327,77.55665531,0,5914
K S Layout,2017,Simple Injury,Others,City or Town Road,12.90711393,77.5439924,0,5915
K S Layout,2017,Damage Only,Others,Two way,12.90752818,77.55291611,0,5916
K S Layout,2017,Damage Only,Rear end,NH,12.88273327,77.55665531,0,5917
K S Layout,2017,Simple Injury,Others,Others,12.88253699,77.55773814,0,5918
K S Layout,2017,Damage Only,Others,Others,12.88273327,77.55665531,0,5919
K S Layout,2017,Grievous Injury,Others,City or Town Road,12.91568054,77.55016337,0,5920
K S Layout,2017,Fatal,Head on,Two way,12.88253699,77.55773814,1,5921
K S Layout,2017,Fatal,Hit and Run,City or Town Road,12.870075,77.586013,1,5922
K S Layout,2017,Grievous Injury,Others,Others,12.88563257,77.5482591,0,5923
K S Layout,2017,Fatal,Others,Others,12.88253699,77.55773814,1,5924
K S Layout,2017,Damage Only,Others,NH,12.906527,77.572182,0,5925
K S Layout,2017,Grievous Injury,Others,Others,12.85389,77.54081,0,5926
K S Layout,2017,Fatal,Hit bicyclist,City or Town Road,12.856254,77.58003,1,5927
K S Layout,2017,Fatal,Hit pedestrian,Others,12.90616017,77.52982708,1,5928
K S Layout,2017,Grievous Injury,Hit pedestrian,City or Town Road,12.90534901,77.54242972,0,5929
K S Layout,2017,Damage Only,Others,City or Town Road,12.91555492,77.55578319,0,5930
K S Layout,2017,Fatal,Rear end,Others,12.956482,77.471613,1,5931
K S Layout,2017,Grievous Injury,Not Applicable,Two way,12.90471042,77.54488816,0,5932
K S Layout,2017,Damage Only,Head on,City or Town Road,12.90958449,77.55159728,0,5933
K S Layout,2017,Grievous Injury,Others,City or Town Road,12.91718048,77.55090694,0,5934
K S Layout,2017,Damage Only,Hit and Run,City or Town Road,12.90942992,77.55478262,0,5935
K S Layout,2017,Fatal,Rear end,Others,12.90616017,77.52982708,1,5936
K S Layout,2017,Simple Injury,Others,City or Town Road,12.9142454,77.54672348,0,5937
K S Layout,2017,Simple Injury,Hit pedestrian,City or Town Road,12.88289439,77.55752851,0,5938
K S Layout,2017,Fatal,Others,Others,12.856542,77.529974,1,5939
K S Layout,2017,Simple Injury,Hit pedestrian,City or Town Road,12.90862774,77.55451594,0,5940
K S Layout,2017,Grievous Injury,Head on,Residential Street,12.88812763,77.58114661,0,5941
K S Layout,2017,Grievous Injury,Head on,City or Town Road,12.89619414,77.57095214,0,5942
K S Layout,2017,Fatal,Others,Others,12.90796006,77.53209199,1,5943
K S Layout,2017,Grievous Injury,Others,City or Town Road,12.88215423,77.56834477,0,5944
K S Layout,2017,Grievous Injury,Head on,Two way,12.90958449,77.55159728,0,5945
K S Layout,2017,Damage Only,Head on,City or Town Road,12.9072655,77.53613997,0,5946
K S Layout,2017,Grievous Injury,Others,City or Town Road,12.88563257,77.5482591,0,5947
K S Layout,2017,Damage Only,Others,Others,12.89528068,77.55067452,0,5948
K S Layout,2017,Grievous Injury,Head on,City or Town Road,12.88994985,77.57472108,0,5949
K S Layout,2017,Fatal,Hit pedestrian,Others,12.860597,77.521024,1,5950
K S Layout,2017,Simple Injury,Overturning,Residential Street,12.90471042,77.54488816,0,5951
K S Layout,2017,Fatal,Rear end,Residential Street,12.89189796,77.55236918,1,5952
K S Layout,2017,Grievous Injury,Others,Two way,12.886335,77.541633,0,5953
K S Layout,2017,Grievous Injury,Right Turn Collision,City or Town Road,12.89062558,77.56405571,0,5954
K S Layout,2017,Damage Only,Hit and Run,City or Town Road,12.90591074,77.54967296,0,5955
K S Layout,2017,Simple Injury,Head on,Others,12.88994985,77.57472108,0,5956
K S Layout,2017,Fatal,Hit pedestrian,NH,12.89344428,77.56993532,1,5957
K S Layout,2017,Grievous Injury,Others,City or Town Road,12.745493,77.488566,0,5958
K S Layout,2017,Fatal,Rear end,City or Town Road,12.856842,77.529974,1,5959
K S Layout,2017,Grievous Injury,Others,City or Town Road,12.86854765,77.5801126,0,5960
K S Layout,2017,Grievous Injury,Others,City or Town Road,12.91719593,77.54208621,0,5961
K S Layout,2017,Simple Injury,Hit pedestrian,Others,12.90958449,77.55159728,0,5962
K S Layout,2017,Grievous Injury,Others,NH,12.861829,77.529993,0,5963
K S Layout,2017,Grievous Injury,Head on,City or Town Road,12.86984938,77.58764682,0,5964
K S Layout,2018,Fatal,Rear end,Others,12.871665,77.500167,1,5965
K S Layout,2018,Fatal,Rear end,Others,12.865101,77.509915,1,5966
K S Layout,2018,Fatal,Others,Others,12.852881,77.563311,1,5967
K S Layout,2018,Fatal,Others,City or Town Road,12.851538,77.549682,1,5968
K S Layout,2018,Fatal,Head on,Others,12.840809,77.58164,1,5969
K S Layout,2018,Fatal,Rear end,Others,12.871852,77.49949,1,5970
K S Layout,2018,Grievous Injury,Others,Others,12.852635,77.527742,0,5971
K S Layout,2018,Fatal,Others,Others,12.856433,77.531475,1,5972
K S Layout,2018,Fatal,Rear end,City or Town Road,12.884747,77.58265,1,5973
K S Layout,2018,Fatal,Drowned,City or Town Road,12.871221,77.566432,1,5974
K S Layout,2018,Fatal,Hit and Run,City or Town Road,12.884827,77.541503,1,5975
K S Layout,2018,Fatal,Others,Others,12.851529,77.549787,1,5976
K S Layout,2018,Fatal,Run Off Road,Village Road,12.879314,77.510879,1,5977
K S Layout,2018,Grievous Injury,Others,Village Road,12.865101,77.509915,0,5978
K S Layout,2018,Grievous Injury,Rear end,Others,12.866565,77.578119,0,5979
K S Layout,2018,Fatal,Rear end,City or Town Road,12.891484,77.560588,1,5980
K S Layout,2018,Fatal,Rear end,NH,12.859069,77.528358,1,5981
K S Layout,2018,Fatal,Hit pedestrian,City or Town Road,12.87043,77.580072,1,5982
K S Layout,2018,Fatal,Others,City or Town Road,12.945086,77.550451,1,5983
K S Layout,2019,Fatal,Hit pedestrian,Others,12.8492218,77.558551,1,5984
K S Layout,2019,Fatal,Vehicle to Vehicle,Others,12.87564,77.566829,1,5985
K S Layout,2019,Fatal,Rear end,City or Town Road,12.8900371,77.564365,1,5986
K S Layout,2019,Fatal,Hit pedestrian,Residential Street,12.845204,77.581794,1,5987
K S Layout,2019,Fatal,Not Applicable,Forest Road,12.876921,77.518947,1,5988
K S Layout,2019,Fatal,Vehicle to Vehicle,NH,12.902382,77.57341,1,5989
K S Layout,2019,Fatal,Hit pedestrian,Others,12.891679,77.531313,1,5990
K S Layout,2019,Fatal,Others,City or Town Road,12.911408,77.572943,1,5991
K S Layout,2019,Fatal,Vehicle to Vehicle,Others,12.849829,77.5577,1,5992
K S Layout,2019,Fatal,Vehicle to Vehicle,NH,12.886147,77.557423,1,5993
K S Layout,2020,Fatal,Vehicle to Vehicle,Others,12.882552,77.516357,1,5994
K S Layout,2020,Fatal,Hit pedestrian,Others,12.850147,77.583795,1,5995
K S Layout,2020,Fatal,Vehicle to Vehicle,NH,12.87212,77.53894,1,5996
K S Layout,2020,Fatal,Vehicle to Vehicle,Others,12.857586,77.528227,1,5997
K S Layout,2020,Fatal,Hit pedestrian,Others,12.85192,77.55288,1,5998
K S Layout,2020,Fatal,Hit pedestrian,Others,12.848703,77.583929,1,5999
K S Layout,2020,Fatal,Vehicle to Vehicle,Others,12.892945,77.52789,1,6000
K S Layout,2020,Fatal,Not Applicable,Others,12.872176,77.499345,1,6001
K S Layout,2020,Fatal,Not Applicable,NH,12.868979,77.53653,1,6002
K S Layout,2021,Fatal,Not Applicable,Others,12.858478,77.526088,1,6003
K S Layout,2021,Fatal,Hit pedestrian,Others,12.852594,77.545318,1,6004
K S Layout,2021,Fatal,Hit pedestrian,Others,12.871161,77.59295,1,6005
K S Layout,2021,Fatal,Vehicle to Vehicle,Others,12.869396,77.587904,1,6006
K S Layout,2021,Fatal,Vehicle to Vehicle,Others,12.862893,77.514883,1,6007
K S Layout,2021,Fatal,Vehicle to Vehicle,Others,12.850011,77.556383,1,6008
K S Layout,2021,Fatal,Vehicle to Vehicle,Others,12.848213,77.567083,1,6009
K S Layout,2021,Fatal,Vehicle to Vehicle,Others,12.856822,77.530311,1,6010
K S Layout,2021,Fatal,Vehicle to Vehicle,Others,12.857925,77.527591,1,6011
K S Layout,2021,Fatal,Hit pedestrian,Others,12.850619,77.554296,1,6012
K S Layout,2021,Fatal,Vehicle to Vehicle,Others,12.866445,77.534633,1,6013
K S Layout,2021,Fatal,Vehicle to Vehicle,Others,12.861964,77.517703,1,6014
K S Layout,2021,Fatal,Not Applicable,Others,12.903086,77.530451,1,6015
K S Layout,2021,Fatal,Vehicle to Vehicle,Others,12.85789,77.527554,1,6016
K S Layout,2021,Fatal,Vehicle to Vehicle,Others,12.860386,77.521312,1,6017
K S Layout,2021,Fatal,Hit pedestrian,Others,12.87432467,77.54019209,1,6018
K S Layout,2021,Fatal,Vehicle to Vehicle,Others,12.849364,77.558724,1,6019
K S Layout,2021,Fatal,Not Applicable,Others,12.856943,77.530011,1,6020
K S Layout,2021,Grievous Injury,Vehicle to Vehicle,Others,12.874923,77.510499,0,6021
K S Layout,2021,Fatal,Hit pedestrian,Others,12.89713,77.571018,1,6022
K S Layout,2022,Grievous Injury,Vehicle to Vehicle,Others,12.908696,77.548641,0,6023
K S Layout,2022,Grievous Injury,Vehicle to Vehicle,Expressway,12.86461,77.511026,0,6024
K S Layout,2022,Grievous Injury,Vehicle to Vehicle,Others,12.889723,77.563401,0,6025
K S Layout,2022,Grievous Injury,Vehicle to Vehicle,Others,12.856897,77.530159,0,6026
K S Layout,2022,Grievous Injury,Vehicle to Vehicle,Expressway,12.873466,77.497748,0,6027
K S Layout,2022,Grievous Injury,Hit pedestrian,Others,12.880828,77.546065,0,6028
K S Layout,2022,Grievous Injury,Vehicle to Vehicle,Others,12.870871,77.564884,0,6029
K S Layout,2022,Damage Only,Not Applicable,Others,12.872752,77.566555,0,6030
K S Layout,2022,Damage Only,Vehicle to Vehicle,Expressway,12.852688,77.544427,0,6031
K S Layout,2022,Damage Only,Vehicle to Vehicle,Others,12.909693,77.550132,0,6032
K S Layout,2022,Fatal,Vehicle to Vehicle,Others,12.915593,77.561159,1,6033
K S Layout,2022,Damage Only,Not Applicable,Others,12.867936,77.572062,0,6034
K S Layout,2022,Grievous Injury,Vehicle to Vehicle,Expressway,12.850311,77.582564,0,6035
K S Layout,2022,Fatal,Not Applicable,Others,12.882194,77.565972,1,6036
K S Layout,2022,Fatal,Vehicle to Vehicle,Others,12.857086,77.530289,1,6037
K S Layout,2022,Damage Only,Vehicle to Vehicle,Others,12.863648,77.560791,0,6038
K S Layout,2022,Grievous Injury,Vehicle to Vehicle,Others,12.87643,77.495698,0,6039
K S Layout,2022,Grievous Injury,Vehicle to Vehicle,Others,12.908716,77.570221,0,6040
K S Layout,2022,Simple Injury,Vehicle to Vehicle,State Highway,12.856929,77.530073,0,6041
K S Layout,2022,Fatal,Not Applicable,Others,12.848551,77.572874,1,6042
K S Layout,2022,Grievous Injury,Hit pedestrian,Others,12.891951,77.572055,0,6043
K S Layout,2022,Grievous Injury,Hit pedestrian,Others,12.868485,77.516674,0,6044
K S Layout,2022,Grievous Injury,Vehicle to Vehicle,Others,12.875902,77.5684085,0,6045
K S Layout,2022,Grievous Injury,Vehicle to Vehicle,Residential Street,12.897157,77.571247,0,6046
K S Layout,2022,Fatal,Not Applicable,Others,12.908292,77.534422,1,6047
K S Layout,2022,Grievous Injury,Vehicle to Vehicle,Others,12.90474,77.573292,0,6048
K S Layout,2022,Fatal,Vehicle to Vehicle,Others,12.872976,77.565626,1,6049
K S Layout,2022,Grievous Injury,Hit pedestrian,Others,12.855292,77.587556,0,6050
K S Layout,2022,Damage Only,Vehicle to Vehicle,Others,12.911542,77.55531,0,6051
K S Layout,2022,Fatal,Vehicle to Vehicle,Others,12.8952,77.525275,1,6052
K S Layout,2022,Fatal,Vehicle to Vehicle,Others,12.856712,77.531384,1,6053
K S Layout,2022,Grievous Injury,Not Applicable,Expressway,12.86795,77.505608,0,6054
K S Layout,2022,Damage Only,Vehicle to Vehicle,Others,12.883954,77.550809,0,6055
K S Layout,2022,Grievous Injury,Vehicle to Vehicle,Others,12.909494,77.566799,0,6056
K S Layout,2022,Grievous Injury,Hit pedestrian,Others,12.891429,77.565427,0,6057
K S Layout,2022,Damage Only,Vehicle to Vehicle,Others,12.865051,77.510238,0,6058
K S Layout,2022,Grievous Injury,Hit pedestrian,Residential Street,12.909731,77.550156,0,6059
K S Layout,2022,Grievous Injury,Vehicle to Vehicle,Others,12.883043,77.542021,0,6060
K S Layout,2022,Fatal,Vehicle to Vehicle,Others,12.913989,77.573371,1,6061
K S Layout,2022,Grievous Injury,Not Applicable,Others,12.865539,77.483427,0,6062
K S Layout,2022,Simple Injury,Not Applicable,Others,12.879589,77.494417,0,6063
K S Layout,2022,Grievous Injury,Vehicle to Vehicle,Others,12.894193,77.54348,0,6064
K S Layout,2022,Grievous Injury,Vehicle to Vehicle,Others,12.900852,77.543918,0,6065
K S Layout,2022,Grievous Injury,Hit pedestrian,Others,12.906014,77.541735,0,6066
K S Layout,2022,Grievous Injury,Vehicle to Vehicle,Others,12.96506,77.544129,0,6067
K S Layout,2022,Grievous Injury,Hit pedestrian,Others,12.852043,77.547251,0,6068
K S Layout,2022,Fatal,Not Applicable,Others,12.866466,77.534477,1,6069
K S Layout,2022,Fatal,Not Applicable,Others,12.888366,77.582032,1,6070
K S Layout,2022,Grievous Injury,Vehicle to Vehicle,Others,12.905868,77.562997,0,6071
K S Layout,2022,Grievous Injury,Vehicle to Vehicle,Others,12.895264,77.571889,0,6072
K S Layout,2022,Grievous Injury,Vehicle to Vehicle,Others,12.887466,77.550084,0,6073
K S Layout,2022,Fatal,Vehicle to Vehicle,Others,12.858468,77.526072,1,6074
K S Layout,2022,Fatal,Hit pedestrian,Others,12.912421,77.572934,1,6075
K S Layout,2022,Damage Only,Vehicle to Vehicle,Others,12.880688,77.55242,0,6076
K S Layout,2022,Damage Only,Vehicle to Vehicle,Others,12.898837,77.543846,0,6077
K S Layout,2022,Grievous Injury,Hit pedestrian,Others,12.893342,77.53817,0,6078
K S Layout,2022,Grievous Injury,Hit pedestrian,Others,12.885788,77.556187,0,6079
K S Layout,2022,Grievous Injury,Vehicle to Vehicle,Others,12.887165,77.564884,0,6080
K S Layout,2022,Grievous Injury,Vehicle to Vehicle,Others,12.921147,77.547235,0,6081
K S Layout,2022,Grievous Injury,Not Applicable,Others,12.887627,77.561227,0,6082
K S Layout,2022,Simple Injury,Vehicle to Vehicle,Others,12.858886,77.528311,0,6083
K S Layout,2022,Grievous Injury,Vehicle to Vehicle,Others,12.894008,77.556357,0,6084
K S Layout,2022,Fatal,Vehicle to Vehicle,Others,12.88400396,77.50177019,1,6085
K S Layout,2022,Fatal,Hit pedestrian,Others,12.882705,77.566112,1,6086
K S Layout,2022,Damage Only,Vehicle to Vehicle,Others,12.864722,77.510787,0,6087
K S Layout,2022,Fatal,Hit bicyclist,Others,12.914582,77.564702,1,6088
K S Layout,2022,Damage Only,Vehicle to Vehicle,Others,12.88357,77.548625,0,6089
K S Layout,2022,Simple Injury,Hit pedestrian,Others,12.911849,77.572851,0,6090
K S Layout,2022,Grievous Injury,Hit pedestrian,Others,12.910983,77.572845,0,6091
K S Layout,2022,Fatal,Vehicle to Vehicle,Others,12.849252,77.574545,1,6092
K S Layout,2022,Grievous Injury,Not Applicable,Others,12.876072,77.492687,0,6093
K S Layout,2022,Simple Injury,Vehicle to Vehicle,Others,12.866395,77.534784,0,6094
K S Layout,2022,Grievous Injury,Vehicle to Vehicle,Others,12.87753,77.493935,0,6095
K S Layout,2022,Fatal,Vehicle to Vehicle,Others,12.8545054,77.5455221,1,6096
K S Layout,2022,Grievous Injury,Hit pedestrian,Others,12.909391,77.564202,0,6097
K S Layout,2022,Grievous Injury,Hit pedestrian,Others,12.911836,77.558529,0,6098
K S Layout,2022,Fatal,Hit pedestrian,Others,12.90488,77.562505,1,6099
K S Layout,2022,Damage Only,Vehicle to Vehicle,Major District Road,12.852817,77.544523,0,6100
K S Layout,2022,Simple Injury,Not Applicable,Others,12.878286,77.515981,0,6101
K S Layout,2022,Grievous Injury,Vehicle to Vehicle,Others,12.861028,77.566122,0,6102
K S Layout,2022,Grievous Injury,Vehicle to Vehicle,Others,12.864661,77.51089,0,6103
K S Layout,2022,Grievous Injury,Vehicle to Vehicle,Others,12.894383,77.5686,0,6104
K S Layout,2022,Fatal,Vehicle to Vehicle,Others,12.850575,77.580554,1,6105
K S Layout,2022,Grievous Injury,Vehicle to Vehicle,Others,12.88054,77.568234,0,6106
K S Layout,2022,Fatal,Vehicle to Vehicle,Others,12.860438,77.52928,1,6107
K S Layout,2022,Simple Injury,Vehicle to Vehicle,Others,12.858447,77.527944,0,6108
K S Layout,2022,Grievous Injury,Vehicle to Vehicle,Others,12.906462,77.573252,0,6109
K S Layout,2022,Grievous Injury,Vehicle to Vehicle,Others,12.885153,77.543891,0,6110
K S Layout,2022,Fatal,Vehicle to Vehicle,Others,12.894801,77.56906,1,6111
K S Layout,2022,Grievous Injury,Vehicle to Vehicle,Others,12.856546,77.5311,0,6112
K S Layout,2022,Grievous Injury,Hit pedestrian,Others,12.899704,77.570786,0,6113
K S Layout,2022,Grievous Injury,Vehicle to Vehicle,Others,12.87503,77.51061,0,6114
K S Layout,2022,Grievous Injury,Vehicle to Vehicle,Expressway,12.86987555,77.50233118,0,6115
K S Layout,2022,Fatal,Hit pedestrian,Others,12.905762,77.542712,1,6116
K S Layout,2022,Grievous Injury,Vehicle to Vehicle,Residential Street,12.873857,77.561547,0,6117
K S Layout,2022,Grievous Injury,Vehicle to Vehicle,Expressway,12.851917,77.547057,0,6118
K S Layout,2022,Fatal,Vehicle to Vehicle,Others,12.857851,77.527704,1,6119
K S Layout,2022,Grievous Injury,Hit pedestrian,Others,12.870871,77.50177019,0,6120
K S Layout,2022,Fatal,Hit pedestrian,Others,12.882434,77.546864,1,6121
K S Layout,2022,Fatal,Hit pedestrian,Others,12.886148,77.538676,1,6122
K S Layout,2022,Grievous Injury,Vehicle to Vehicle,Others,12.892193,77.515629,0,6123
K S Layout,2022,Fatal,Vehicle to Vehicle,Others,12.896935,77.571047,1,6124
K S Layout,2022,Fatal,Hit pedestrian,Others,12.850345,77.58138,1,6125
K S Layout,2022,Simple Injury,Vehicle to Vehicle,Others,12.848145,77.566474,0,6126
K S Layout,2022,Grievous Injury,Hit pedestrian,Others,12.912133,77.55177,0,6127
K S Layout,2022,Simple Injury,Hit bicyclist,Others,12.896277,77.552472,0,6128
K S Layout,2022,Grievous Injury,Vehicle to Vehicle,Others,12.893337,77.538159,0,6129
K S Layout,2022,Damage Only,Vehicle to Vehicle,Others,12.850542,77.580163,0,6130
K S Layout,2022,Damage Only,Vehicle to Vehicle,Others,12.880887,77.583882,0,6131
K S Layout,2022,Damage Only,Vehicle to Vehicle,Residential Street,12.9044451,77.5602733,0,6132
K S Layout,2022,Grievous Injury,Hit pedestrian,Others,12.906594,77.548721,0,6133
K S Layout,2022,Grievous Injury,Vehicle to Vehicle,Others,12.887174,77.564344,0,6134
K S Layout,2022,Grievous Injury,Hit pedestrian,Others,12.915901,77.544727,0,6135
K S Layout,2022,Simple Injury,Vehicle to Vehicle,Others,12.866484,77.534645,0,6136
K S Layout,2023,Grievous Injury,Vehicle to Vehicle,Major District Road,12.888304,77.562098,0,6137
K S Layout,2023,Grievous Injury,Vehicle to Vehicle,Others,12.907519,77.563868,0,6138
K S Layout,2023,Grievous Injury,Vehicle to Vehicle,Others,12.911854,77.567741,0,6139
K S Layout,2023,Fatal,Vehicle to Vehicle,Others,12.896311,77.552471,1,6140
K S Layout,2023,Grievous Injury,Vehicle to Vehicle,Others,12.903534,77.544594,0,6141
K S Layout,2023,Grievous Injury,Vehicle to Vehicle,Others,12.88631,77.558451,0,6142
K S Layout,2023,Grievous Injury,Vehicle to Vehicle,Major District Road,12.900874,77.573166,0,6143
K S Layout,2023,Damage Only,Vehicle to Vehicle,Others,12.863125,77.514288,0,6144
K S Layout,2023,Grievous Injury,Vehicle to Vehicle,Others,12.876841,77.544397,0,6145
K S Layout,2023,Grievous Injury,Vehicle to Vehicle,Others,12.869407,77.587862,0,6146
K S Layout,2023,Fatal,Not Applicable,Others,12.881651,77.558818,1,6147
K S Layout,2023,Grievous Injury,Hit bicyclist,Others,12.887942,77.58191,0,6148
K S Layout,2023,Fatal,Hit pedestrian,Others,12.893599,77.557263,1,6149
K S Layout,2023,Fatal,Vehicle to Vehicle,Others,12.875454,77.569139,1,6150
K S Layout,2023,Grievous Injury,Hit pedestrian,Others,12.895913,77.570185,0,6151
K S Layout,2023,Grievous Injury,Hit pedestrian,Others,12.906997,77.54622,0,6152
K S Layout,2023,Damage Only,Vehicle to Vehicle,Others,12.888204,77.580308,0,6153
K S Layout,2023,Fatal,Hit pedestrian,Others,12.873998,77.573291,1,6154
K S Layout,2023,Grievous Injury,Hit pedestrian,Others,12.89118,77.579872,0,6155
K S Layout,2023,Grievous Injury,Vehicle to Vehicle,Others,12.885463,77.582325,0,6156
K S Layout,2023,Grievous Injury,Vehicle to Vehicle,Others,12.891106,77.551911,0,6157
K S Layout,2023,Grievous Injury,Hit pedestrian,Others,12.914468,77.573577,0,6158
K S Layout,2023,Damage Only,Not Applicable,Others,12.88092,77.56847,0,6159
K S Layout,2023,Damage Only,Vehicle to Vehicle,Others,12.891929,77.572058,0,6160
K S Layout,2023,Grievous Injury,Vehicle to Vehicle,Two way,12.911411,77.568081,0,6161
K S Layout,2023,Grievous Injury,Vehicle to Vehicle,Others,12.896297,77.55102,0,6162
K S Layout,2023,Grievous Injury,Vehicle to Vehicle,Others,12.865681,77.580944,0,6163
K S Layout,2023,Grievous Injury,Not Applicable,One way,12.886044,77.582175,0,6164
K S Layout,2023,Grievous Injury,Hit pedestrian,Others,12.903757,77.544465,0,6165
K S Layout,2023,Simple Injury,Vehicle to Vehicle,Others,12.911551,77.55833,0,6166
K S Layout,2023,Damage Only,Vehicle to Vehicle,Others,12.890535,77.581806,0,6167
K S Layout,2023,Simple Injury,Vehicle to Vehicle,Others,12.906537,77.544209,0,6168
K S Layout,2023,Grievous Injury,Vehicle to Vehicle,Residential Street,12.852043,77.525441,0,6169
K S Layout,2023,Grievous Injury,Hit pedestrian,Others,12.894736,77.555348,0,6170
K S Layout,2023,Fatal,Not Applicable,Others,12.911262,77.57242,1,6171
K S Layout,2023,Grievous Injury,Hit pedestrian,Others,12.910264,77.56911,0,6172
K S Layout,2023,Simple Injury,Vehicle to Vehicle,Major District Road,12.906569,77.573327,0,6173
K S Layout,2023,Grievous Injury,Hit pedestrian,Others,12.889208,77.550592,0,6174
K S Layout,2023,Grievous Injury,Vehicle to Vehicle,Major District Road,12.894808,77.569048,0,6175
K S Layout,2023,Fatal,Vehicle to Vehicle,Others,12.908951,77.570143,1,6176
K S Layout,2023,Grievous Injury,Hit pedestrian,Others,12.905694,77.558282,0,6177
K S Layout,2023,Grievous Injury,Vehicle to Vehicle,Others,12.864614,77.510974,0,6178
K S Layout,2023,Grievous Injury,Vehicle to Vehicle,Others,12.873409,77.497842,0,6179
K S Layout,2023,Grievous Injury,Hit pedestrian,Others,12.885393,77.575547,0,6180
K S Layout,2023,Damage Only,Vehicle to Vehicle,Others,12.901413,77.573423,0,6181
K S Layout,2023,Grievous Injury,Hit pedestrian,Two way,12.90823,77.542531,0,6182
K S Layout,2023,Simple Injury,Vehicle to Vehicle,Others,12.885465,77.563344,0,6183
K S Layout,2023,Grievous Injury,Vehicle to Vehicle,Others,12.904737,77.573439,0,6184
K S Layout,2023,Grievous Injury,Hit pedestrian,Others,12.862097,77.585018,0,6185
K S Layout,2023,Grievous Injury,Vehicle to Vehicle,Others,12.897497,77.556982,0,6186
K S Layout,2023,Grievous Injury,Vehicle to Vehicle,Others,12.888494,77.564188,0,6187
K S Layout,2023,Grievous Injury,Hit bicyclist,Others,12.886377,77.569241,0,6188
K S Layout,2023,Fatal,Hit pedestrian,Others,12.906255,77.573381,1,6189
K S Layout,2023,Grievous Injury,Hit pedestrian,Others,12.883217,77.565653,0,6190
K S Layout,2023,Simple Injury,Hit pedestrian,Major District Road,12.896049,77.570144,0,6191
K S Layout,2023,Simple Injury,Vehicle to Vehicle,Others,12.871023,77.578207,0,6192
K S Layout,2023,Grievous Injury,Vehicle to Vehicle,Others,12.875308,77.57169,0,6193
K S Layout,2023,Fatal,Vehicle to Vehicle,Expressway,12.848488,77.571432,1,6194
K S Layout,2023,Grievous Injury,Vehicle to Vehicle,Others,12.912897,77.54647,0,6195
K S Layout,2023,Grievous Injury,Vehicle to Vehicle,Others,12.895216,77.55266,0,6196
K S Layout,2023,Grievous Injury,Hit pedestrian,Others,12.752785,77.56253,0,6197
K S Layout,2023,Fatal,Not Applicable,Others,12.907591,77.528183,1,6198
K S Layout,2023,Grievous Injury,Vehicle to Vehicle,Others,12.909741,77.55023,0,6199
K S Layout,2023,Grievous Injury,Vehicle to Vehicle,Expressway,12.850157,77.588018,0,6200
K S Layout,2023,Grievous Injury,Hit pedestrian,Others,12.892238,77.566247,0,6201
K S Layout,2023,Grievous Injury,Hit animal,Others,12.909611,77.549994,0,6202
K S Layout,2023,Grievous Injury,Vehicle to Vehicle,Others,12.888039,77.580982,0,6203
K S Layout,2023,Grievous Injury,Hit pedestrian,Others,12.904721,77.573454,0,6204
K S Layout,2023,Grievous Injury,Hit pedestrian,Others,12.90073,77.53065,0,6205
K S Layout,2023,Grievous Injury,Hit pedestrian,Others,12.892666,77.566763,0,6206
K S Layout,2023,Grievous Injury,Hit pedestrian,Others,12.873338,77.570424,0,6207
K S Layout,2023,Grievous Injury,Not Applicable,Others,12.863935,77.584147,0,6208
K S Layout,2023,Grievous Injury,Hit pedestrian,Others,12.908841,77.535838,0,6209
K S Layout,2023,Grievous Injury,Vehicle to Vehicle,Others,12.91119,77.567077,0,6210
K S Layout,2023,Grievous Injury,Vehicle to Vehicle,Others,12.901681,77.529997,0,6211
K S Layout,2023,Grievous Injury,Hit pedestrian,Minor District Road,12.914728,77.546545,0,6212
K S Layout,2023,Simple Injury,Hit pedestrian,Others,12.883922,77.582963,0,6213
K S Layout,2023,Fatal,Hit pedestrian,Others,12.891534,77.577045,1,6214
K S Layout,2023,Grievous Injury,Vehicle to Vehicle,Others,12.867006,77.577409,0,6215
K S Layout,2023,Simple Injury,Vehicle to Vehicle,Others,12.879939,77.544457,0,6216
K S Layout,2023,Damage Only,Vehicle to Vehicle,Expressway,12.848073,77.564709,0,6217
K S Layout,2023,Grievous Injury,Vehicle to Vehicle,Others,12.886542,77.577755,0,6218
K S Layout,2023,Grievous Injury,Hit pedestrian,Others,12.876524,77.52867,0,6219
K S Layout,2023,Grievous Injury,Vehicle to Vehicle,Others,12.909658,77.572951,0,6220
K S Layout,2023,Simple Injury,Hit pedestrian,Others,12.855102,77.581516,0,6221
K S Layout,2023,Simple Injury,Vehicle to Vehicle,Others,12.906641,77.563394,0,6222
K S Layout,2023,Simple Injury,Vehicle to Vehicle,Others,12.909596,77.549988,0,6223
K S Layout,2023,Grievous Injury,Vehicle to Vehicle,Others,12.898886,77.567723,0,6224
K S Layout,2023,Damage Only,Vehicle to Vehicle,Major District Road,12.897707,77.571585,0,6225
K S Layout,2023,Grievous Injury,Vehicle to Vehicle,Others,12.889579,77.563543,0,6226
K S Layout,2023,Fatal,Vehicle to Vehicle,Others,12.903313,77.544589,1,6227
K S Layout,2023,Fatal,Not Applicable,Others,12.885814,77.556299,1,6228
K S Layout,2023,Grievous Injury,Hit pedestrian,Two way,12.904713,77.573441,0,6229
K S Layout,2023,Grievous Injury,Hit pedestrian,Two way,12.902798,77.573359,0,6230
K S Layout,2023,Simple Injury,Hit pedestrian,Others,12.903165,77.561684,0,6231
K S Layout,2023,Grievous Injury,Hit pedestrian,Others,12.908411,77.537163,0,6232
K S Layout,2023,Damage Only,Vehicle to Vehicle,Others,12.908686,77.570866,0,6233
K S Layout,2023,Grievous Injury,Vehicle to Vehicle,Others,12.907103,77.573074,0,6234
K S Layout,2023,Grievous Injury,Vehicle to Vehicle,Others,12.876359,77.574473,0,6235
K S Layout,2023,Damage Only,Vehicle to Vehicle,Others,12.91571,77.561459,0,6236
K S Layout,2023,Simple Injury,Not Applicable,Others,12.849063,77.583289,0,6237
K S Layout,2023,Grievous Injury,Vehicle to Vehicle,Others,12.904238,77.562212,0,6238
K S Layout,2023,Grievous Injury,Vehicle to Vehicle,Others,12.902928,77.563368,0,6239
K S Layout,2023,Fatal,Vehicle to Vehicle,Others,12.894849,77.569049,1,6240
K S Layout,2023,Grievous Injury,Hit bicyclist,Others,12.917708,77.541875,0,6241
K S Layout,2023,Grievous Injury,Hit pedestrian,Others,12.915953,77.541839,0,6242
K S Layout,2023,Grievous Injury,Vehicle to Vehicle,Two way,12.912524,77.56707,0,6243
K S Layout,2023,Grievous Injury,Vehicle to Vehicle,One way,12.889501,77.563451,0,6244
Madivala,2016,Grievous Injury,Hit pedestrian,City or Town Road,12.900629,77.633625,0,6245
Madivala,2016,Simple Injury,Hit pedestrian,City or Town Road,12.90374,77.63047,0,6246
Madivala,2016,Grievous Injury,Others,City or Town Road,12.889501,77.64093,0,6247
Madivala,2016,Grievous Injury,Hit and Run,City or Town Road,12.924493,77.618197,0,6248
Madivala,2016,Grievous Injury,Hit and Run,City or Town Road,12.92091,77.61822,0,6249
Madivala,2016,Grievous Injury,Hit pedestrian,City or Town Road,12.91193,77.62562,0,6250
Madivala,2016,Grievous Injury,Hit pedestrian,City or Town Road,12.89873,77.6338,0,6251
Madivala,2016,Fatal,Hit and Run,City or Town Road,12.9223,77.61956,1,6252
Madivala,2016,Grievous Injury,Skidding or Self accident,City or Town Road,12.93202,77.61344,0,6253
Madivala,2016,Fatal,Hit and Run,City or Town Road,12.91192,77.62611,1,6254
Madivala,2016,Grievous Injury,Hit pedestrian,City or Town Road,12.89919,77.63357,0,6255
Madivala,2016,Grievous Injury,Hit and Run,City or Town Road,12.89585,77.63607,0,6256
Madivala,2016,Damage Only,Hit and Run,City or Town Road,12.90023,77.63349,0,6257
Madivala,2017,Grievous Injury,Head on,City or Town Road,12.92043,77.63571,0,6258
Madivala,2017,Grievous Injury,Hit animal,Expressway,12.91324,77.63803,0,6259
Madivala,2017,Grievous Injury,Head on,City or Town Road,12.90647,77.629,0,6260
Madivala,2017,Grievous Injury,Hit and Run,City or Town Road,12.92655,77.61562,0,6261
Madivala,2017,Simple Injury,Drowned,City or Town Road,12.91772,77.62442,0,6262
Madivala,2017,Simple Injury,Hit and Run,City or Town Road,12.89283,77.63772,0,6263
Madivala,2017,Simple Injury,Head on,City or Town Road,12.92655,77.61683,0,6264
Madivala,2017,Simple Injury,Hit and Run,City or Town Road,12.922185,77.619536,0,6265
Madivala,2017,Simple Injury,Rear end,Expressway,12.898681,77.634009,0,6266
Madivala,2017,Simple Injury,Head on,City or Town Road,12.91907,77.63833,0,6267
Madivala,2017,Damage Only,Head on,City or Town Road,12.902676,77.631264,0,6268
Madivala,2017,Grievous Injury,Hit and Run,Expressway,12.90702,77.628823,0,6269
Madivala,2017,Grievous Injury,Hit and Run,Expressway,12.90534,77.63007,0,6270
Madivala,2017,Fatal,Hit and Run,Expressway,12.901701,77.63224,1,6271
Madivala,2017,Fatal,Hit and Run,Expressway,12.89436,77.63683,1,6272
Madivala,2017,Fatal,Hit pedestrian,Expressway,12.90016,77.63314,1,6273
Madivala,2017,Grievous Injury,Hit and Run,Expressway,12.906998,77.628757,0,6274
Madivala,2017,Grievous Injury,Hit bicyclist,Expressway,12.929382,77.615116,0,6275
Madivala,2017,Grievous Injury,Head on,City or Town Road,12.89098,77.64001,0,6276
Madivala,2017,Simple Injury,Head on,City or Town Road,12.89438,77.63675,0,6277
Madivala,2017,Grievous Injury,Rear end,Expressway,12.92226,77.61962,0,6278
Madivala,2017,Simple Injury,Head on,Expressway,12.931848,77.613634,0,6279
Madivala,2017,Grievous Injury,Hit pedestrian,Expressway,12.894349,77.63688,0,6280
Madivala,2017,Grievous Injury,Hit and Run,City or Town Road,12.92474,77.61861,0,6281
Madivala,2017,Grievous Injury,Hit and Run,City or Town Road,12.892476,77.637787,0,6282
Madivala,2017,Grievous Injury,Side impact or Right angle,Expressway,12.89785,77.63455,0,6283
Madivala,2017,Grievous Injury,Hit bicyclist,Expressway,12.91742,77.62296,0,6284
Madivala,2017,Fatal,Head on,Expressway,12.910732,77.626556,1,6285
Madivala,2017,Grievous Injury,Hit and Run,Expressway,12.914322,77.624626,0,6286
Madivala,2017,Grievous Injury,Hit pedestrian,Expressway,12.897785,77.634486,0,6287
Madivala,2017,Grievous Injury,Hit and Run,Expressway,12.89688,77.63501,0,6288
Madivala,2017,Fatal,Head on,City or Town Road,12.91661,77.62294,1,6289
Madivala,2017,Fatal,Hit and Run,Expressway,12.929602,77.615161,1,6290
Madivala,2017,Grievous Injury,Hit and Run,Expressway,12.901717,77.632294,0,6291
Madivala,2017,Grievous Injury,Hit bicyclist,State Highway,12.917103,77.627727,0,6292
Madivala,2017,Damage Only,Head on,City or Town Road,12.9059,77.6296,0,6293
Madivala,2017,Grievous Injury,Hit and Run,City or Town Road,12.91251,77.62558,0,6294
Madivala,2017,Fatal,Rear end,Expressway,12.89744,77.63477,1,6295
Madivala,2017,Simple Injury,Hit and Run,Expressway,12.909864,77.627223,0,6296
Madivala,2017,Grievous Injury,Hit pedestrian,City or Town Road,12.91355,77.62502,0,6297
Madivala,2017,Grievous Injury,Rear end,Two way,12.91643,77.63397,0,6298
Madivala,2017,Simple Injury,Hit and Run,City or Town Road,12.91606,77.63645,0,6299
Madivala,2017,Simple Injury,Head on,City or Town Road,12.9127,77.62555,0,6300
Madivala,2017,Simple Injury,Others,City or Town Road,12.92362,77.61872,0,6301
Madivala,2017,Damage Only,Rear end,City or Town Road,12.91738,77.62324,0,6302
Madivala,2017,Simple Injury,Hit and Run,City or Town Road,12.89619,77.63549,0,6303
Madivala,2017,Grievous Injury,Hit and Run,City or Town Road,12.923146,77.624243,0,6304
Madivala,2017,Grievous Injury,Head on,City or Town Road,12.92222,77.61954,0,6305
Madivala,2017,Fatal,Hit and Run,Expressway,12.90673,77.62904,1,6306
Madivala,2017,Grievous Injury,Hit and Run,Expressway,12.91265,77.62544,0,6307
Madivala,2017,Grievous Injury,Hit and Run,City or Town Road,12.89193,77.62592,0,6308
Madivala,2017,Grievous Injury,Hit and Run,Expressway,12.91183,77.62602,0,6309
Madivala,2017,Grievous Injury,Hit and Run,Expressway,12.93128,77.613945,0,6310
Madivala,2017,Simple Injury,Hit and Run,Expressway,12.906682,77.628935,0,6311
Madivala,2017,Simple Injury,Drowned,City or Town Road,12.89307,77.63748,0,6312
Madivala,2017,Grievous Injury,Hit and Run,City or Town Road,12.91723,77.62299,0,6313
Madivala,2017,Grievous Injury,Rear end,Expressway,12.91292,77.62541,0,6314
Madivala,2017,Grievous Injury,Hit and Run,Expressway,12.92955,77.61519,0,6315
Madivala,2017,Simple Injury,Head on,City or Town Road,12.900973,77.632607,0,6316
Madivala,2017,Grievous Injury,Hit pedestrian,City or Town Road,12.894434,77.636519,0,6317
Madivala,2017,Simple Injury,Head on,City or Town Road,12.91683,77.62127,0,6318
Madivala,2017,Grievous Injury,Hit and Run,Expressway,12.89287,77.63779,0,6319
Madivala,2017,Fatal,Hit and Run,Expressway,12.909995,77.627154,1,6320
Madivala,2017,Fatal,Hit and Run,Expressway,12.917291,77.622885,1,6321
Madivala,2017,Grievous Injury,Hit and Run,City or Town Road,12.90693,77.62907,0,6322
Madivala,2017,Grievous Injury,Head on,City or Town Road,12.91346,77.62503,0,6323
Madivala,2017,Grievous Injury,Head on,City or Town Road,12.91388,77.616547,0,6324
Madivala,2017,Grievous Injury,Hit and Run,City or Town Road,12.8984,77.634046,0,6325
Madivala,2017,Damage Only,Hit and Run,City or Town Road,12.89706,77.63508,0,6326
Madivala,2017,Grievous Injury,Hit pedestrian,Expressway,12.91742,77.62298,0,6327
Madivala,2017,Grievous Injury,Hit and Run,Expressway,12.91347,77.62497,0,6328
Madivala,2017,Simple Injury,Head on,City or Town Road,12.91573,77.63239,0,6329
Madivala,2017,Fatal,Hit bicyclist,Expressway,12.90661,77.62909,1,6330
Madivala,2017,Simple Injury,Hit and Run,City or Town Road,12.91691,77.62158,0,6331
Madivala,2017,Grievous Injury,Hit and Run,Expressway,12.91305,77.62527,0,6332
Madivala,2017,Grievous Injury,Hit and Run,Expressway,12.89669,77.63527,0,6333
Madivala,2017,Grievous Injury,Hit bicyclist,Expressway,12.917105,77.622898,0,6334
Madivala,2017,Grievous Injury,Hit and Run,City or Town Road,12.91651,77.6345,0,6335
Madivala,2017,Grievous Injury,Hit and Run,Expressway,12.90983,77.62708,0,6336
Madivala,2017,Simple Injury,Hit pedestrian,Expressway,12.92119,77.620153,0,6337
Madivala,2018,Fatal,Hit pedestrian,Expressway,12.90186,77.631956,1,6338
Madivala,2018,Simple Injury,Hit bicyclist,Service Road,12.919276,77.621606,0,6339
Madivala,2018,Grievous Injury,Hit and Run,Expressway,12.902048,77.632163,0,6340
Madivala,2018,Simple Injury,Hit and Run,Expressway,12.90703,77.628819,0,6341
Madivala,2018,Fatal,Hit and Run,Expressway,12.912489,77.625505,1,6342
Madivala,2018,Simple Injury,Hit and Run,City or Town Road,12.928264,77.615776,0,6343
Madivala,2018,Grievous Injury,Hit pedestrian,Others,12.929441,77.61511,0,6344
Madivala,2018,Grievous Injury,Hit pedestrian,City or Town Road,12.922332,77.619476,0,6345
Madivala,2018,Grievous Injury,Hit pedestrian,Expressway,12.903548,77.631159,0,6346
Madivala,2018,Simple Injury,Hit and Run,Expressway,12.898348,77.634064,0,6347
Madivala,2018,Fatal,Hit pedestrian,Expressway,12.896136,77.635489,1,6348
Madivala,2018,Damage Only,Rear end,Expressway,12.92947,77.615237,0,6349
Madivala,2018,Simple Injury,Hit and Run,City or Town Road,12.917978,77.622113,0,6350
Madivala,2018,Fatal,Hit and Run,Expressway,12.896112,77.635673,1,6351
Madivala,2018,Simple Injury,Hit and Run,Expressway,12.933879,77.610954,0,6352
Madivala,2018,Grievous Injury,Hit pedestrian,Service Road,12.91676,77.631934,0,6353
Madivala,2018,Grievous Injury,Hit bicyclist,Service Road,12.891713,77.625559,0,6354
Madivala,2018,Fatal,Hit bicyclist,Expressway,12.912879,77.625391,1,6355
Madivala,2018,Fatal,Hit and Run,Service Road,12.903006,77.62421,1,6356
Madivala,2018,Grievous Injury,Hit and Run,Expressway,12.894854,77.636606,0,6357
Madivala,2018,Fatal,Hit and Run,Expressway,12.911854,77.626032,1,6358
Madivala,2018,Grievous Injury,Hit pedestrian,City or Town Road,12.924027,77.628708,0,6359
Madivala,2018,Grievous Injury,Hit pedestrian,Expressway,12.90872,77.628123,0,6360
Madivala,2018,Grievous Injury,Hit bicyclist,Expressway,12.929434,77.615066,0,6361
Madivala,2018,Grievous Injury,Hit and Run,Expressway,12.932646,77.612342,0,6362
Madivala,2018,Grievous Injury,Hit and Run,Others,12.919632,77.621226,0,6363
Madivala,2018,Grievous Injury,Hit and Run,Expressway,12.917417,77.622895,0,6364
Madivala,2018,Fatal,Hit pedestrian,City or Town Road,12.929744,77.613678,1,6365
Madivala,2018,Grievous Injury,Hit bicyclist,Expressway,12.927896,77.61601,0,6366
Madivala,2018,Grievous Injury,Hit bicyclist,Others,12.917239,77.622805,0,6367
Madivala,2018,Damage Only,Others,Others,12.917396,77.622916,0,6368
Madivala,2018,Grievous Injury,Hit pedestrian,City or Town Road,12.927817,77.616064,0,6369
Madivala,2018,Grievous Injury,Hit bicyclist,Others,12.931607,77.613888,0,6370
Madivala,2018,Grievous Injury,Hit bicyclist,Expressway,12.929567,77.615171,0,6371
Madivala,2018,Fatal,Hit and Run,Expressway,12.921228,77.620266,1,6372
Madivala,2018,Grievous Injury,Hit and Run,Expressway,12.929461,77.615239,0,6373
Madivala,2018,Grievous Injury,Hit and Run,Others,12.923989,77.628563,0,6374
Madivala,2018,Simple Injury,Hit and Run,City or Town Road,12.917802,77.624968,0,6375
Madivala,2018,Fatal,Hit bicyclist,Expressway,12.897018,77.635044,1,6376
Madivala,2018,Simple Injury,Hit and Run,Expressway,12.898932,77.633687,0,6377
Madivala,2018,Grievous Injury,Hit bicyclist,Expressway,12.906353,77.629465,0,6378
Madivala,2018,Simple Injury,Rear end,Expressway,12.900876,77.632547,0,6379
Madivala,2018,Damage Only,Rear end,City or Town Road,12.916492,77.620073,0,6380
Madivala,2018,Simple Injury,Hit pedestrian,City or Town Road,12.922365,77.619472,0,6381
Madivala,2018,Grievous Injury,Hit pedestrian,Expressway,12.911747,77.626086,0,6382
Madivala,2018,Simple Injury,Head on,Forest Road,12.90028,77.633106,0,6383
Madivala,2018,Grievous Injury,Hit pedestrian,Expressway,12.896232,77.635698,0,6384
Madivala,2018,Grievous Injury,Hit bicyclist,City or Town Road,12.916329,77.615187,0,6385
Madivala,2018,Grievous Injury,Rear end,Expressway,12.922395,77.61947,0,6386
Madivala,2018,Grievous Injury,Hit and Run,Expressway,12.916398,77.615288,0,6387
Madivala,2018,Simple Injury,Hit and Run,City or Town Road,12.916777,77.631754,0,6388
Madivala,2018,Damage Only,Hit and Run,City or Town Road,12.917477,77.623825,0,6389
Madivala,2018,Grievous Injury,Hit and Run,Expressway,12.89824,77.634113,0,6390
Madivala,2018,Grievous Injury,Hit pedestrian,Expressway,12.905254,77.629883,0,6391
Madivala,2018,Grievous Injury,Hit bicyclist,Expressway,12.896088,77.635513,0,6392
Madivala,2018,Grievous Injury,Hit bicyclist,Expressway,12.91174,77.625926,0,6393
Madivala,2018,Grievous Injury,Hit and Run,Expressway,12.904668,77.630491,0,6394
Madivala,2018,Grievous Injury,Rear end,Expressway,12.905266,77.629973,0,6395
Madivala,2018,Grievous Injury,Hit bicyclist,Expressway,12.907006,77.628816,0,6396
Madivala,2018,Grievous Injury,Rear end,Service Road,12.903567,77.626985,0,6397
Madivala,2018,Grievous Injury,Hit pedestrian,Expressway,12.901719,77.632305,0,6398
Madivala,2018,Simple Injury,Hit pedal cyclist,Others,12.91765,77.624172,0,6399
Madivala,2018,Simple Injury,Hit pedestrian,Expressway,12.920153,77.620726,0,6400
Madivala,2019,Fatal,Hit and Run,Expressway,12.909681,77.627393,1,6401
Madivala,2019,Fatal,Hit pedestrian,Expressway,12.9,77.633437,1,6402
Madivala,2019,Fatal,Hit pedestrian,Expressway,12.896766,77.63502,1,6403
Madivala,2019,Grievous Injury,Rear end,Expressway,12.900994,77.63248,0,6404
Madivala,2019,Grievous Injury,Vehicle to Vehicle,Service Road,12.906154,77.629627,0,6405
Madivala,2019,Fatal,Hit and Run,Expressway,12.907395,77.628797,1,6406
Madivala,2019,Simple Injury,Right Turn Collision,Service Road,12.917722,77.622714,0,6407
Madivala,2019,Fatal,Rear end,Expressway,12.907228,77.629025,1,6408
Madivala,2019,Grievous Injury,Hit pedestrian,Expressway,12.895207,77.63635,0,6409
Madivala,2019,Grievous Injury,Rear end,Expressway,12.908507,77.627916,0,6410
Madivala,2019,Damage Only,Rear end,Expressway,12.914735,77.624109,0,6411
Madivala,2019,Fatal,Hit pedestrian,Expressway,12.899783,77.633214,1,6412
Madivala,2019,Grievous Injury,Hit pedestrian,Expressway,12.911945,77.626139,0,6413
Madivala,2019,Grievous Injury,Rear end,Expressway,12.902903,77.631562,0,6414
Madivala,2019,Grievous Injury,Vehicle to Vehicle,Service Road,12.913944,77.624852,0,6415
Madivala,2019,Grievous Injury,Hit and Run,Expressway,12.900302,77.633241,0,6416
Madivala,2019,Grievous Injury,Hit pedestrian,Expressway,12.90299,77.631221,0,6417
Madivala,2019,Damage Only,Rear end,Expressway,12.91187,77.626023,0,6418
Madivala,2019,Fatal,Hit pedestrian,Expressway,12.896122,77.635503,1,6419
Madivala,2019,Grievous Injury,Hit pedestrian,Expressway,12.909977,77.626989,0,6420
Madivala,2019,Simple Injury,Hit pedestrian,Others,12.916828,77.629231,0,6421
Madivala,2019,Fatal,Hit pedestrian,Expressway,12.912839,77.625262,1,6422
Madivala,2019,Damage Only,Others,Expressway,12.909901,77.627202,0,6423
Madivala,2023,Grievous Injury,Vehicle to Vehicle,NH,12.923032,77.619743,0,6424
Madivala,2023,Grievous Injury,Vehicle to Vehicle,Others,12.917879,77.622377,0,6425
Madivala,2023,Grievous Injury,Hit bicyclist,Sub Arterial,12.90021,77.622231,0,6426
Madivala,2023,Damage Only,Vehicle to Vehicle,Arterial,12.914238,77.641352,0,6427
Madivala,2023,Simple Injury,Vehicle to Vehicle,Arterial,12.929747,77.615173,0,6428
Madivala,2023,Grievous Injury,Vehicle to Vehicle,Arterial,12.917439,77.622946,0,6429
Madivala,2023,Fatal,Not Applicable,NH,12.910431,77.626122,1,6430
Madivala,2023,Fatal,Not Applicable,Arterial,12.924315,77.618087,1,6431
Madivala,2023,Grievous Injury,Vehicle to Vehicle,Service Road,12.917829,77.626906,0,6432
Madivala,2023,Simple Injury,Vehicle to Vehicle,Arterial,12.919744,77.613095,0,6433
Madivala,2023,Simple Injury,Vehicle to Vehicle,Service Road,12.905313,77.627992,0,6434
Madivala,2023,Grievous Injury,Hit pedestrian,Others,12.931866,77.613464,0,6435
Madivala,2023,Damage Only,Vehicle to Vehicle,Others,12.929542,77.615102,0,6436
Madivala,2023,Simple Injury,Vehicle to Vehicle,Arterial,12.917238,77.610536,0,6437
Madivala,2023,Simple Injury,Vehicle to Vehicle,NH,12.912464,77.625397,0,6438
Madivala,2023,Grievous Injury,Vehicle to Vehicle,Expressway,12.942165,77.62599,0,6439
Madivala,2023,Fatal,Vehicle to Vehicle,NH,12.917485,77.622847,1,6440
Madivala,2023,Fatal,Hit pedestrian,Arterial,12.918029,77.632054,1,6441
Madivala,2023,Simple Injury,Vehicle to Vehicle,Arterial,12.929551,77.615017,0,6442
Magadi Road,2016,Grievous Injury,Skidding or Self accident,City or Town Road,12.98000593,77.56430395,0,6443
Magadi Road,2016,Grievous Injury,Hit pedestrian,City or Town Road,12.97589873,77.55263194,0,6444
Magadi Road,2016,Simple Injury,Hit pedestrian,City or Town Road,12.96106514,77.55085301,0,6445
Magadi Road,2016,Damage Only,Hit fixed object,City or Town Road,12.96106514,77.55085301,0,6446
Magadi Road,2016,Grievous Injury,Hit pedestrian,City or Town Road,12.975888,77.55744,0,6447
Magadi Road,2016,Simple Injury,Not Applicable,City or Town Road,12.98100761,77.5491366,0,6448
Magadi Road,2016,Grievous Injury,Hit pedestrian,City or Town Road,12.98148505,77.55392705,0,6449
Magadi Road,2016,Simple Injury,Hit pedestrian,City or Town Road,12.96292125,77.55878602,0,6450
Magadi Road,2016,Damage Only,Side swipe,City or Town Road,12.98024715,77.56448256,0,6451
Magadi Road,2016,Fatal,Hit and Run,City or Town Road,12.98024715,77.56448256,1,6452
Magadi Road,2016,Damage Only,Rear end,City or Town Road,12.98117594,77.56424351,0,6453
Magadi Road,2016,Grievous Injury,Overturning,City or Town Road,12.98073938,77.54994599,0,6454
Magadi Road,2016,Grievous Injury,Head on,City or Town Road,12.97589873,77.55263194,0,6455
Magadi Road,2016,Grievous Injury,Hit pedestrian,City or Town Road,12.9758569,77.5610411,0,6456
Magadi Road,2016,Grievous Injury,Head on,City or Town Road,12.97566,77.55548,0,6457
Magadi Road,2016,Fatal,Hit and Run,City or Town Road,12.96633438,77.5445331,1,6458
Magadi Road,2016,Simple Injury,Hit pedestrian,City or Town Road,12.97570684,77.56057748,0,6459
Magadi Road,2016,Fatal,Head on,City or Town Road,12.97265334,77.56623363,1,6460
Magadi Road,2016,Grievous Injury,Hit pedestrian,City or Town Road,12.97037508,77.5653444,0,6461
Magadi Road,2016,Grievous Injury,Hit pedestrian,City or Town Road,12.9799158,77.5537945,0,6462
Magadi Road,2016,Simple Injury,Hit and Run,City or Town Road,12.9799158,77.5537945,0,6463
Magadi Road,2016,Grievous Injury,Rear end,City or Town Road,12.98189903,77.56453176,0,6464
Magadi Road,2016,Grievous Injury,Hit pedestrian,City or Town Road,12.9799158,77.5537945,0,6465
Magadi Road,2016,Grievous Injury,Hit pedestrian,City or Town Road,12.97570684,77.56057748,0,6466
Magadi Road,2016,Grievous Injury,Hit pedestrian,City or Town Road,12.97427624,77.55145877,0,6467
Magadi Road,2016,Grievous Injury,Side swipe,City or Town Road,12.97432682,77.54924807,0,6468
Magadi Road,2016,Damage Only,Side impact or Right angle,City or Town Road,12.98024715,77.56448256,0,6469
Magadi Road,2016,Damage Only,Head on,City or Town Road,12.98073938,77.54994599,0,6470
Magadi Road,2016,Grievous Injury,Side impact or Right angle,City or Town Road,12.98271993,77.55487313,0,6471
Magadi Road,2016,Damage Only,Rear end,City or Town Road,12.97836017,77.56469685,0,6472
Magadi Road,2016,Grievous Injury,Hit pedestrian,City or Town Road,12.9758569,77.5610411,0,6473
Magadi Road,2016,Grievous Injury,Hit bicyclist,City or Town Road,12.98024715,77.56448256,0,6474
Magadi Road,2016,Simple Injury,Hit pedestrian,City or Town Road,12.98062459,77.55870901,0,6475
Magadi Road,2016,Grievous Injury,Hit pedestrian,City or Town Road,12.97589873,77.55263194,0,6476
Magadi Road,2017,Grievous Injury,Hit pedestrian,City or Town Road,12.98071349,77.56712579,0,6477
Magadi Road,2017,Grievous Injury,Rear end,City or Town Road,12.975596,77.55522,0,6478
Magadi Road,2017,Grievous Injury,Side impact or Right angle,City or Town Road,12.973855,77.549625,0,6479
Magadi Road,2017,Fatal,Hit pedestrian,City or Town Road,12.96292125,77.55878602,1,6480
Magadi Road,2017,Fatal,Hit pedestrian,City or Town Road,12.975795,77.560375,1,6481
Magadi Road,2017,Damage Only,Hit fixed object,City or Town Road,12.983771,77.537868,0,6482
Magadi Road,2017,Grievous Injury,Overturning,City or Town Road,12.98071349,77.56712579,0,6483
Magadi Road,2017,Simple Injury,Hit pedestrian,City or Town Road,12.963964,77.557015,0,6484
Magadi Road,2017,Grievous Injury,Side swipe,City or Town Road,12.97240143,77.54828978,0,6485
Magadi Road,2017,Grievous Injury,Side impact or Right angle,City or Town Road,12.98073938,77.54994599,0,6486
Magadi Road,2017,Grievous Injury,Side impact or Right angle,City or Town Road,12.97550721,77.55391769,0,6487
Magadi Road,2017,Grievous Injury,Side swipe,City or Town Road,12.97547292,77.55707981,0,6488
Magadi Road,2017,Simple Injury,Hit pedestrian,Two way,12.97550721,77.55391769,0,6489
Magadi Road,2017,Simple Injury,Rear end,City or Town Road,12.975739,77.560452,0,6490
Magadi Road,2017,Grievous Injury,Rear end,City or Town Road,12.974251,77.549167,0,6491
Magadi Road,2017,Grievous Injury,Side impact or Right angle,City or Town Road,12.983297,77.550874,0,6492
Magadi Road,2017,Grievous Injury,Not Applicable,City or Town Road,12.97390339,77.54955487,0,6493
Magadi Road,2017,Simple Injury,Hit parked vehicle,City or Town Road,12.96106514,77.55085301,0,6494
Magadi Road,2017,Grievous Injury,Hit pedestrian,City or Town Road,12.97589873,77.55263194,0,6495
Magadi Road,2017,Grievous Injury,Rear end,City or Town Road,12.97547292,77.55707981,0,6496
Magadi Road,2017,Fatal,Skidding or Self accident,City or Town Road,12.97240143,77.54828978,1,6497
Magadi Road,2017,Damage Only,Rear end,City or Town Road,12.98271993,77.55487313,0,6498
Magadi Road,2017,Grievous Injury,Hit pedestrian,City or Town Road,12.97037508,77.5653444,0,6499
Magadi Road,2017,Grievous Injury,Hit pedestrian,City or Town Road,12.97769,77.551237,0,6500
Magadi Road,2017,Simple Injury,Head on,City or Town Road,12.964443,77.556606,0,6501
Magadi Road,2017,Damage Only,Side impact or Right angle,City or Town Road,12.975863,77.564365,0,6502
Magadi Road,2017,Grievous Injury,Others,City or Town Road,12.974749,77.548762,0,6503
Magadi Road,2017,Grievous Injury,Hit pedestrian,City or Town Road,12.966622,77.563019,0,6504
Magadi Road,2017,Grievous Injury,Side swipe,City or Town Road,12.984371,77.555755,0,6505
Magadi Road,2017,Grievous Injury,Hit pedestrian,City or Town Road,12.97293361,77.54782437,0,6506
Magadi Road,2017,Simple Injury,Head on,City or Town Road,12.96392199,77.55123723,0,6507
Magadi Road,2017,Grievous Injury,Side swipe,City or Town Road,12.975622,77.562798,0,6508
Magadi Road,2017,Grievous Injury,Hit pedestrian,City or Town Road,12.96566977,77.54817682,0,6509
Magadi Road,2017,Grievous Injury,Others,City or Town Road,12.974699,77.552044,0,6510
Magadi Road,2017,Grievous Injury,Hit pedestrian,City or Town Road,12.979094,77.549076,0,6511
Magadi Road,2018,Damage Only,Rear end,City or Town Road,12.977386,77.549612,0,6512
Magadi Road,2018,Grievous Injury,Hit and Run,City or Town Road,12.980311,77.553057,0,6513
Magadi Road,2018,Damage Only,Side swipe,City or Town Road,12.98061,77.55387,0,6514
Magadi Road,2018,Grievous Injury,Hit pedestrian,City or Town Road,12.98131,77.5603,0,6515
Magadi Road,2018,Grievous Injury,Hit and Run,City or Town Road,12.978173,77.565978,0,6516
Magadi Road,2018,Damage Only,Head on,City or Town Road,12.985649,77.537721,0,6517
Magadi Road,2018,Grievous Injury,Hit pedestrian,City or Town Road,12.980788,77.549856,0,6518
Magadi Road,2018,Grievous Injury,Hit pedestrian,City or Town Road,12.975623,77.562843,0,6519
Magadi Road,2018,Grievous Injury,Hit pedestrian,City or Town Road,12.982841,77.560297,0,6520
Magadi Road,2018,Damage Only,Head on,City or Town Road,12.966512,77.547465,0,6521
Magadi Road,2018,Grievous Injury,Hit pedestrian,City or Town Road,12.975758,77.557037,0,6522
Magadi Road,2018,Grievous Injury,Side swipe,City or Town Road,12.975721,77.555875,0,6523
Magadi Road,2018,Grievous Injury,Hit pedestrian,City or Town Road,12.975864,77.558627,0,6524
Magadi Road,2018,Grievous Injury,Head on,City or Town Road,12.980728,77.551475,0,6525
Magadi Road,2018,Grievous Injury,Rear end,City or Town Road,12.983816,77.542981,0,6526
Magadi Road,2018,Simple Injury,Hit pedestrian,City or Town Road,12.979398,77.550827,0,6527
Magadi Road,2018,Damage Only,Rear end,City or Town Road,12.97795,77.54903,0,6528
Magadi Road,2018,Simple Injury,Head on,City or Town Road,12.969353,77.552984,0,6529
Magadi Road,2018,Damage Only,Rear end,City or Town Road,12.977306,77.548066,0,6530
Magadi Road,2018,Grievous Injury,Hit pedestrian,City or Town Road,12.975713,77.556288,0,6531
Magadi Road,2018,Grievous Injury,Hit pedestrian,City or Town Road,12.975757,77.559712,0,6532
Magadi Road,2018,Grievous Injury,Hit pedestrian,City or Town Road,12.970411,77.556817,0,6533
Magadi Road,2018,Grievous Injury,Head on,City or Town Road,12.982055,77.560188,0,6534
Magadi Road,2018,Grievous Injury,Head on,City or Town Road,12.965088,77.543986,0,6535
Magadi Road,2018,Fatal,Hit pedestrian,City or Town Road,12.969169,77.559595,1,6536
Magadi Road,2018,Grievous Injury,Hit and Run,City or Town Road,12.975325,77.552638,0,6537
Magadi Road,2018,Grievous Injury,Head on,City or Town Road,12.974623,77.548889,0,6538
Magadi Road,2018,Grievous Injury,Head on,City or Town Road,12.975813,77.564583,0,6539
Magadi Road,2018,Grievous Injury,Head on,City or Town Road,12.964326,77.551439,0,6540
Magadi Road,2018,Grievous Injury,Hit pedestrian,City or Town Road,12.98477,77.546591,0,6541
Magadi Road,2018,Grievous Injury,Side impact or Right angle,City or Town Road,12.981473,77.547058,0,6542
Magadi Road,2018,Grievous Injury,Hit pedestrian,City or Town Road,12.97575,77.561075,0,6543
Magadi Road,2018,Grievous Injury,Hit pedestrian,City or Town Road,12.978122,77.548942,0,6544
Magadi Road,2018,Grievous Injury,Others,City or Town Road,12.982419,77.563037,0,6545
Magadi Road,2019,Fatal,Hit and Run,City or Town Road,12.964055,77.551104,1,6546
Magadi Road,2019,Simple Injury,Hit pedestrian,Others,12.962832,77.560172,0,6547
Magadi Road,2019,Grievous Injury,Hit pedestrian,City or Town Road,12.984478,77.555787,0,6548
Magadi Road,2019,Grievous Injury,Hit pedestrian,Two way,12.964097,77.548953,0,6549
Magadi Road,2019,Grievous Injury,Hit pedestrian,Two way,12.966581,77.548848,0,6550
Magadi Road,2019,Grievous Injury,Hit pedestrian,Two way,12.968467,77.559182,0,6551
Magadi Road,2019,Grievous Injury,Hit pedestrian,City or Town Road,12.978121,77.554534,0,6552
Magadi Road,2019,Fatal,Hit pedestrian,Residential Street,12.969787,77.562335,1,6553
Magadi Road,2019,Grievous Injury,Hit pedestrian,Two way,12.961537,77.3547439,0,6554
Magadi Road,2019,Grievous Injury,Hit pedestrian,City or Town Road,12.975713,77.556288,0,6555
Magadi Road,2019,Grievous Injury,Hit pedestrian,Two way,12.964364,77.555118,0,6556
Magadi Road,2019,Grievous Injury,Hit pedestrian,Two way,12.966428,77.555081,0,6557
Magadi Road,2019,Grievous Injury,Side swipe,City or Town Road,12.980117,77.54795,0,6558
Magadi Road,2019,Simple Injury,Not Applicable,Two way,12.975712,77.56284,0,6559
Magadi Road,2019,Grievous Injury,Hit pedestrian,Two way,12.98053,77.542742,0,6560
Magadi Road,2019,Fatal,Not Applicable,Two way,12.9659,77.5444,1,6561
Magadi Road,2019,Fatal,Hit pedestrian,Others,12.975864,77.558633,1,6562
Magadi Road,2019,Fatal,Hit pedestrian,Two way,12.978993,77.559783,1,6563
Magadi Road,2019,Simple Injury,Vehicle to Vehicle,Others,12.978027,77.548885,0,6564
Magadi Road,2019,Grievous Injury,Vehicle to Vehicle,Two way,12.981944,77.565711,0,6565
Magadi Road,2019,Grievous Injury,Vehicle to Vehicle,Two way,12.973876,77.566432,0,6566
Magadi Road,2019,Grievous Injury,Vehicle to Vehicle,Two way,12.980346,77.553838,0,6567
Magadi Road,2019,Simple Injury,Vehicle to Vehicle,Two way,12.975725,77.564634,0,6568
Magadi Road,2019,Grievous Injury,Hit pedestrian,Two way,12.964868,77.553239,0,6569
Magadi Road,2019,Damage Only,Vehicle to Vehicle,Two way,12.974697,77.548804,0,6570
Magadi Road,2019,Simple Injury,Vehicle to Vehicle,Two way,12.98082,77.564428,0,6571
Magadi Road,2019,Grievous Injury,Hit pedestrian,One way,12.964027,77.5536662,0,6572
Magadi Road,2019,Simple Injury,Hit pedestrian,Two way,12.982066,77.549061,0,6573
Magadi Road,2019,Grievous Injury,Head on,City or Town Road,12.966813,77.561474,0,6574
Magadi Road,2019,Simple Injury,Hit pedestrian,Two way,12.975762,77.55973,0,6575
Magadi Road,2019,Grievous Injury,Hit pedestrian,Two way,12.963344,77.548771,0,6576
Magadi Road,2019,Fatal,Hit pedestrian,City or Town Road,12.973984,77.549673,1,6577
Magadi Road,2019,Grievous Injury,Vehicle to Vehicle,Two way,12.966391,77.547598,0,6578
Magadi Road,2019,Grievous Injury,Head on,City or Town Road,12.959689,77.555795,0,6579
Magadi Road,2019,Grievous Injury,Not Applicable,Others,12.966441,77.547499,0,6580
Magadi Road,2019,Simple Injury,Hit pedestrian,Two way,12.978404,77.549161,0,6581
Magadi Road,2019,Grievous Injury,Vehicle to Vehicle,Others,12.980602,77.553873,0,6582
Magadi Road,2019,Simple Injury,Hit pedestrian,Two way,12.975758,77.556924,0,6583
Magadi Road,2019,Simple Injury,Vehicle to Vehicle,Others,12.976954,77.548725,0,6584
Magadi Road,2019,Grievous Injury,Vehicle to Vehicle,Two way,12.980147,77.567779,0,6585
Magadi Road,2019,Simple Injury,Hit pedestrian,Two way,12.970446,77.555149,0,6586
Magadi Road,2019,Simple Injury,Hit pedestrian,Others,12.975478,77.554104,0,6587
Magadi Road,2019,Grievous Injury,Head on,City or Town Road,12.973639,77.551142,0,6588
Magadi Road,2019,Grievous Injury,Vehicle to Vehicle,Two way,12.974414,77.551743,0,6589
Magadi Road,2020,Grievous Injury,Hit pedestrian,Two way,12.9758,77.5494,0,6590
Magadi Road,2020,Fatal,Vehicle to Vehicle,Two way,12.9832,77.5528,1,6591
Magadi Road,2020,Grievous Injury,Vehicle to Vehicle,Two way,12.9781,77.5545,0,6592
Magadi Road,2020,Grievous Injury,Hit pedestrian,Two way,12.9741,77.5662,0,6593
Magadi Road,2020,Grievous Injury,Hit pedestrian,Service Road,12.975685,77.5486,0,6594
Magadi Road,2020,Fatal,Vehicle to Vehicle,Two way,12.9732,77.5664,1,6595
Magadi Road,2020,Grievous Injury,Hit pedestrian,Service Road,12.979643,77.549138,0,6596
Magadi Road,2020,Grievous Injury,Hit pedestrian,Two way,12.9709,77.5492,0,6597
Magadi Road,2020,Simple Injury,Vehicle to Vehicle,Two way,12.9755,77.5566,0,6598
Magadi Road,2020,Grievous Injury,Vehicle to Vehicle,Two way,12.9831,77.554,0,6599
Magadi Road,2020,Simple Injury,Vehicle to Vehicle,Two way,12.9644,77.5437,0,6600
Magadi Road,2020,Damage Only,Vehicle to Vehicle,Two way,12.9755,77.5486,0,6601
Magadi Road,2020,Grievous Injury,Vehicle to Vehicle,Two way,12.9827,77.5491,0,6602
Magadi Road,2020,Fatal,Hit pedestrian,Two way,12.9691,77.558691,1,6603
Magadi Road,2020,Grievous Injury,Vehicle to Vehicle,Two way,12.978216,77.55323,0,6604
Magadi Road,2020,Fatal,Not Applicable,Two way,12.9841,77.5424,1,6605
Magadi Road,2020,Grievous Injury,Vehicle to Vehicle,Two way,12.9766,77.5473,0,6606
Magadi Road,2020,Grievous Injury,Hit pedestrian,Two way,12.9729,77.5501,0,6607
Magadi Road,2020,Damage Only,Not Applicable,Others,12.979,77.552,0,6608
Magadi Road,2020,Grievous Injury,Vehicle to Vehicle,Two way,12.9755,77.5486,0,6609
Magadi Road,2020,Grievous Injury,Vehicle to Vehicle,Two way,12.973786,77.549406,0,6610
Magadi Road,2020,Grievous Injury,Hit pedestrian,One way,12.9653,77.5472,0,6611
Magadi Road,2020,Simple Injury,Not Applicable,Two way,12.9723,77.5474,0,6612
Magadi Road,2021,Grievous Injury,Hit pedestrian,Two way,12.9751,77.5523,0,6613
Magadi Road,2021,Grievous Injury,Vehicle to Vehicle,Two way,12.9762,77.5525,0,6614
Magadi Road,2021,Simple Injury,Hit pedestrian,Residential Street,12.9802,77.5528,0,6615
Magadi Road,2021,Simple Injury,Vehicle to Vehicle,Two way,12.97731,77.5648,0,6616
Magadi Road,2021,Grievous Injury,Hit pedestrian,Others,12.9707,77.5537,0,6617
Magadi Road,2021,Grievous Injury,Vehicle to Vehicle,Residential Street,12.9824,77.5373,0,6618
Magadi Road,2021,Fatal,Hit pedestrian,Service Road,12.9774,77.5493,1,6619
Magadi Road,2021,Simple Injury,Hit pedestrian,Sub Arterial,12.9697,77.5495,0,6620
Magadi Road,2021,Grievous Injury,Hit pedestrian,Residential Street,12.9731,77.5504,0,6621
Magadi Road,2021,Grievous Injury,Vehicle to Vehicle,Two way,12.9793,77.5644,0,6622
Magadi Road,2021,Simple Injury,Vehicle to Vehicle,Two way,12.974,77.5495,0,6623
Magadi Road,2021,Simple Injury,Vehicle to Vehicle,Two way,12.9845,77.5492,0,6624
Magadi Road,2021,Grievous Injury,Vehicle to Vehicle,Two way,12.9836,77.4562,0,6625
Magadi Road,2021,Simple Injury,Not Applicable,Others,12.9781,77.5532,0,6626
Magadi Road,2021,Fatal,Not Applicable,Service Road,12.9803,77.5487,1,6627
Magadi Road,2021,Grievous Injury,Vehicle to Vehicle,Sub Arterial,12.98051,77.55785,0,6628
Magadi Road,2021,Fatal,Hit pedestrian,Two way,12.9655,77.5481,1,6629
Magadi Road,2021,Grievous Injury,Vehicle to Vehicle,Two way,12.9756,77.5649,0,6630
Magadi Road,2021,Fatal,Not Applicable,Sub Arterial,12.9818,77.5394,1,6631
Magadi Road,2021,Damage Only,Vehicle to Vehicle,Two way,12.9808,77.5586,0,6632
Magadi Road,2021,Grievous Injury,Hit pedestrian,Two way,12.9808,77.5427,0,6633
Magadi Road,2021,Fatal,Hit pedestrian,Service Road,12.9778,77.5491,1,6634
Magadi Road,2021,Simple Injury,Hit pedestrian,Others,12.97221,77.54995,0,6635
Magadi Road,2021,Simple Injury,Vehicle to Vehicle,Others,12.9757,77.5557,0,6636
Magadi Road,2021,Simple Injury,Hit pedestrian,Arterial,12.9756,77.5568,0,6637
Magadi Road,2021,Grievous Injury,Vehicle to Vehicle,Two way,12.9776,77.5584,0,6638
Magadi Road,2021,Simple Injury,Hit pedestrian,Two way,12.9798,77.5537,0,6639
Magadi Road,2021,Grievous Injury,Hit pedestrian,Residential Street,12.984284,77.555731,0,6640
Magadi Road,2022,Grievous Injury,Vehicle to Vehicle,Two way,12.9748,77.5484,0,6641
Magadi Road,2022,Simple Injury,Hit pedestrian,Two way,12.9644,77.5495,0,6642
Magadi Road,2022,Fatal,Vehicle to Vehicle,Two way,12.9739,77.5496,1,6643
Magadi Road,2022,Grievous Injury,Vehicle to Vehicle,Sub Arterial,12.9757,77.5576,0,6644
Magadi Road,2022,Grievous Injury,Vehicle to Vehicle,Two way,12.9757,77.5565,0,6645
Magadi Road,2022,Grievous Injury,Vehicle to Vehicle,Sub Arterial,12.9757,77.5645,0,6646
Magadi Road,2022,Grievous Injury,Vehicle to Vehicle,Others,12.968,77.5453,0,6647
Magadi Road,2022,Grievous Injury,Vehicle to Vehicle,Not Applicable,12.9777,77.5531,0,6648
Magadi Road,2022,Fatal,Hit pedestrian,Two way,12.96407,77.5566,1,6649
Magadi Road,2022,Grievous Injury,Vehicle to Vehicle,Two way,12.9722,77.5667,0,6650
Magadi Road,2022,Grievous Injury,Not Applicable,Two way,12.9656,77.5482,0,6651
Magadi Road,2022,Grievous Injury,Hit pedestrian,Sub Arterial,12.9651,77.5553,0,6652
Magadi Road,2022,Grievous Injury,Vehicle to Vehicle,Sub Arterial,12.9576,77.5341,0,6653
Magadi Road,2022,Grievous Injury,Hit pedestrian,One way,12.9727,77.5491,0,6654
Magadi Road,2022,Fatal,Not Applicable,Sub Arterial,12.98463,77.54517,1,6655
Magadi Road,2022,Grievous Injury,Vehicle to Vehicle,Others,12.9783,77.5512,0,6656
Magadi Road,2023,Grievous Injury,Hit pedestrian,Others,12.975002,77.552226,0,6657
Magadi Road,2023,Simple Injury,Vehicle to Vehicle,Arterial,12.956842,77.542315,0,6658
Magadi Road,2023,Simple Injury,Not Applicable,Residential Street,12.96325,77.63259,0,6659
Magadi Road,2023,Simple Injury,Vehicle to Vehicle,Others,12.980828,77.549129,0,6660
Magadi Road,2023,Fatal,Not Applicable,Sub Arterial,12.977565,77.564773,1,6661
Magadi Road,2023,Grievous Injury,Vehicle to Vehicle,Arterial,12.974563,77.548263,0,6662
Magadi Road,2023,Grievous Injury,Hit pedestrian,Sub Arterial,12.9856,77.6985,0,6663
Magadi Road,2023,Grievous Injury,Vehicle to Vehicle,Sub Arterial,12.974563,77.542315,0,6664
Magadi Road,2023,Grievous Injury,Hit pedestrian,Others,12.9736,77.5491,0,6665
Magadi Road,2023,Simple Injury,Vehicle to Vehicle,Arterial,12.975596,77.554514,0,6666
Magadi Road,2023,Fatal,Not Applicable,Sub Arterial,12.9749,77.5497,1,6667
Magadi Road,2023,Fatal,Not Applicable,Arterial,12.9773,77.56481,1,6668
Magadi Road,2023,Fatal,Not Applicable,Arterial,12.975634,77.542638,1,6669
Magadi Road,2023,Grievous Injury,Not Applicable,Sub Arterial,12.98066,77.54277,0,6670
Magadi Road,2023,Simple Injury,Vehicle to Vehicle,Arterial,12.978999,77.564429,0,6671
Magadi Road,2023,Fatal,Hit pedestrian,Sub Arterial,12.974,77.551,1,6672
Magadi Road,2023,Simple Injury,Vehicle to Vehicle,Arterial,12.974563,77.548265,0,6673
Magadi Road,2023,Grievous Injury,Hit pedestrian,Not Applicable,12.77975,77.543738,0,6674
Magadi Road,2023,Grievous Injury,Vehicle to Vehicle,Sub Arterial,12.9767,77.5228,0,6675
Magadi Road,2023,Grievous Injury,Vehicle to Vehicle,Two way,12.9759,77.5525,0,6676
Magadi Road,2023,Grievous Injury,Hit pedestrian,Others,12.98008,77.54267,0,6677
Magadi Road,2023,Simple Injury,Hit pedestrian,Arterial,12.975634,77.54263,0,6678
Magadi Road,2023,Fatal,Hit pedestrian,Sub Arterial,12.96054,77.54635,1,6679
Magadi Road,2023,Grievous Injury,Not Applicable,Sub Arterial,12.986564,77.632565,0,6680
Magadi Road,2023,Fatal,Vehicle to Vehicle,Arterial,12.968523,77.542563,1,6681
Magadi Road,2023,Grievous Injury,Vehicle to Vehicle,Not Applicable,12.980806,77.549165,0,6682
Mahadevapura,2023,Grievous Injury,Vehicle to Vehicle,Others,12.982875,77.692617,0,6683
Mahadevapura,2023,Fatal,Vehicle to Vehicle,One way,12.995667,77.666989,1,6684
Mahadevapura,2023,Grievous Injury,Vehicle to Vehicle,Others,12.975086,77.697481,0,6685
Mahadevapura,2023,Grievous Injury,Vehicle to Vehicle,Others,12.991351,77.68757,0,6686
Mahadevapura,2023,Grievous Injury,Not Applicable,Others,12.983203,77.692665,0,6687
Mahadevapura,2023,Grievous Injury,Not Applicable,Others,12.998947,77.683471,0,6688
Mahadevapura,2023,Grievous Injury,Hit pedestrian,Others,12.991484,77.720729,0,6689
Mahadevapura,2023,Fatal,Vehicle to Vehicle,Major District Road,12.998824,77.68615,1,6690
Mahadevapura,2023,Grievous Injury,Vehicle to Vehicle,Others,13.000093,77.67668,0,6691
Mahadevapura,2023,Damage Only,Vehicle to Vehicle,Others,13.000286,77.678788,0,6692
Mahadevapura,2023,Grievous Injury,Not Applicable,Residential Street,12.996285,77.67596,0,6693
Mahadevapura,2023,Grievous Injury,Hit bicyclist,Others,12.994854,77.681696,0,6694
Mahadevapura,2023,Grievous Injury,Hit pedestrian,NH,12.996951,77.669538,0,6695
Mahadevapura,2023,Simple Injury,Vehicle to Vehicle,Others,12.996845,77.669323,0,6696
Mahadevapura,2023,Grievous Injury,Hit pedestrian,Others,12.974079,77.698252,0,6697
Mahadevapura,2023,Damage Only,Vehicle to Vehicle,Others,12.975044,77.69765,0,6698
Mahadevapura,2023,Grievous Injury,Vehicle to Vehicle,Not Applicable,12.995013,77.684699,0,6699
Mahadevapura,2023,Grievous Injury,Vehicle to Vehicle,Residential Street,12.990429,77.723554,0,6700
Mahadevapura,2023,Damage Only,Not Applicable,Residential Street,12.998568,77.699304,0,6701
Mahadevapura,2023,Grievous Injury,Vehicle to Vehicle,Others,12.980923,77.71416,0,6702
Mahadevapura,2023,Grievous Injury,Hit pedestrian,One way,13.000185,77.676318,0,6703
Mahadevapura,2023,Grievous Injury,Not Applicable,Others,12.991818,77.706086,0,6704
Mahadevapura,2023,Grievous Injury,Vehicle to Vehicle,Others,12.992967,77.70549,0,6705
Mahadevapura,2023,Fatal,Hit pedestrian,Major District Road,13.000431,77.683395,1,6706
Mahadevapura,2023,Simple Injury,Vehicle to Vehicle,Others,12.992155,77.713363,0,6707
Mahadevapura,2023,Grievous Injury,Vehicle to Vehicle,Others,12.991285,77.68752,0,6708
Mahadevapura,2023,Damage Only,Vehicle to Vehicle,Others,12.974335,77.69778,0,6709
Mahadevapura,2023,Grievous Injury,Hit pedestrian,Others,12.987658,77.689799,0,6710
Mahadevapura,2023,Grievous Injury,Not Applicable,One way,12.989266,77.687077,0,6711
Mahadevapura,2023,Grievous Injury,Not Applicable,Residential Street,13.0004,77.679288,0,6712
Malleshwaram,2020,Damage Only,Vehicle to Vehicle,One way,12.9819898,77.5702332,0,6713
Malleshwaram,2020,Grievous Injury,Not Applicable,Two way,13.00035,77.54975,0,6714
Malleshwaram,2020,Simple Injury,Vehicle to Vehicle,One way,12.983333,77.583333,0,6715
Malleshwaram,2020,Grievous Injury,Vehicle to Vehicle,One way,13.00772,77.56236,0,6716
Malleshwaram,2021,Simple Injury,Not Applicable,One way,12.982526,77.567869,0,6717
Malleshwaram,2021,Grievous Injury,Hit pedestrian,Two way,13.0094,77.564,0,6718
Malleshwaram,2021,Grievous Injury,Not Applicable,One way,13.00439,77.5572,0,6719
Malleshwaram,2021,Grievous Injury,Not Applicable,One way,12.9835,77.5655,0,6720
Malleshwaram,2021,Grievous Injury,Vehicle to Vehicle,Two way,12.9998,77.5506,0,6721
Malleshwaram,2022,Grievous Injury,Hit pedestrian,Others,12.9861155664,77.5649573,0,6722
Malleshwaram,2022,Fatal,Hit pedestrian,Others,12.996661,77.56986,1,6723
Malleshwaram,2022,Fatal,Vehicle to Vehicle,Others,12.99661,77.56986,1,6724
Malleshwaram,2022,Fatal,Vehicle to Vehicle,Two way,12.98253,77.561623,1,6725
Malleshwaram,2022,Grievous Injury,Vehicle to Vehicle,Others,12.999655,77.563894,0,6726
Malleshwaram,2023,Grievous Injury,Vehicle to Vehicle,Others,12.9983,77.553,0,6727
Malleshwaram,2023,Fatal,Vehicle to Vehicle,Others,12.982798,77.569099,1,6728
Malleshwaram,2023,Simple Injury,Vehicle to Vehicle,Not Applicable,13.003803,77.54887,0,6729
Malleshwaram,2023,Grievous Injury,Vehicle to Vehicle,Others,13.002291,77.553194,0,6730
Malleshwaram,2023,Fatal,Not Applicable,Not Applicable,13.011787,77.554536,1,6731
Malleshwaram,2023,Simple Injury,Vehicle to Vehicle,Others,13.008681,77.569102,0,6732
Malleshwaram,2023,Fatal,Not Applicable,Others,13.012343,77.554223,1,6733
Malleshwaram,2023,Fatal,Vehicle to Vehicle,Not Applicable,12.996647,77.569826,1,6734
Malleshwaram,2023,Grievous Injury,Not Applicable,Not Applicable,13.003803,77.54887,0,6735
Malleshwaram,2023,Simple Injury,Vehicle to Vehicle,Others,12.998301,77.553107,0,6736
Malleshwaram,2023,Simple Injury,Vehicle to Vehicle,Others,12.99488,77.548691,0,6737
Malleshwaram,2023,Grievous Injury,Hit pedestrian,Others,13.001116,77.58159,0,6738
Malleshwaram,2023,Simple Injury,Vehicle to Vehicle,Others,13.002207,77.553211,0,6739
Malleshwaram,2023,Simple Injury,Vehicle to Vehicle,Others,12.982084,77.563252,0,6740
Malleshwaram,2023,Simple Injury,Vehicle to Vehicle,Not Applicable,12.993347,77.568774,0,6741
Malleshwaram,2023,Simple Injury,Vehicle to Vehicle,Not Applicable,13.007583,77.555503,0,6742
Malleshwaram,2023,Simple Injury,Vehicle to Vehicle,Not Applicable,12.982042,77.566503,0,6743
Malleshwaram,2023,Not Applicable,Vehicle to Vehicle,Others,13.006107,77.54909,0,6744
Malleshwaram,2023,Simple Injury,Not Applicable,Not Applicable,13.004313,77.553888,0,6745
Malleshwaram,2023,Simple Injury,Not Applicable,Others,13.008122,77.554299,0,6746
Malleshwaram,2023,Fatal,Not Applicable,Not Applicable,13.003986,77.549277,1,6747
Malleshwaram,2023,Simple Injury,Vehicle to Vehicle,Not Applicable,13.008493,77.557268,0,6748
Malleshwaram,2023,Simple Injury,Vehicle to Vehicle,Others,13.008721,77.569111,0,6749
Malleshwaram,2023,Simple Injury,Vehicle to Vehicle,Not Applicable,12.980056,77.548879,0,6750
Malleshwaram,2023,Simple Injury,Hit pedestrian,Others,12.996444,77.563362,0,6751
Micolayout,2016,Grievous Injury,Hit and Run,City or Town Road,12.909739,77.600233,0,6752
Micolayout,2018,Grievous Injury,Hit pedestrian,City or Town Road,12.921416,77.59,0,6753
Micolayout,2019,Not Applicable,Others,City or Town Road,12.897266,77.606863,0,6754
Micolayout,2019,Grievous Injury,Vehicle to Vehicle,Residential Street,12.913995,77.610548,0,6755
Micolayout,2019,Grievous Injury,Vehicle to Vehicle,Two way,12.919715,77.591482,0,6756
Micolayout,2019,Damage Only,Vehicle to Vehicle,Arterial,12.928426,77.600532,0,6757
Micolayout,2019,Grievous Injury,Hit pedestrian,Two way,12.916889,77.596935,0,6758
Micolayout,2019,Grievous Injury,Head on,City or Town Road,12.895851,77.599716,0,6759
Micolayout,2019,Grievous Injury,Hit pedestrian,Sub Arterial,12.910815,77.610005,0,6760
Micolayout,2019,Grievous Injury,Vehicle to Vehicle,Two way,12.937157,77.601715,0,6761
Micolayout,2019,Grievous Injury,Vehicle to Vehicle,Two way,12.927837,77.600565,0,6762
Micolayout,2019,Grievous Injury,Vehicle to Vehicle,Two way,12.886846,77.610457,0,6763
Micolayout,2019,Damage Only,Not Applicable,Arterial,12.916741,77.600023,0,6764
Micolayout,2019,Damage Only,Vehicle to Vehicle,Arterial,12.92857,77.591011,0,6765
Micolayout,2019,Grievous Injury,Hit and Run,City or Town Road,12.924452,77.600334,0,6766
Micolayout,2019,Grievous Injury,Hit pedestrian,City or Town Road,12.919675,77.61197,0,6767
Micolayout,2019,Damage Only,Right Turn Collision,City or Town Road,12.909204,77.614068,0,6768
Micolayout,2019,Grievous Injury,Hit and Run,City or Town Road,12.886802,77.610508,0,6769
Micolayout,2019,Simple Injury,Vehicle to Vehicle,Others,12.923162,77.5982949,0,6770
Micolayout,2019,Fatal,Hit pedestrian,Arterial,12.935448,77.6014229,1,6771
Micolayout,2019,Grievous Injury,Side impact or Right angle,City or Town Road,12.912368,77.606311,0,6772
Micolayout,2019,Grievous Injury,Vehicle to Vehicle,Others,12.929231,77.609423,0,6773
Micolayout,2019,Grievous Injury,Hit pedestrian,City or Town Road,12.925349,77.593517,0,6774
Micolayout,2019,Simple Injury,Hit and Run,City or Town Road,12.935244,77.601396,0,6775
Micolayout,2019,Grievous Injury,Hit pedestrian,City or Town Road,12.916597,77.609605,0,6776
Micolayout,2019,Grievous Injury,Vehicle to Vehicle,Two way,12.937012,77.603237,0,6777
Micolayout,2019,Damage Only,Vehicle to Vehicle,Two way,12.93519,77.601408,0,6778
Micolayout,2019,Grievous Injury,Hit pedestrian,Two way,12.905176,77.611063,0,6779
Micolayout,2019,Grievous Injury,Vehicle to Vehicle,Two way,12.913746,77.607361,0,6780
Micolayout,2019,Simple Injury,Vehicle to Vehicle,Arterial,12.92331,77.593462,0,6781
Micolayout,2019,Damage Only,Vehicle to Vehicle,Arterial,12.923123,77.59688,0,6782
Micolayout,2019,Grievous Injury,Hit pedestrian,Arterial,12.918682,77.596853,0,6783
Micolayout,2019,Simple Injury,Head on,City or Town Road,12.930137,77.609646,0,6784
Micolayout,2019,Grievous Injury,Hit and Run,City or Town Road,12.925113,77.593509,0,6785
Micolayout,2019,Grievous Injury,Vehicle to Vehicle,Sub Arterial,12.926272,77.608886,0,6786
Micolayout,2019,Fatal,Side impact or Right angle,City or Town Road,12.920611,77.591468,1,6787
Micolayout,2019,Grievous Injury,Head on,City or Town Road,12.921508,77.611096,0,6788
Micolayout,2019,Grievous Injury,Hit pedestrian,City or Town Road,12.913908,77.609596,0,6789
Micolayout,2019,Grievous Injury,Hit pedestrian,City or Town Road,12.928459,77.595433,0,6790
Micolayout,2019,Grievous Injury,Vehicle to Vehicle,Not Applicable,12.917688,77.612544,0,6791
Micolayout,2019,Grievous Injury,Vehicle to Vehicle,Two way,12.909956,77.600202,0,6792
Micolayout,2019,Grievous Injury,Side impact or Right angle,City or Town Road,12.890982,77.608226,0,6793
Micolayout,2019,Grievous Injury,Hit and Run,City or Town Road,12.92538,77.5964549,0,6794
Micolayout,2019,Grievous Injury,Hit pedestrian,Arterial,12.92135,77.5935009,0,6795
Micolayout,2019,Damage Only,Vehicle to Vehicle,Arterial,12.936772,77.603755,0,6796
Micolayout,2019,Grievous Injury,Hit pedestrian,Two way,12.923196,77.59357,0,6797
Micolayout,2019,Grievous Injury,Hit and Run,City or Town Road,12.926263,77.60889,0,6798
Micolayout,2019,Grievous Injury,Head on,City or Town Road,12.903358,77.60272,0,6799
Micolayout,2019,Fatal,Vehicle to Vehicle,Two way,12.916801,77.592262,1,6800
Micolayout,2019,Fatal,Hit pedestrian,City or Town Road,12.887257,77.610582,1,6801
Micolayout,2019,Grievous Injury,Rear end,City or Town Road,12.927029,77.5971129,0,6802
Micolayout,2019,Grievous Injury,Hit and Run,City or Town Road,12.920603,77.591544,0,6803
Micolayout,2019,Fatal,Hit pedestrian,Arterial,12.918782,77.6000869,1,6804
Micolayout,2019,Grievous Injury,Vehicle to Vehicle,Two way,12.916819,77.595161,0,6805
Micolayout,2019,Grievous Injury,Vehicle to Vehicle,Arterial,12.919156,77.597086,0,6806
Micolayout,2019,Grievous Injury,Vehicle to Vehicle,Two way,12.930561,77.600596,0,6807
Micolayout,2019,Grievous Injury,Hit pedestrian,City or Town Road,12.933543,77.601107,0,6808
Micolayout,2019,Fatal,Side impact or Right angle,City or Town Road,12.916862,77.612404,1,6809
Micolayout,2019,Grievous Injury,Side impact or Right angle,City or Town Road,12.89055,77.598126,0,6810
Micolayout,2019,Fatal,Side impact or Right angle,City or Town Road,12.886792,77.610517,1,6811
Micolayout,2019,Grievous Injury,Hit pedestrian,Two way,12.92392,77.597017,0,6812
Micolayout,2019,Simple Injury,Vehicle to Vehicle,Two way,12.920593,77.61061,0,6813
Micolayout,2019,Grievous Injury,Rear end,City or Town Road,12.9298,77.60073,0,6814
Micolayout,2019,Grievous Injury,Hit pedestrian,City or Town Road,12.928588,77.591889,0,6815
Micolayout,2019,Damage Only,Rear end,City or Town Road,12.916533,77.607006,0,6816
Micolayout,2019,Grievous Injury,Hit pedestrian,Arterial,12.924945,77.5936899,0,6817
Micolayout,2019,Grievous Injury,Vehicle to Vehicle,Others,12.916934,77.592704,0,6818
Micolayout,2019,Grievous Injury,Vehicle to Vehicle,Two way,12.913927,77.614568,0,6819
Micolayout,2019,Grievous Injury,Hit and Run,City or Town Road,12.921554,77.593417,0,6820
Micolayout,2019,Grievous Injury,Side impact or Right angle,City or Town Road,12.893104,77.598997,0,6821
Micolayout,2019,Grievous Injury,Hit and Run,City or Town Road,12.913662,77.599774,0,6822
Micolayout,2019,Grievous Injury,Hit and Run,City or Town Road,12.920642,77.5900479,0,6823
Micolayout,2019,Simple Injury,Vehicle to Vehicle,Two way,12.927189,77.609063,0,6824
Micolayout,2020,Fatal,Not Applicable,Arterial,12.910827,77.610008,1,6825
Micolayout,2020,Fatal,Vehicle to Vehicle,Arterial,12.918615,77.595126,1,6826
Micolayout,2021,Grievous Injury,Vehicle to Vehicle,Residential Street,12.932803,77.586591,0,6827
Micolayout,2021,Grievous Injury,Vehicle to Vehicle,Residential Street,12.912814,77.618895,0,6828
Micolayout,2021,Grievous Injury,Not Applicable,One way,12.896941,77.599849,0,6829
Micolayout,2021,Simple Injury,Not Applicable,Others,12.918223,77.600167,0,6830
Micolayout,2021,Fatal,Not Applicable,Others,12.936931,77.602296,1,6831
Micolayout,2021,Grievous Injury,Vehicle to Vehicle,Residential Street,12.924561,77.609192,0,6832
Micolayout,2021,Fatal,Not Applicable,Residential Street,12.928536,77.591662,1,6833
Micolayout,2021,Grievous Injury,Vehicle to Vehicle,Residential Street,12.916595,77.612364,0,6834
Micolayout,2021,Damage Only,Vehicle to Vehicle,Residential Street,12.918851,77.610234,0,6835
Micolayout,2021,Grievous Injury,Hit pedestrian,Two way,12.916796,77.593275,0,6836
Micolayout,2021,Grievous Injury,Vehicle to Vehicle,Residential Street,12.931601,77.590386,0,6837
Micolayout,2022,Grievous Injury,Vehicle to Vehicle,Residential Street,12.916356,77.609593,0,6838
Micolayout,2022,Grievous Injury,Vehicle to Vehicle,Residential Street,12.916625,77.603117,0,6839
Micolayout,2022,Simple Injury,Vehicle to Vehicle,Others,12.905572,77.601789,0,6840
Micolayout,2022,Fatal,Hit pedestrian,Others,12.899102,77.607528,1,6841
Micolayout,2022,Grievous Injury,Not Applicable,One way,12.894529,77.599157,0,6842
Micolayout,2022,Fatal,Hit pedestrian,Others,12.933032,77.592657,1,6843
Micolayout,2022,Grievous Injury,Vehicle to Vehicle,Residential Street,12.926994,77.594583,0,6844
Micolayout,2022,Grievous Injury,Hit pedestrian,Residential Street,12.924932,77.607067,0,6845
Micolayout,2022,Grievous Injury,Vehicle to Vehicle,Residential Street,12.893796,77.610735,0,6846
Micolayout,2022,Damage Only,Vehicle to Vehicle,Residential Street,12.904176,77.601544,0,6847
Micolayout,2022,Grievous Injury,Vehicle to Vehicle,Two way,12.928357,77.59986,0,6848
Micolayout,2023,Fatal,Vehicle to Vehicle,Others,12.905431,77.609402,1,6849
Micolayout,2023,Grievous Injury,Vehicle to Vehicle,Not Applicable,12.917147,77.589497,0,6850
Micolayout,2023,Damage Only,Vehicle to Vehicle,Others,12.92402,77.606319,0,6851
Micolayout,2023,Simple Injury,Not Applicable,Others,12.936128,77.607304,0,6852
Micolayout,2023,Grievous Injury,Vehicle to Vehicle,Others,12.913321,77.606255,0,6853
Micolayout,2023,Grievous Injury,Vehicle to Vehicle,Others,12.936772,77.601462,0,6854
Micolayout,2023,Grievous Injury,Hit pedestrian,Others,12.916668,77.59883,0,6855
Micolayout,2023,Grievous Injury,Vehicle to Vehicle,Others,12.913973,77.610116,0,6856
Micolayout,2023,Grievous Injury,Vehicle to Vehicle,Others,12.916856,77.595052,0,6857
Micolayout,2023,Grievous Injury,Not Applicable,Others,12.905618,77.601723,0,6858
Micolayout,2023,Grievous Injury,Hit pedestrian,Others,12.916525,77.610195,0,6859
Micolayout,2023,Grievous Injury,Hit pedestrian,Others,12.928445,77.94736,0,6860
Micolayout,2023,Grievous Injury,Vehicle to Vehicle,One way,12.916283,77.609499,0,6861
Micolayout,2023,Grievous Injury,Vehicle to Vehicle,Not Applicable,12.930788,77.603795,0,6862
Micolayout,2023,Grievous Injury,Hit pedestrian,Others,12.931099,77.607101,0,6863
Micolayout,2023,Grievous Injury,Hit pedestrian,Others,12.937138,77.602129,0,6864
Micolayout,2023,Grievous Injury,Vehicle to Vehicle,Others,12.916813,77.596865,0,6865
Micolayout,2023,Grievous Injury,Vehicle to Vehicle,Others,12.926681,77.600533,0,6866
Micolayout,2023,Damage Only,Hit pedestrian,Residential Street,12.903218,77.606236,0,6867
Micolayout,2023,Fatal,Not Applicable,Others,12.910589,77.610008,1,6868
Micolayout,2023,Fatal,Not Applicable,Others,12.930922,77.606572,1,6869
Micolayout,2023,Grievous Injury,Vehicle to Vehicle,Others,12.927016,77.59466,0,6870
Micolayout,2023,Grievous Injury,Hit pedestrian,Residential Street,12.915328,77.617553,0,6871
Micolayout,2023,Fatal,Hit pedestrian,Others,12.9364403,77.606758,1,6872
Micolayout,2023,Grievous Injury,Hit pedestrian,Others,12.936701,77.605073,0,6873
Micolayout,2023,Grievous Injury,Hit pedestrian,Others,12.928381,77.598029,0,6874
Micolayout,2023,Grievous Injury,Hit pedestrian,Not Applicable,12.919782,77.58955,0,6875
Micolayout,2023,Grievous Injury,Vehicle to Vehicle,Others,12.89607,77.599816,0,6876
Micolayout,2023,Simple Injury,Hit bicyclist,Others,12.907313,77.600622,0,6877
Micolayout,2023,Fatal,Hit pedestrian,Others,12.916689,77.604226,1,6878
Peenya,2016,Grievous Injury,Head on,City or Town Road,13.00143894,77.50461311,0,6879
Peenya,2016,Simple Injury,Hit pedestrian,City or Town Road,13.00846598,77.49929515,0,6880
Peenya,2016,Grievous Injury,Others,NH,13.04763758,77.5006398,0,6881
Peenya,2016,Damage Only,Head on,City or Town Road,13.04617363,77.50460059,0,6882
Peenya,2016,Grievous Injury,Head on,City or Town Road,13.01229093,77.50901097,0,6883
Peenya,2016,Fatal,Hit pedestrian,City or Town Road,13.03521238,77.52784256,1,6884
Peenya,2016,Simple Injury,Side impact or Right angle,City or Town Road,13.02643192,77.51458752,0,6885
Peenya,2016,Grievous Injury,Hit pedestrian,Residential Street,13.01776914,77.51435542,0,6886
Peenya,2016,Simple Injury,Head on,City or Town Road,13.02525213,77.51114818,0,6887
Peenya,2016,Damage Only,Others,Others,12.99982369,77.50426357,0,6888
Peenya,2016,Damage Only,Head on,City or Town Road,13.00885036,77.50674493,0,6889
Peenya,2016,Grievous Injury,Hit pedestrian,City or Town Road,13.01856245,77.51323427,0,6890
Peenya,2016,Simple Injury,Hit pedestrian,City or Town Road,13.02882868,77.51013696,0,6891
Peenya,2016,Damage Only,Head on,City or Town Road,13.04541318,77.50748944,0,6892
Peenya,2016,Grievous Injury,Rear end,One way,13.03279437,77.51279252,0,6893
Peenya,2016,Simple Injury,Hit parked vehicle,Feeder Road,13.0411208,77.51897594,0,6894
Peenya,2016,Grievous Injury,Hit pedestrian,NH,13.03548112,77.52735647,0,6895
Peenya,2016,Damage Only,Head on,City or Town Road,13.00253038,77.51094054,0,6896
Peenya,2016,Damage Only,Head on,City or Town Road,13.04039518,77.51784449,0,6897
Peenya,2016,Grievous Injury,Others,City or Town Road,13.04539698,77.50722719,0,6898
Peenya,2016,Grievous Injury,Head on,City or Town Road,13.00556588,77.51341365,0,6899
Peenya,2016,Fatal,Hit and Run,City or Town Road,13.04198699,77.51593243,1,6900
Peenya,2016,Damage Only,Head on,City or Town Road,13.04738818,77.50049497,0,6901
Peenya,2016,Grievous Injury,Hit pedestrian,City or Town Road,13.03123501,77.50512815,0,6902
Peenya,2016,Fatal,Hit bicyclist,Residential Street,13.06164332,77.49538803,1,6903
Peenya,2016,Grievous Injury,Hit and Run,Others,13.03193752,77.52038793,0,6904
Peenya,2016,Grievous Injury,Hit bicyclist,Mixed,13.0098147,77.505309,0,6905
Peenya,2016,Grievous Injury,Head on,City or Town Road,13.00949474,77.50168256,0,6906
Peenya,2016,Simple Injury,Head on,City or Town Road,13.00845022,77.52674258,0,6907
Peenya,2016,Damage Only,Head on,City or Town Road,13.04539698,77.50722719,0,6908
Peenya,2016,Grievous Injury,Head on,City or Town Road,13.04979029,77.49469029,0,6909
Peenya,2016,Grievous Injury,Others,City or Town Road,13.00357745,77.50452294,0,6910
Peenya,2016,Fatal,Head on,City or Town Road,13.04515435,77.50719692,1,6911
Peenya,2016,Grievous Injury,Hit pedestrian,City or Town Road,13.04305883,77.51298428,0,6912
Peenya,2016,Fatal,Head on,City or Town Road,13.04449683,77.50917899,1,6913
Peenya,2016,Simple Injury,Hit pedestrian,City or Town Road,13.04089554,77.51709709,0,6914
Peenya,2016,Simple Injury,Hit and Run,City or Town Road,13.01136157,77.50700435,0,6915
Peenya,2016,Grievous Injury,Head on,City or Town Road,13.02177523,77.52674173,0,6916
Peenya,2016,Simple Injury,Head on,City or Town Road,13.04775842,77.500294,0,6917
Peenya,2016,Grievous Injury,Head on,City or Town Road,13.03791448,77.52200867,0,6918
Peenya,2016,Grievous Injury,Head on,City or Town Road,13.00577473,77.52629814,0,6919
Peenya,2016,Simple Injury,Others,NH,13.03491413,77.52939198,0,6920
Peenya,2016,Grievous Injury,Others,City or Town Road,13.01259136,77.50425525,0,6921
Peenya,2016,Simple Injury,Head on,City or Town Road,13.03538944,77.51806767,0,6922
Peenya,2016,Fatal,Hit pedestrian,City or Town Road,13.03073908,77.50713953,1,6923
Peenya,2016,Grievous Injury,Hit pedestrian,City or Town Road,13.04177453,77.51561989,0,6924
Peenya,2016,Fatal,Side impact or Right angle,NH,13.03795567,77.52196499,1,6925
Peenya,2016,Fatal,Others,Expressway,13.03958063,77.5183413,1,6926
Peenya,2016,Simple Injury,Hit pedestrian,City or Town Road,13.03902019,77.51382374,0,6927
Peenya,2016,Damage Only,Others,City or Town Road,13.00488163,77.52662378,0,6928
Peenya,2016,Grievous Injury,Head on,City or Town Road,13.04252231,77.51454121,0,6929
Peenya,2016,Simple Injury,Head on,City or Town Road,13.04539698,77.50722719,0,6930
Peenya,2016,Damage Only,Others,NH,13.04569864,77.5057749,0,6931
Peenya,2016,Fatal,Hit pedestrian,City or Town Road,13.00043644,77.52611811,1,6932
Peenya,2016,Grievous Injury,Head on,City or Town Road,13.00526773,77.52682826,0,6933
Peenya,2016,Simple Injury,Head on,City or Town Road,13.01644438,77.48318731,0,6934
Peenya,2016,Simple Injury,Head on,City or Town Road,13.02947365,77.51214095,0,6935
Peenya,2016,Grievous Injury,Hit pedestrian,City or Town Road,13.04036276,77.51851812,0,6936
Peenya,2016,Damage Only,Head on,City or Town Road,13.0377148,77.52257417,0,6937
Peenya,2016,Fatal,Hit pedestrian,City or Town Road,13.02845075,77.51953939,1,6938
Peenya,2016,Simple Injury,Head on,City or Town Road,13.02262909,77.52348834,0,6939
Peenya,2016,Simple Injury,Right Turn Collision,City or Town Road,13.01799011,77.51497675,0,6940
Peenya,2016,Grievous Injury,Hit pedestrian,City or Town Road,13.02556134,77.52044394,0,6941
Peenya,2016,Grievous Injury,Hit pedestrian,City or Town Road,13.03659964,77.51317424,0,6942
Peenya,2016,Grievous Injury,Hit pedestrian,City or Town Road,13.02249773,77.5167315,0,6943
Peenya,2016,Fatal,Hit pedestrian,City or Town Road,13.01470217,77.50647233,1,6944
Peenya,2016,Grievous Injury,Hit pedestrian,City or Town Road,13.04541026,77.50743243,0,6945
Peenya,2016,Grievous Injury,Hit pedestrian,Residential Street,13.05021865,77.51600691,0,6946
Peenya,2016,Grievous Injury,Head on,City or Town Road,13.03418717,77.5306115,0,6947
Peenya,2016,Simple Injury,Head on,City or Town Road,13.02861371,77.5196924,0,6948
Peenya,2016,Grievous Injury,Hit pedestrian,City or Town Road,13.01637209,77.51157338,0,6949
Peenya,2016,Simple Injury,Hit pedestrian,City or Town Road,13.04181473,77.51589672,0,6950
Peenya,2016,Grievous Injury,Hit and Run,City or Town Road,13.05352555,77.49406417,0,6951
Peenya,2016,Grievous Injury,Head on,Residential Street,13.04111563,77.50478782,0,6952
Peenya,2016,Grievous Injury,Hit pedestrian,Feeder Road,13.00893962,77.5267261,0,6953
Peenya,2016,Grievous Injury,Others,Two way,13.01081182,77.52209662,0,6954
Peenya,2016,Grievous Injury,Others,City or Town Road,12.99978397,77.50420117,0,6955
Peenya,2016,Damage Only,Others,Others,13.00493306,77.52676406,0,6956
Peenya,2016,Grievous Injury,Hit pedal cyclist,City or Town Road,13.03786676,77.52187787,0,6957
Peenya,2016,Simple Injury,Hit and Run,City or Town Road,13.04202194,77.51582955,0,6958
Peenya,2016,Grievous Injury,Not Applicable,Not Applicable,13.01608696,77.52033943,0,6959
Peenya,2016,Grievous Injury,Hit pedestrian,City or Town Road,13.02041093,77.50819282,0,6960
Peenya,2016,Simple Injury,Rear end,NH,13.03487798,77.52953532,0,6961
Peenya,2016,Grievous Injury,Hit and Run,Residential Street,13.04970064,77.51672895,0,6962
Peenya,2016,Grievous Injury,Head on,City or Town Road,13.03465752,77.52959584,0,6963
Peenya,2016,Simple Injury,Run Off Road,City or Town Road,13.04539387,77.52182749,0,6964
Peenya,2016,Grievous Injury,Head on,City or Town Road,13.01093097,77.52202521,0,6965
Peenya,2016,Damage Only,Others,NH,13.043211,77.51229649,0,6966
Peenya,2016,Grievous Injury,Hit pedestrian,NH,13.02317415,77.30551025,0,6967
Peenya,2016,Simple Injury,Hit pedestrian,City or Town Road,13.00779572,77.52165836,0,6968
Peenya,2016,Grievous Injury,Hit pedestrian,City or Town Road,13.00763041,77.51508189,0,6969
Peenya,2016,Fatal,Head on,City or Town Road,13.03487659,77.52820843,1,6970
Peenya,2016,Fatal,Head on,City or Town Road,13.04226403,77.51406978,1,6971
Peenya,2016,Grievous Injury,Hit pedestrian,City or Town Road,13.04509315,77.50892822,0,6972
Peenya,2016,Simple Injury,Hit pedestrian,City or Town Road,13.00877364,77.52679886,0,6973
Peenya,2016,Simple Injury,Hit and Run,City or Town Road,13.04801857,77.518733,0,6974
Peenya,2016,Fatal,Hit pedestrian,NH,13.03511405,77.52779642,1,6975
Peenya,2016,Grievous Injury,Head on,City or Town Road,13.04230046,77.51459192,0,6976
Peenya,2016,Grievous Injury,Hit pedestrian,City or Town Road,13.03768599,77.49308415,0,6977
Peenya,2016,Grievous Injury,Hit pedestrian,Service Road,13.04692064,77.50212916,0,6978
Peenya,2016,Grievous Injury,Hit pedestrian,NH,13.04998426,77.49305429,0,6979
Peenya,2016,Damage Only,Others,City or Town Road,13.04374301,77.52085575,0,6980
Peenya,2016,Damage Only,Others,City or Town Road,13.03491413,77.52939198,0,6981
Peenya,2016,Fatal,Hit pedestrian,City or Town Road,13.01647504,77.48325554,1,6982
Peenya,2016,Grievous Injury,Head on,City or Town Road,13.04319468,77.51256761,0,6983
Peenya,2016,Simple Injury,Hit pedestrian,City or Town Road,13.02360918,77.52195103,0,6984
Peenya,2016,Fatal,Head on,City or Town Road,13.02028432,77.50804771,1,6985
Peenya,2016,Grievous Injury,Head on,City or Town Road,13.00400713,77.50820007,0,6986
Peenya,2016,Grievous Injury,Hit pedestrian,City or Town Road,13.00998057,77.50608157,0,6987
Peenya,2016,Simple Injury,Head on,City or Town Road,13.03963184,77.51830411,0,6988
Peenya,2016,Damage Only,Head on,City or Town Road,13.03569277,77.52126756,0,6989
Peenya,2016,Damage Only,Head on,City or Town Road,13.01521056,77.49951296,0,6990
Peenya,2016,Grievous Injury,Hit pedestrian,City or Town Road,13.04539698,77.50722719,0,6991
Peenya,2016,Simple Injury,Head on,City or Town Road,13.04534489,77.50724326,0,6992
Peenya,2016,Grievous Injury,Head on,City or Town Road,13.04790758,77.50787958,0,6993
Peenya,2016,Damage Only,Others,City or Town Road,13.05601334,77.50748456,0,6994
Peenya,2016,Simple Injury,Hit pedestrian,NH,13.04081653,77.51760763,0,6995
Peenya,2016,Simple Injury,Hit and Run,City or Town Road,13.04293386,77.51394553,0,6996
Peenya,2016,Grievous Injury,Rear end,City or Town Road,13.03238596,77.51087293,0,6997
Peenya,2016,Grievous Injury,Hit pedestrian,City or Town Road,13.03424674,77.5294222,0,6998
Peenya,2016,Grievous Injury,Hit pedestrian,City or Town Road,13.03957093,77.51839246,0,6999
Peenya,2016,Grievous Injury,Head on,City or Town Road,13.05002212,77.51641335,0,7000
Peenya,2016,Grievous Injury,Hit bicyclist,City or Town Road,13.02648227,77.51513672,0,7001
Peenya,2016,Simple Injury,Head on,NH,13.03804366,77.52214354,0,7002
Peenya,2016,Simple Injury,Hit pedestrian,Residential Street,13.00050266,77.52078232,0,7003
Peenya,2016,Grievous Injury,Others,NH,13.04724764,77.50223393,0,7004
Peenya,2016,Grievous Injury,Head on,City or Town Road,13.05677806,77.5072378,0,7005
Peenya,2016,Grievous Injury,Others,Mixed,13.02994728,77.51904415,0,7006
Peenya,2016,Simple Injury,Head on,City or Town Road,13.03511844,77.51799657,0,7007
Peenya,2016,Damage Only,Others,NH,13.03999213,77.51838986,0,7008
Peenya,2016,Simple Injury,Hit pedestrian,City or Town Road,12.99927617,77.52057689,0,7009
Peenya,2016,Simple Injury,Hit pedestrian,City or Town Road,13.05129659,77.50779756,0,7010
Peenya,2016,Simple Injury,Head on,City or Town Road,13.04536036,77.50747353,0,7011
Peenya,2016,Grievous Injury,Hit bicyclist,City or Town Road,13.01247955,77.52161662,0,7012
Peenya,2016,Grievous Injury,Hit pedestrian,City or Town Road,13.03088247,77.50240379,0,7013
Peenya,2016,Damage Only,Head on,City or Town Road,13.03787732,77.5218945,0,7014
Peenya,2016,Grievous Injury,Hit pedestrian,City or Town Road,13.02851977,77.51962679,0,7015
Peenya,2016,Damage Only,Hit fixed object,Residential Street,13.05492595,77.51673779,0,7016
Peenya,2016,Grievous Injury,Others,NH,13.0453105,77.507935,0,7017
Peenya,2016,Grievous Injury,Head on,City or Town Road,13.0482853,77.49795191,0,7018
Peenya,2016,Grievous Injury,Others,City or Town Road,13.04240699,77.51465935,0,7019
Peenya,2016,Simple Injury,Hit pedestrian,City or Town Road,13.01694268,77.51215718,0,7020
Peenya,2016,Grievous Injury,Head on,City or Town Road,13.04532157,77.50725011,0,7021
Peenya,2016,Damage Only,Head on,City or Town Road,13.00358877,77.50452965,0,7022
Peenya,2016,Simple Injury,Others,NH,13.03983376,77.51854815,0,7023
Peenya,2016,Damage Only,Head on,City or Town Road,13.04377088,77.52094252,0,7024
Peenya,2016,Grievous Injury,Hit pedestrian,City or Town Road,13.06250042,77.49718316,0,7025
Peenya,2016,Simple Injury,Hit and Run,Not Applicable,13.00095241,77.52480714,0,7026
Peenya,2016,Simple Injury,Others,NH,13.03998781,77.51883523,0,7027
Peenya,2016,Fatal,Head on,City or Town Road,13.00827594,77.52669561,1,7028
Peenya,2016,Grievous Injury,Hit pedestrian,City or Town Road,13.040959,77.51900201,0,7029
Peenya,2016,Grievous Injury,Not Applicable,City or Town Road,13.03814879,77.52142163,0,7030
Peenya,2016,Grievous Injury,Hit pedestrian,City or Town Road,13.05023208,77.49378907,0,7031
Peenya,2016,Grievous Injury,Head on,City or Town Road,13.03798386,77.52211392,0,7032
Peenya,2016,Simple Injury,Head on,City or Town Road,13.04113848,77.51435518,0,7033
Peenya,2016,Grievous Injury,Head on,City or Town Road,13.04769828,77.50017221,0,7034
Peenya,2016,Simple Injury,Hit bicyclist,Feeder Road,13.02556624,77.51121967,0,7035
Peenya,2016,Simple Injury,Hit and Run,Service Road,13.04451129,77.50981325,0,7036
Peenya,2016,Grievous Injury,Head on,Others,13.03995186,77.52670473,0,7037
Peenya,2016,Grievous Injury,Hit and Run,NH,13.04070535,77.51763534,0,7038
Peenya,2016,Simple Injury,Hit pedestrian,Others,13.03074328,77.51557583,0,7039
Peenya,2016,Grievous Injury,Hit pedestrian,Others,13.04314146,77.52018883,0,7040
Peenya,2016,Grievous Injury,Hit puchcart,Service Road,13.05372284,77.51142559,0,7041
Peenya,2016,Grievous Injury,Head on,City or Town Road,13.02582326,77.52071139,0,7042
Peenya,2016,Fatal,Head on,City or Town Road,13.04580801,77.50542757,1,7043
Peenya,2016,Damage Only,Others,Service Road,13.04724911,77.50088397,0,7044
Peenya,2016,Damage Only,Others,NH,13.03803141,77.52204271,0,7045
Peenya,2016,Simple Injury,Hit pedestrian,City or Town Road,13.00961574,77.50689347,0,7046
Peenya,2016,Fatal,Hit pedestrian,NH,13.04210105,77.5155976,1,7047
Peenya,2016,Grievous Injury,Head on,City or Town Road,13.00342354,77.52618129,0,7048
Peenya,2016,Fatal,Head on,City or Town Road,13.04539713,77.50732271,1,7049
Peenya,2016,Damage Only,Others,NH,13.03757892,77.52250612,0,7050
Peenya,2016,Simple Injury,Head on,City or Town Road,13.02870405,77.51978496,0,7051
Peenya,2016,Damage Only,Head on,City or Town Road,13.04916412,77.49667901,0,7052
Peenya,2016,Grievous Injury,Hit pedestrian,City or Town Road,13.02224816,77.52489434,0,7053
Peenya,2016,Grievous Injury,Head on,City or Town Road,13.03373662,77.50400898,0,7054
Peenya,2016,Grievous Injury,Hit pedestrian,City or Town Road,13.04910591,77.49658084,0,7055
Peenya,2016,Grievous Injury,Hit pedestrian,NH,13.04481001,77.50901133,0,7056
Peenya,2016,Damage Only,Head on,City or Town Road,13.03477495,77.52969969,0,7057
Peenya,2016,Grievous Injury,Head on,City or Town Road,13.03803511,77.5220671,0,7058
Peenya,2016,Fatal,Head on,City or Town Road,13.04778122,77.49976078,1,7059
Peenya,2016,Damage Only,Others,City or Town Road,13.01091483,77.50684317,0,7060
Peenya,2016,Damage Only,Hit and Run,NH,13.04294575,77.51288189,0,7061
Peenya,2016,Grievous Injury,Others,City or Town Road,13.02645354,77.51457059,0,7062
Peenya,2016,Grievous Injury,Others,City or Town Road,13.06687085,77.50239813,0,7063
Peenya,2016,Grievous Injury,Hit animal,City or Town Road,13.04339007,77.51364565,0,7064
Peenya,2016,Grievous Injury,Others,Service Road,13.04670058,77.50247356,0,7065
Peenya,2016,Grievous Injury,Hit pedestrian,City or Town Road,13.04719698,77.51431943,0,7066
Peenya,2016,Simple Injury,Hit pedestrian,City or Town Road,13.02740884,77.51697145,0,7067
Peenya,2016,Simple Injury,Others,Service Road,13.03582059,77.52612273,0,7068
Peenya,2016,Grievous Injury,Hit pedestrian,City or Town Road,13.00976257,77.50495635,0,7069
Peenya,2016,Damage Only,Others,NH,13.03780591,77.52204403,0,7070
Peenya,2016,Fatal,Rear end,NH,13.0379464,77.52175425,1,7071
Peenya,2016,Grievous Injury,Hit pedestrian,City or Town Road,13.0222483,77.52476598,0,7072
Peenya,2016,Grievous Injury,Hit and Run,NH,13.04219901,77.51456022,0,7073
Peenya,2016,Grievous Injury,Hit pedestrian,City or Town Road,13.02839847,77.51948777,0,7074
Peenya,2016,Damage Only,Others,Others,13.02251179,77.50399436,0,7075
Peenya,2016,Simple Injury,Hit pedestrian,NH,13.03473669,77.52983232,0,7076
Peenya,2016,Grievous Injury,Hit pedestrian,City or Town Road,13.03166054,77.51294969,0,7077
Peenya,2016,Grievous Injury,Hit pedestrian,City or Town Road,13.06057555,77.51634841,0,7078
Peenya,2016,Grievous Injury,Others,NH,13.03612148,77.52519357,0,7079
Peenya,2016,Fatal,Hit pedestrian,City or Town Road,13.04536441,77.50730293,1,7080
Peenya,2016,Damage Only,Hit and Run,City or Town Road,13.00511362,77.52677382,0,7081
Peenya,2016,Fatal,Hit pedestrian,City or Town Road,13.03873129,77.521091,1,7082
Peenya,2016,Fatal,Hit and Run,City or Town Road,13.02253887,77.52389373,1,7083
Peenya,2016,Grievous Injury,Hit pedestrian,City or Town Road,13.04298278,77.51293792,0,7084
Peenya,2016,Simple Injury,Others,City or Town Road,13.00577473,77.52629814,0,7085
Peenya,2016,Grievous Injury,Others,Residential Street,13.03353705,77.50410984,0,7086
Peenya,2016,Simple Injury,Head on,City or Town Road,13.02334167,77.52222383,0,7087
Peenya,2017,Damage Only,Others,City or Town Road,13.03580338,77.51829947,0,7088
Peenya,2017,Simple Injury,Others,City or Town Road,13.04023672,77.518066,0,7089
Peenya,2017,Grievous Injury,Hit pedestrian,City or Town Road,13.00476096,77.4969767,0,7090
Peenya,2017,Grievous Injury,Others,NH,13.03467958,77.5292811,0,7091
Peenya,2017,Fatal,Not Applicable,NH,13.047315,77.50074176,1,7092
Peenya,2017,Simple Injury,Side impact or Right angle,NH,13.03975578,77.5187063,0,7093
Peenya,2017,Fatal,Hit pedestrian,Residential Street,13.05583968,77.51058162,1,7094
Peenya,2017,Fatal,Side swipe,NH,13.04918016,77.496714,1,7095
Peenya,2017,Simple Injury,Head on,City or Town Road,13.06265225,77.50636091,0,7096
Peenya,2017,Grievous Injury,Hit pedestrian,City or Town Road,13.02768895,77.49375846,0,7097
Peenya,2017,Fatal,Hit pedestrian,City or Town Road,13.02550762,77.52087348,1,7098
Peenya,2017,Grievous Injury,Hit and Run,Feeder Road,13.03177688,77.51100772,0,7099
Peenya,2017,Grievous Injury,Head on,City or Town Road,13.04227037,77.52701069,0,7100
Peenya,2017,Simple Injury,Rear end,NH,13.03467958,77.5292811,0,7101
Peenya,2017,Simple Injury,Hit pedestrian,NH,13.03939172,77.51928,0,7102
Peenya,2017,Simple Injury,Hit pedestrian,NH,13.04748846,77.50116106,0,7103
Peenya,2017,Simple Injury,Others,Others,13.01830615,77.50662164,0,7104
Peenya,2017,Grievous Injury,Hit pedestrian,City or Town Road,13.04018362,77.51873861,0,7105
Peenya,2017,Grievous Injury,Others,City or Town Road,13.05673219,77.50754425,0,7106
Peenya,2017,Grievous Injury,Hit pedestrian,NH,13.04228878,77.51476924,0,7107
Peenya,2017,Fatal,Hit pedestrian,City or Town Road,13.01889622,77.50984208,1,7108
Peenya,2017,Grievous Injury,Hit pedestrian,City or Town Road,13.04103859,77.50482669,0,7109
Peenya,2017,Damage Only,Hit fixed object,NH,13.03651392,77.52519659,0,7110
Peenya,2017,Grievous Injury,Hit pedestrian,NH,13.04337213,77.51151884,0,7111
Peenya,2017,Grievous Injury,Hit pedestrian,NH,13.04543059,77.50726181,0,7112
Peenya,2017,Grievous Injury,Hit pedestrian,NH,13.04216847,77.51481553,0,7113
Peenya,2017,Grievous Injury,Hit and Run,City or Town Road,13.02659836,77.52166954,0,7114
Peenya,2017,Simple Injury,Rear end,NH,13.04000115,77.51824818,0,7115
Peenya,2017,Grievous Injury,Hit pedestrian,NH,13.04278924,77.51298092,0,7116
Peenya,2017,Grievous Injury,Hit pedestrian,City or Town Road,13.0174034,77.51295705,0,7117
Peenya,2017,Simple Injury,Hit pedestrian,NH,13.04828926,77.49804806,0,7118
Peenya,2017,Fatal,Hit pedestrian,Expressway,13.05009845,77.49295934,1,7119
Peenya,2017,Fatal,Hit bicyclist,Others,13.02639639,77.51460428,1,7120
Peenya,2017,Grievous Injury,Others,City or Town Road,13.01641794,77.50180391,0,7121
Peenya,2017,Simple Injury,Hit pedestrian,NH,13.04850079,77.49681732,0,7122
Peenya,2017,Simple Injury,Hit pedestrian,NH,13.04337213,77.51151884,0,7123
Peenya,2017,Simple Injury,Hit pedestrian,Residential Street,13.0426277,77.51433349,0,7124
Peenya,2017,Grievous Injury,Hit pedestrian,City or Town Road,13.03272167,77.50391238,0,7125
Peenya,2017,Damage Only,Head on,NH,13.03778087,77.52214952,0,7126
Peenya,2017,Grievous Injury,Others,City or Town Road,13.00849604,77.50612816,0,7127
Peenya,2017,Simple Injury,Others,NH,13.04397162,77.51049734,0,7128
Peenya,2017,Grievous Injury,Side swipe,Service Road,13.04579386,77.50533523,0,7129
Peenya,2017,Simple Injury,Hit pedestrian,Others,13.05110959,77.5145789,0,7130
Peenya,2017,Grievous Injury,Hit pedestrian,City or Town Road,13.02852634,77.51943318,0,7131
Peenya,2017,Fatal,Head on,Not Applicable,13.02755718,77.49378338,1,7132
Peenya,2017,Grievous Injury,Hit pedestrian,Feeder Road,13.04595292,77.50749195,0,7133
Peenya,2017,Simple Injury,Hit pedestrian,City or Town Road,13.01097398,77.5071718,0,7134
Peenya,2017,Simple Injury,Head on,NH,13.04730034,77.50093999,0,7135
Peenya,2017,Simple Injury,Others,City or Town Road,13.05644673,77.50130751,0,7136
Peenya,2017,Grievous Injury,Hit pedestrian,City or Town Road,13.01371905,77.51016833,0,7137
Peenya,2017,Simple Injury,Others,NH,13.05001232,77.49401361,0,7138
Peenya,2017,Grievous Injury,Others,NH,13.03464781,77.52962944,0,7139
Peenya,2017,Grievous Injury,Head on,City or Town Road,13.03360582,77.50269208,0,7140
Peenya,2017,Fatal,Side impact or Right angle,NH,13.04740106,77.50134731,1,7141
Peenya,2017,Fatal,Head on,City or Town Road,13.02745425,77.51708196,1,7142
Peenya,2017,Damage Only,Hit and Run,City or Town Road,13.04942735,77.49476225,0,7143
Peenya,2017,Grievous Injury,Hit pedestrian,Residential Street,13.007551,77.5200708,0,7144
Peenya,2017,Grievous Injury,Others,City or Town Road,13.03171469,77.50369477,0,7145
Peenya,2017,Fatal,Hit pedestrian,City or Town Road,13.00864141,77.52700943,1,7146
Peenya,2017,Grievous Injury,Others,NH,13.04322697,77.51224435,0,7147
Peenya,2017,Damage Only,Others,City or Town Road,13.02690194,77.52014114,0,7148
Peenya,2017,Simple Injury,Hit pedestrian,City or Town Road,13.0098033,77.50518585,0,7149
Peenya,2017,Grievous Injury,Side swipe,City or Town Road,13.03754245,77.51829116,0,7150
Peenya,2017,Grievous Injury,Side impact or Right angle,City or Town Road,13.04199779,77.51559794,0,7151
Peenya,2017,Fatal,Hit pedestrian,City or Town Road,13.01830615,77.50662164,1,7152
Peenya,2017,Fatal,Hit pedestrian,City or Town Road,13.06167849,77.51913443,1,7153
Peenya,2017,Simple Injury,Rear end,NH,13.03641468,77.52494567,0,7154
Peenya,2017,Simple Injury,Hit pedestrian,City or Town Road,13.0534143,77.5081114,0,7155
Peenya,2017,Grievous Injury,Hit pedestrian,NH,13.04748846,77.50116106,0,7156
Peenya,2017,Grievous Injury,Not Applicable,NH,13.04543059,77.50726181,0,7157
Peenya,2017,Grievous Injury,Hit pedestrian,Service Road,13.05012437,77.49389269,0,7158
Peenya,2017,Grievous Injury,Hit pedestrian,NH,13.04724453,77.50132461,0,7159
Peenya,2017,Grievous Injury,Others,NH,13.04532004,77.50692247,0,7160
Peenya,2017,Damage Only,Rear end,NH,13.04216062,77.51466047,0,7161
Peenya,2017,Damage Only,Right Turn Collision,City or Town Road,13.04530645,77.50725623,0,7162
Peenya,2017,Grievous Injury,Hit pedestrian,City or Town Road,13.01399272,77.51023962,0,7163
Peenya,2017,Grievous Injury,Others,NH,13.04786512,77.49992261,0,7164
Peenya,2017,Simple Injury,Hit pedestrian,Two way,13.04196314,77.51965973,0,7165
Peenya,2017,Fatal,Others,Residential Street,13.02533821,77.51525689,1,7166
Peenya,2017,Grievous Injury,Hit pedestrian,City or Town Road,13.04799984,77.49750771,0,7167
Peenya,2017,Grievous Injury,Not Applicable,NH,13.03464781,77.52962944,0,7168
Peenya,2017,Grievous Injury,Hit pedestrian,NH,13.04217329,77.51575346,0,7169
Peenya,2017,Simple Injury,Hit pedestrian,City or Town Road,13.04722882,77.50161807,0,7170
Peenya,2017,Grievous Injury,Rear end,City or Town Road,13.05688954,77.50724994,0,7171
Peenya,2017,Grievous Injury,Hit pedestrian,City or Town Road,13.03305126,77.52812429,0,7172
Peenya,2017,Damage Only,Skidding or Self accident,City or Town Road,13.03442614,77.53005789,0,7173
Peenya,2017,Fatal,Others,City or Town Road,13.03316654,77.49247554,1,7174
Peenya,2017,Simple Injury,Hit parked vehicle,Others,13.05035055,77.51668116,0,7175
Peenya,2017,Fatal,Others,NH,13.03787863,77.52190509,1,7176
Peenya,2017,Grievous Injury,Others,NH,13.04563704,77.50569499,0,7177
Peenya,2017,Grievous Injury,Others,Others,13.00390699,77.50454554,0,7178
Peenya,2017,Grievous Injury,Others,City or Town Road,13.00586693,77.50554755,0,7179
Peenya,2017,Damage Only,Others,Expressway,13.04933475,77.49514183,0,7180
Peenya,2017,Fatal,Side impact or Right angle,NH,13.04588574,77.50699479,1,7181
Peenya,2017,Grievous Injury,Head on,NH,13.03782719,77.52235042,0,7182
Peenya,2017,Simple Injury,Others,City or Town Road,13.063507,77.50528504,0,7183
Peenya,2017,Fatal,Rear end,City or Town Road,13.01890177,77.5126605929,1,7184
Peenya,2017,Fatal,Head on,City or Town Road,13.06231452,77.50596917,1,7185
Peenya,2017,Fatal,Hit and Run,City or Town Road,13.04235348,77.51462396,1,7186
Peenya,2017,Grievous Injury,Others,City or Town Road,13.01093529,77.50687723,0,7187
Peenya,2017,Grievous Injury,Others,City or Town Road,13.01270247,77.52469861,0,7188
Peenya,2017,Simple Injury,Rear end,NH,13.04761679,77.50124274,0,7189
Peenya,2017,Simple Injury,Hit pedestrian,Feeder Road,13.00331205,77.52639042,0,7190
Peenya,2017,Simple Injury,Hit parked vehicle,NH,13.03594873,77.52549638,0,7191
Peenya,2017,Grievous Injury,Rear end,NH,13.04233125,77.51471349,0,7192
Peenya,2017,Grievous Injury,Others,NH,13.02508516,77.51109196,0,7193
Peenya,2017,Fatal,Others,NH,13.04740106,77.50134731,1,7194
Peenya,2017,Simple Injury,Hit pedestrian,Feeder Road,13.031847,77.52595951,0,7195
Peenya,2017,Simple Injury,Others,City or Town Road,13.03449662,77.5298022,0,7196
Peenya,2017,Damage Only,Others,City or Town Road,13.04003238,77.51839237,0,7197
Peenya,2017,Grievous Injury,Side impact or Right angle,Feeder Road,13.01773594,77.51464845,0,7198
Peenya,2017,Grievous Injury,Hit pedestrian,City or Town Road,13.02988007,77.51020828,0,7199
Peenya,2017,Grievous Injury,Side swipe,NH,13.04513013,77.50751086,0,7200
Peenya,2017,Grievous Injury,Hit pedestrian,NH,13.03978964,77.51844486,0,7201
Peenya,2017,Damage Only,Hit and Run,City or Town Road,13.04801084,77.49954448,0,7202
Peenya,2017,Grievous Injury,Hit and Run,Service Road,13.03983693,77.51853141,0,7203
Peenya,2017,Simple Injury,Others,City or Town Road,13.0357491,77.51371969,0,7204
Peenya,2017,Grievous Injury,Hit pedestrian,City or Town Road,13.06189125,77.50675946,0,7205
Peenya,2017,Grievous Injury,Others,City or Town Road,13.05924117,77.5070571,0,7206
Peenya,2017,Damage Only,Others,NH,13.0428808,77.51314904,0,7207
Peenya,2017,Damage Only,Others,City or Town Road,13.02350661,77.51019653,0,7208
Peenya,2017,Grievous Injury,Others,Not Applicable,13.05329199,77.50808091,0,7209
Peenya,2017,Grievous Injury,Others,Service Road,13.04871934,77.49684356,0,7210
Peenya,2017,Grievous Injury,Right Turn Collision,City or Town Road,13.00028633,77.50440037,0,7211
Peenya,2017,Grievous Injury,Hit and Run,City or Town Road,13.077626,77.561535,0,7212
Peenya,2017,Damage Only,Others,NH,13.04225327,77.51473299,0,7213
Peenya,2017,Damage Only,Side swipe,NH,13.03778087,77.52214952,0,7214
Peenya,2017,Damage Only,Others,NH,13.03482394,77.5295285,0,7215
Peenya,2017,Grievous Injury,Hit pedestrian,Others,13.0167103,77.51922032,0,7216
Peenya,2017,Simple Injury,Others,NH,13.04002495,77.51834338,0,7217
Peenya,2017,Grievous Injury,Hit pedestrian,City or Town Road,13.03610721,77.51500837,0,7218
Peenya,2017,Damage Only,Rear end,City or Town Road,13.01097398,77.5071718,0,7219
Peenya,2017,Grievous Injury,Hit and Run,City or Town Road,13.0456624,77.51378288,0,7220
Peenya,2017,Grievous Injury,Others,City or Town Road,13.01626419,77.502015,0,7221
Peenya,2017,Grievous Injury,Others,NH,13.04284712,77.51311898,0,7222
Peenya,2017,Grievous Injury,Others,City or Town Road,13.0682035,77.48954272,0,7223
Peenya,2017,Grievous Injury,Hit and Run,City or Town Road,13.02588465,77.52077598,0,7224
Peenya,2017,Grievous Injury,Hit pedestrian,City or Town Road,13.04007004,77.51833965,0,7225
Peenya,2017,Grievous Injury,Hit pedestrian,Others,13.04112961,77.50487702,0,7226
Peenya,2017,Simple Injury,Hit pedestrian,Others,13.0449917,77.48550439,0,7227
Peenya,2017,Grievous Injury,Others,City or Town Road,13.02498613,77.51110448,0,7228
Peenya,2017,Grievous Injury,Hit pedestrian,City or Town Road,13.04223604,77.50501406,0,7229
Peenya,2017,Grievous Injury,Hit pedestrian,City or Town Road,13.05817712,77.50716537,0,7230
Peenya,2017,Grievous Injury,Others,City or Town Road,13.04493967,77.50553736,0,7231
Peenya,2017,Simple Injury,Hit pedestrian,City or Town Road,13.00689254,77.50540594,0,7232
Peenya,2017,Grievous Injury,Head on,Mixed,13.00352999,77.50472849,0,7233
Peenya,2017,Grievous Injury,Head on,City or Town Road,13.01250605,77.50825885,0,7234
Peenya,2017,Damage Only,Rear end,City or Town Road,13.03460533,77.52970477,0,7235
Peenya,2017,Simple Injury,Hit pedestrian,NH,13.04901623,77.49579637,0,7236
Peenya,2017,Simple Injury,Overturning,NH,13.04007108,77.51813849,0,7237
Peenya,2017,Simple Injury,Hit and Run,City or Town Road,13.04417184,77.5258366,0,7238
Peenya,2017,Damage Only,Others,City or Town Road,13.04691407,77.52044572,0,7239
Peenya,2017,Simple Injury,Others,City or Town Road,13.0187103,77.51921932,0,7240
Peenya,2017,Grievous Injury,Others,NH,13.03792314,77.52231509,0,7241
Peenya,2017,Grievous Injury,Others,Two way,13.00920273,77.49788804,0,7242
Peenya,2017,Damage Only,Head on,City or Town Road,13.03914091,77.51801019,0,7243
Peenya,2017,Simple Injury,Hit pedestrian,NH,13.04298743,77.51287377,0,7244
Peenya,2017,Fatal,Hit pedestrian,City or Town Road,13.01863255,77.50171631,1,7245
Peenya,2017,Grievous Injury,Hit pedestrian,City or Town Road,13.060694,77.50124767,0,7246
Peenya,2017,Simple Injury,Overturning,NH,13.04007003,77.51833965,0,7247
Peenya,2017,Grievous Injury,Others,Residential Street,13.00348574,77.50260066,0,7248
Peenya,2017,Grievous Injury,Hit pedestrian,NH,13.04786557,77.4991702,0,7249
Peenya,2017,Grievous Injury,Hit pedestrian,NH,13.03615983,77.52545675,0,7250
Peenya,2017,Grievous Injury,Head on,City or Town Road,13.01918915,77.51398682,0,7251
Peenya,2017,Damage Only,Rear end,City or Town Road,13.01648123,77.50556718,0,7252
Peenya,2017,Grievous Injury,Hit pedestrian,NH,13.0400700269954,77.5183396500071,0,7253
Peenya,2018,Simple Injury,Not Applicable,Others,13.03708116,77.50168552,0,7254
Peenya,2018,Simple Injury,Hit pedestrian,NH,13.04043014,77.50717415,0,7255
Peenya,2018,Not Applicable,Overturning,NH,13.04260595,77.51386875,0,7256
Peenya,2018,Fatal,Rear end,NH,13.04285507,77.51299509,1,7257
Peenya,2018,Fatal,Rear end,NH,13.0380541,77.52192105,1,7258
Peenya,2018,Grievous Injury,Hit pedestrian,NH,13.04541328,77.50717415,0,7259
Peenya,2018,Simple Injury,Others,NH,13.03472685,77.5296472,0,7260
Peenya,2018,Simple Injury,Others,NH,13.04249374,77.51422615,0,7261
Peenya,2018,Simple Injury,Rear end,NH,13.0368923,77.52443658,0,7262
Peenya,2018,Grievous Injury,Others,Residential Street,13.04543155,77.5136492,0,7263
Peenya,2018,Grievous Injury,Others,Residential Street,13.03708116,77.50168612,0,7264
Peenya,2018,Grievous Injury,Others,Residential Street,13.06750685,77.51584304,0,7265
Peenya,2018,Simple Injury,Hit and Run,City or Town Road,13.0437368,77.52525359,0,7266
Peenya,2018,Grievous Injury,Others,Residential Street,13.05693081,77.50151017,0,7267
Peenya,2018,Fatal,Hit and Run,City or Town Road,13.03979213,77.50254223,1,7268
Peenya,2018,Not Applicable,Others,Service Road,13.04543,77.50726175,0,7269
Peenya,2018,Fatal,Hit pedestrian,City or Town Road,13.0165183,77.50557793,1,7270
Peenya,2018,Simple Injury,Hit pedestrian,NH,13.04328519,77.51209222,0,7271
Peenya,2018,Simple Injury,Not Applicable,Others,13.03147882,77.51286015,0,7272
Peenya,2018,Simple Injury,Others,One way,13.03661282,77.50432331,0,7273
Peenya,2018,Grievous Injury,Hit pedestrian,Residential Street,13.04517735,77.51457253,0,7274
Peenya,2018,Damage Only,Rear end,NH,13.04950498,77.49455019,0,7275
Peenya,2018,Grievous Injury,Others,One way,13.04978835,77.50765134,0,7276
Peenya,2018,Grievous Injury,Others,Residential Street,13.04130551,77.51917996,0,7277
Peenya,2018,Grievous Injury,Hit pedestrian,Residential Street,13.02819508,77.4962111,0,7278
Peenya,2018,Grievous Injury,Others,Residential Street,13.03460735,77.52213665,0,7279
Peenya,2018,Simple Injury,Others,Two way,13.03452659,77.52940711,0,7280
Peenya,2018,Grievous Injury,Hit bicyclist,City or Town Road,13.0165183,77.50557793,0,7281
Peenya,2018,Not Applicable,Rear end,NH,13.04872909,77.49778644,0,7282
Peenya,2018,Simple Injury,Others,NH,13.03788892,77.52234766,0,7283
Peenya,2018,Simple Injury,Others,City or Town Road,13.04978835,77.50765134,0,7284
Peenya,2018,Damage Only,Not Applicable,Others,13.06378829,77.50499638,0,7285
Peenya,2018,Simple Injury,Hit pedestrian,Residential Street,13.05159411,77.51721334,0,7286
Peenya,2018,Grievous Injury,Others,Two way,13.0200954,77.5043233,0,7287
Peenya,2018,Grievous Injury,Hit pedestrian,City or Town Road,13.0109739,77.50124767,0,7288
Peenya,2018,Grievous Injury,Others,Residential Street,13.04285507,77.51299509,0,7289
Peenya,2018,Simple Injury,Not Applicable,NH,13.04542764,77.5073854,0,7290
Peenya,2018,Not Applicable,Rear end,NH,13.04640223,77.5039402,0,7291
Peenya,2018,Grievous Injury,Rear end,Residential Street,13.03602242,77.52134218,0,7292
Peenya,2018,Fatal,Hit pedestrian,City or Town Road,13.02420499,77.52394391,1,7293
Peenya,2018,Grievous Injury,Others,Residential Street,13.06025156,77.50690792,0,7294
Peenya,2018,Simple Injury,Drowned,City or Town Road,13.03624923,77.5252628,0,7295
Peenya,2018,Fatal,Not Applicable,NH,13.04043014,77.51801479,1,7296
Peenya,2018,Grievous Injury,Hit pedestrian,City or Town Road,13.01088285,77.50681297,0,7297
Peenya,2018,Fatal,Hit and Run,City or Town Road,13.0167103,77.50374507,1,7298
Peenya,2018,Simple Injury,Others,Residential Street,13.03451422,77.5179061,0,7299
Peenya,2018,Grievous Injury,Hit pedestrian,Two way,13.04105717,77.50486689,0,7300
Peenya,2018,Fatal,Hit pedestrian,Others,13.02816095,77.51892936,1,7301
Peenya,2018,Grievous Injury,Others,Others,13.02882643,77.51498278,0,7302
Peenya,2018,Simple Injury,Rear end,NH,13.04542933,77.50729154,0,7303
Peenya,2018,Simple Injury,Side impact or Right angle,City or Town Road,13.03805002,77.52232083,0,7304
Peenya,2018,Simple Injury,Others,Others,13.02333653,77.51823558,0,7305
Peenya,2018,Grievous Injury,Hit pedestrian,City or Town Road,13.00717716,77.50231024,0,7306
Peenya,2018,Grievous Injury,Rear end,NH,13.02819917,77.5055671,0,7307
Peenya,2018,Grievous Injury,Others,Others,13.02246955,77.51920406,0,7308
Peenya,2018,Grievous Injury,Head on,Residential Street,13.03382594,77.50306401,0,7309
Peenya,2018,Grievous Injury,Head on,Residential Street,13.05995979,77.52004532,0,7310
Peenya,2018,Simple Injury,Others,Two way,13.0640171,77.50495817,0,7311
Peenya,2018,Fatal,Others,Residential Street,13.04374388,77.52089886,1,7312
Peenya,2018,Simple Injury,Hit and Run,NH,13.04234975,77.51456178,0,7313
Peenya,2018,Grievous Injury,Overturning,City or Town Road,13.03990904,77.51844871,0,7314
Peenya,2018,Grievous Injury,Hit parked vehicle,City or Town Road,13.03195262,77.512896,0,7315
Peenya,2018,Simple Injury,Hit pedestrian,Residential Street,13.04006212,77.49869416,0,7316
Peenya,2018,Simple Injury,Hit pedestrian,NH,13.04516201,77.50848477,0,7317
Peenya,2018,Grievous Injury,Not Applicable,NH,13.03669727,77.5245682,0,7318
Peenya,2018,Not Applicable,Others,NH,13.03788892,77.52234766,0,7319
Peenya,2018,Simple Injury,Overturning,Mixed,13.0284877,77.51966482,0,7320
Peenya,2018,Fatal,Head on,Residential Street,13.04750086,77.49303879,1,7321
Peenya,2018,Not Applicable,Others,NH,13.04225856,77.51484324,0,7322
Peenya,2018,Grievous Injury,Others,Residential Street,13.04181493,77.51958603,0,7323
Peenya,2018,Simple Injury,Hit pedestrian,City or Town Road,13.04950498,77.49455019,0,7324
Peenya,2018,Fatal,Rear end,Residential Street,13.04007003,77.51833965,1,7325
Peenya,2018,Grievous Injury,Head on,City or Town Road,13.00846096,77.5057386,0,7326
Peenya,2018,Grievous Injury,Hit pedestrian,City or Town Road,13.0400206,77.51857922,0,7327
Peenya,2018,Grievous Injury,Head on,NH,13.04037678,77.51792428,0,7328
Peenya,2018,Damage Only,Rear end,NH,13.04285507,77.51299509,0,7329
Peenya,2018,Grievous Injury,Others,Residential Street,13.02395846,77.51163652,0,7330
Peenya,2018,Grievous Injury,Others,NH,13.04225856,77.51484324,0,7331
Peenya,2018,Grievous Injury,Others,Residential Street,13.02399211,77.50795481,0,7332
Peenya,2018,Fatal,Others,NH,13.04230991,77.51460751,1,7333
Peenya,2018,Simple Injury,Others,Residential Street,13.01684687,77.48299386,0,7334
Peenya,2018,Simple Injury,Hit and Run,City or Town Road,13.04201474,77.50512062,0,7335
Peenya,2018,Grievous Injury,Hit and Run,City or Town Road,13.007551,77.50557793,0,7336
Peenya,2018,Simple Injury,Hit pedestrian,NH,13.04927676,77.49611604,0,7337
Peenya,2018,Simple Injury,Others,NH,13.04225856,77.51484324,0,7338
Peenya,2018,Grievous Injury,Head on,Residential Street,13.00417104,77.5081323,0,7339
Peenya,2018,Grievous Injury,Hit pedestrian,Residential Street,13.01286238,77.503481,0,7340
Peenya,2018,Grievous Injury,Others,Others,13.03958753,77.52748703,0,7341
Peenya,2018,Grievous Injury,Others,Others,13.04958413,77.50451048,0,7342
Peenya,2018,Grievous Injury,Others,NH,13.04744929,77.50092431,0,7343
Peenya,2018,Grievous Injury,Hit pedestrian,NH,13.04303252,77.51294009,0,7344
Peenya,2018,Fatal,Hit pedestrian,Residential Street,13.05259324,77.51276826,1,7345
Peenya,2018,Fatal,Side swipe,NH,13.04211345,77.51541733,1,7346
Peenya,2018,Simple Injury,Others,Others,13.02334224,77.52171077,0,7347
Peenya,2018,Grievous Injury,Head on,NH,13.04927676,77.49611604,0,7348
Peenya,2018,Grievous Injury,Side impact or Right angle,City or Town Road,13.05659233,77.50725636,0,7349
Peenya,2018,Simple Injury,Others,NH,13.04897249,77.497201,0,7350
Peenya,2018,Grievous Injury,Hit pedestrian,NH,13.04872204,77.49703232,0,7351
Peenya,2018,Grievous Injury,Head on,City or Town Road,13.06139539,77.50660502,0,7352
Peenya,2018,Not Applicable,Others,NH,13.04950498,77.49455019,0,7353
Peenya,2018,Grievous Injury,Rear end,Expressway,13.04042889,77.51795946,0,7354
Peenya,2018,Grievous Injury,Side impact or Right angle,NH,13.04231145,77.51459408,0,7355
Peenya,2018,Grievous Injury,Rear end,City or Town Road,13.03451422,77.5179061,0,7356
Peenya,2018,Grievous Injury,Side swipe,City or Town Road,13.03656548,77.51319359,0,7357
Peenya,2018,Grievous Injury,Head on,City or Town Road,13.05626969,77.50733316,0,7358
Peenya,2018,Grievous Injury,Others,Residential Street,13.04278825,77.51474438,0,7359
Peenya,2018,Grievous Injury,Others,One way,13.02819508,77.4962111,0,7360
Peenya,2018,Grievous Injury,Head on,Others,13.00928923,77.52039918,0,7361
Peenya,2018,Grievous Injury,Others,Residential Street,13.02575925,77.52071208,0,7362
Peenya,2018,Simple Injury,Others,NH,13.04278278,77.51294678,0,7363
Peenya,2018,Fatal,Rear end,NH,13.04894351,77.49651648,1,7364
Peenya,2018,Grievous Injury,Hit pedestrian,City or Town Road,13.04507567,77.52161208,0,7365
Peenya,2018,Not Applicable,Others,NH,13.04326159,77.51229413,0,7366
Peenya,2018,Damage Only,Rear end,NH,13.04942734,77.49475842,0,7367
Peenya,2018,Damage Only,Head on,NH,13.03798003,77.52216895,0,7368
Peenya,2018,Grievous Injury,Others,Residential Street,13.04842769,77.5077898,0,7369
Peenya,2018,Grievous Injury,Head on,Service Road,13.03746031,77.52332163,0,7370
Peenya,2018,Grievous Injury,Others,Residential Street,13.04889679,77.5130877,0,7371
Peenya,2018,Grievous Injury,Others,Residential Street,13.02091509,77.50842814,0,7372
Peenya,2018,Simple Injury,Hit animal,Residential Street,13.024194685,77.52266256,0,7373
Peenya,2018,Grievous Injury,Others,Residential Street,13.06017358,77.50693344,0,7374
Peenya,2018,Simple Injury,Hit pedal cyclist,City or Town Road,13.05699203,77.50717028,0,7375
Peenya,2018,Simple Injury,Rear end,Service Road,13.04542933,77.50729154,0,7376
Peenya,2018,Simple Injury,Hit bicyclist,Others,13.0283619,77.5084513,0,7377
Peenya,2018,Grievous Injury,Hit pedestrian,NH,13.0430808,77.51208142,0,7378
Peenya,2018,Grievous Injury,Hit pedal cyclist,City or Town Road,13.0413337,77.51918356,0,7379
Peenya,2018,Grievous Injury,Hit and Run,City or Town Road,13.03488131,77.52105784,0,7380
Peenya,2018,Grievous Injury,Head on,City or Town Road,13.02399211,77.50795481,0,7381
Peenya,2018,Simple Injury,Others,One way,13.05777961,77.50752855,0,7382
Peenya,2018,Grievous Injury,Others,NH,13.04541328,77.50717415,0,7383
Peenya,2018,Grievous Injury,Others,NH,13.03471048,77.52956664,0,7384
Peenya,2018,Simple Injury,Hit and Run,NH,13.04640223,77.5039402,0,7385
Peenya,2018,Simple Injury,Head on,City or Town Road,13.04230991,77.51460751,0,7386
Peenya,2018,Grievous Injury,Others,Residential Street,13.03848783,77.50451856,0,7387
Peenya,2018,Grievous Injury,Others,NH,13.04543832,77.5072496,0,7388
Peenya,2018,Fatal,Others,Residential Street,13.06411432,77.50486079,1,7389
Peenya,2018,Fatal,Side impact or Right angle,NH,13.04536453,77.50727767,1,7390
Peenya,2018,Simple Injury,Others,Others,13.05658833,77.50353422,0,7391
Peenya,2018,Simple Injury,Others,Others,13.04112316,77.50482768,0,7392
Peenya,2018,Fatal,Hit bicyclist,NH,13.04234975,77.51456178,1,7393
Peenya,2018,Grievous Injury,Head on,City or Town Road,13.02784824,77.49219538,0,7394
Peenya,2018,Simple Injury,Hit pedestrian,NH,13.04870668,77.49689698,0,7395
Peenya,2018,Simple Injury,Others,One way,13.05659233,77.50725636,0,7396
Peenya,2018,Not Applicable,Others,One way,13.03847046,77.50450731,0,7397
Peenya,2018,Grievous Injury,Head on,NH,13.04621929,77.50389864,0,7398
Peenya,2018,Grievous Injury,Not Applicable,NH,13.04728682,77.50096787,0,7399
Peenya,2018,Simple Injury,Hit pedestrian,City or Town Road,13.02125097,77.51143224,0,7400
Peenya,2018,Grievous Injury,Hit pedestrian,City or Town Road,13.05749156,77.50715807,0,7401
Peenya,2018,Grievous Injury,Hit pedestrian,City or Town Road,13.0200954,77.557793,0,7402
Peenya,2018,Grievous Injury,Hit pedestrian,City or Town Road,13.0250954,77.5055671,0,7403
Peenya,2018,Grievous Injury,Head on,NH,13.04225856,77.51484324,0,7404
Peenya,2018,Simple Injury,Hit pedestrian,Residential Street,13.01817567,77.50662894,0,7405
Peenya,2018,Not Applicable,Others,One way,13.02813122,77.51921539,0,7406
Peenya,2018,Grievous Injury,Others,Residential Street,13.0599541,77.50682706,0,7407
Peenya,2018,Fatal,Hit pedestrian,Residential Street,13.05628178,77.50738172,1,7408
Peenya,2018,Simple Injury,Hit pedestrian,Residential Street,13.03003563,77.51028526,0,7409
Peenya,2018,Simple Injury,Others,NH,13.04943576,77.49483167,0,7410
Peenya,2018,Simple Injury,Hit pedestrian,City or Town Road,13.06415783,77.50486477,0,7411
Peenya,2018,Grievous Injury,Hit pedestrian,City or Town Road,13.05544656,77.50432486,0,7412
Peenya,2018,Grievous Injury,Head on,City or Town Road,13.02419493,77.52266404,0,7413
Peenya,2018,Simple Injury,Others,Others,13.02339131,77.5101626,0,7414
Peenya,2018,Not Applicable,Others,NH,13.03994335,77.51844374,0,7415
Peenya,2018,Grievous Injury,Rear end,Expressway,13.03983519,77.51880394,0,7416
Peenya,2018,Grievous Injury,Right Turn Collision,City or Town Road,13.0437113,77.52525211,0,7417
Peenya,2018,Grievous Injury,Others,Residential Street,13.00783394,77.50556827,0,7418
Peenya,2018,Grievous Injury,Others,NH,13.04503254,77.50785536,0,7419
Peenya,2018,Grievous Injury,Others,NH,13.04554762,77.50705185,0,7420
Peenya,2018,Grievous Injury,Others,Residential Street,13.03940812,77.51952472,0,7421
Peenya,2018,Not Applicable,Overturning,NH,13.04050925,77.51755118,0,7422
Peenya,2018,Simple Injury,Head on,City or Town Road,13.03624923,77.5252628,0,7423
Peenya,2019,Grievous Injury,Hit pedestrian,Arterial,13.06250809,77.49512641,0,7424
Peenya,2019,Grievous Injury,Others,NH,13.04788459,77.49999662,0,7425
Peenya,2019,Simple Injury,Hit pedestrian,City or Town Road,13.01728859,77.5000856,0,7426
Peenya,2019,Simple Injury,Vehicle to Vehicle,Residential Street,13.03623575,77.5182686,0,7427
Peenya,2019,Damage Only,Vehicle to Vehicle,Residential Street,13.05652245,77.50725906,0,7428
Peenya,2019,Grievous Injury,Rear end,NH,13.0424793,77.51474392,0,7429
Peenya,2019,Simple Injury,Hit pedestrian,City or Town Road,13.05057737,77.49215382,0,7430
Peenya,2019,Fatal,Hit and Run,City or Town Road,13.04532654,77.50385278,1,7431
Peenya,2019,Damage Only,Rear end,NH,13.03932401,77.51941659,0,7432
Peenya,2019,Fatal,Vehicle to Vehicle,NH,13.04047319,77.51822931,1,7433
Peenya,2019,Fatal,Hit and Run,NH,13.04225856,77.51229413,1,7434
Peenya,2019,Simple Injury,Hit pedestrian,NH,13.04298743,77.51287377,0,7435
Peenya,2019,Grievous Injury,Hit and Run,State Highway,13.06025156,77.50690792,0,7436
Peenya,2019,Simple Injury,Head on,City or Town Road,13.01239021,77.51114857,0,7437
Peenya,2019,Grievous Injury,Others,NH,13.0386163,77.52084887,0,7438
Peenya,2019,Grievous Injury,Drowned,City or Town Road,13.01654155,77.49999662,0,7439
Peenya,2019,Damage Only,Vehicle to Vehicle,Residential Street,13.06819005,77.50068153,0,7440
Peenya,2019,Simple Injury,Hit pedestrian,NH,13.04376195,77.52530604,0,7441
Peenya,2019,Fatal,Others,Residential Street,13.00815563,77.50057418,1,7442
Peenya,2019,Simple Injury,Hit pedestrian,City or Town Road,13.03717919,77.52416623,0,7443
Peenya,2019,Simple Injury,Hit pedestrian,City or Town Road,13.04354105,77.52063593,0,7444
Peenya,2019,Grievous Injury,Head on,City or Town Road,13.04004513,77.51822089,0,7445
Peenya,2019,Damage Only,Rear end,NH,13.02641158,77.50952631,0,7446
Peenya,2019,Fatal,Hit pedestrian,Residential Street,13.0137,77.312,1,7447
Peenya,2019,Simple Injury,Hit pedestrian,City or Town Road,13.01057668,77.5155192,0,7448
Peenya,2019,Damage Only,Rear end,Others,13.03667058,77.5182686,0,7449
Peenya,2019,Grievous Injury,Hit pedestrian,Residential Street,13.01728543,77.51309285,0,7450
Peenya,2019,Simple Injury,Others,NH,13.0368923,77.52443658,0,7451
Peenya,2019,Simple Injury,Vehicle to Vehicle,NH,13.05033363,77.49313573,0,7452
Peenya,2019,Damage Only,Not Applicable,Others,13.04116048,77.51439357,0,7453
Peenya,2019,Fatal,Vehicle to Vehicle,Residential Street,13.06760137,77.5026944,1,7454
Peenya,2019,Grievous Injury,Vehicle to Vehicle,NH,13.01728543,77.4934639,0,7455
Peenya,2019,Grievous Injury,Hit pedestrian,Residential Street,13.00586693,77.50554755,0,7456
Peenya,2019,Simple Injury,Hit pedestrian,NH,13.03994687,77.51840562,0,7457
Peenya,2019,Fatal,Hit pedestrian,Residential Street,13.04047319,77.51822931,1,7458
Peenya,2019,Grievous Injury,Skidding or Self accident,NH,13.0386163,77.52084887,0,7459
Peenya,2019,Simple Injury,Vehicle to Vehicle,Residential Street,13.05024086,77.51304881,0,7460
Peenya,2019,Grievous Injury,Hit pedestrian,NH,13.04532654,77.50755154,0,7461
Peenya,2019,Grievous Injury,Hit pedestrian,Expressway,13.04365419,77.51145991,0,7462
Peenya,2019,Grievous Injury,Hit and Run,City or Town Road,13.02858118,77.49860021,0,7463
Peenya,2019,Fatal,Head on,City or Town Road,13.04509692,77.52331282,1,7464
Peenya,2019,Simple Injury,Head on,City or Town Road,13.02641158,77.51461918,0,7465
Peenya,2019,Damage Only,Rear end,NH,13.03626628,77.52522879,0,7466
Peenya,2019,Grievous Injury,Head on,NH,13.04398722,77.51015389,0,7467
Peenya,2019,Grievous Injury,Vehicle to Vehicle,Others,13.04540865,77.50739043,0,7468
Peenya,2019,Simple Injury,Hit and Run,City or Town Road,13.04293675,77.50385278,0,7469
Peenya,2019,Simple Injury,Hit pedestrian,City or Town Road,13.05716197,77.50721979,0,7470
Peenya,2019,Grievous Injury,Head on,Residential Street,13.02125097,77.51143224,0,7471
Peenya,2019,Grievous Injury,Others,NH,13.04365419,77.51145991,0,7472
Peenya,2019,Fatal,Hit pedestrian,NH,13.0234,77.3046,1,7473
Peenya,2019,Simple Injury,Head on,City or Town Road,13.03906625,77.52045476,0,7474
Peenya,2019,Damage Only,Hit fixed object,Others,13.00992556,77.50620031,0,7475
Peenya,2019,Grievous Injury,Hit pedestrian,Two way,13.06351498,77.50524927,0,7476
Peenya,2019,Grievous Injury,Hit pedestrian,NH,13.03465737,77.5296711,0,7477
Peenya,2019,Grievous Injury,Others,Residential Street,13.03378654,77.5000856,0,7478
Peenya,2019,Simple Injury,Head on,City or Town Road,13.03976443,77.50264777,0,7479
Peenya,2019,Grievous Injury,Hit pedestrian,NH,13.02798329,77.50705536,0,7480
Peenya,2019,Damage Only,Vehicle to Vehicle,NH,13.021,77.313,0,7481
Peenya,2019,Grievous Injury,Vehicle to Vehicle,Residential Street,13.0101,77.3021,0,7482
Peenya,2019,Simple Injury,Head on,NH,13.04811839,77.49867631,0,7483
Peenya,2019,Fatal,Hit bicyclist,City or Town Road,13.01728859,77.51309658,1,7484
Peenya,2019,Fatal,Vehicle to Vehicle,NH,13.04303252,77.51294009,1,7485
Peenya,2019,Fatal,Hit pedestrian,City or Town Road,13.04745367,77.50113737,1,7486
Peenya,2019,Grievous Injury,Overturning,Others,13.0074154,77.50553892,0,7487
Peenya,2019,Fatal,Vehicle to Vehicle,Others,13.01239093,77.51114527,1,7488
Peenya,2019,Grievous Injury,Others,Residential Street,13.04879526,77.5181503,0,7489
Peenya,2019,Simple Injury,Head on,City or Town Road,13.00133925,77.50549109,0,7490
Peenya,2019,Simple Injury,Head on,City or Town Road,13.0424793,77.51474392,0,7491
Peenya,2019,Damage Only,Rear end,Expressway,13.04234975,77.51456178,0,7492
Peenya,2019,Grievous Injury,Hit pedestrian,Residential Street,13.01728543,77.51309285,0,7493
Peenya,2019,Grievous Injury,Others,NH,13.05033363,77.49313573,0,7494
Peenya,2019,Fatal,Vehicle to Vehicle,NH,13.03467135,77.52961936,1,7495
Peenya,2019,Grievous Injury,Head on,Residential Street,13.0481183,77.49867621,0,7496
Peenya,2019,Simple Injury,Head on,City or Town Road,13.02249205,77.50952631,0,7497
Peenya,2019,Grievous Injury,Vehicle to Vehicle,Residential Street,13.0591633,77.5066774,0,7498
Peenya,2019,Simple Injury,Vehicle to Vehicle,Residential Street,13.0151,77.313,0,7499
Peenya,2019,Grievous Injury,Head on,Residential Street,13.02495574,77.51843837,0,7500
Peenya,2019,Grievous Injury,Hit pedestrian,Residential Street,13.0315057,77.50349406,0,7501
Peenya,2019,Fatal,Others,Residential Street,13.04978551,77.51665994,1,7502
Peenya,2019,Fatal,Others,NH,13.04503254,77.50705536,1,7503
Peenya,2019,Grievous Injury,Head on,City or Town Road,13.03795568,77.52185022,0,7504
Peenya,2019,Simple Injury,Vehicle to Vehicle,NH,13.04732938,77.50086491,0,7505
Peenya,2021,Grievous Injury,Vehicle to Vehicle,Residential Street,13.022491,77.5121504,0,7506
Peenya,2021,Grievous Injury,Hit pedestrian,NH,13.041339,77.516652,0,7507
Peenya,2021,Grievous Injury,Vehicle to Vehicle,NH,13.0454975,77.5074816,0,7508
Peenya,2021,Fatal,Vehicle to Vehicle,Others,13.034853,77.520971,1,7509
Peenya,2021,Grievous Injury,Hit pedestrian,Residential Street,13.048461,77.518547,0,7510
Peenya,2021,Fatal,Vehicle to Vehicle,Others,13.0056487,77.513799,1,7511
Peenya,2021,Grievous Injury,Hit pedestrian,Residential Street,13.045403,77.507425,0,7512
Peenya,2021,Grievous Injury,Vehicle to Vehicle,Others,13.306661,77.5012051,0,7513
Peenya,2021,Grievous Injury,Hit pedestrian,NH,13.039624,77.518892,0,7514
Peenya,2021,Fatal,Hit pedestrian,NH,13.0360957,77.5212217,1,7515
Peenya,2021,Grievous Injury,Vehicle to Vehicle,Residential Street,13.284052,77.5200138,0,7516
Peenya,2021,Fatal,Hit bicyclist,Residential Street,13.0187504,77.5154578,1,7517
Peenya,2021,Grievous Injury,Hit pedestrian,Others,13.062409,77.4981472,0,7518
Peenya,2021,Fatal,Vehicle to Vehicle,NH,13.0488446,77.4972623,1,7519
Peenya,2021,Grievous Injury,Hit pedestrian,Others,12.999221666,77.510333333,0,7520
Peenya,2021,Simple Injury,Vehicle to Vehicle,NH,13.04644595,77.50330466,0,7521
Peenya,2021,Fatal,Hit pedestrian,Others,13.059037,77.511266,1,7522
Peenya,2021,Simple Injury,Vehicle to Vehicle,Residential Street,13.0152149,77.5077319,0,7523
Peenya,2021,Simple Injury,Vehicle to Vehicle,NH,13.042009,77.519747,0,7524
Peenya,2021,Grievous Injury,Vehicle to Vehicle,Others,13.032169,77.519356,0,7525
Peenya,2021,Fatal,Hit pedestrian,NH,13.042356,77.514392,1,7526
Peenya,2021,Grievous Injury,Vehicle to Vehicle,Residential Street,13.013556,77.499641,0,7527
Peenya,2021,Grievous Injury,Hit pedestrian,Residential Street,13.045371,77.5136109,0,7528
Peenya,2022,Grievous Injury,Hit pedestrian,Residential Street,13.024981,77.510821,0,7529
Peenya,2022,Grievous Injury,Hit pedestrian,Residential Street,13.019901,77.502157,0,7530
Peenya,2022,Grievous Injury,Vehicle to Vehicle,NH,13.0453685,77.5073541,0,7531
Peenya,2022,Damage Only,Vehicle to Vehicle,NH,13.04103,77.51715,0,7532
Peenya,2022,Damage Only,Vehicle to Vehicle,NH,13.037959,77.521846,0,7533
Peenya,2022,Grievous Injury,Vehicle to Vehicle,Others,13.0603544,77.5043573,0,7534
Peenya,2022,Grievous Injury,Vehicle to Vehicle,Residential Street,13.013203,77.508439,0,7535
Peenya,2022,Fatal,Vehicle to Vehicle,Residential Street,13.025148,77.511155,1,7536
Peenya,2022,Fatal,Vehicle to Vehicle,NH,13.050385,77.492847,1,7537
Peenya,2022,Grievous Injury,Vehicle to Vehicle,Others,13.036092,77.5212862,0,7538
Peenya,2022,Grievous Injury,Hit pedestrian,NH,13.0424438,77.514652,0,7539
Peenya,2022,Grievous Injury,Hit pedestrian,Others,13.038662,77.513014,0,7540
Peenya,2022,Damage Only,Not Applicable,Others,13.009063,77.506956,0,7541
Peenya,2022,Grievous Injury,Vehicle to Vehicle,Others,13.039887,77.51843,0,7542
Peenya,2022,Damage Only,Vehicle to Vehicle,NH,13.038175,77.52182,0,7543
Peenya,2022,Grievous Injury,Hit pedestrian,NH,13.045724,77.506344,0,7544
Peenya,2022,Fatal,Not Applicable,Others,13.033865,77.510342,1,7545
Peenya,2022,Grievous Injury,Vehicle to Vehicle,NH,13.046035,77.504571,0,7546
Peenya,2022,Damage Only,Vehicle to Vehicle,NH,13.042424,77.51465,0,7547
Peenya,2022,Fatal,Vehicle to Vehicle,Residential Street,13.038354,77.522592,1,7548
Peenya,2022,Simple Injury,Vehicle to Vehicle,NH,13.03987,77.518386,0,7549
Peenya,2022,Grievous Injury,Hit pedestrian,Residential Street,13.015791,77.501395,0,7550
Peenya,2022,Grievous Injury,Hit pedestrian,Sub Arterial,13.051148,77.514879,0,7551
Peenya,2022,Grievous Injury,Vehicle to Vehicle,NH,13.047587,77.500043,0,7552
Peenya,2022,Grievous Injury,Hit pedestrian,Others,13.0099279,77.5060418,0,7553
Peenya,2022,Grievous Injury,Vehicle to Vehicle,Others,13.055193,77.510421,0,7554
Peenya,2022,Damage Only,Vehicle to Vehicle,NH,13.045988,77.505365,0,7555
Peenya,2022,Grievous Injury,Hit pedestrian,NH,13.039676,77.518661,0,7556
Peenya,2022,Grievous Injury,Vehicle to Vehicle,One way,13.045567,77.506625,0,7557
Peenya,2022,Fatal,Hit pedestrian,Others,13.028093,77.4907336,1,7558
Peenya,2022,Damage Only,Vehicle to Vehicle,Others,13.016133,77.506147,0,7559
Peenya,2022,Damage Only,Vehicle to Vehicle,NH,13.039789,77.518899,0,7560
Peenya,2022,Grievous Injury,Vehicle to Vehicle,NH,13.0478439,77.4994599,0,7561
Peenya,2022,Fatal,Hit pedestrian,Two way,13.047594,77.51953,1,7562
Peenya,2022,Damage Only,Vehicle to Vehicle,Service Road,13.041329,77.501189,0,7563
Peenya,2022,Damage Only,Not Applicable,NH,13.037753,77.522317,0,7564
Peenya,2022,Grievous Injury,Hit pedestrian,Others,13.038976,77.521669,0,7565
Peenya,2022,Grievous Injury,Vehicle to Vehicle,NH,13.042439,77.514144,0,7566
Peenya,2022,Grievous Injury,Hit pedestrian,Residential Street,13.045424,77.522863,0,7567
Peenya,2022,Grievous Injury,Vehicle to Vehicle,NH,13.040003,77.518407,0,7568
Peenya,2022,Damage Only,Vehicle to Vehicle,NH,13.04281,77.513084,0,7569
Peenya,2022,Fatal,Vehicle to Vehicle,Others,13.014451,77.508829,1,7570
Peenya,2022,Damage Only,Not Applicable,Others,13.004312,77.495761,0,7571
Peenya,2022,Grievous Injury,Vehicle to Vehicle,NH,13.0347827,77.5291473,0,7572
Peenya,2022,Grievous Injury,Vehicle to Vehicle,Others,13.0528042,77.5077312,0,7573
Peenya,2022,Grievous Injury,Hit pedestrian,Others,13.051699,77.506402,0,7574
Peenya,2022,Grievous Injury,Vehicle to Vehicle,Others,13.01912773,77.51011892,0,7575
Peenya,2022,Grievous Injury,Hit pedestrian,NH,13.042884,77.513098,0,7576
Peenya,2022,Grievous Injury,Vehicle to Vehicle,Others,13.013681,77.505766,0,7577
Peenya,2022,Grievous Injury,Hit pedestrian,Arterial,13.048465,77.507741,0,7578
Peenya,2022,Simple Injury,Vehicle to Vehicle,NH,13.0347,77.529,0,7579
Peenya,2022,Fatal,Hit pedestrian,NH,13.039887,77.51843,1,7580
Peenya,2022,Damage Only,Vehicle to Vehicle,NH,13.039915,77.518444,0,7581
Peenya,2022,Fatal,Not Applicable,NH,13.038014,77.521862,1,7582
Peenya,2022,Simple Injury,Hit pedestrian,State Highway,13.05692,77.507282,0,7583
Peenya,2022,Grievous Injury,Not Applicable,Two way,13.0176454,77.50329336,0,7584
Peenya,2022,Simple Injury,Vehicle to Vehicle,Others,13.060831,77.515548,0,7585
Peenya,2022,Fatal,Vehicle to Vehicle,Others,13.018013,77.506616,1,7586
Peenya,2022,Grievous Injury,Vehicle to Vehicle,NH,13.04714,77.501499,0,7587
Peenya,2022,Grievous Injury,Hit pedestrian,NH,13.056616,77.505123,0,7588
Peenya,2022,Grievous Injury,Vehicle to Vehicle,NH,13.045338,77.507316,0,7589
Peenya,2022,Grievous Injury,Vehicle to Vehicle,NH,13.04902,77.497218,0,7590
Peenya,2022,Grievous Injury,Vehicle to Vehicle,NH,13.04643,77.503676,0,7591
Peenya,2022,Damage Only,Vehicle to Vehicle,NH,13.042252,77.51476,0,7592
Peenya,2022,Grievous Injury,Vehicle to Vehicle,NH,13.045067,77.50812,0,7593
Peenya,2022,Fatal,Vehicle to Vehicle,NH,13.036189,77.525032,1,7594
Peenya,2022,Grievous Injury,Vehicle to Vehicle,NH,13.04527,77.507316,0,7595
Peenya,2022,Simple Injury,Vehicle to Vehicle,NH,13.037983,77.521933,0,7596
Peenya,2022,Grievous Injury,Vehicle to Vehicle,Others,13.059179,77.520251,0,7597
Peenya,2022,Grievous Injury,Vehicle to Vehicle,Others,13.04527626,77.5147318,0,7598
Peenya,2022,Grievous Injury,Vehicle to Vehicle,NH,13.0459152,77.5053608,0,7599
Peenya,2022,Fatal,Hit pedestrian,NH,13.045562,77.506622,1,7600
Peenya,2022,Grievous Injury,Vehicle to Vehicle,Others,13.013649,77.499571,0,7601
Peenya,2022,Grievous Injury,Vehicle to Vehicle,Two way,13.038461,77.504607,0,7602
Peenya,2022,Grievous Injury,Vehicle to Vehicle,NH,13.044923,77.5089166,0,7603
Peenya,2022,Fatal,Hit pedestrian,NH,13.041045,77.517421,1,7604
Peenya,2022,Grievous Injury,Vehicle to Vehicle,Others,13.015576,77.506975,0,7605
Peenya,2022,Grievous Injury,Vehicle to Vehicle,Sub Arterial,13.026872,77.515619,0,7606
Peenya,2022,Grievous Injury,Vehicle to Vehicle,Others,13.065551,77.503988,0,7607
Peenya,2022,Damage Only,Vehicle to Vehicle,Others,13.05053522,77.507651,0,7608
Peenya,2022,Grievous Injury,Vehicle to Vehicle,Others,13.060108,77.498362,0,7609
Peenya,2022,Grievous Injury,Hit pedestrian,Arterial,13.0496952,77.5076923,0,7610
Peenya,2022,Grievous Injury,Hit pedestrian,Residential Street,13.03598,77.51825,0,7611
Peenya,2022,Grievous Injury,Vehicle to Vehicle,NH,13.044044,77.510153,0,7612
Peenya,2022,Damage Only,Not Applicable,Others,13.046176,77.521555,0,7613
Peenya,2022,Grievous Injury,Vehicle to Vehicle,Others,13.154,77.50943,0,7614
Peenya,2022,Grievous Injury,Vehicle to Vehicle,Others,13.035477,77.502067,0,7615
Peenya,2022,Grievous Injury,Hit pedestrian,Residential Street,13.055314,77.510351,0,7616
Peenya,2022,Grievous Injury,Vehicle to Vehicle,Others,13.062713,77.495187,0,7617
Peenya,2022,Grievous Injury,Vehicle to Vehicle,Residential Street,13.0182827,77.5067408,0,7618
Peenya,2022,Fatal,Hit pedestrian,NH,13.039928,77.518325,1,7619
Peenya,2022,Grievous Injury,Vehicle to Vehicle,NH,13.0399056,77.5184175,0,7620
Peenya,2022,Grievous Injury,Vehicle to Vehicle,Residential Street,13.0372468,77.4996091,0,7621
Peenya,2022,Grievous Injury,Vehicle to Vehicle,State Highway,13.06523,77.504182,0,7622
Peenya,2022,Grievous Injury,Vehicle to Vehicle,NH,13.034655,77.529636,0,7623
Peenya,2022,Damage Only,Vehicle to Vehicle,Others,13.037912,77.521903,0,7624
Peenya,2022,Simple Injury,Vehicle to Vehicle,NH,13.03778,77.52225,0,7625
Peenya,2022,Damage Only,Vehicle to Vehicle,NH,13.049908,77.493684,0,7626
Peenya,2022,Grievous Injury,Vehicle to Vehicle,Residential Street,13.061562,77.518947,0,7627
Peenya,2022,Grievous Injury,Hit pedestrian,Residential Street,13.005086,77.50309,0,7628
Peenya,2022,Damage Only,Vehicle to Vehicle,Others,13.036354,77.518354,0,7629
Peenya,2022,Grievous Injury,Vehicle to Vehicle,NH,13.0490426,77.4969082,0,7630
Peenya,2022,Grievous Injury,Hit pedestrian,Others,13.032386,77.503801,0,7631
Peenya,2022,Grievous Injury,Vehicle to Vehicle,NH,13.045576,77.506269,0,7632
Peenya,2022,Grievous Injury,Hit pedestrian,Service Road,13.022739,77.516791,0,7633
Peenya,2022,Grievous Injury,Vehicle to Vehicle,NH,13.039991,77.518414,0,7634
Peenya,2022,Fatal,Hit pedestrian,NH,13.043095,77.512907,1,7635
Peenya,2022,Grievous Injury,Vehicle to Vehicle,Residential Street,13.025811,77.520778,0,7636
Peenya,2022,Simple Injury,Hit pedestrian,NH,13.039934,77.518314,0,7637
Peenya,2022,Grievous Injury,Vehicle to Vehicle,NH,13.040046,77.518342,0,7638
Peenya,2022,Simple Injury,Vehicle to Vehicle,Others,13.0318968,77.5258857,0,7639
Peenya,2022,Simple Injury,Vehicle to Vehicle,Others,13.04372,77.525555,0,7640
Peenya,2022,Fatal,Hit pedestrian,NH,13.043477,77.511301,1,7641
Peenya,2022,Grievous Injury,Vehicle to Vehicle,Others,13.013839,77.500036,0,7642
Peenya,2022,Simple Injury,Hit pedestrian,Two way,13.03859898,77.48441495,0,7643
Peenya,2022,Grievous Injury,Vehicle to Vehicle,Others,13.030941,77.501614,0,7644
Peenya,2022,Fatal,Hit pedestrian,Sub Arterial,13.0286565,77.5195678,1,7645
Peenya,2022,Grievous Injury,Vehicle to Vehicle,Two way,13.023513,77.77521695,0,7646
Peenya,2022,Grievous Injury,Vehicle to Vehicle,Residential Street,13.01628,77.483889,0,7647
Peenya,2022,Grievous Injury,Vehicle to Vehicle,NH,13.0347298,77.529606,0,7648
Peenya,2022,Grievous Injury,Vehicle to Vehicle,Residential Street,13.0424681,77.5259337,0,7649
Peenya,2022,Damage Only,Vehicle to Vehicle,NH,13.0452,77.50664,0,7650
Peenya,2022,Fatal,Vehicle to Vehicle,Others,13.0343733,77.5048596,1,7651
Peenya,2022,Simple Injury,Hit pedestrian,NH,13.04348,77.511373,0,7652
Peenya,2022,Grievous Injury,Vehicle to Vehicle,Residential Street,13.04658,77.520147,0,7653
Peenya,2022,Grievous Injury,Vehicle to Vehicle,NH,13.045253,77.507359,0,7654
Peenya,2022,Grievous Injury,Vehicle to Vehicle,NH,13.043359,77.511786,0,7655
Peenya,2022,Grievous Injury,Vehicle to Vehicle,Others,13.0577883,77.5212751,0,7656
Peenya,2022,Damage Only,Vehicle to Vehicle,Residential Street,13.042395,77.51463,0,7657
Peenya,2022,Fatal,Vehicle to Vehicle,Two way,13.0290863,77.4832824,1,7658
Peenya,2022,Grievous Injury,Hit pedestrian,Sub Arterial,13.0498987,77.5166177,0,7659
Peenya,2022,Grievous Injury,Vehicle to Vehicle,Others,13.005727,77.510534,0,7660
Peenya,2023,Grievous Injury,Hit pedestrian,Others,13.0069467,77.5054567,0,7661
Peenya,2023,Grievous Injury,Vehicle to Vehicle,Arterial,13.026432,77.514599,0,7662
Peenya,2023,Fatal,Hit pedestrian,Arterial,13.055548,77.510448,1,7663
Peenya,2023,Simple Injury,Vehicle to Vehicle,NH,13.034206,77.5240053,0,7664
Peenya,2023,Simple Injury,Vehicle to Vehicle,NH,13.022491,77.326548,0,7665
Peenya,2023,Simple Injury,Not Applicable,Sub Arterial,13.02815,77.503293,0,7666
Peenya,2023,Grievous Injury,Vehicle to Vehicle,Two way,13.0446443,77.5088245,0,7667
Peenya,2023,Grievous Injury,Hit pedestrian,Residential Street,13.027226,77.492262,0,7668
Peenya,2023,Grievous Injury,Hit pedestrian,Others,13.02188,77.495262,0,7669
Peenya,2023,Grievous Injury,Hit pedestrian,Others,13.016703,77.511776,0,7670
Peenya,2023,Simple Injury,Vehicle to Vehicle,NH,13.042286,77.51459,0,7671
Peenya,2023,Simple Injury,Vehicle to Vehicle,NH,13.042426,77.514647,0,7672
Peenya,2023,Simple Injury,Hit pedestrian,NH,13.042584,77.513085,0,7673
Peenya,2023,Simple Injury,Vehicle to Vehicle,Others,13.035915,77.513102,0,7674
Peenya,2023,Grievous Injury,Vehicle to Vehicle,Others,13.025267,77.519108,0,7675
Peenya,2023,Grievous Injury,Vehicle to Vehicle,NH,13.050622,77.492846,0,7676
Peenya,2023,Fatal,Vehicle to Vehicle,NH,13.050292,77.49343,1,7677
Peenya,2023,Simple Injury,Vehicle to Vehicle,NH,13.045402,77.50734,0,7678
Peenya,2023,Damage Only,Vehicle to Vehicle,NH,13.042762,77.512972,0,7679
Peenya,2023,Not Applicable,Hit pedestrian,Others,13.040068,77.523607,0,7680
Peenya,2023,Simple Injury,Vehicle to Vehicle,NH,13.049144,77.495667,0,7681
Peenya,2023,Grievous Injury,Vehicle to Vehicle,Not Applicable,13.007691,77.501169,0,7682
Peenya,2023,Grievous Injury,Vehicle to Vehicle,Others,13.038494,77.504543,0,7683
Peenya,2023,Fatal,Hit pedestrian,Sub Arterial,13.0053,77.31003,1,7684
Peenya,2023,Grievous Injury,Hit pedestrian,Residential Street,13.007138,77.502473,0,7685
Peenya,2023,Grievous Injury,Vehicle to Vehicle,Sub Arterial,13.052776,77.49551,0,7686
Peenya,2023,Simple Injury,Vehicle to Vehicle,NH,13.047821,77.499947,0,7687
Peenya,2023,Grievous Injury,Vehicle to Vehicle,Sub Arterial,13.044734,77.508822,0,7688
Peenya,2023,Damage Only,Vehicle to Vehicle,NH,13.030958,77.512633,0,7689
Peenya,2023,Damage Only,Vehicle to Vehicle,NH,13.046544,77.503499,0,7690
Peenya,2023,Fatal,Vehicle to Vehicle,NH,13.039275,77.519632,1,7691
Peenya,2023,Simple Injury,Vehicle to Vehicle,NH,13.034776,77.529693,0,7692
Peenya,2023,Grievous Injury,Hit pedestrian,NH,13.035418,77.526692,0,7693
Peenya,2023,Fatal,Not Applicable,Residential Street,13.030464,77.501497,1,7694
Peenya,2023,Grievous Injury,Hit pedestrian,Not Applicable,13.035996,77.493697,0,7695
Peenya,2023,Simple Injury,Vehicle to Vehicle,NH,13.034723,77.529652,0,7696
Peenya,2023,Damage Only,Vehicle to Vehicle,NH,13.037849,77.522269,0,7697
Peenya,2023,Fatal,Vehicle to Vehicle,NH,13.022491,77.325648,1,7698
Peenya,2023,Simple Injury,Vehicle to Vehicle,Others,13.009586,77.520511,0,7699
Peenya,2023,Fatal,Hit pedestrian,NH,13.045359,77.507301,1,7700
Peenya,2023,Grievous Injury,Vehicle to Vehicle,Others,13.06056,77.513771,0,7701
Peenya,2023,Grievous Injury,Vehicle to Vehicle,Others,13.03749,77.496206,0,7702
Peenya,2023,Simple Injury,Vehicle to Vehicle,Two way,13.040652,77.496228,0,7703
Peenya,2023,Damage Only,Not Applicable,NH,13.034707,77.529644,0,7704
Peenya,2023,Grievous Injury,Vehicle to Vehicle,Not Applicable,13.01201231,77.50491368,0,7705
Peenya,2023,Simple Injury,Vehicle to Vehicle,NH,13.03791,77.521825,0,7706
Peenya,2023,Fatal,Not Applicable,NH,13.048065,77.507994,1,7707
Peenya,2023,Simple Injury,Vehicle to Vehicle,NH,13.05085,77.49201,0,7708
Peenya,2023,Simple Injury,Vehicle to Vehicle,Others,13.04899,77.502081,0,7709
Peenya,2023,Grievous Injury,Vehicle to Vehicle,Sub Arterial,13.036366,77.50435,0,7710
Peenya,2023,Simple Injury,Vehicle to Vehicle,Others,13.008437,77.509761,0,7711
Peenya,2023,Simple Injury,Vehicle to Vehicle,Others,13.019901,77.326548,0,7712
Peenya,2023,Simple Injury,Hit pedestrian,Others,13.034208,77.504171,0,7713
Peenya,2023,Grievous Injury,Hit pedestrian,Others,13.013203,77.326548,0,7714
Peenya,2023,Damage Only,Vehicle to Vehicle,NH,13.036987,77.5238,0,7715
Peenya,2023,Grievous Injury,Vehicle to Vehicle,Not Applicable,13.022492,77.5184369,0,7716
Peenya,2023,Grievous Injury,Vehicle to Vehicle,Two way,13.04419,77.5052659,0,7717
Peenya,2023,Grievous Injury,Vehicle to Vehicle,Others,13.032532,77.499229,0,7718
Peenya,2023,Grievous Injury,Vehicle to Vehicle,Others,13.040102,77.504661,0,7719
Peenya,2023,Grievous Injury,Hit pedestrian,Not Applicable,13.006166,77.505244,0,7720
Peenya,2023,Grievous Injury,Vehicle to Vehicle,NH,13.046183,77.504135,0,7721
Peenya,2023,Simple Injury,Vehicle to Vehicle,Others,13.03694,77.52969,0,7722
Peenya,2023,Simple Injury,Vehicle to Vehicle,Others,13.0154,77.483282,0,7723
Peenya,2023,Grievous Injury,Hit pedestrian,Others,13.025381,77.503988,0,7724
Peenya,2023,Simple Injury,Vehicle to Vehicle,NH,13.044923,77.509821,0,7725
Peenya,2023,Simple Injury,Vehicle to Vehicle,NH,13.037854,77.522232,0,7726
Peenya,2023,Grievous Injury,Vehicle to Vehicle,NH,13.0469421,77.5020054,0,7727
Peenya,2023,Grievous Injury,Vehicle to Vehicle,Not Applicable,13.046286,77.513983,0,7728
Peenya,2023,Grievous Injury,Hit pedestrian,Not Applicable,13.003381,77.515808,0,7729
Peenya,2023,Grievous Injury,Hit pedestrian,NH,13.043007,77.513223,0,7730
Peenya,2023,Simple Injury,Hit pedestrian,NH,13.034723,77.529652,0,7731
Peenya,2023,Simple Injury,Not Applicable,NH,13.036305,77.525001,0,7732
Peenya,2023,Not Applicable,Vehicle to Vehicle,NH,13.036374,77.525504,0,7733
Peenya,2023,Fatal,Vehicle to Vehicle,NH,13.025381,77.326548,1,7734
Peenya,2023,Grievous Injury,Hit pedestrian,Others,13.02508,77.511096,0,7735
Peenya,2023,Grievous Injury,Vehicle to Vehicle,Others,13.056923,77.508308,0,7736
Peenya,2023,Simple Injury,Vehicle to Vehicle,State Highway,13.060019,77.506849,0,7737
Peenya,2023,Grievous Injury,Vehicle to Vehicle,Two way,13.048479,77.507759,0,7738
Peenya,2023,Grievous Injury,Hit pedestrian,Others,13.025047,77.511047,0,7739
Peenya,2023,Grievous Injury,Vehicle to Vehicle,Service Road,13.042249,77.515517,0,7740
Peenya,2023,Fatal,Vehicle to Vehicle,NH,13.045267,77.507321,1,7741
Peenya,2023,Grievous Injury,Hit pedestrian,NH,13.034723,77.529652,0,7742
Peenya,2023,Damage Only,Vehicle to Vehicle,NH,13.0395,77.519,0,7743
Peenya,2023,Fatal,Vehicle to Vehicle,NH,13.04294,77.51329,1,7744
Peenya,2023,Simple Injury,Hit pedestrian,NH,13.034723,77.529652,0,7745
Peenya,2023,Fatal,Vehicle to Vehicle,NH,13.039956,77.518457,1,7746
Peenya,2023,Simple Injury,Hit pedestrian,NH,13.034723,77.529652,0,7747
Peenya,2023,Simple Injury,Vehicle to Vehicle,Others,13.016879,77.502036,0,7748
Peenya,2023,Simple Injury,Hit pedestrian,Others,13.107136,77.506717,0,7749
Peenya,2023,Fatal,Hit pedestrian,Others,13.030487,77.5249979,1,7750
Peenya,2023,Grievous Injury,Vehicle to Vehicle,NH,13.0049354,77.494979,0,7751
Peenya,2023,Fatal,Hit pedestrian,NH,13.04002021,77.51874055,1,7752
Peenya,2023,Grievous Injury,Vehicle to Vehicle,Others,13.044382,77.484282,0,7753
Peenya,2023,Simple Injury,Hit pedestrian,NH,13.046638,77.503169,0,7754
Peenya,2023,Simple Injury,Not Applicable,Others,13.028987,77.486644,0,7755
Peenya,2023,Grievous Injury,Vehicle to Vehicle,Others,13.025173,77.49539,0,7756
Peenya,2023,Simple Injury,Hit pedestrian,One way,13.046248,77.496119,0,7757
Peenya,2023,Simple Injury,Vehicle to Vehicle,NH,13.044378,77.509672,0,7758
Peenya,2023,Simple Injury,Vehicle to Vehicle,Residential Street,13.012876,77.505257,0,7759
Peenya,2023,Grievous Injury,Vehicle to Vehicle,NH,13.046544,77.503499,0,7760
Peenya,2023,Simple Injury,Vehicle to Vehicle,Two way,13.060077,77.506893,0,7761
Peenya,2023,Not Applicable,Not Applicable,Others,13.047784,77.499869,0,7762
Peenya,2023,Grievous Injury,Vehicle to Vehicle,NH,13.042439,77.514703,0,7763
Peenya,2023,Grievous Injury,Hit pedestrian,Service Road,13.040089,77.527784,0,7764
Peenya,2023,Grievous Injury,Vehicle to Vehicle,Residential Street,13.0382543,77.493888,0,7765
Peenya,2023,Fatal,Hit pedestrian,Others,13.028093,77.483282,1,7766
Peenya,2023,Simple Injury,Vehicle to Vehicle,Not Applicable,13.027854,77.51753,0,7767
Peenya,2023,Fatal,Vehicle to Vehicle,NH,13.009341,77.493697,1,7768
Peenya,2023,Grievous Injury,Hit pedestrian,Two way,13.021191,77.497137,0,7769
Peenya,2023,Simple Injury,Vehicle to Vehicle,Others,13.04118,77.528441,0,7770
Peenya,2023,Simple Injury,Vehicle to Vehicle,NH,13.037527,77.522464,0,7771
Peenya,2023,Fatal,Vehicle to Vehicle,Arterial,13.056644,77.507333,1,7772
Peenya,2023,Simple Injury,Hit pedestrian,Not Applicable,13.006177,77.505207,0,7773
Peenya,2023,Simple Injury,Hit pedestrian,NH,13.042964,77.512926,0,7774
Peenya,2023,Simple Injury,Vehicle to Vehicle,NH,13.047656,77.500015,0,7775
Peenya,2023,Fatal,Hit pedestrian,NH,13.045043,77.50833,1,7776
Peenya,2023,Simple Injury,Vehicle to Vehicle,Others,13.036013,77.521221,0,7777
Peenya,2023,Simple Injury,Hit pedestrian,Others,13.030985,77.512767,0,7778
Peenya,2023,Grievous Injury,Vehicle to Vehicle,Others,13.036372,77.492323,0,7779
Peenya,2023,Grievous Injury,Hit pedestrian,NH,13.042735,77.513107,0,7780
Peenya,2023,Grievous Injury,Vehicle to Vehicle,Others,13.04360191,77.5254069,0,7781
Peenya,2023,Grievous Injury,Vehicle to Vehicle,Expressway,13.03472,77.529693,0,7782
Peenya,2023,Simple Injury,Vehicle to Vehicle,One way,13.043381,77.511721,0,7783
Peenya,2023,Simple Injury,Vehicle to Vehicle,NH,13.041928,77.515997,0,7784
Peenya,2023,Simple Injury,Vehicle to Vehicle,NH,13.037324,77.523518,0,7785
Peenya,2023,Fatal,Not Applicable,Others,13.008645,77.509407,1,7786
Peenya,2023,Simple Injury,Vehicle to Vehicle,Others,13.028142,77.326548,0,7787
Peenya,2023,Simple Injury,Vehicle to Vehicle,NH,13.048483,77.498991,0,7788
Peenya,2023,Not Applicable,Vehicle to Vehicle,Others,13.051238,77.507346,0,7789
Peenya,2023,Simple Injury,Vehicle to Vehicle,Residential Street,13.0238917,77.5105093,0,7790
Peenya,2023,Simple Injury,Vehicle to Vehicle,Not Applicable,13.0225,77.5039,0,7791
Peenya,2023,Grievous Injury,Hit pedestrian,Residential Street,13.01398,77.4991,0,7792
Peenya,2023,Fatal,Not Applicable,Others,13.020816,77.518718,1,7793
Peenya,2023,Simple Injury,Vehicle to Vehicle,Others,13.041602,77.50486,0,7794
Peenya,2023,Fatal,Vehicle to Vehicle,NH,13.042734,77.513708,1,7795
Peenya,2023,Grievous Injury,Vehicle to Vehicle,NH,13.0466,77.5033,0,7796
Peenya,2023,Grievous Injury,Vehicle to Vehicle,Others,13.028434,77.48874,0,7797
Peenya,2023,Grievous Injury,Vehicle to Vehicle,Others,13.05171,77.507785,0,7798
Peenya,2023,Grievous Injury,Vehicle to Vehicle,Others,13.006049,77.497921,0,7799
Peenya,2023,Damage Only,Vehicle to Vehicle,Not Applicable,13.037841,77.522254,0,7800
Peenya,2023,Grievous Injury,Vehicle to Vehicle,Not Applicable,13.030958,77.512633,0,7801
Peenya,2023,Grievous Injury,Hit pedestrian,Residential Street,12.985316,77.489904,0,7802
Peenya,2023,Grievous Injury,Vehicle to Vehicle,NH,13.045427,77.514669,0,7803
Peenya,2023,Fatal,Vehicle to Vehicle,NH,13.0504526,77.4927517,1,7804
Peenya,2023,Simple Injury,Vehicle to Vehicle,Others,13.03592,77.513094,0,7805
Peenya,2023,Simple Injury,Vehicle to Vehicle,NH,13.045692,77.506385,0,7806
Peenya,2023,Grievous Injury,Vehicle to Vehicle,NH,13.042301,77.514585,0,7807
Peenya,2023,Grievous Injury,Hit pedestrian,Others,13.034974,77.52373,0,7808
Peenya,2023,Simple Injury,Vehicle to Vehicle,NH,13.044668,77.509103,0,7809
Peenya,2023,Not Applicable,Vehicle to Vehicle,NH,13.042314,77.5146,0,7810
Peenya,2023,Grievous Injury,Vehicle to Vehicle,Service Road,13.049158,77.496575,0,7811
Peenya,2023,Grievous Injury,Vehicle to Vehicle,NH,13.04474,77.50915,0,7812
Peenya,2023,Grievous Injury,Vehicle to Vehicle,Two way,13.022404,77.509474,0,7813
Peenya,2023,Simple Injury,Vehicle to Vehicle,NH,13.047167,77.501462,0,7814
Peenya,2023,Fatal,Vehicle to Vehicle,Others,13.052491,77.50792,1,7815
Peenya,2023,Fatal,Vehicle to Vehicle,NH,13.043295,77.511473,1,7816
Peenya,2023,Fatal,Hit pedestrian,Others,13.056789,77.501523,1,7817
Peenya,2023,Simple Injury,Vehicle to Vehicle,NH,13.037973,77.521931,0,7818
Peenya,2023,Fatal,Not Applicable,Others,13.04389,77.510283,1,7819
Peenya,2023,Grievous Injury,Vehicle to Vehicle,Others,13.048553,77.518398,0,7820
Pulikeshinagar,2017,Fatal,Hit and Run,City or Town Road,12.99355,77.61132,1,7821
Pulikeshinagar,2018,Fatal,Head on,City or Town Road,13.000861,77.612874,1,7822
Pulikeshinagar,2018,Fatal,Hit and Run,City or Town Road,13.0030491,77.6197124,1,7823
Pulikeshinagar,2018,Grievous Injury,Hit and Run,City or Town Road,12.984056,77.614901,0,7824
Pulikeshinagar,2018,Damage Only,Hit parked vehicle,City or Town Road,12.996492,77.609033,0,7825
Pulikeshinagar,2018,Fatal,Hit and Run,City or Town Road,12.985788,77.609132,1,7826
Pulikeshinagar,2018,Grievous Injury,Overturning,City or Town Road,13.000136,77.620296,0,7827
Pulikeshinagar,2019,Fatal,Not Applicable,Residential Street,12.999624,77.615917,1,7828
Pulikeshinagar,2019,Grievous Injury,Hit pedestrian,Residential Street,13.001522,77.621454,0,7829
Pulikeshinagar,2019,Grievous Injury,Vehicle to Vehicle,Others,12.991946,77.601048,0,7830
Pulikeshinagar,2019,Fatal,Hit pedestrian,Residential Street,12.98439,77.61432,1,7831
Pulikeshinagar,2019,Fatal,Not Applicable,Residential Street,12.994926,77.616104,1,7832
Pulikeshinagar,2020,Damage Only,Vehicle to Vehicle,Two way,13.000383,77.617802,0,7833
Pulikeshinagar,2020,Fatal,Not Applicable,Residential Street,13.007289,77.623198,1,7834
Pulikeshinagar,2020,Simple Injury,Vehicle to Vehicle,Two way,13.001049,77.611912,0,7835
Pulikeshinagar,2020,Fatal,Vehicle to Vehicle,Two way,12.998147,77.623208,1,7836
Pulikeshinagar,2020,Grievous Injury,Vehicle to Vehicle,Residential Street,12.99525,77.60831,0,7837
Pulikeshinagar,2020,Fatal,Hit pedestrian,Two way,13.006426,77.620979,1,7838
Pulikeshinagar,2020,Fatal,Hit pedestrian,Two way,12.9987859,77.620971,1,7839
Pulikeshinagar,2021,Fatal,Vehicle to Vehicle,Sub Arterial,13.005948,77.620649,1,7840
Pulikeshinagar,2021,Fatal,Not Applicable,Residential Street,13.000621,77.629394,1,7841
Pulikeshinagar,2021,Fatal,Hit pedestrian,Others,12.987497,77.616532,1,7842
Pulikeshinagar,2021,Fatal,Not Applicable,Two way,12.9918386,77.610502,1,7843
Pulikeshinagar,2021,Grievous Injury,Hit pedestrian,Residential Street,12.983472,77.612674,0,7844
Pulikeshinagar,2021,Fatal,Hit pedestrian,Residential Street,12.994234,77.613362,1,7845
Pulikeshinagar,2022,Grievous Injury,Hit pedestrian,Sub Arterial,12.988464,77.6177224,0,7846
Pulikeshinagar,2022,Grievous Injury,Hit pedestrian,Residential Street,12.9852674,77.6187623,0,7847
Pulikeshinagar,2022,Grievous Injury,Vehicle to Vehicle,Sub Arterial,12.98404,77.61761,0,7848
Pulikeshinagar,2022,Fatal,Hit pedestrian,Sub Arterial,12.990719,77.609327,1,7849
Pulikeshinagar,2022,Fatal,Hit pedestrian,Others,13.002599,77.612107,1,7850
Pulikeshinagar,2023,Fatal,Not Applicable,Arterial,12.996085,77.617518,1,7851
Pulikeshinagar,2023,Grievous Injury,Not Applicable,Sub Arterial,12.989106,77.609855,0,7852
Pulikeshinagar,2023,Grievous Injury,Hit pedestrian,Two way,13.001331,77.629204,0,7853
Pulikeshinagar,2023,Simple Injury,Vehicle to Vehicle,One way,12.993523,77.607382,0,7854
Pulikeshinagar,2023,Grievous Injury,Vehicle to Vehicle,One way,12.987695,77.618145,0,7855
Pulikeshinagar,2023,Grievous Injury,Vehicle to Vehicle,Two way,13.00085,77.611496,0,7856
Pulikeshinagar,2023,Grievous Injury,Hit pedestrian,One way,12.99167,77.607138,0,7857
Pulikeshinagar,2023,Damage Only,Vehicle to Vehicle,Two way,12.993525,77.607391,0,7858
Pulikeshinagar,2023,Grievous Injury,Not Applicable,One way,12.999902,77.610872,0,7859
Pulikeshinagar,2023,Grievous Injury,Vehicle to Vehicle,Arterial,12.990584,77.613912,0,7860
Pulikeshinagar,2023,Grievous Injury,Vehicle to Vehicle,Arterial,13.003822,77.620093,0,7861
Pulikeshinagar,2023,Simple Injury,Vehicle to Vehicle,Two way,13.002819,77.622143,0,7862
R T Nagar,2016,Grievous Injury,Hit and Run,City or Town Road,13.025611,77.585235,0,7863
R T Nagar,2016,Simple Injury,Others,Arterial,13.018994,77.572467,0,7864
R T Nagar,2016,Simple Injury,Others,Expressway,13.027011,77.58575,0,7865
R T Nagar,2016,Simple Injury,Not Applicable,City or Town Road,13.041394,77.58796,0,7866
R T Nagar,2016,Simple Injury,Others,City or Town Road,13.009157,77.594547,0,7867
R T Nagar,2016,Simple Injury,Hit and Run,City or Town Road,13.033178,77.88174,0,7868
R T Nagar,2016,Simple Injury,Hit and Run,City or Town Road,13.035875,77.589097,0,7869
R T Nagar,2016,Fatal,Others,City or Town Road,13.027011,77.58575,1,7870
R T Nagar,2016,Simple Injury,Hit and Run,City or Town Road,13.018994,77.572467,0,7871
R T Nagar,2016,Simple Injury,Not Applicable,Feeder Road,13.024189,77.596961,0,7872
R T Nagar,2016,Simple Injury,Hit and Run,City or Town Road,13.03345,77.575954,0,7873
R T Nagar,2016,Simple Injury,Others,City or Town Road,13.020666,77.592423,0,7874
R T Nagar,2016,Not Applicable,Hit and Run,City or Town Road,13.027011,77.58575,0,7875
R T Nagar,2016,Simple Injury,Others,City or Town Road,13.001338,77.594526,0,7876
R T Nagar,2016,Simple Injury,Not Applicable,City or Town Road,13.033178,77.88174,0,7877
R T Nagar,2016,Simple Injury,Rear end,Arterial,13.025611,77.585235,0,7878
R T Nagar,2016,Simple Injury,Others,City or Town Road,13.039282,77.589462,0,7879
R T Nagar,2016,Simple Injury,Hit and Run,City or Town Road,13.004286,77.604289,0,7880
R T Nagar,2016,Damage Only,Others,City or Town Road,13.037735,77.574152,0,7881
R T Nagar,2016,Simple Injury,Hit and Run,City or Town Road,13.01844,77.598882,0,7882
R T Nagar,2016,Simple Injury,Not Applicable,City or Town Road,13.025611,77.585235,0,7883
R T Nagar,2016,Simple Injury,Others,City or Town Road,13.028391,77.871223,0,7884
R T Nagar,2016,Fatal,Hit and Run,City or Town Road,13.001338,77.594526,1,7885
R T Nagar,2016,Simple Injury,Others,City or Town Road,13.028391,77.871223,0,7886
R T Nagar,2016,Damage Only,Not Applicable,City or Town Road,13.016976,77.583947,0,7887
R T Nagar,2016,Simple Injury,Others,City or Town Road,13.039282,77.589462,0,7888
R T Nagar,2016,Fatal,Hit and Run,City or Town Road,13.020666,77.592423,1,7889
R T Nagar,2016,Fatal,Others,City or Town Road,13.028642,77.586136,1,7890
R T Nagar,2016,Simple Injury,Others,City or Town Road,13.025611,77.585235,0,7891
R T Nagar,2016,Simple Injury,Others,City or Town Road,13.024889,77.592884,0,7892
R T Nagar,2016,Grievous Injury,Head on,Sub Arterial,13.031872,77.576866,0,7893
R T Nagar,2016,Damage Only,Hit and Run,City or Town Road,13.039282,77.589462,0,7894
R T Nagar,2016,Simple Injury,Head on,City or Town Road,13.02387,77.576866,0,7895
R T Nagar,2016,Damage Only,Others,Arterial,13.002028,77.598817,0,7896
R T Nagar,2016,Fatal,Hit and Run,City or Town Road,13.016245,77.59149,1,7897
R T Nagar,2016,Damage Only,Others,City or Town Road,13.006147,77.592959,0,7898
R T Nagar,2016,Simple Injury,Others,City or Town Road,13.013443,77.593646,0,7899
R T Nagar,2016,Simple Injury,Others,City or Town Road,13.016976,77.583947,0,7900
R T Nagar,2016,Damage Only,Hit and Run,City or Town Road,13.001338,77.594526,0,7901
R T Nagar,2016,Simple Injury,Side swipe,Arterial,13.039282,77.589462,0,7902
R T Nagar,2016,Simple Injury,Not Applicable,City or Town Road,13.019172,77.583969,0,7903
R T Nagar,2016,Simple Injury,Hit and Run,City or Town Road,13.035875,77.589097,0,7904
R T Nagar,2016,Damage Only,Others,City or Town Road,13.028642,77.586136,0,7905
R T Nagar,2016,Damage Only,Others,City or Town Road,13.028642,77.586136,0,7906
R T Nagar,2016,Simple Injury,Hit and Run,City or Town Road,13.006147,77.592959,0,7907
R T Nagar,2016,Simple Injury,Not Applicable,Expressway,13.041394,77.58796,0,7908
R T Nagar,2016,Damage Only,Others,City or Town Road,13.025611,77.585235,0,7909
R T Nagar,2016,Simple Injury,Others,City or Town Road,13.016976,77.583947,0,7910
R T Nagar,2016,Simple Injury,Hit and Run,City or Town Road,13.020666,77.59149,0,7911
R T Nagar,2016,Simple Injury,Hit and Run,City or Town Road,13.041394,77.58796,0,7912
R T Nagar,2016,Simple Injury,Hit and Run,City or Town Road,13.009157,77.594547,0,7913
R T Nagar,2016,Simple Injury,Hit and Run,Feeder Road,13.022057,77.603817,0,7914
R T Nagar,2016,Simple Injury,Others,City or Town Road,13.025611,77.585235,0,7915
R T Nagar,2016,Damage Only,Hit and Run,City or Town Road,13.022924,77.600834,0,7916
R T Nagar,2016,Simple Injury,Others,City or Town Road,13.03345,77.575954,0,7917
R T Nagar,2016,Simple Injury,Hit and Run,City or Town Road,13.024889,77.592884,0,7918
R T Nagar,2016,Damage Only,Hit and Run,City or Town Road,13.016245,77.59149,0,7919
R T Nagar,2016,Simple Injury,Side impact or Right angle,Arterial,13.016976,77.583947,0,7920
R T Nagar,2016,Simple Injury,Hit and Run,City or Town Road,13.001338,77.594526,0,7921
R T Nagar,2016,Fatal,Hit and Run,City or Town Road,13.006147,77.592959,1,7922
R T Nagar,2016,Damage Only,Others,City or Town Road,13.031872,77.576866,0,7923
R T Nagar,2016,Damage Only,Others,City or Town Road,13.001338,77.594547,0,7924
R T Nagar,2016,Damage Only,Others,City or Town Road,13.020666,77.592423,0,7925
R T Nagar,2016,Simple Injury,Others,City or Town Road,13.041394,77.58796,0,7926
R T Nagar,2016,Simple Injury,Others,City or Town Road,13.006147,77.592959,0,7927
R T Nagar,2016,Simple Injury,Others,Arterial,13.01844,77.598882,0,7928
R T Nagar,2016,Simple Injury,Others,City or Town Road,13.033178,77.88174,0,7929
R T Nagar,2016,Fatal,Hit and Run,City or Town Road,13.025611,77.585235,1,7930
R T Nagar,2016,Fatal,Hit and Run,City or Town Road,13.025611,77.585235,1,7931
R T Nagar,2016,Simple Injury,Not Applicable,City or Town Road,13.024189,77.596961,0,7932
R T Nagar,2016,Simple Injury,Hit and Run,City or Town Road,13.022809,77.584505,0,7933
R T Nagar,2016,Simple Injury,Others,City or Town Road,13.040411,77.579452,0,7934
R T Nagar,2016,Simple Injury,Hit and Run,City or Town Road,13.011865,77.593571,0,7935
R T Nagar,2016,Damage Only,Others,Arterial,13.039282,77.589462,0,7936
R T Nagar,2016,Simple Injury,Others,City or Town Road,13.024189,77.600834,0,7937
R T Nagar,2016,Grievous Injury,Others,City or Town Road,13.039282,77.58549962,0,7938
R T Nagar,2016,Damage Only,Others,City or Town Road,13.006147,77.592959,0,7939
R T Nagar,2016,Simple Injury,Others,City or Town Road,13.033178,77.88174,0,7940
R T Nagar,2016,Simple Injury,Others,City or Town Road,13.040411,77.579452,0,7941
R T Nagar,2016,Simple Injury,Hit and Run,City or Town Road,13.0009157,77.594547,0,7942
R T Nagar,2016,Damage Only,Hit and Run,Expressway,12.999017,77.600105,0,7943
R T Nagar,2016,Damage Only,Hit and Run,City or Town Road,13.033178,77.88174,0,7944
R T Nagar,2016,Simple Injury,Not Applicable,City or Town Road,12.998097,77.606499,0,7945
R T Nagar,2016,Simple Injury,Others,City or Town Road,13.006147,77.592959,0,7946
R T Nagar,2016,Simple Injury,Others,City or Town Road,13.028391,77.871223,0,7947
R T Nagar,2016,Damage Only,Hit and Run,Expressway,12.995756,77.601714,0,7948
R T Nagar,2017,Grievous Injury,Others,City or Town Road,13.024889,77.592884,0,7949
R T Nagar,2017,Damage Only,Hit and Run,City or Town Road,13.024889,77.592884,0,7950
R T Nagar,2017,Damage Only,Not Applicable,City or Town Road,13.039282,77.589462,0,7951
R T Nagar,2017,Simple Injury,Hit and Run,City or Town Road,13.027011,77.585235,0,7952
R T Nagar,2017,Simple Injury,Hit and Run,City or Town Road,13.024888,77.592884,0,7953
R T Nagar,2017,Simple Injury,Others,City or Town Road,13.026834,77.579741,0,7954
R T Nagar,2017,Grievous Injury,Hit and Run,City or Town Road,13.025611,77.585235,0,7955
R T Nagar,2017,Simple Injury,Hit and Run,City or Town Road,13.020666,77.592423,0,7956
R T Nagar,2017,Simple Injury,Others,City or Town Road,13.019172,77.583969,0,7957
R T Nagar,2017,Simple Injury,Others,City or Town Road,13.025611,77.58575,0,7958
R T Nagar,2017,Simple Injury,Others,City or Town Road,13.033178,77.88174,0,7959
R T Nagar,2017,Grievous Injury,Hit and Run,City or Town Road,13.016976,77.583947,0,7960
R T Nagar,2017,Grievous Injury,Hit and Run,City or Town Road,13.011865,77.593571,0,7961
R T Nagar,2017,Grievous Injury,Hit and Run,City or Town Road,13.041394,77.58796,0,7962
R T Nagar,2017,Simple Injury,Not Applicable,City or Town Road,13.039282,77.589462,0,7963
R T Nagar,2017,Simple Injury,Others,City or Town Road,13.011854,77.595577,0,7964
R T Nagar,2017,Simple Injury,Hit and Run,City or Town Road,13.004558,77.599976,0,7965
R T Nagar,2017,Fatal,Others,City or Town Road,13.036805,77.566019,1,7966
R T Nagar,2017,Damage Only,Others,City or Town Road,13.039282,77.589462,0,7967
R T Nagar,2017,Grievous Injury,Hit and Run,City or Town Road,13.009868,77.590653,0,7968
R T Nagar,2017,Simple Injury,Others,City or Town Road,13.006147,77.592959,0,7969
R T Nagar,2017,Simple Injury,Others,City or Town Road,13.024858,77.587563,0,7970
R T Nagar,2017,Simple Injury,Others,City or Town Road,13.03783,77.568326,0,7971
R T Nagar,2017,Simple Injury,Others,City or Town Road,13.040798,77.568326,0,7972
R T Nagar,2017,Grievous Injury,Hit and Run,City or Town Road,13.001338,77.594526,0,7973
R T Nagar,2017,Grievous Injury,Others,City or Town Road,13.020666,77.592423,0,7974
R T Nagar,2017,Grievous Injury,Others,City or Town Road,12.999017,77.600105,0,7975
R T Nagar,2017,Damage Only,Hit and Run,City or Town Road,13.020666,77.592423,0,7976
R T Nagar,2017,Damage Only,Hit and Run,City or Town Road,13.019172,77.583947,0,7977
R T Nagar,2017,Damage Only,Others,City or Town Road,13.025611,77.585235,0,7978
R T Nagar,2017,Simple Injury,Others,City or Town Road,13.042481,77.573251,0,7979
R T Nagar,2017,Fatal,Hit and Run,City or Town Road,13.006147,77.600105,1,7980
R T Nagar,2017,Damage Only,Others,City or Town Road,13.002028,77.598817,0,7981
R T Nagar,2017,Grievous Injury,Others,City or Town Road,13.042481,77.580889,0,7982
R T Nagar,2017,Grievous Injury,Others,City or Town Road,13.028642,77.58575,0,7983
R T Nagar,2017,Simple Injury,Hit and Run,City or Town Road,13.011844,77.598882,0,7984
R T Nagar,2017,Simple Injury,Others,City or Town Road,13.025611,77.585235,0,7985
R T Nagar,2017,Simple Injury,Not Applicable,City or Town Road,13.009868,77.590653,0,7986
R T Nagar,2017,Grievous Injury,Others,City or Town Road,13.025611,77.58575,0,7987
R T Nagar,2017,Grievous Injury,Hit and Run,City or Town Road,13.042481,77.573266,0,7988
R T Nagar,2017,Simple Injury,Others,City or Town Road,13.039282,77.589927,0,7989
R T Nagar,2017,Damage Only,Others,City or Town Road,13.022924,77.60239,0,7990
R T Nagar,2017,Grievous Injury,Others,City or Town Road,13.027387,77.576866,0,7991
R T Nagar,2017,Grievous Injury,Hit and Run,City or Town Road,13.009868,77.590653,0,7992
R T Nagar,2017,Grievous Injury,Hit and Run,City or Town Road,13.035875,77.589097,0,7993
R T Nagar,2017,Grievous Injury,Hit and Run,City or Town Road,13.02815,77.579937,0,7994
R T Nagar,2017,Simple Injury,Hit and Run,City or Town Road,13.020666,77.592423,0,7995
R T Nagar,2017,Grievous Injury,Others,City or Town Road,12.999017,77.600105,0,7996
R T Nagar,2017,Simple Injury,Others,City or Town Road,13.024889,77.592884,0,7997
R T Nagar,2017,Grievous Injury,Hit and Run,City or Town Road,13.011854,77.595577,0,7998
R T Nagar,2017,Fatal,Hit and Run,City or Town Road,13.028642,77.586136,1,7999
R T Nagar,2017,Simple Injury,Hit and Run,City or Town Road,13.016245,77.59149,0,8000
R T Nagar,2017,Simple Injury,Others,City or Town Road,13.027011,77.58575,0,8001
R T Nagar,2017,Simple Injury,Others,City or Town Road,13.033178,77.88174,0,8002
R T Nagar,2017,Grievous Injury,Not Applicable,City or Town Road,13.034129,77.871223,0,8003
R T Nagar,2017,Damage Only,Hit and Run,City or Town Road,13.041226,77.589827,0,8004
R T Nagar,2017,Simple Injury,Run Off Road,City or Town Road,13.006147,77.592959,0,8005
R T Nagar,2017,Simple Injury,Others,City or Town Road,13.006147,77.592959,0,8006
R T Nagar,2017,Damage Only,Hit and Run,City or Town Road,13.006147,77.592959,0,8007
R T Nagar,2017,Grievous Injury,Others,City or Town Road,13.01844,77.598882,0,8008
R T Nagar,2017,Damage Only,Hit and Run,City or Town Road,13.035875,77.589097,0,8009
R T Nagar,2017,Grievous Injury,Hit and Run,City or Town Road,13.041394,77.58796,0,8010
R T Nagar,2017,Simple Injury,Others,City or Town Road,13.022924,77.600834,0,8011
R T Nagar,2017,Damage Only,Others,City or Town Road,13.027011,77.58575,0,8012
R T Nagar,2017,Grievous Injury,Hit and Run,City or Town Road,13.02214,77.592423,0,8013
R T Nagar,2017,Grievous Injury,Others,City or Town Road,13.0256611,77.58575,0,8014
R T Nagar,2017,Grievous Injury,Others,City or Town Road,13.025611,77.585235,0,8015
R T Nagar,2017,Grievous Injury,Not Applicable,City or Town Road,13.028642,77.586136,0,8016
R T Nagar,2017,Damage Only,Hit and Run,City or Town Road,13.02809,77.584505,0,8017
R T Nagar,2017,Simple Injury,Not Applicable,City or Town Road,13.020666,77.593646,0,8018
R T Nagar,2017,Simple Injury,Others,City or Town Road,13.024189,77.596961,0,8019
R T Nagar,2017,Simple Injury,Others,City or Town Road,13.01844,77.598882,0,8020
R T Nagar,2017,Grievous Injury,Others,City or Town Road,13.001338,77.594526,0,8021
R T Nagar,2017,Damage Only,Not Applicable,City or Town Road,13.041226,77.589462,0,8022
R T Nagar,2017,Grievous Injury,Hit and Run,City or Town Road,12.99901,77.600105,0,8023
R T Nagar,2017,Grievous Injury,Hit and Run,City or Town Road,13.026834,77.579741,0,8024
R T Nagar,2017,Simple Injury,Hit and Run,Others,13.006147,77.592959,0,8025
R T Nagar,2017,Grievous Injury,Others,City or Town Road,13.041551,77.57266,0,8026
R T Nagar,2017,Simple Injury,Hit and Run,City or Town Road,13.024503,77.572038,0,8027
R T Nagar,2017,Damage Only,Others,City or Town Road,13.006147,77.592959,0,8028
R T Nagar,2017,Grievous Injury,Hit and Run,City or Town Road,13.021712,77.603259,0,8029
R T Nagar,2017,Grievous Injury,Hit and Run,City or Town Road,13.035875,77.589097,0,8030
R T Nagar,2017,Simple Injury,Hit and Run,City or Town Road,13.04155,77.57266,0,8031
R T Nagar,2017,Damage Only,Hit and Run,City or Town Road,13.016245,77.59149,0,8032
R T Nagar,2017,Grievous Injury,Others,City or Town Road,13.039282,77.589462,0,8033
R T Nagar,2017,Simple Injury,Hit and Run,City or Town Road,13.013443,77.593646,0,8034
R T Nagar,2017,Fatal,Others,City or Town Road,13.016245,77.59149,1,8035
R T Nagar,2017,Grievous Injury,Hit and Run,City or Town Road,13.033178,77.88174,0,8036
R T Nagar,2017,Simple Injury,Hit and Run,City or Town Road,13.018994,77.572467,0,8037
R T Nagar,2017,Simple Injury,Others,City or Town Road,13.013443,77.593646,0,8038
R T Nagar,2017,Damage Only,Not Applicable,City or Town Road,13.040411,77.579452,0,8039
R T Nagar,2017,Simple Injury,Others,City or Town Road,13.025611,77.58575,0,8040
R T Nagar,2018,Simple Injury,Hit and Run,City or Town Road,13.024889,77.592884,0,8041
R T Nagar,2018,Grievous Injury,Others,City or Town Road,13.028642,77.586136,0,8042
R T Nagar,2018,Damage Only,Others,Others,13.009868,77.590653,0,8043
R T Nagar,2018,Simple Injury,Not Applicable,City or Town Road,13.013778,77.587788,0,8044
R T Nagar,2018,Simple Injury,Others,City or Town Road,13.025611,77.585235,0,8045
R T Nagar,2018,Simple Injury,Others,City or Town Road,13.035875,77.589097,0,8046
R T Nagar,2018,Simple Injury,Others,City or Town Road,13.025611,77.58575,0,8047
R T Nagar,2018,Simple Injury,Others,City or Town Road,13.042481,77.573251,0,8048
R T Nagar,2018,Simple Injury,Others,City or Town Road,13.027011,77.58575,0,8049
R T Nagar,2018,Simple Injury,Others,City or Town Road,13.035875,77.5899097,0,8050
R T Nagar,2018,Simple Injury,Others,City or Town Road,13.001338,77.592959,0,8051
R T Nagar,2018,Simple Injury,Others,City or Town Road,13.028642,77.586136,0,8052
R T Nagar,2018,Simple Injury,Hit and Run,City or Town Road,13.030638,77.574238,0,8053
R T Nagar,2018,Damage Only,Not Applicable,City or Town Road,13.025611,77.58575,0,8054
R T Nagar,2018,Damage Only,Hit and Run,City or Town Road,13.004558,77.599976,0,8055
R T Nagar,2018,Grievous Injury,Others,City or Town Road,13.026185,77.58899,0,8056
R T Nagar,2018,Simple Injury,Others,City or Town Road,13.025611,77.585235,0,8057
R T Nagar,2018,Simple Injury,Others,City or Town Road,13.039282,77.589462,0,8058
R T Nagar,2018,Simple Injury,Others,City or Town Road,12.998892,77.608409,0,8059
R T Nagar,2018,Grievous Injury,Head on,City or Town Road,13.041394,77.5876,0,8060
R T Nagar,2018,Grievous Injury,Others,Others,13.027387,77.576866,0,8061
R T Nagar,2018,Grievous Injury,Hit and Run,City or Town Road,13.01844,77.598882,0,8062
R T Nagar,2018,Simple Injury,Others,City or Town Road,13.035875,77.589097,0,8063
R T Nagar,2018,Simple Injury,Others,City or Town Road,13.016245,77.59149,0,8064
R T Nagar,2018,Simple Injury,Hit and Run,City or Town Road,13.041394,77.5876,0,8065
R T Nagar,2018,Damage Only,Others,City or Town Road,13.040798,77.568498,0,8066
R T Nagar,2018,Damage Only,Others,City or Town Road,13.009868,77.590653,0,8067
R T Nagar,2018,Grievous Injury,Others,Others,13.033178,77.88174,0,8068
R T Nagar,2018,Grievous Injury,Not Applicable,City or Town Road,13.011865,77.593571,0,8069
R T Nagar,2018,Damage Only,Others,City or Town Road,13.033875,77.589097,0,8070
R T Nagar,2018,Damage Only,Others,City or Town Road,13.006147,77.592959,0,8071
R T Nagar,2018,Damage Only,Others,City or Town Road,12.995756,77.601717,0,8072
R T Nagar,2018,Simple Injury,Others,City or Town Road,13.040798,77.568498,0,8073
R T Nagar,2018,Fatal,Others,Others,13.025611,77.585235,1,8074
R T Nagar,2018,Simple Injury,Hit and Run,City or Town Road,13.020629,77.603817,0,8075
R T Nagar,2018,Not Applicable,Others,City or Town Road,13.041226,77.589827,0,8076
R T Nagar,2018,Grievous Injury,Others,City or Town Road,13.026185,77.58899,0,8077
R T Nagar,2018,Simple Injury,Others,City or Town Road,13.020666,77.592423,0,8078
R T Nagar,2018,Simple Injury,Others,City or Town Road,13.011865,77.593571,0,8079
R T Nagar,2018,Simple Injury,Others,City or Town Road,13.027387,77.579741,0,8080
R T Nagar,2018,Damage Only,Not Applicable,City or Town Road,12.998097,77.606499,0,8081
R T Nagar,2018,Damage Only,Others,City or Town Road,13.006147,77.592959,0,8082
R T Nagar,2018,Grievous Injury,Others,City or Town Road,12.999017,77.600105,0,8083
R T Nagar,2018,Simple Injury,Hit and Run,City or Town Road,13.001338,77.594526,0,8084
R T Nagar,2018,Simple Injury,Others,Others,13.041226,77.589827,0,8085
R T Nagar,2018,Simple Injury,Others,City or Town Road,13.041551,77.573251,0,8086
R T Nagar,2018,Damage Only,Others,City or Town Road,13.006147,77.592959,0,8087
R T Nagar,2018,Simple Injury,Others,City or Town Road,13.011865,77.593571,0,8088
R T Nagar,2018,Grievous Injury,Hit and Run,City or Town Road,13.022057,77.60239,0,8089
R T Nagar,2018,Fatal,Others,City or Town Road,13.02214,77.59253,1,8090
R T Nagar,2018,Fatal,Others,City or Town Road,13.025611,77.585235,1,8091
R T Nagar,2018,Fatal,Others,City or Town Road,13.01844,77.598882,1,8092
R T Nagar,2018,Grievous Injury,Hit and Run,City or Town Road,13.025611,77.585235,0,8093
R T Nagar,2018,Damage Only,Others,City or Town Road,13.013778,77.587788,0,8094
R T Nagar,2018,Simple Injury,Not Applicable,City or Town Road,13.027011,77.58575,0,8095
R T Nagar,2018,Simple Injury,Others,City or Town Road,13.042376,77.580889,0,8096
R T Nagar,2018,Simple Injury,Not Applicable,City or Town Road,13.030638,77.574238,0,8097
R T Nagar,2018,Grievous Injury,Others,City or Town Road,13.026029,77.603817,0,8098
R T Nagar,2018,Grievous Injury,Hit and Run,City or Town Road,13.022809,77.584505,0,8099
R T Nagar,2018,Grievous Injury,Others,City or Town Road,13.03783,77.568326,0,8100
R T Nagar,2018,Grievous Injury,Others,City or Town Road,13.027011,77.58575,0,8101
R T Nagar,2018,Simple Injury,Hit and Run,City or Town Road,13.009157,77.594547,0,8102
R T Nagar,2018,Simple Injury,Hit and Run,City or Town Road,13.009157,77.594547,0,8103
R T Nagar,2018,Grievous Injury,Not Applicable,City or Town Road,13.041551,77.57266,0,8104
R T Nagar,2018,Damage Only,Hit and Run,City or Town Road,13.026029,77.603817,0,8105
R T Nagar,2018,Damage Only,Others,City or Town Road,13.025611,77.585235,0,8106
R T Nagar,2018,Grievous Injury,Hit and Run,City or Town Road,13.013443,77.59149,0,8107
R T Nagar,2018,Damage Only,Others,City or Town Road,13.034129,77.568487,0,8108
R T Nagar,2018,Grievous Injury,Hit and Run,City or Town Road,13.020666,77.59253,0,8109
R T Nagar,2018,Simple Injury,Others,City or Town Road,13.011865,77.593571,0,8110
R T Nagar,2018,Simple Injury,Others,City or Town Road,13.022809,77.584505,0,8111
R T Nagar,2018,Grievous Injury,Others,Others,13.027011,77.585235,0,8112
R T Nagar,2018,Simple Injury,Hit and Run,City or Town Road,13.027387,77.576866,0,8113
R T Nagar,2018,Simple Injury,Others,City or Town Road,13.025611,77.585235,0,8114
R T Nagar,2018,Damage Only,Others,City or Town Road,13.03345,77.575954,0,8115
R T Nagar,2018,Grievous Injury,Others,City or Town Road,13.039282,77.589462,0,8116
R T Nagar,2018,Damage Only,Not Applicable,City or Town Road,13.026029,77.603817,0,8117
R T Nagar,2018,Simple Injury,Others,City or Town Road,13.006147,77.592959,0,8118
R T Nagar,2018,Simple Injury,Others,City or Town Road,13.013778,77.787758,0,8119
R T Nagar,2018,Simple Injury,Others,City or Town Road,13.011196,77.589698,0,8120
R T Nagar,2018,Grievous Injury,Others,Others,13.042481,77.573251,0,8121
R T Nagar,2018,Simple Injury,Hit and Run,City or Town Road,13.024889,77.592884,0,8122
R T Nagar,2019,Grievous Injury,Others,City or Town Road,13.026834,77.579741,0,8123
R T Nagar,2019,Simple Injury,Others,Others,13.022809,77.584505,0,8124
R T Nagar,2019,Grievous Injury,Not Applicable,Not Applicable,13.031872,77.576866,0,8125
R T Nagar,2019,Grievous Injury,Not Applicable,Others,13.009868,77.590653,0,8126
R T Nagar,2019,Simple Injury,Vehicle to Vehicle,Others,13.040798,77.568326,0,8127
R T Nagar,2019,Grievous Injury,Vehicle to Vehicle,Others,13.020666,77.592423,0,8128
R T Nagar,2019,Grievous Injury,Not Applicable,Others,13.041394,77.58796,0,8129
R T Nagar,2019,Grievous Injury,Hit pedestrian,Others,13.025611,77.585235,0,8130
R T Nagar,2019,Simple Injury,Others,City or Town Road,13.001338,77.594526,0,8131
R T Nagar,2019,Damage Only,Right Turn Collision,City or Town Road,13.027387,77.576866,0,8132
R T Nagar,2019,Grievous Injury,Hit and Run,Not Applicable,13.022924,77.600834,0,8133
R T Nagar,2019,Simple Injury,Others,Others,13.025611,77.585235,0,8134
R T Nagar,2019,Grievous Injury,Hit and Run,City or Town Road,13.042376,77.580889,0,8135
R T Nagar,2019,Grievous Injury,Others,City or Town Road,13.001338,77.594526,0,8136
R T Nagar,2019,Grievous Injury,Not Applicable,Others,13.035875,77.589097,0,8137
R T Nagar,2019,Simple Injury,Vehicle to Vehicle,Others,13.001338,77.594547,0,8138
R T Nagar,2019,Grievous Injury,Others,Not Applicable,13.040798,77.568498,0,8139
R T Nagar,2019,Grievous Injury,Hit pedestrian,Residential Street,13.024858,77.587563,0,8140
R T Nagar,2019,Grievous Injury,Others,Not Applicable,13.040798,77.568498,0,8141
R T Nagar,2019,Simple Injury,Others,City or Town Road,13.036805,77.566019,0,8142
R T Nagar,2019,Damage Only,Others,City or Town Road,13.013443,77.593646,0,8143
R T Nagar,2019,Simple Injury,Hit and Run,City or Town Road,13.006147,77.592959,0,8144
R T Nagar,2019,Fatal,Others,Others,13.025611,77.58575,1,8145
R T Nagar,2019,Grievous Injury,Others,City or Town Road,13.042376,77.58796,0,8146
R T Nagar,2019,Damage Only,Others,City or Town Road,13.03783,77.568498,0,8147
R T Nagar,2019,Simple Injury,Others,City or Town Road,13.034129,77.871223,0,8148
R T Nagar,2019,Simple Injury,Vehicle to Vehicle,Others,13.031872,77.576866,0,8149
R T Nagar,2019,Damage Only,Others,Others,13.001338,77.594547,0,8150
R T Nagar,2019,Fatal,Vehicle to Vehicle,NH,13.028642,77.586136,1,8151
R T Nagar,2019,Fatal,Vehicle to Vehicle,Others,13.040411,77.579452,1,8152
R T Nagar,2019,Damage Only,Others,City or Town Road,12.999017,77.600105,0,8153
R T Nagar,2020,Grievous Injury,Not Applicable,Not Applicable,13.035979,77.589121,0,8154
R T Nagar,2020,Simple Injury,Vehicle to Vehicle,Others,13.035994,77.589153,0,8155
R T Nagar,2020,Simple Injury,Not Applicable,Others,13.035985,77.589136,0,8156
R T Nagar,2020,Fatal,Not Applicable,Not Applicable,13.02414,77.584694,1,8157
R T Nagar,2020,Damage Only,Not Applicable,Not Applicable,13.035939,77.588987,0,8158
R T Nagar,2020,Simple Injury,Not Applicable,Others,13.039341,77.5735889,0,8159
R T Nagar,2020,Damage Only,Vehicle to Vehicle,Two way,13.029413,77.573539,0,8160
R T Nagar,2020,Damage Only,Not Applicable,Others,13.037831,77.589115,0,8161
R T Nagar,2020,Simple Injury,Vehicle to Vehicle,Others,13.041575,77.586768,0,8162
R T Nagar,2020,Fatal,Hit pedestrian,Not Applicable,13.039107,77.5893829,1,8163
R T Nagar,2020,Simple Injury,Vehicle to Vehicle,Others,13.026232,77.585298,0,8164
R T Nagar,2020,Grievous Injury,Not Applicable,Not Applicable,13.038228,77.589454,0,8165
R T Nagar,2020,Simple Injury,Not Applicable,Not Applicable,13.03365,77.588397,0,8166
R T Nagar,2020,Damage Only,Not Applicable,Others,13.043206,77.572351,0,8167
R T Nagar,2020,Grievous Injury,Vehicle to Vehicle,Not Applicable,13.033362,77.588284,0,8168
R T Nagar,2020,Grievous Injury,Not Applicable,Others,13.039099,77.5893479,0,8169
R T Nagar,2020,Simple Injury,Not Applicable,Others,13.043288,77.56681,0,8170
R T Nagar,2020,Grievous Injury,Not Applicable,Others,13.036926,77.574515,0,8171
R T Nagar,2020,Damage Only,Not Applicable,Others,13.026167,77.585268,0,8172
R T Nagar,2020,Damage Only,Not Applicable,Others,13.039236,77.5895279,0,8173
R T Nagar,2020,Damage Only,Not Applicable,NH,13.042148,77.582686,0,8174
R T Nagar,2020,Grievous Injury,Not Applicable,Others,13.038617,77.589492,0,8175
R T Nagar,2021,Damage Only,Not Applicable,Others,13.039125,77.589463,0,8176
R T Nagar,2021,Damage Only,Not Applicable,Others,13.027745,77.5857559,0,8177
R T Nagar,2021,Simple Injury,Not Applicable,Others,13.039267,77.589499,0,8178
R T Nagar,2021,Simple Injury,Vehicle to Vehicle,Others,13.041641,77.585824,0,8179
R T Nagar,2021,Simple Injury,Vehicle to Vehicle,Others,13.040594,77.573145,0,8180
R T Nagar,2021,Damage Only,Vehicle to Vehicle,Others,13.028383,77.5861309,0,8181
R T Nagar,2021,Simple Injury,Not Applicable,Others,13.033982,77.575754,0,8182
R T Nagar,2021,Simple Injury,Not Applicable,Others,13.027809,77.574384,0,8183
R T Nagar,2021,Fatal,Not Applicable,Others,13.022921,77.584492,1,8184
R T Nagar,2021,Simple Injury,Not Applicable,Others,13.042196,77.582895,0,8185
R T Nagar,2021,Simple Injury,Not Applicable,Others,13.043945,77.571221,0,8186
R T Nagar,2021,Simple Injury,Not Applicable,Others,13.035128,77.588857,0,8187
R T Nagar,2021,Simple Injury,Not Applicable,Others,13.04566,77.56934,0,8188
R T Nagar,2021,Simple Injury,Not Applicable,Others,13.027017,77.578988,0,8189
R T Nagar,2021,Simple Injury,Not Applicable,Others,13.026922,77.585869,0,8190
R T Nagar,2021,Damage Only,Not Applicable,Others,13.028516,77.586064,0,8191
R T Nagar,2021,Simple Injury,Not Applicable,Others,13.03923,77.589373,0,8192
R T Nagar,2021,Grievous Injury,Vehicle to Vehicle,Others,13.042504,77.567924,0,8193
R T Nagar,2021,Simple Injury,Not Applicable,Others,13.044318,77.565078,0,8194
R T Nagar,2021,Grievous Injury,Not Applicable,Others,13.032141,77.576657,0,8195
R T Nagar,2021,Fatal,Not Applicable,Others,13.041545,77.587234,1,8196
R T Nagar,2021,Simple Injury,Vehicle to Vehicle,Not Applicable,13.028469,77.58618,0,8197
R T Nagar,2021,Simple Injury,Hit pedestrian,Not Applicable,13.041126,77.580994,0,8198
R T Nagar,2021,Simple Injury,Not Applicable,Others,13.028035,77.585733,0,8199
R T Nagar,2021,Grievous Injury,Vehicle to Vehicle,Others,13.032854,77.587879,0,8200
R T Nagar,2021,Fatal,Not Applicable,Others,13.028476,77.586048,1,8201
R T Nagar,2021,Simple Injury,Not Applicable,Others,13.030436,77.586988,0,8202
R T Nagar,2021,Simple Injury,Vehicle to Vehicle,Two way,13.033633,77.575857,0,8203
R T Nagar,2021,Simple Injury,Not Applicable,Others,13.030532,77.577638,0,8204
R T Nagar,2021,Damage Only,Not Applicable,Others,13.037038,77.565946,0,8205
R T Nagar,2021,Damage Only,Not Applicable,Others,13.04574,77.57108,0,8206
R T Nagar,2021,Grievous Injury,Not Applicable,Others,13.045131,77.5642419,0,8207
R T Nagar,2021,Simple Injury,Not Applicable,Others,13.038235,77.58925,0,8208
R T Nagar,2021,Simple Injury,Not Applicable,Others,13.032467,77.587806,0,8209
R T Nagar,2021,Simple Injury,Vehicle to Vehicle,Two way,13.023522,77.585847,0,8210
R T Nagar,2021,Simple Injury,Not Applicable,Others,13.028364,77.585981,0,8211
R T Nagar,2021,Damage Only,Not Applicable,Others,13.028313,77.585844,0,8212
R T Nagar,2021,Simple Injury,Not Applicable,Others,13.038326,77.568798,0,8213
R T Nagar,2021,Damage Only,Not Applicable,Others,13.041567,77.586977,0,8214
R T Nagar,2021,Damage Only,Not Applicable,Others,13.026965,77.585734,0,8215
R T Nagar,2021,Fatal,Not Applicable,Others,13.041859,77.584402,1,8216
R T Nagar,2022,Simple Injury,Vehicle to Vehicle,Others,13.023232,77.58486,0,8217
R T Nagar,2022,Simple Injury,Vehicle to Vehicle,Others,13.027978,77.585844,0,8218
R T Nagar,2022,Not Applicable,Not Applicable,Not Applicable,13.033571,77.58831,0,8219
R T Nagar,2022,Grievous Injury,Vehicle to Vehicle,Others,13.038567,77.589398,0,8220
R T Nagar,2022,Damage Only,Not Applicable,Others,13.025299,77.58116,0,8221
R T Nagar,2022,Simple Injury,Not Applicable,Others,13.040971,77.567941,0,8222
R T Nagar,2022,Simple Injury,Vehicle to Vehicle,Others,13.042556,77.573677,0,8223
R T Nagar,2022,Not Applicable,Not Applicable,Others,13.029273,77.5864,0,8224
R T Nagar,2022,Grievous Injury,Vehicle to Vehicle,Others,13.027151,77.578192,0,8225
R T Nagar,2022,Simple Injury,Vehicle to Vehicle,Others,13.028,77.573351,0,8226
R T Nagar,2022,Fatal,Not Applicable,Others,13.038569,77.5892659,1,8227
R T Nagar,2022,Damage Only,Vehicle to Vehicle,Not Applicable,13.038546,77.589383,0,8228
R T Nagar,2022,Simple Injury,Vehicle to Vehicle,Others,13.040966,77.567952,0,8229
R T Nagar,2022,Simple Injury,Vehicle to Vehicle,Others,13.033455,77.575942,0,8230
R T Nagar,2022,Grievous Injury,Vehicle to Vehicle,Others,13.032441,77.58781,0,8231
R T Nagar,2022,Not Applicable,Vehicle to Vehicle,Others,13.039051,77.589454,0,8232
R T Nagar,2022,Damage Only,Vehicle to Vehicle,Not Applicable,13.039271,77.589491,0,8233
R T Nagar,2022,Simple Injury,Hit pedestrian,Others,13.02788,77.573963,0,8234
R T Nagar,2022,Grievous Injury,Vehicle to Vehicle,Others,13.036015,77.58915,0,8235
R T Nagar,2022,Simple Injury,Vehicle to Vehicle,Others,13.039243,77.589365,0,8236
R T Nagar,2022,Damage Only,Vehicle to Vehicle,Others,13.022222,77.584497,0,8237
R T Nagar,2022,Simple Injury,Not Applicable,Others,13.024215,77.586907,0,8238
R T Nagar,2022,Simple Injury,Vehicle to Vehicle,Others,13.027697,77.585749,0,8239
R T Nagar,2023,Grievous Injury,Vehicle to Vehicle,Others,13.041439,77.56848,0,8240
R T Nagar,2023,Damage Only,Vehicle to Vehicle,Others,12.997286,77.598377,0,8241
R T Nagar,2023,Grievous Injury,Vehicle to Vehicle,Others,13.019318,77.595718,0,8242
R T Nagar,2023,Simple Injury,Hit pedestrian,Others,13.008928,77.591409,0,8243
R T Nagar,2023,Grievous Injury,Vehicle to Vehicle,Not Applicable,13.027329,77.577366,0,8244
R T Nagar,2023,Damage Only,Vehicle to Vehicle,Others,12.973864,77.713768,0,8245
R T Nagar,2023,Simple Injury,Vehicle to Vehicle,Others,13.036464,77.597008,0,8246
R T Nagar,2023,Fatal,Hit pedestrian,Others,13.038502,77.589253,1,8247
R T Nagar,2023,Fatal,Hit pedestrian,Others,12.99993,77.594897,1,8248
R T Nagar,2023,Grievous Injury,Vehicle to Vehicle,Others,13.02631,77.60291,0,8249
R T Nagar,2023,Simple Injury,Vehicle to Vehicle,Others,13.019318,77.595718,0,8250
Rajajinagar,2016,Grievous Injury,Hit pedestrian,City or Town Road,13.033271,77.60468,0,8251
Rajajinagar,2016,Simple Injury,Rear end,City or Town Road,13.071208,77.552553,0,8252
Rajajinagar,2016,Damage Only,Rear end,City or Town Road,13.015991,77.533823,0,8253
Rajajinagar,2016,Simple Injury,Hit pedestrian,City or Town Road,13.015991,77.533823,0,8254
Rajajinagar,2016,Damage Only,Rear end,City or Town Road,13.017349,77.536863,0,8255
Rajajinagar,2016,Grievous Injury,Hit pedestrian,City or Town Road,12.990098,77.558843,0,8256
Rajajinagar,2016,Grievous Injury,Head on,City or Town Road,13.018799,77.536863,0,8257
Rajajinagar,2016,Grievous Injury,Hit pedestrian,City or Town Road,12.987433,77.559172,0,8258
Rajajinagar,2016,Fatal,Others,Others,13.033271,77.60468,1,8259
Rajajinagar,2016,Grievous Injury,Head on,City or Town Road,13.037495,77.630452,0,8260
Rajajinagar,2016,Simple Injury,Rear end,City or Town Road,13.018799,77.536863,0,8261
Rajajinagar,2016,Grievous Injury,Head on,City or Town Road,13.033271,77.60468,0,8262
Rajajinagar,2016,Damage Only,Rear end,City or Town Road,13.027954,77.632168,0,8263
Rajajinagar,2016,Grievous Injury,Hit pedestrian,City or Town Road,13.033271,77.60468,0,8264
Rajajinagar,2016,Grievous Injury,Hit and Run,City or Town Road,13.033271,77.60468,0,8265
Rajajinagar,2016,Grievous Injury,Hit pedestrian,City or Town Road,13.033271,77.60468,0,8266
Rajajinagar,2016,Grievous Injury,Overturning,City or Town Road,13.019077,77.542596,0,8267
Rajajinagar,2016,Simple Injury,Overturning,City or Town Road,12.990023,77.553232,0,8268
Rajajinagar,2016,Damage Only,Hit and Run,City or Town Road,12.943651,77.579179,0,8269
Rajajinagar,2016,Simple Injury,Hit and Run,City or Town Road,13.033271,77.60468,0,8270
Rajajinagar,2016,Grievous Injury,Rear end,City or Town Road,13.027954,77.552553,0,8271
Rajajinagar,2016,Grievous Injury,Head on,City or Town Road,12.990098,77.558843,0,8272
Rajajinagar,2016,Simple Injury,Others,Others,12.989815,77.55255,0,8273
Rajajinagar,2016,Grievous Injury,Rear end,City or Town Road,13.005328,77.547417,0,8274
Rajajinagar,2016,Grievous Injury,Hit and Run,City or Town Road,13.017349,77.539559,0,8275
Rajajinagar,2016,Grievous Injury,Head on,City or Town Road,13.021339,77.53063,0,8276
Rajajinagar,2016,Grievous Injury,Head on,City or Town Road,13.005328,77.547417,0,8277
Rajajinagar,2016,Grievous Injury,Head on,City or Town Road,13.021339,77.53063,0,8278
Rajajinagar,2016,Grievous Injury,Head on,City or Town Road,12.990098,77.558843,0,8279
Rajajinagar,2016,Grievous Injury,Hit and Run,City or Town Road,13.071208,77.506054,0,8280
Rajajinagar,2016,Damage Only,Head on,City or Town Road,13.027954,77.632168,0,8281
Rajajinagar,2016,Grievous Injury,Hit pedestrian,City or Town Road,13.02954,77.632168,0,8282
Rajajinagar,2017,Fatal,Hit pedestrian,City or Town Road,13.01383,77.32334,1,8283
Rajajinagar,2017,Damage Only,Rear end,City or Town Road,13.0139,77.332161,0,8284
Rajajinagar,2017,Fatal,Overturning,City or Town Road,13.10887,77.315317,1,8285
Rajajinagar,2017,Simple Injury,Rear end,City or Town Road,13.05644,77.323178,0,8286
Rajajinagar,2017,Fatal,Hit pedestrian,City or Town Road,13.11287,77.313183,1,8287
Rajajinagar,2017,Simple Injury,Rear end,City or Town Road,13.1768,77.321271,0,8288
Rajajinagar,2017,Simple Injury,Hit pedestrian,City or Town Road,13.0894,77.315485,0,8289
Rajajinagar,2017,Simple Injury,Rear end,City or Town Road,13.0139,77.332161,0,8290
Rajajinagar,2017,Simple Injury,Rear end,City or Town Road,13.001453,77.525079,0,8291
Rajajinagar,2017,Simple Injury,Hit pedestrian,City or Town Road,13.008836,77.527092,0,8292
Rajajinagar,2017,Simple Injury,Hit pedestrian,City or Town Road,13.009346,77.526715,0,8293
Rajajinagar,2017,Fatal,Rear end,City or Town Road,13.0220708,77.5244444,1,8294
Rajajinagar,2017,Fatal,Head on,City or Town Road,13.003959,77.526298,1,8295
Rajajinagar,2017,Fatal,Hit pedestrian,City or Town Road,13.05423,77.32378,1,8296
Rajajinagar,2017,Damage Only,Rear end,City or Town Road,13.05418,77.7322211,0,8297
Rajajinagar,2017,Simple Injury,Hit pedestrian,City or Town Road,13.014414,77.538733,0,8298
Rajajinagar,2017,Simple Injury,Hit pedestrian,City or Town Road,12.997534,77.554282,0,8299
Rajajinagar,2018,Simple Injury,Hit pedestrian,City or Town Road,13.01452,77.53064,0,8300
Rajajinagar,2018,Simple Injury,Rear end,City or Town Road,13.05418,77.322211,0,8301
Rajajinagar,2018,Simple Injury,Rear end,City or Town Road,13.05418,77.322211,0,8302
Rajajinagar,2018,Simple Injury,Rear end,City or Town Road,13.04549,77.322204,0,8303
Rajajinagar,2018,Simple Injury,Head on,City or Town Road,13.04549,77.322204,0,8304
Rajajinagar,2018,Simple Injury,Hit pedestrian,City or Town Road,13.1868,77.323334,0,8305
Rajajinagar,2018,Simple Injury,Head on,City or Town Road,13.02714,77.313672,0,8306
Rajajinagar,2018,Simple Injury,Hit pedestrian,City or Town Road,13.01597,77.32013,0,8307
Rajajinagar,2018,Fatal,Rear end,City or Town Road,13.0014,77.5268,1,8308
Rajajinagar,2018,Simple Injury,Rear end,City or Town Road,13.05418,77.322211,0,8309
Rajajinagar,2018,Simple Injury,Rear end,City or Town Road,13.05254,77.33506,0,8310
Rajajinagar,2018,Simple Injury,Rear end,City or Town Road,13.0139,77.332161,0,8311
Rajajinagar,2018,Simple Injury,Rear end,City or Town Road,13.0036,77.33195,0,8312
Rajajinagar,2018,Grievous Injury,Rear end,City or Town Road,13.0014,77.5268,0,8313
Rajajinagar,2018,Fatal,Hit and Run,City or Town Road,13.0036,77.33195,1,8314
Rajajinagar,2018,Grievous Injury,Head on,City or Town Road,13.0894,77.315485,0,8315
Rajajinagar,2018,Simple Injury,Hit pedestrian,City or Town Road,13.0894,77.315485,0,8316
Rajajinagar,2018,Simple Injury,Rear end,City or Town Road,13.009477,77.527088,0,8317
Rajajinagar,2018,Simple Injury,Hit pedestrian,City or Town Road,13.02562,77.315729,0,8318
Rajajinagar,2018,Simple Injury,Hit pedestrian,City or Town Road,13.000129,77.530829,0,8319
Rajajinagar,2018,Simple Injury,Hit pedestrian,City or Town Road,13.02714,77.313672,0,8320
Rajajinagar,2018,Simple Injury,Head on,City or Town Road,13.0014,77.5268,0,8321
Rajajinagar,2018,Simple Injury,Rear end,City or Town Road,12.988546,77.559142,0,8322
Rajajinagar,2018,Simple Injury,Hit pedestrian,City or Town Road,13.01834,77.311751,0,8323
Rajajinagar,2018,Simple Injury,Hit pedestrian,City or Town Road,13.0014,77.5268,0,8324
Rajajinagar,2018,Grievous Injury,Hit pedestrian,City or Town Road,13.0014,77.5268,0,8325
Rajajinagar,2018,Simple Injury,Hit pedestrian,City or Town Road,13.0139,77.332161,0,8326
Rajajinagar,2018,Simple Injury,Hit pedestrian,City or Town Road,13.05644,77.323178,0,8327
Rajajinagar,2018,Simple Injury,Hit pedestrian,City or Town Road,13.01597,77.32013,0,8328
Rajajinagar,2018,Simple Injury,Head on,City or Town Road,13.02714,77.313672,0,8329
Rajajinagar,2018,Simple Injury,Hit pedestrian,City or Town Road,13.02562,77.315729,0,8330
Rajajinagar,2018,Simple Injury,Hit pedestrian,City or Town Road,13.1768,77.321271,0,8331
Rajajinagar,2018,Simple Injury,Head on,City or Town Road,13.02714,77.313672,0,8332
Rajajinagar,2018,Simple Injury,Head on,City or Town Road,13.05644,77.323178,0,8333
Rajajinagar,2018,Simple Injury,Hit pedestrian,City or Town Road,13.10887,77.315317,0,8334
Rajajinagar,2018,Grievous Injury,Rear end,City or Town Road,13.10887,77.315317,0,8335
Rajajinagar,2018,Simple Injury,Rear end,City or Town Road,13.05418,77.322211,0,8336
Rajajinagar,2018,Simple Injury,Hit and Run,City or Town Road,13.0014,77.5268,0,8337
Rajajinagar,2018,Simple Injury,Hit pedestrian,City or Town Road,13.02714,77.313672,0,8338
Rajajinagar,2018,Simple Injury,Others,City or Town Road,13.003959,77.526298,0,8339
Rajajinagar,2018,Simple Injury,Head on,City or Town Road,13.01398,77.323368,0,8340
Rajajinagar,2018,Fatal,Run Off Road,City or Town Road,13.1529,77.315547,1,8341
Rajajinagar,2018,Grievous Injury,Rear end,City or Town Road,13.05418,77.32211,0,8342
Rajajinagar,2018,Fatal,Hit pedestrian,City or Town Road,13.0014,77.5268,1,8343
Rajajinagar,2018,Fatal,Hit and Run,City or Town Road,13.03197,77.322352,1,8344
Rajajinagar,2018,Fatal,Hit pedestrian,City or Town Road,13.017387,77.531653,1,8345
Rajajinagar,2018,Simple Injury,Rear end,City or Town Road,13.02714,77.313672,0,8346
Rajajinagar,2018,Simple Injury,Hit and Run,City or Town Road,13.05254,77.33506,0,8347
Rajajinagar,2019,Grievous Injury,Head on,City or Town Road,13.02714,77.313672,0,8348
Rajajinagar,2019,Grievous Injury,Right Turn Collision,City or Town Road,13.0139,77.332161,0,8349
Rajajinagar,2019,Grievous Injury,Vehicle to Vehicle,Two way,13.05418,77.32211,0,8350
Rajajinagar,2019,Grievous Injury,Vehicle to Vehicle,One way,13.05254,77.33506,0,8351
Rajajinagar,2019,Grievous Injury,Others,City or Town Road,13.05638,77.323192,0,8352
Rajajinagar,2019,Simple Injury,Hit pedestrian,City or Town Road,13.0014,77.5268,0,8353
Rajajinagar,2019,Grievous Injury,Vehicle to Vehicle,Service Road,13.0014,77.5268,0,8354
Rajajinagar,2019,Simple Injury,Hit pedestrian,Two way,13.0894,77.315485,0,8355
Rajajinagar,2019,Simple Injury,Hit pedestrian,City or Town Road,13.02714,77.313672,0,8356
Rajajinagar,2019,Simple Injury,Hit pedestrian,City or Town Road,13.0014,77.5268,0,8357
Rajajinagar,2019,Grievous Injury,Vehicle to Vehicle,Two way,13.04549,77.322204,0,8358
Rajajinagar,2019,Simple Injury,Rear end,City or Town Road,13.01398,77.323368,0,8359
Rajajinagar,2019,Grievous Injury,Hit pedestrian,Two way,13.02714,77.313672,0,8360
Rajajinagar,2019,Simple Injury,Not Applicable,One way,13.10887,77.315317,0,8361
Rajajinagar,2019,Simple Injury,Hit pedestrian,Two way,13.0014,77.5268,0,8362
Rajajinagar,2019,Simple Injury,Hit pedestrian,City or Town Road,13.05638,77.323192,0,8363
Rajajinagar,2019,Fatal,Hit pedestrian,Two way,13.05638,77.323192,1,8364
Rajajinagar,2019,Grievous Injury,Vehicle to Vehicle,One way,13.0014,77.5268,0,8365
Rajajinagar,2019,Fatal,Vehicle to Vehicle,Two way,13.1868,77.323334,1,8366
Rajajinagar,2019,Simple Injury,Skidding or Self accident,City or Town Road,13.05254,77.3306,0,8367
Rajajinagar,2019,Simple Injury,Hit pedestrian,City or Town Road,13.05254,77.33506,0,8368
Rajajinagar,2019,Fatal,Hit pedestrian,Two way,13.02714,77.313672,1,8369
Rajajinagar,2019,Fatal,Rear end,City or Town Road,13.04549,77.322204,1,8370
Rajajinagar,2019,Simple Injury,Hit pedestrian,Two way,13.04549,77.322204,0,8371
Rajajinagar,2019,Grievous Injury,Hit pedestrian,Two way,13.0014,77.5268,0,8372
Rajajinagar,2019,Simple Injury,Rear end,City or Town Road,13.0139,77.332161,0,8373
Rajajinagar,2019,Simple Injury,Hit pedestrian,City or Town Road,13.0014,77.5268,0,8374
Rajajinagar,2019,Simple Injury,Hit pedestrian,City or Town Road,13.10887,77.315317,0,8375
Rajajinagar,2019,Fatal,Vehicle to Vehicle,Two way,13.10887,77.315317,1,8376
Rajajinagar,2019,Simple Injury,Hit pedestrian,Residential Street,13.02562,77.315729,0,8377
Rajajinagar,2019,Simple Injury,Hit pedestrian,City or Town Road,13.0014,77.5268,0,8378
Rajajinagar,2019,Simple Injury,Vehicle to Vehicle,One way,13.05418,77.322211,0,8379
Rajajinagar,2019,Simple Injury,Hit pedestrian,Two way,13.0014,77.5268,0,8380
Rajajinagar,2019,Simple Injury,Vehicle to Vehicle,Two way,13.0139,77.332161,0,8381
Rajajinagar,2019,Simple Injury,Hit pedestrian,City or Town Road,13.1768,77.321271,0,8382
Rajajinagar,2020,Fatal,Vehicle to Vehicle,One way,13.0014,77.5268,1,8383
Rajajinagar,2020,Grievous Injury,Vehicle to Vehicle,Two way,13.1868,77.323334,0,8384
Rajajinagar,2020,Fatal,Vehicle to Vehicle,One way,13.10887,77.315317,1,8385
Rajajinagar,2020,Grievous Injury,Hit pedestrian,Two way,13.10887,77.315317,0,8386
Rajajinagar,2020,Simple Injury,Hit pedestrian,Two way,13.01398,77.323368,0,8387
Rajajinagar,2020,Grievous Injury,Vehicle to Vehicle,Two way,13.02714,77.313672,0,8388
Rajajinagar,2020,Grievous Injury,Vehicle to Vehicle,One way,13.05418,77.322211,0,8389
Rajajinagar,2020,Fatal,Hit pedestrian,One way,13.0014,77.5268,1,8390
Rajajinagar,2021,Grievous Injury,Vehicle to Vehicle,Two way,12.986182,77.556193,0,8391
Rajajinagar,2021,Grievous Injury,Hit pedestrian,One way,13.017227,77.531621,0,8392
Rajajinagar,2021,Fatal,Hit pedestrian,Others,13.05254,77.33506,1,8393
Rajajinagar,2021,Grievous Injury,Hit pedestrian,Others,13.018971,77.539766,0,8394
Rajajinagar,2021,Grievous Injury,Vehicle to Vehicle,Two way,12.990468,77.55248,0,8395
Rajajinagar,2021,Fatal,Vehicle to Vehicle,One way,13.05418,77.322211,1,8396
Rajajinagar,2022,Fatal,Hit pedestrian,Two way,13.019013,77.539748,1,8397
Rajajinagar,2022,Grievous Injury,Hit pedestrian,Two way,13.0126,77.5661,0,8398
Rajajinagar,2022,Fatal,Vehicle to Vehicle,One way,13.018502,77.53187,1,8399
Rajajinagar,2022,Grievous Injury,Vehicle to Vehicle,Two way,12.989469,77.554198,0,8400
Rajajinagar,2022,Fatal,Hit pedestrian,One way,13.1599,77.5338,1,8401
Rajajinagar,2022,Grievous Injury,Vehicle to Vehicle,Two way,12.9949,77.5548,0,8402
Rajajinagar,2022,Grievous Injury,Hit pedestrian,Two way,13.0023,77.52611,0,8403
Rajajinagar,2022,Damage Only,Vehicle to Vehicle,One way,13.0148,77.5377,0,8404
Rajajinagar,2022,Fatal,Vehicle to Vehicle,One way,12.9963,77.5507,1,8405
Rajajinagar,2022,Fatal,Vehicle to Vehicle,Two way,13.01026,77.5254,1,8406
Rajajinagar,2022,Fatal,Not Applicable,Two way,12.9895,77.5608,1,8407
Rajajinagar,2022,Fatal,Not Applicable,Others,13.0101,77.5274,1,8408
Rajajinagar,2022,Simple Injury,Vehicle to Vehicle,Others,12.9877,77.5506,0,8409
Rajajinagar,2022,Damage Only,Vehicle to Vehicle,Two way,13.021021,77.528386,0,8410
Rajajinagar,2022,Simple Injury,Vehicle to Vehicle,Two way,13.0014,77.542,0,8411
Rajajinagar,2022,Grievous Injury,Vehicle to Vehicle,Two way,13.0077,77.544,0,8412
Rajajinagar,2022,Simple Injury,Hit pedestrian,Two way,13.0031,77.5335,0,8413
Rajajinagar,2022,Grievous Injury,Hit pedestrian,Two way,12.990014,77.552583,0,8414
Rajajinagar,2022,Grievous Injury,Vehicle to Vehicle,Others,13.05418,77.322352,0,8415
Rajajinagar,2022,Grievous Injury,Hit pedestrian,Service Road,12.998235,77.523606,0,8416
Rajajinagar,2022,Damage Only,Vehicle to Vehicle,Two way,13.0084,77.5266,0,8417
Rajajinagar,2023,Grievous Injury,Hit pedestrian,Two way,13.0066,77.533,0,8418
Rajajinagar,2023,Fatal,Vehicle to Vehicle,Two way,13.001518,77.315729,1,8419
Rajajinagar,2023,Fatal,Vehicle to Vehicle,Others,13.003946,77.526666,1,8420
Rajajinagar,2023,Grievous Injury,Vehicle to Vehicle,Two way,13.000327,77.52638,0,8421
Rajajinagar,2023,Grievous Injury,Vehicle to Vehicle,Two way,12.9981,77.553,0,8422
Rajajinagar,2023,Grievous Injury,Vehicle to Vehicle,Others,13.2455,77.5145,0,8423
Rajajinagar,2023,Grievous Injury,Not Applicable,Two way,13.008641,77.526417,0,8424
Rajajinagar,2023,Grievous Injury,Hit pedestrian,Service Road,13.001379,77.525188,0,8425
Rajajinagar,2023,Grievous Injury,Vehicle to Vehicle,Two way,13.2656,77.5588,0,8426
Rajajinagar,2023,Grievous Injury,Hit pedestrian,Two way,13.008525,77.833645,0,8427
Rajajinagar,2023,Grievous Injury,Hit pedestrian,Two way,13.004471,77.53488,0,8428
Rajajinagar,2023,Simple Injury,Vehicle to Vehicle,Two way,13.245879,77.321458,0,8429
Rajajinagar,2023,Grievous Injury,Vehicle to Vehicle,Service Road,13.014595,77.530607,0,8430
Rajajinagar,2023,Grievous Injury,Vehicle to Vehicle,Two way,13.045866,77.42586,0,8431
Rajajinagar,2023,Grievous Injury,Vehicle to Vehicle,Two way,13.024546,77.521369,0,8432
Rajajinagar,2023,Grievous Injury,Hit animal,Two way,13.022185,77.532506,0,8433
Rajajinagar,2023,Grievous Injury,Hit pedestrian,Two way,13.018924,77.523015,0,8434
Rajajinagar,2023,Grievous Injury,Hit pedestrian,Two way,13.022916,77.53306,0,8435
Rajajinagar,2023,Grievous Injury,Not Applicable,Two way,12.997406,77.523346,0,8436
Rajajinagar,2023,Simple Injury,Hit pedestrian,Residential Street,12.988564,77.556067,0,8437
Rajajinagar,2023,Grievous Injury,Vehicle to Vehicle,Others,13.002231,77.315485,0,8438
Rajajinagar,2023,Fatal,Hit pedestrian,Two way,13.004242,77.519244,1,8439
Rajajinagar,2023,Damage Only,Vehicle to Vehicle,One way,13.014235,77.530607,0,8440
Rajajinagar,2023,Grievous Injury,Vehicle to Vehicle,Two way,12.994565,77.554583,0,8441
Rajajinagar,2023,Grievous Injury,Hit pedestrian,Two way,13.011735,77.548657,0,8442
Rajajinagar,2023,Grievous Injury,Vehicle to Vehicle,Two way,13.0233,77.5329,0,8443
Rajajinagar,2023,Fatal,Vehicle to Vehicle,Two way,13.014543,77.530487,1,8444
Rajajinagar,2023,Grievous Injury,Vehicle to Vehicle,Two way,12.9907,77.5578,0,8445
Rajajinagar,2023,Grievous Injury,Vehicle to Vehicle,Not Applicable,13.0024,77.52461,0,8446
Rajajinagar,2023,Grievous Injury,Hit pedestrian,Two way,13.00254,77.54232,0,8447
Rajajinagar,2023,Simple Injury,Vehicle to Vehicle,Others,13.008933,77.53985,0,8448
Rajajinagar,2023,Simple Injury,Vehicle to Vehicle,Two way,13.01861,77.52636,0,8449
Rajajinagar,2023,Grievous Injury,Hit pedestrian,Others,13.006674,77.526857,0,8450
Rajajinagar,2023,Grievous Injury,Vehicle to Vehicle,Two way,13.001237,77.547636,0,8451
Rajajinagar,2023,Grievous Injury,Not Applicable,Two way,13.007675,77.529327,0,8452
S.S.Nagar,2016,Simple Injury,Not Applicable,City or Town Road,13.00505,77.33568,0,8453
S.S.Nagar,2016,Grievous Injury,Not Applicable,City or Town Road,13.003475,77.345405,0,8454
S.S.Nagar,2016,Simple Injury,Hit pedestrian,Not Applicable,12.999728,77.583923,0,8455
S.S.Nagar,2016,Grievous Injury,Not Applicable,City or Town Road,13.01452,77.58397,0,8456
S.S.Nagar,2016,Damage Only,Not Applicable,City or Town Road,13.002273,77.344363,0,8457
S.S.Nagar,2016,Damage Only,Not Applicable,City or Town Road,13.005188,77.350232,0,8458
S.S.Nagar,2016,Simple Injury,Hit and Run,City or Town Road,13.010694,77.350248,0,8459
S.S.Nagar,2016,Damage Only,Hit and Run,City or Town Road,13.014775,77.576419,0,8460
S.S.Nagar,2016,Damage Only,Not Applicable,City or Town Road,13.003224,77.350267,0,8461
S.S.Nagar,2016,Simple Injury,Not Applicable,City or Town Road,13.011271,77.334946,0,8462
S.S.Nagar,2016,Damage Only,Not Applicable,City or Town Road,13.00505,77.33568,0,8463
S.S.Nagar,2016,Fatal,Not Applicable,City or Town Road,13.005279,77.342864,1,8464
S.S.Nagar,2016,Simple Injury,Others,City or Town Road,13.011405,77.350242,0,8465
S.S.Nagar,2016,Simple Injury,Others,City or Town Road,13.002782,77.34213,0,8466
S.S.Nagar,2016,Simple Injury,Hit and Run,City or Town Road,13.012144,77.569102,0,8467
S.S.Nagar,2016,Simple Injury,Others,City or Town Road,13.016869,77.583895,0,8468
S.S.Nagar,2016,Fatal,Others,City or Town Road,13.006387,77.578746,1,8469
S.S.Nagar,2016,Fatal,Hit pedestrian,City or Town Road,13.001926,77.344858,1,8470
S.S.Nagar,2016,Simple Injury,Others,City or Town Road,13.005188,77.350232,0,8471
S.S.Nagar,2016,Simple Injury,Hit and Run,City or Town Road,13.022145,77.335083,0,8472
S.S.Nagar,2016,Simple Injury,Others,City or Town Road,13.005319,77.578465,0,8473
S.S.Nagar,2016,Damage Only,Not Applicable,City or Town Road,13.0039,77.350123,0,8474
S.S.Nagar,2016,Fatal,Not Applicable,City or Town Road,13.005279,77.345588,1,8475
S.S.Nagar,2016,Simple Injury,Not Applicable,City or Town Road,13.002283,77.34436,0,8476
S.S.Nagar,2016,Grievous Injury,Hit pedestrian,City or Town Road,13.005659,77.350245,0,8477
S.S.Nagar,2016,Damage Only,Hit and Run,City or Town Road,13.020329,77.584046,0,8478
S.S.Nagar,2016,Fatal,Others,City or Town Road,13.005299,77.342954,1,8479
S.S.Nagar,2016,Simple Injury,Hit and Run,City or Town Road,13.005299,77.342954,0,8480
S.S.Nagar,2016,Simple Injury,Not Applicable,City or Town Road,13.0039,77.350123,0,8481
S.S.Nagar,2016,Damage Only,Hit and Run,City or Town Road,13.00526,77.350292,0,8482
S.S.Nagar,2016,Damage Only,Not Applicable,City or Town Road,13.00505,77.33568,0,8483
S.S.Nagar,2016,Simple Injury,Not Applicable,City or Town Road,13.001785,77.35025,0,8484
S.S.Nagar,2016,Simple Injury,Not Applicable,City or Town Road,13.005279,77.342864,0,8485
S.S.Nagar,2016,Simple Injury,Hit and Run,City or Town Road,12.997942,77.581434,0,8486
S.S.Nagar,2016,Simple Injury,Not Applicable,City or Town Road,13.005238,77.342333,0,8487
S.S.Nagar,2016,Simple Injury,Hit and Run,City or Town Road,13.00335,77.34324,0,8488
S.S.Nagar,2016,Damage Only,Others,Not Applicable,13.014455,77.584143,0,8489
S.S.Nagar,2016,Grievous Injury,Others,City or Town Road,13.003617,77.350147,0,8490
S.S.Nagar,2016,Fatal,Hit and Run,City or Town Road,13.0052533,77.345721,1,8491
S.S.Nagar,2016,Grievous Injury,Not Applicable,City or Town Road,13.005279,77.342864,0,8492
S.S.Nagar,2016,Simple Injury,Not Applicable,City or Town Road,13.001785,77.35025,0,8493
S.S.Nagar,2016,Damage Only,Not Applicable,City or Town Road,13.010694,77.350248,0,8494
S.S.Nagar,2016,Damage Only,Not Applicable,City or Town Road,13.000544,77.350291,0,8495
S.S.Nagar,2016,Grievous Injury,Others,City or Town Road,13.010095,77.350171,0,8496
S.S.Nagar,2016,Damage Only,Hit and Run,City or Town Road,12.998388,77.584232,0,8497
S.S.Nagar,2016,Damage Only,Others,City or Town Road,13.003275,77.38368,0,8498
S.S.Nagar,2016,Simple Injury,Others,City or Town Road,13.001108,77.341967,0,8499
S.S.Nagar,2016,Fatal,Others,City or Town Road,13.024683,77.572069,1,8500
S.S.Nagar,2016,Simple Injury,Others,City or Town Road,13.011405,77.350242,0,8501
S.S.Nagar,2016,Simple Injury,Hit and Run,City or Town Road,13.027262,77.57169,0,8502
S.S.Nagar,2016,Simple Injury,Hit and Run,Not Applicable,13.020329,77.584046,0,8503
S.S.Nagar,2016,Damage Only,Others,City or Town Road,12.9993967,77.584109,0,8504
S.S.Nagar,2016,Simple Injury,Not Applicable,City or Town Road,13.0008,77.341976,0,8505
S.S.Nagar,2016,Damage Only,Not Applicable,City or Town Road,13.0022181,77.34411,0,8506
S.S.Nagar,2016,Damage Only,Not Applicable,City or Town Road,13.005279,77.342864,0,8507
S.S.Nagar,2016,Damage Only,Others,City or Town Road,13.005316,77.34324,0,8508
S.S.Nagar,2016,Damage Only,Not Applicable,City or Town Road,13.0022181,77.344411,0,8509
S.S.Nagar,2016,Damage Only,Not Applicable,City or Town Road,13.002241,77.344396,0,8510
S.S.Nagar,2016,Grievous Injury,Not Applicable,City or Town Road,13.002241,77.344396,0,8511
S.S.Nagar,2016,Damage Only,Not Applicable,City or Town Road,13.003617,77.350147,0,8512
S.S.Nagar,2016,Damage Only,Others,City or Town Road,13.003788,77.583208,0,8513
S.S.Nagar,2016,Damage Only,Others,City or Town Road,13.003255,77.584127,0,8514
S.S.Nagar,2017,Simple Injury,Others,City or Town Road,13.028249,77.569817,0,8515
S.S.Nagar,2017,Simple Injury,Hit and Run,City or Town Road,13.032226,77.56991,0,8516
S.S.Nagar,2017,Simple Injury,Not Applicable,City or Town Road,13.011428,77.569179,0,8517
S.S.Nagar,2017,Grievous Injury,Others,City or Town Road,13.011949,77.569161,0,8518
S.S.Nagar,2017,Simple Injury,Others,City or Town Road,13.014251,77.56808,0,8519
S.S.Nagar,2017,Damage Only,Others,City or Town Road,13.002477,77.584051,0,8520
S.S.Nagar,2017,Simple Injury,Others,City or Town Road,12.994572,77.578193,0,8521
S.S.Nagar,2017,Damage Only,Not Applicable,City or Town Road,13.020299,77.583857,0,8522
S.S.Nagar,2017,Simple Injury,Hit and Run,City or Town Road,12.999733,77.583848,0,8523
S.S.Nagar,2017,Fatal,Others,City or Town Road,12.998005,77.58431,1,8524
S.S.Nagar,2017,Simple Injury,Hit and Run,City or Town Road,13.031395,77.56806,0,8525
S.S.Nagar,2017,Simple Injury,Others,City or Town Road,13.014363,77.583985,0,8526
S.S.Nagar,2017,Damage Only,Hit and Run,City or Town Road,13.007537,77.583819,0,8527
S.S.Nagar,2017,Simple Injury,Others,City or Town Road,13.014614,77.581097,0,8528
S.S.Nagar,2017,Simple Injury,Hit and Run,City or Town Road,13.010446,77.576373,0,8529
S.S.Nagar,2017,Simple Injury,Others,City or Town Road,13.012252,77.56885,0,8530
S.S.Nagar,2017,Simple Injury,Hit and Run,City or Town Road,13.001878,77.576027,0,8531
S.S.Nagar,2017,Damage Only,Others,City or Town Road,13.014107,77.5759,0,8532
S.S.Nagar,2017,Damage Only,Others,Not Applicable,13.014805,77.579008,0,8533
S.S.Nagar,2017,Damage Only,Others,Not Applicable,13.002241,77.344396,0,8534
S.S.Nagar,2017,Damage Only,Hit and Run,City or Town Road,13.003473,77.583805,0,8535
S.S.Nagar,2017,Fatal,Others,City or Town Road,13.014069,77.565784,1,8536
S.S.Nagar,2017,Simple Injury,Others,City or Town Road,13.021645,77.584303,0,8537
S.S.Nagar,2017,Simple Injury,Hit and Run,City or Town Road,13.036677,77.566233,0,8538
S.S.Nagar,2017,Simple Injury,Others,City or Town Road,13.007889,77.577702,0,8539
S.S.Nagar,2017,Simple Injury,Others,City or Town Road,13.002529,77.584072,0,8540
S.S.Nagar,2017,Damage Only,Hit and Run,City or Town Road,13.006572,77.584101,0,8541
S.S.Nagar,2017,Fatal,Hit and Run,City or Town Road,13.008336,77.571796,1,8542
S.S.Nagar,2017,Simple Injury,Others,City or Town Road,12.99969,77.584229,0,8543
S.S.Nagar,2017,Simple Injury,Not Applicable,City or Town Road,12.99826,77.58446,0,8544
S.S.Nagar,2017,Damage Only,Hit and Run,Two way,13.014671,77.572601,0,8545
S.S.Nagar,2017,Simple Injury,Others,City or Town Road,13.035869,77.566965,0,8546
S.S.Nagar,2017,Damage Only,Hit and Run,City or Town Road,13.03693,77.565965,0,8547
S.S.Nagar,2017,Simple Injury,Others,City or Town Road,13.006181,77.583988,0,8548
S.S.Nagar,2017,Damage Only,Others,City or Town Road,12.998143,77.583702,0,8549
S.S.Nagar,2017,Simple Injury,Others,City or Town Road,13.014102,77.565841,0,8550
S.S.Nagar,2017,Damage Only,Others,City or Town Road,12.99853,77.581991,0,8551
S.S.Nagar,2017,Damage Only,Others,City or Town Road,13.011428,77.569179,0,8552
S.S.Nagar,2017,Damage Only,Others,City or Town Road,13.006323,77.575913,0,8553
S.S.Nagar,2017,Damage Only,Not Applicable,City or Town Road,13.039636,77.563922,0,8554
S.S.Nagar,2017,Simple Injury,Others,City or Town Road,13.006431,77.578775,0,8555
S.S.Nagar,2017,Grievous Injury,Hit pedestrian,Not Applicable,13.014713,77.574976,0,8556
S.S.Nagar,2017,Simple Injury,Hit and Run,City or Town Road,13.003473,77.583805,0,8557
S.S.Nagar,2017,Damage Only,Others,City or Town Road,13.016724,77.583911,0,8558
S.S.Nagar,2017,Damage Only,Hit and Run,City or Town Road,13.003721,77.583218,0,8559
S.S.Nagar,2017,Damage Only,Others,City or Town Road,13.014102,77.56584,0,8560
S.S.Nagar,2017,Damage Only,Others,City or Town Road,13.014069,77.565184,0,8561
S.S.Nagar,2017,Damage Only,Others,City or Town Road,12.998341,77.573902,0,8562
S.S.Nagar,2017,Simple Injury,Others,City or Town Road,13.005371,77.572079,0,8563
S.S.Nagar,2017,Damage Only,Others,City or Town Road,13.014451,77.5844113,0,8564
S.S.Nagar,2017,Simple Injury,Others,City or Town Road,13.006436,77.578765,0,8565
S.S.Nagar,2017,Damage Only,Not Applicable,City or Town Road,13.039257,77.564081,0,8566
S.S.Nagar,2017,Damage Only,Hit and Run,City or Town Road,13.003473,77.583805,0,8567
S.S.Nagar,2017,Simple Injury,Hit and Run,City or Town Road,13.002477,77.584051,0,8568
S.S.Nagar,2017,Simple Injury,Hit and Run,City or Town Road,13.014759,77.579098,0,8569
S.S.Nagar,2017,Damage Only,Not Applicable,City or Town Road,13.004678,77.576853,0,8570
S.S.Nagar,2017,Simple Injury,Skidding or Self accident,City or Town Road,13.033672,77.566367,0,8571
S.S.Nagar,2017,Simple Injury,Hit pedestrian,City or Town Road,12.99662,77.579211,0,8572
S.S.Nagar,2017,Damage Only,Not Applicable,City or Town Road,13.021192,77.584094,0,8573
S.S.Nagar,2017,Simple Injury,Others,City or Town Road,13.023251,77.572118,0,8574
S.S.Nagar,2017,Damage Only,Hit and Run,City or Town Road,13.014069,77.565184,0,8575
S.S.Nagar,2017,Damage Only,Others,City or Town Road,13.020238,77.583857,0,8576
S.S.Nagar,2017,Simple Injury,Others,City or Town Road,13.006323,77.578913,0,8577
S.S.Nagar,2017,Damage Only,Others,City or Town Road,12.998341,77.573902,0,8578
S.S.Nagar,2017,Damage Only,Others,City or Town Road,12.99853,77.581991,0,8579
S.S.Nagar,2017,Simple Injury,Not Applicable,City or Town Road,13.024495,77.572046,0,8580
S.S.Nagar,2017,Simple Injury,Hit and Run,City or Town Road,13.016654,77.583892,0,8581
S.S.Nagar,2017,Simple Injury,Not Applicable,City or Town Road,13.014671,77.572601,0,8582
S.S.Nagar,2017,Simple Injury,Hit and Run,City or Town Road,13.022417,77.58445,0,8583
S.S.Nagar,2017,Damage Only,Others,City or Town Road,13.002511,77.584179,0,8584
S.S.Nagar,2017,Damage Only,Others,City or Town Road,13.014599,77.573444,0,8585
S.S.Nagar,2017,Simple Injury,Hit and Run,City or Town Road,13.010983,77.569911,0,8586
S.S.Nagar,2017,Simple Injury,Hit and Run,Two way,13.009839,77.570669,0,8587
S.S.Nagar,2017,Grievous Injury,Others,City or Town Road,13.041617,77.562341,0,8588
S.S.Nagar,2017,Damage Only,Others,City or Town Road,13.003558,77.584016,0,8589
S.S.Nagar,2017,Damage Only,Others,City or Town Road,13.008141,77.584035,0,8590
S.S.Nagar,2017,Damage Only,Hit and Run,City or Town Road,13.020238,77.583857,0,8591
S.S.Nagar,2017,Simple Injury,Hit and Run,City or Town Road,13.040845,77.562896,0,8592
S.S.Nagar,2017,Simple Injury,Others,City or Town Road,13.006911,77.57871,0,8593
S.S.Nagar,2017,Damage Only,Others,City or Town Road,13.021138,77.584235,0,8594
S.S.Nagar,2017,Simple Injury,Not Applicable,City or Town Road,13.022728,77.584599,0,8595
S.S.Nagar,2017,Damage Only,Others,City or Town Road,12.998924,77.574295,0,8596
S.S.Nagar,2017,Simple Injury,Others,City or Town Road,12.999644,77.584241,0,8597
S.S.Nagar,2017,Simple Injury,Hit and Run,City or Town Road,12.999792,77.583904,0,8598
S.S.Nagar,2017,Grievous Injury,Others,City or Town Road,13.014363,77.583985,0,8599
S.S.Nagar,2017,Simple Injury,Hit and Run,City or Town Road,13.002821,77.572232,0,8600
S.S.Nagar,2017,Damage Only,Others,City or Town Road,13.014658,77.583917,0,8601
S.S.Nagar,2017,Damage Only,Not Applicable,City or Town Road,13.039636,77.563922,0,8602
S.S.Nagar,2017,Grievous Injury,Hit pedestrian,City or Town Road,13.032781,77.566349,0,8603
S.S.Nagar,2017,Damage Only,Others,City or Town Road,13.020348,77.584024,0,8604
S.S.Nagar,2018,Damage Only,Others,City or Town Road,13.010909,77.569972,0,8605
S.S.Nagar,2018,Simple Injury,Hit and Run,City or Town Road,13.005232,77.571188,0,8606
S.S.Nagar,2018,Simple Injury,Others,City or Town Road,13.02819,77.569825,0,8607
S.S.Nagar,2018,Simple Injury,Right Turn Collision,City or Town Road,13.017502,77.573233,0,8608
S.S.Nagar,2018,Damage Only,Rear end,City or Town Road,12.998611,77.584191,0,8609
S.S.Nagar,2018,Damage Only,Side swipe,City or Town Road,13.010236,77.580465,0,8610
S.S.Nagar,2018,Simple Injury,Others,City or Town Road,13.014609,77.583947,0,8611
S.S.Nagar,2018,Simple Injury,Hit and Run,City or Town Road,13.014561,77.583878,0,8612
S.S.Nagar,2018,Damage Only,Others,City or Town Road,13.009537,77.575544,0,8613
S.S.Nagar,2018,Damage Only,Others,City or Town Road,13.012162,77.584131,0,8614
S.S.Nagar,2018,Simple Injury,Others,City or Town Road,13.022088,77.572198,0,8615
S.S.Nagar,2018,Simple Injury,Hit and Run,City or Town Road,13.010245,77.58055,0,8616
S.S.Nagar,2018,Simple Injury,Hit and Run,City or Town Road,13.020059,77.584028,0,8617
S.S.Nagar,2018,Simple Injury,Others,City or Town Road,13.01448,77.583858,0,8618
S.S.Nagar,2018,Simple Injury,Others,City or Town Road,13.016707,77.583932,0,8619
S.S.Nagar,2018,Fatal,Head on,City or Town Road,13.006373,77.578704,1,8620
S.S.Nagar,2018,Simple Injury,Hit pedestrian,City or Town Road,13.028464,77.571255,0,8621
S.S.Nagar,2018,Simple Injury,Not Applicable,City or Town Road,13.039411,77.564121,0,8622
S.S.Nagar,2018,Simple Injury,Hit pedestrian,City or Town Road,13.014194,77.56552,0,8623
S.S.Nagar,2018,Simple Injury,Hit pedestrian,City or Town Road,13.010976,77.570026,0,8624
S.S.Nagar,2018,Fatal,Hit and Run,City or Town Road,12.999583,77.58423,1,8625
S.S.Nagar,2018,Simple Injury,Others,City or Town Road,13.005091,77.580923,0,8626
S.S.Nagar,2018,Simple Injury,Others,City or Town Road,13.030464,77.569142,0,8627
S.S.Nagar,2018,Fatal,Not Applicable,City or Town Road,13.004237,77.5824,1,8628
S.S.Nagar,2018,Simple Injury,Hit and Run,City or Town Road,13.008205,77.577837,0,8629
S.S.Nagar,2018,Simple Injury,Hit and Run,City or Town Road,13.014217,77.567792,0,8630
S.S.Nagar,2018,Damage Only,Hit and Run,City or Town Road,13.007387,77.578298,0,8631
S.S.Nagar,2018,Simple Injury,Hit and Run,City or Town Road,13.00846,77.57167,0,8632
S.S.Nagar,2018,Simple Injury,Not Applicable,City or Town Road,12.99967,77.58415,0,8633
S.S.Nagar,2018,Damage Only,Hit and Run,City or Town Road,13.028367,77.57126,0,8634
S.S.Nagar,2018,Simple Injury,Head on,City or Town Road,13.008086,77.58388,0,8635
S.S.Nagar,2018,Simple Injury,Hit pedestrian,City or Town Road,13.005925,77.576786,0,8636
S.S.Nagar,2018,Simple Injury,Hit and Run,City or Town Road,13.014271,77.583925,0,8637
S.S.Nagar,2018,Simple Injury,Others,City or Town Road,13.020282,77.583883,0,8638
S.S.Nagar,2018,Simple Injury,Hit and Run,City or Town Road,13.003094,77.571981,0,8639
S.S.Nagar,2018,Simple Injury,Hit and Run,City or Town Road,13.041792,77.562302,0,8640
S.S.Nagar,2018,Simple Injury,Others,City or Town Road,13.040827,77.562922,0,8641
S.S.Nagar,2018,Simple Injury,Hit pedestrian,City or Town Road,12.998956,77.573318,0,8642
S.S.Nagar,2018,Simple Injury,Hit pedestrian,City or Town Road,13.022822,77.584484,0,8643
S.S.Nagar,2018,Simple Injury,Others,City or Town Road,13.023511,77.572091,0,8644
S.S.Nagar,2018,Fatal,Hit and Run,City or Town Road,13.031265,77.568076,1,8645
S.S.Nagar,2018,Simple Injury,Hit pedestrian,City or Town Road,12.998434,77.584178,0,8646
S.S.Nagar,2018,Simple Injury,Hit and Run,City or Town Road,13.014549,77.583994,0,8647
S.S.Nagar,2018,Simple Injury,Others,City or Town Road,12.998724,77.584162,0,8648
S.S.Nagar,2018,Simple Injury,Not Applicable,City or Town Road,13.017168,77.584038,0,8649
S.S.Nagar,2018,Simple Injury,Hit and Run,City or Town Road,13.029764,77.569811,0,8650
S.S.Nagar,2018,Simple Injury,Hit and Run,City or Town Road,13.034094,77.568538,0,8651
S.S.Nagar,2018,Simple Injury,Others,City or Town Road,13.010306,77.583907,0,8652
S.S.Nagar,2018,Damage Only,Not Applicable,City or Town Road,13.006332,77.583999,0,8653
S.S.Nagar,2018,Simple Injury,Hit and Run,City or Town Road,13.014062,77.57376,0,8654
S.S.Nagar,2018,Simple Injury,Hit and Run,City or Town Road,13.009058,77.583796,0,8655
S.S.Nagar,2018,Fatal,Hit pedestrian,City or Town Road,13.005091,77.578543,1,8656
S.S.Nagar,2018,Damage Only,Others,City or Town Road,13.014669,77.572821,0,8657
S.S.Nagar,2018,Simple Injury,Hit pedestrian,City or Town Road,13.011232,77.583743,0,8658
S.S.Nagar,2018,Simple Injury,Head on,City or Town Road,13.031489,77.570216,0,8659
S.S.Nagar,2018,Simple Injury,Others,City or Town Road,13.002156,77.584157,0,8660
S.S.Nagar,2018,Damage Only,Not Applicable,City or Town Road,13.026671,77.575702,0,8661
S.S.Nagar,2018,Simple Injury,Not Applicable,City or Town Road,13.00261,77.584151,0,8662
S.S.Nagar,2018,Damage Only,Others,City or Town Road,13.024273,77.572071,0,8663
S.S.Nagar,2018,Simple Injury,Not Applicable,City or Town Road,13.005071,77.578547,0,8664
S.S.Nagar,2018,Simple Injury,Hit and Run,City or Town Road,13.031265,77.568076,0,8665
S.S.Nagar,2018,Simple Injury,Not Applicable,City or Town Road,13.014637,77.583809,0,8666
S.S.Nagar,2018,Simple Injury,Others,City or Town Road,13.016561,77.584038,0,8667
S.S.Nagar,2018,Simple Injury,Hit and Run,City or Town Road,13.021452,77.584306,0,8668
S.S.Nagar,2018,Simple Injury,Not Applicable,City or Town Road,13.01711,77.572664,0,8669
S.S.Nagar,2018,Simple Injury,Hit pedestrian,City or Town Road,12.999688,77.58423,0,8670
S.S.Nagar,2018,Fatal,Head on,City or Town Road,13.003538,77.583948,1,8671
S.S.Nagar,2018,Simple Injury,Not Applicable,City or Town Road,13.021564,77.584334,0,8672
S.S.Nagar,2018,Damage Only,Hit and Run,City or Town Road,13.021556,77.584325,0,8673
S.S.Nagar,2018,Damage Only,Others,City or Town Road,13.010449,77.576043,0,8674
S.S.Nagar,2018,Simple Injury,Hit and Run,City or Town Road,13.017169,77.584026,0,8675
S.S.Nagar,2018,Simple Injury,Others,City or Town Road,13.010388,77.577217,0,8676
S.S.Nagar,2018,Simple Injury,Hit and Run,City or Town Road,13.020078,77.583852,0,8677
S.S.Nagar,2018,Simple Injury,Hit and Run,City or Town Road,12.999309,77.583553,0,8678
S.S.Nagar,2018,Simple Injury,Others,City or Town Road,13.024306,77.572071,0,8679
S.S.Nagar,2018,Simple Injury,Others,City or Town Road,13.017218,77.584037,0,8680
S.S.Nagar,2018,Simple Injury,Head on,City or Town Road,13.005368,77.574832,0,8681
S.S.Nagar,2018,Damage Only,Hit and Run,City or Town Road,13.008905,77.583799,0,8682
S.S.Nagar,2018,Simple Injury,Hit pedestrian,City or Town Road,13.002525,77.584158,0,8683
S.S.Nagar,2018,Simple Injury,Hit and Run,City or Town Road,13.014505,77.58383,0,8684
S.S.Nagar,2018,Damage Only,Not Applicable,City or Town Road,13.022322,77.58451,0,8685
S.S.Nagar,2018,Fatal,Hit bicyclist,City or Town Road,13.024029,77.572076,1,8686
S.S.Nagar,2018,Simple Injury,Others,City or Town Road,13.024319,77.572056,0,8687
S.S.Nagar,2019,Simple Injury,Vehicle to Vehicle,Others,13.012134,77.569357,0,8688
S.S.Nagar,2019,Fatal,Hit pedestrian,Others,13.03204,77.569849,1,8689
S.S.Nagar,2019,Fatal,Hit pedestrian,Others,13.02,77.584021,1,8690
S.S.Nagar,2019,Simple Injury,Others,City or Town Road,13.014542,77.583094,0,8691
S.S.Nagar,2019,Simple Injury,Vehicle to Vehicle,Others,13.021638,77.584281,0,8692
S.S.Nagar,2019,Damage Only,Vehicle to Vehicle,One way,13.009024,77.583939,0,8693
S.S.Nagar,2019,Fatal,Vehicle to Vehicle,Others,13.010493,77.583751,1,8694
S.S.Nagar,2019,Simple Injury,Vehicle to Vehicle,Others,13.040829,77.562939,0,8695
S.S.Nagar,2019,Grievous Injury,Vehicle to Vehicle,Others,13.007986,77.583966,0,8696
S.S.Nagar,2019,Simple Injury,Hit pedestrian,Others,13.011983,77.569168,0,8697
S.S.Nagar,2019,Grievous Injury,Vehicle to Vehicle,Others,13.011921,77.583756,0,8698
S.S.Nagar,2019,Simple Injury,Hit pedestrian,City or Town Road,13.027325,77.571793,0,8699
S.S.Nagar,2019,Simple Injury,Hit pedestrian,City or Town Road,13.006252,77.574135,0,8700
S.S.Nagar,2019,Damage Only,Vehicle to Vehicle,Residential Street,13.0102,77.581269,0,8701
S.S.Nagar,2019,Damage Only,Vehicle to Vehicle,Residential Street,13.025105,77.57748,0,8702
S.S.Nagar,2019,Simple Injury,Vehicle to Vehicle,Others,12.998912,77.575753,0,8703
S.S.Nagar,2019,Grievous Injury,Hit pedestrian,Others,13.032375,77.5698,0,8704
S.S.Nagar,2019,Fatal,Head on,City or Town Road,13.037028,77.565981,1,8705
S.S.Nagar,2019,Simple Injury,Hit pedestrian,Others,13.00534,77.5805929,0,8706
S.S.Nagar,2019,Fatal,Hit pedestrian,Others,13.008552,77.571752,1,8707
S.S.Nagar,2019,Grievous Injury,Vehicle to Vehicle,Others,13.005209,77.578694,0,8708
S.S.Nagar,2019,Simple Injury,Hit and Run,City or Town Road,13.002908,77.574589,0,8709
S.S.Nagar,2019,Simple Injury,Vehicle to Vehicle,Others,13.017309,77.584022,0,8710
S.S.Nagar,2019,Grievous Injury,Vehicle to Vehicle,Others,13.030436,77.569119,0,8711
S.S.Nagar,2019,Damage Only,Vehicle to Vehicle,Others,13.010112,77.57067,0,8712
S.S.Nagar,2019,Damage Only,Vehicle to Vehicle,Others,13.006763,77.583935,0,8713
S.S.Nagar,2019,Simple Injury,Vehicle to Vehicle,Expressway,13.034064,77.568616,0,8714
S.S.Nagar,2019,Damage Only,Hit and Run,City or Town Road,13.016509,77.584015,0,8715
S.S.Nagar,2019,Grievous Injury,Vehicle to Vehicle,Others,13.014402,77.583969,0,8716
S.S.Nagar,2019,Grievous Injury,Hit pedestrian,Others,12.999682,77.584092,0,8717
S.S.Nagar,2019,Simple Injury,Others,City or Town Road,13.021312,77.584264,0,8718
S.S.Nagar,2019,Damage Only,Head on,City or Town Road,13.024736,77.579719,0,8719
S.S.Nagar,2019,Grievous Injury,Hit pedestrian,Others,13.011948,77.584094,0,8720
S.S.Nagar,2019,Damage Only,Others,City or Town Road,13.014237,77.5837449,0,8721
S.S.Nagar,2019,Grievous Injury,Hit pedestrian,Residential Street,13.006343,77.572562,0,8722
S.S.Nagar,2019,Simple Injury,Vehicle to Vehicle,Others,12.999683,77.584264,0,8723
S.S.Nagar,2019,Simple Injury,Vehicle to Vehicle,Others,13.022682,77.584563,0,8724
S.S.Nagar,2019,Simple Injury,Vehicle to Vehicle,Others,13.013067,77.579574,0,8725
S.S.Nagar,2019,Grievous Injury,Vehicle to Vehicle,Others,13.00438,77.584121,0,8726
S.S.Nagar,2019,Simple Injury,Hit pedestrian,City or Town Road,13.003631,77.583856,0,8727
S.S.Nagar,2019,Damage Only,Vehicle to Vehicle,Others,13.017555,77.583932,0,8728
S.S.Nagar,2019,Simple Injury,Vehicle to Vehicle,Residential Street,13.003068,77.583095,0,8729
S.S.Nagar,2019,Grievous Injury,Vehicle to Vehicle,Others,13.014009,77.566565,0,8730
S.S.Nagar,2019,Simple Injury,Hit pedestrian,Others,13.006453,77.578764,0,8731
S.S.Nagar,2019,Simple Injury,Hit pedestrian,Arterial,13.011341,77.580394,0,8732
S.S.Nagar,2019,Simple Injury,Vehicle to Vehicle,Others,13.010905,77.5839,0,8733
S.S.Nagar,2019,Simple Injury,Not Applicable,Others,13.003861,77.583111,0,8734
S.S.Nagar,2019,Damage Only,Vehicle to Vehicle,Others,13.017408,77.584029,0,8735
S.S.Nagar,2019,Damage Only,Others,City or Town Road,13.010232,77.583962,0,8736
S.S.Nagar,2019,Simple Injury,Vehicle to Vehicle,Others,13.03614,77.566757,0,8737
S.S.Nagar,2020,Simple Injury,Hit pedestrian,Others,13.028267,77.571244,0,8738
S.S.Nagar,2020,Fatal,Vehicle to Vehicle,Others,13.014098,77.566741,1,8739
S.S.Nagar,2020,Fatal,Hit pedestrian,Others,12.999629,77.584199,1,8740
S.S.Nagar,2021,Fatal,Hit pedestrian,Others,13.021151,77.584228,1,8741
S.S.Nagar,2023,Damage Only,Not Applicable,Residential Street,13.015958,77.583819,0,8742
S.S.Nagar,2023,Grievous Injury,Hit pedestrian,Others,13.004601,77.581641,0,8743
S.S.Nagar,2023,Grievous Injury,Vehicle to Vehicle,Residential Street,13.0325181,77.5666858,0,8744
S.S.Nagar,2023,Damage Only,Vehicle to Vehicle,Not Applicable,13.014066,77.565597,0,8745
S.S.Nagar,2023,Damage Only,Not Applicable,Others,13.002611,77.587729,0,8746
S.S.Nagar,2023,Grievous Injury,Vehicle to Vehicle,Others,13.0033,77.583821,0,8747
S.S.Nagar,2023,Fatal,Hit pedestrian,Others,13.0099459,77.5838922,1,8748
S.S.Nagar,2023,Grievous Injury,Vehicle to Vehicle,Others,13.0148567,77.5758744,0,8749
S.S.Nagar,2023,Damage Only,Vehicle to Vehicle,Others,13.020011,77.583946,0,8750
S.S.Nagar,2023,Grievous Injury,Vehicle to Vehicle,Others,13.016683,77.5839086,0,8751
S.S.Nagar,2023,Fatal,Not Applicable,Service Road,13.016117,77.583822,1,8752
S.S.Nagar,2023,Grievous Injury,Vehicle to Vehicle,Others,13.0166971,77.5839043,0,8753
S.S.Nagar,2023,Damage Only,Vehicle to Vehicle,Others,13.122023,77.583873,0,8754
S.S.Nagar,2023,Grievous Injury,Vehicle to Vehicle,Residential Street,13.000971,77.583999,0,8755
S.S.Nagar,2023,Grievous Injury,Hit pedestrian,Residential Street,13.000307,77.335071,0,8756
S.S.Nagar,2023,Damage Only,Not Applicable,Residential Street,12.997503,77.34421,0,8757
S.S.Nagar,2023,Grievous Injury,Hit bicyclist,Others,13.018799,77.568033,0,8758
S.S.Nagar,2023,Grievous Injury,Vehicle to Vehicle,Others,13.016702,77.5838996,0,8759
S.S.Nagar,2023,Damage Only,Vehicle to Vehicle,Residential Street,13.0063156,77.578919,0,8760
S.S.Nagar,2023,Grievous Injury,Hit pedestrian,Others,13.000307,77.5841685,0,8761
S.S.Nagar,2023,Damage Only,Vehicle to Vehicle,Residential Street,13.017219,77.58401,0,8762
S.S.Nagar,2023,Grievous Injury,Vehicle to Vehicle,Residential Street,13.014674,77.572759,0,8763
S.S.Nagar,2023,Damage Only,Not Applicable,Others,12.9987569,77.5842969,0,8764
S.S.Nagar,2023,Damage Only,Vehicle to Vehicle,Residential Street,13.028449,77.571269,0,8765
S.S.Nagar,2023,Grievous Injury,Not Applicable,Residential Street,13.01759,77.572537,0,8766
S.S.Nagar,2023,Grievous Injury,Not Applicable,Others,13.0146597,77.5725538,0,8767
Shivajinagar,2016,Grievous Injury,Hit and Run,Two way,12.98198863,77.60426247,0,8768
Shivajinagar,2016,Damage Only,Drowned,Two way,12.99293828,77.61244901,0,8769
Shivajinagar,2016,Fatal,Not Applicable,City or Town Road,12.97771212,77.60708732,1,8770
Shivajinagar,2016,Fatal,Others,City or Town Road,12.97926992,77.60244543,1,8771
Shivajinagar,2016,Grievous Injury,Others,One way,12.98195607,77.61220744,0,8772
Shivajinagar,2016,Damage Only,Not Applicable,City or Town Road,12.98494252,77.61475315,0,8773
Shivajinagar,2016,Fatal,Head on,City or Town Road,12.98207991,77.59889222,1,8774
Shivajinagar,2016,Fatal,Not Applicable,City or Town Road,12.9772579,77.60861878,1,8775
Shivajinagar,2016,Grievous Injury,Hit pedestrian,Two way,12.9807699,77.6029132,0,8776
Shivajinagar,2016,Damage Only,Others,City or Town Road,12.97713934,77.60873627,0,8777
Shivajinagar,2017,Grievous Injury,Hit pedal cyclist,City or Town Road,12.977337509265,77.608773669,0,8778
Shivajinagar,2017,Grievous Injury,Hit parked vehicle,City or Town Road,12.979168,77.602358,0,8779
Shivajinagar,2017,Simple Injury,Hit and Run,City or Town Road,12.980049,77.6074005,0,8780
Shivajinagar,2017,Simple Injury,Right Turn Collision,City or Town Road,12.9845952685424,77.6016792674637,0,8781
Shivajinagar,2017,Simple Injury,Right Turn Collision,City or Town Road,12.9839938220282,77.59791969477631,0,8782
Shivajinagar,2017,Grievous Injury,Rear end,City or Town Road,12.983683,77.603503,0,8783
Shivajinagar,2017,Simple Injury,Hit and Run,City or Town Road,12.9779355748146,77.6066269208779,0,8784
Shivajinagar,2017,Simple Injury,Right Turn Collision,City or Town Road,12.980049,77.6074005000004,0,8785
Shivajinagar,2017,Simple Injury,Hit pedestrian,City or Town Road,12.9837224,77.6036621,0,8786
Shivajinagar,2017,Simple Injury,Others,City or Town Road,12.977337509265,77.608773669,0,8787
Shivajinagar,2017,Simple Injury,Head on,City or Town Road,12.9792651595828,77.60274160195459,0,8788
Shivajinagar,2017,Simple Injury,Hit and Run,City or Town Road,12.981477,77.613184,0,8789
Shivajinagar,2017,Simple Injury,Hit pedestrian,City or Town Road,12.983805,77.603145,0,8790
Shivajinagar,2017,Simple Injury,Others,City or Town Road,12.980851,77.610081,0,8791
Shivajinagar,2017,Damage Only,Hit and Run,City or Town Road,12.9782387,77.6056664,0,8792
Shivajinagar,2017,Simple Injury,Hit pedestrian,Residential Street,12.9763182,77.61465559999998,0,8793
Shivajinagar,2017,Simple Injury,Hit and Run,City or Town Road,12.982196,77.603451,0,8794
Shivajinagar,2017,Simple Injury,Hit and Run,City or Town Road,12.988773,77.598952,0,8795
Shivajinagar,2017,Damage Only,Hit and Run,City or Town Road,12.977077,77.608857,0,8796
Shivajinagar,2017,Simple Injury,Hit pedal cyclist,City or Town Road,12.978323,77.602513,0,8797
Shivajinagar,2017,Damage Only,Right Turn Collision,City or Town Road,12.977461,77.607613,0,8798
Shivajinagar,2017,Damage Only,Head on,City or Town Road,12.98399382,77.59791969,0,8799
Shivajinagar,2018,Simple Injury,Hit and Run,City or Town Road,12.98428,77.597317,0,8800
Shivajinagar,2018,Simple Injury,Side swipe,City or Town Road,12.979303,77.602419,0,8801
Shivajinagar,2018,Simple Injury,Right Turn Collision,City or Town Road,12.977891,77.606624,0,8802
Shivajinagar,2018,Damage Only,Others,One way,12.981123,77.613942,0,8803
Shivajinagar,2018,Simple Injury,Hit and Run,City or Town Road,12.987733,77.605345,0,8804
Shivajinagar,2018,Grievous Injury,Rear end,City or Town Road,12.979443,77.602525,0,8805
Shivajinagar,2018,Simple Injury,Hit and Run,City or Town Road,12.984868,77.60235,0,8806
Shivajinagar,2018,Grievous Injury,Hit and Run,City or Town Road,12.991341,77.599874,0,8807
Shivajinagar,2018,Fatal,Others,Arterial,12.982075,77.598875,1,8808
Shivajinagar,2018,Grievous Injury,Others,City or Town Road,12.981421,77.6133,0,8809
Shivajinagar,2018,Simple Injury,Right Turn Collision,One way,12.9822,77.603455,0,8810
Shivajinagar,2018,Damage Only,Others,City or Town Road,12.977769,77.606542,0,8811
Shivajinagar,2018,Simple Injury,Hit and Run,City or Town Road,12.984404,77.59724,0,8812
Shivajinagar,2018,Damage Only,Overturning,City or Town Road,12.980975,77.609985,0,8813
Shivajinagar,2018,Simple Injury,Right Turn Collision,Others,12.982021,77.605705,0,8814
Shivajinagar,2018,Simple Injury,Hit and Run,City or Town Road,12.984045,77.599529,0,8815
Shivajinagar,2018,Fatal,Others,City or Town Road,12.976397,77.611001,1,8816
Shivajinagar,2018,Damage Only,Others,City or Town Road,12.979187,77.60244,0,8817
Shivajinagar,2018,Simple Injury,Others,City or Town Road,12.98068,77.598366,0,8818
Shivajinagar,2018,Simple Injury,Hit and Run,City or Town Road,12.984328,77.600343,0,8819
Shivajinagar,2018,Grievous Injury,Hit and Run,City or Town Road,12.984083,77.603546,0,8820
Shivajinagar,2018,Grievous Injury,Hit and Run,Others,12.98536,77.60693,0,8821
Shivajinagar,2019,Grievous Injury,Hit pedestrian,Residential Street,12.983286,77.598595,0,8822
Shivajinagar,2019,Damage Only,Vehicle to Vehicle,Others,12.977904,77.606638,0,8823
Shivajinagar,2019,Simple Injury,Vehicle to Vehicle,Arterial,12.977719,77.606693,0,8824
Shivajinagar,2019,Grievous Injury,Hit pedestrian,One way,12.986678,77.598225,0,8825
Shivajinagar,2019,Grievous Injury,Vehicle to Vehicle,Arterial,12.979051,77.602333,0,8826
Shivajinagar,2019,Grievous Injury,Vehicle to Vehicle,Arterial,12.980121,77.612574,0,8827
Shivajinagar,2019,Damage Only,Right Turn Collision,One way,12.988266,77.598801,0,8828
Shivajinagar,2019,Grievous Injury,Hit pedestrian,Arterial,12.975607,77.613336,0,8829
Shivajinagar,2019,Simple Injury,Hit pedestrian,Sub Arterial,12.984044,77.598794,0,8830
Shivajinagar,2019,Grievous Injury,Vehicle to Vehicle,Sub Arterial,12.985344,77.607028,0,8831
Shivajinagar,2019,Grievous Injury,Vehicle to Vehicle,Arterial,12.988247,77.5988,0,8832
Shivajinagar,2019,Simple Injury,Vehicle to Vehicle,Residential Street,12.984054,77.604801,0,8833
Shivajinagar,2019,Fatal,Hit pedestrian,Others,12.982283,77.60276,1,8834
Shivajinagar,2019,Fatal,Not Applicable,Residential Street,12.984103,77.608776,1,8835
Shivajinagar,2019,Damage Only,Vehicle to Vehicle,Arterial,12.97928,77.607091,0,8836
Shivajinagar,2019,Grievous Injury,Vehicle to Vehicle,Sub Arterial,12.984176,77.599366,0,8837
Shivajinagar,2019,Fatal,Hit pedestrian,Arterial,12.984305,77.59737,1,8838
Shivajinagar,2019,Grievous Injury,Vehicle to Vehicle,Residential Street,12.983656,77.611062,0,8839
Shivajinagar,2019,Damage Only,Vehicle to Vehicle,Arterial,12.979149,77.602406,0,8840
Shivajinagar,2019,Grievous Injury,Vehicle to Vehicle,Others,12.979573,77.609615,0,8841
Shivajinagar,2019,Grievous Injury,Vehicle to Vehicle,Arterial,12.977688,77.607284,0,8842
Shivajinagar,2019,Grievous Injury,Hit pedestrian,Others,12.98413,77.604606,0,8843
Shivajinagar,2019,Damage Only,Vehicle to Vehicle,Sub Arterial,12.97716,77.608755,0,8844
Shivajinagar,2019,Grievous Injury,Vehicle to Vehicle,Sub Arterial,12.980839,77.614482,0,8845
Shivajinagar,2020,Damage Only,Not Applicable,Sub Arterial,12.984228,77.60295,0,8846
Shivajinagar,2020,Simple Injury,Vehicle to Vehicle,Sub Arterial,12.985194,77.597561,0,8847
Shivajinagar,2020,Simple Injury,Vehicle to Vehicle,Arterial,12.978326,77.604969,0,8848
Shivajinagar,2021,Fatal,Hit pedestrian,Two way,12.977865,77.606738,1,8849
Shivajinagar,2021,Damage Only,Vehicle to Vehicle,Others,12.984006,77.59802,0,8850
Shivajinagar,2021,Grievous Injury,Vehicle to Vehicle,One way,12.985169,77.597549,0,8851
Shivajinagar,2022,Simple Injury,Not Applicable,One way,12.98827,77.598788,0,8852
Shivajinagar,2022,Simple Injury,Not Applicable,Two way,12.980368,77.603904,0,8853
Shivajinagar,2022,Grievous Injury,Vehicle to Vehicle,Residential Street,13.01155,77.606571,0,8854
Shivajinagar,2022,Simple Injury,Vehicle to Vehicle,Sub Arterial,12.98685,77.598227,0,8855
Shivajinagar,2022,Fatal,Hit pedestrian,Sub Arterial,12.983573,77.603359,1,8856
Shivajinagar,2022,Simple Injury,Hit bicyclist,Two way,12.974928,77.605231,0,8857
Shivajinagar,2022,Damage Only,Not Applicable,Not Applicable,12.978775,77.604093,0,8858
Shivajinagar,2022,Simple Injury,Not Applicable,Two way,12.977543,77.607642,0,8859
Shivajinagar,2022,Damage Only,Vehicle to Vehicle,Two way,12.979332,77.602352,0,8860
Shivajinagar,2022,Grievous Injury,Vehicle to Vehicle,Sub Arterial,12.9771869,77.6087348,0,8861
Shivajinagar,2022,Grievous Injury,Vehicle to Vehicle,Sub Arterial,12.980935,77.604125,0,8862
Shivajinagar,2022,Simple Injury,Vehicle to Vehicle,Sub Arterial,12.98125,77.601336,0,8863
Shivajinagar,2022,Simple Injury,Vehicle to Vehicle,Sub Arterial,12.977478,77.607637,0,8864
Shivajinagar,2022,Simple Injury,Vehicle to Vehicle,Others,12.980374,77.603878,0,8865
Shivajinagar,2022,Grievous Injury,Hit pedestrian,Two way,12.9841128,77.6043838,0,8866
Shivajinagar,2022,Simple Injury,Hit pedestrian,One way,12.982396,77.612455,0,8867
Shivajinagar,2022,Grievous Injury,Vehicle to Vehicle,Sub Arterial,12.97792,77.606645,0,8868
Shivajinagar,2022,Grievous Injury,Vehicle to Vehicle,Two way,12.98396,77.597712,0,8869
Shivajinagar,2023,Fatal,Vehicle to Vehicle,Sub Arterial,12.977812,77.606884,1,8870
Shivajinagar,2023,Fatal,Hit pedestrian,One way,12.989406,77.599329,1,8871
Shivajinagar,2023,Grievous Injury,Hit pedestrian,One way,12.988326,77.598792,0,8872
Shivajinagar,2023,Fatal,Not Applicable,Sub Arterial,12.976325,77.6115699,1,8873
Shivajinagar,2023,Grievous Injury,Hit pedestrian,Sub Arterial,12.984021,77.597662,0,8874
Shivajinagar,2023,Damage Only,Vehicle to Vehicle,Sub Arterial,12.979862,77.605448,0,8875
Shivajinagar,2023,Grievous Injury,Not Applicable,Arterial,12.977489,77.608896,0,8876
Shivajinagar,2023,Fatal,Vehicle to Vehicle,Sub Arterial,12.977799,77.606676,1,8877
Shivajinagar,2023,Damage Only,Vehicle to Vehicle,Major District Road,12.979293,77.602426,0,8878
Shivajinagar,2023,Grievous Injury,Vehicle to Vehicle,Sub Arterial,12.990124,77.600909,0,8879
Thalagattapura,2023,Grievous Injury,Not Applicable,Expressway,12.851067,77.552123,0,8880
Thalagattapura,2023,Grievous Injury,Vehicle to Vehicle,Expressway,12.880893,77.546498,0,8881
Thalagattapura,2023,Damage Only,Vehicle to Vehicle,Not Applicable,12.8554844,77.5455809,0,8882
Thalagattapura,2023,Simple Injury,Hit animal,Major District Road,12.874388,77.5391201,0,8883
Thalagattapura,2023,Simple Injury,Hit pedestrian,Major District Road,12.875954,77.542841,0,8884
Thalagattapura,2023,Fatal,Vehicle to Vehicle,Major District Road,12.873169,77.497848,1,8885
Thalagattapura,2023,Grievous Injury,Vehicle to Vehicle,Others,12.883739,77.541166,0,8886
Thalagattapura,2023,Fatal,Hit animal,Major District Road,12.8793977,77.707996,1,8887
Thalagattapura,2023,Simple Injury,Vehicle to Vehicle,Expressway,12.971599,77.594566,0,8888
Thalagattapura,2023,Fatal,Hit pedestrian,One way,12.879257,77.529932,1,8889
Thalagattapura,2023,Fatal,Not Applicable,State Highway,12.87073,77.501123,1,8890
Thalagattapura,2023,Fatal,Not Applicable,Two way,12.886544,77.53909,1,8891
Thalagattapura,2023,Simple Injury,Vehicle to Vehicle,Others,12.887582,77.512782,0,8892
Thalagattapura,2023,Fatal,Vehicle to Vehicle,Expressway,12.862325,77.521623,1,8893
Thalagattapura,2023,Simple Injury,Hit pedestrian,Minor District Road,12.891654,77.539218,0,8894
Thalagattapura,2023,Grievous Injury,Not Applicable,Major District Road,12.8576,77.5273,0,8895
Thalagattapura,2023,Fatal,Vehicle to Vehicle,Expressway,12.87082,77.50622,1,8896
Thalagattapura,2023,Grievous Injury,Vehicle to Vehicle,Residential Street,12.972442,77.580643,0,8897
Thalagattapura,2023,Damage Only,Vehicle to Vehicle,Major District Road,12.88314,77.5482982,0,8898
Thalagattapura,2023,Grievous Injury,Not Applicable,Expressway,12.850679,77.554139,0,8899
Thalagattapura,2023,Simple Injury,Vehicle to Vehicle,Major District Road,12.891328,77.546665,0,8900
Thalagattapura,2023,Grievous Injury,Vehicle to Vehicle,Major District Road,12.879261,77.510911,0,8901
Thalagattapura,2023,Fatal,Not Applicable,Expressway,12.849651,77.557335,1,8902
Thalagattapura,2023,Grievous Injury,Not Applicable,Major District Road,12.877855,77.5461,0,8903
Thalagattapura,2023,Damage Only,Vehicle to Vehicle,Major District Road,12.883477,77.54863,0,8904
Thalagattapura,2023,Damage Only,Not Applicable,Others,12.897441,77.540586,0,8905
Thalagattapura,2023,Grievous Injury,Vehicle to Vehicle,State Highway,12.8731,77.5326,0,8906
Thalagattapura,2023,Simple Injury,Vehicle to Vehicle,Expressway,12.8789,77.5299,0,8907
Thalagattapura,2023,Grievous Injury,Vehicle to Vehicle,Minor District Road,12.87446,77.565662,0,8908
Thalagattapura,2023,Fatal,Not Applicable,Minor District Road,12.8670248,77.5651066,1,8909
Thalagattapura,2023,Fatal,Vehicle to Vehicle,Major District Road,12.859972,77.528575,1,8910
Thalagattapura,2023,Fatal,Vehicle to Vehicle,Expressway,12.862457,77.516083,1,8911
Thalagattapura,2023,Grievous Injury,Vehicle to Vehicle,Others,12.85651,77.55426,0,8912
Thalagattapura,2023,Damage Only,Vehicle to Vehicle,Major District Road,12.8792595,77.5460852,0,8913
Thalagattapura,2023,Fatal,Not Applicable,One way,12.864548,77.512144,1,8914
Thalagattapura,2023,Damage Only,Vehicle to Vehicle,Major District Road,12.879589,77.545647,0,8915
Thalagattapura,2023,Grievous Injury,Vehicle to Vehicle,One way,12.8758,77.541822,0,8916
Thalagattapura,2023,Simple Injury,Vehicle to Vehicle,Minor District Road,12.882442,77.546889,0,8917
Thalagattapura,2023,Simple Injury,Hit pedestrian,Minor District Road,12.861479,77.574211,0,8918
Thalagattapura,2023,Grievous Injury,Vehicle to Vehicle,Minor District Road,12.876383,77.526244,0,8919
Thalagattapura,2023,Grievous Injury,Vehicle to Vehicle,Major District Road,12.858354,77.556593,0,8920
Thalagattapura,2023,Grievous Injury,Vehicle to Vehicle,Major District Road,12.8494282,77.5753857,0,8921
Thalagattapura,2023,Grievous Injury,Vehicle to Vehicle,Expressway,12.848712,77.571947,0,8922
Thalagattapura,2023,Grievous Injury,Vehicle to Vehicle,Expressway,12.8535208,77.540287,0,8923
Thalagattapura,2023,Grievous Injury,Vehicle to Vehicle,Expressway,12.848348,77.571747,0,8924
Thalagattapura,2023,Fatal,Not Applicable,Residential Street,12.856191,77.555215,1,8925
Thalagattapura,2023,Fatal,Vehicle to Vehicle,Major District Road,12.876946,77.519662,1,8926
Thalagattapura,2023,Grievous Injury,Vehicle to Vehicle,Mixed,12.87186,77.538761,0,8927
Thalagattapura,2023,Fatal,Vehicle to Vehicle,Others,12.8476,77.571668,1,8928
Thalagattapura,2023,Damage Only,Vehicle to Vehicle,Major District Road,12.874162,77.540569,0,8929
Thalagattapura,2023,Grievous Injury,Vehicle to Vehicle,Major District Road,12.883491,77.548662,0,8930
Thalagattapura,2023,Grievous Injury,Vehicle to Vehicle,Major District Road,12.859838,77.5259774,0,8931
Thalagattapura,2023,Fatal,Not Applicable,Expressway,12.848337,77.571613,1,8932
Thalagattapura,2023,Grievous Injury,Vehicle to Vehicle,State Highway,12.8701,77.5433,0,8933
Thalagattapura,2023,Grievous Injury,Vehicle to Vehicle,Minor District Road,12.888814,77.55682,0,8934
Thalagattapura,2023,Damage Only,Vehicle to Vehicle,Major District Road,12.971599,77.594566,0,8935
Thalagattapura,2023,Fatal,Vehicle to Vehicle,Major District Road,12.856504,77.532438,1,8936
Upparpet,2016,Simple Injury,Hit and Run,City or Town Road,12.974303,77.578304,0,8937
Upparpet,2019,Fatal,Hit pedestrian,One way,12.975365,77.574879,1,8938
Upparpet,2019,Simple Injury,Vehicle to Vehicle,Not Applicable,12.980386,77.57699,0,8939
Upparpet,2019,Simple Injury,Vehicle to Vehicle,Others,12.97939,77.581971,0,8940
Upparpet,2019,Simple Injury,Vehicle to Vehicle,Others,12.973126,77.581003,0,8941
Upparpet,2019,Simple Injury,Hit pedestrian,Not Applicable,12.975665,77.574716,0,8942
Upparpet,2022,Grievous Injury,Hit pedestrian,One way,12.978882,77.57713,0,8943
Upparpet,2022,Grievous Injury,Hit pedestrian,One way,12.977825,77.573994,0,8944
Upparpet,2022,Simple Injury,Hit pedestrian,One way,12.977374,77.574117,0,8945
Upparpet,2022,Grievous Injury,Hit pedestrian,One way,12.980348,77.580218,0,8946
Upparpet,2022,Grievous Injury,Hit pedestrian,Not Applicable,12.979064,77.577034,0,8947
Upparpet,2022,Simple Injury,Hit pedestrian,One way,12.978056,77.57391,0,8948
Upparpet,2022,Grievous Injury,Hit pedestrian,One way,12.975134,77.582443,0,8949
Upparpet,2022,Simple Injury,Hit pedestrian,One way,12.97736,77.574274,0,8950
Upparpet,2022,Grievous Injury,Hit pedestrian,Others,12.976581,77.571979,0,8951
Upparpet,2022,Fatal,Hit pedestrian,One way,12.977877,77.571644,1,8952
Upparpet,2022,Grievous Injury,Hit pedestrian,One way,12.9767764,77.573648,0,8953
Upparpet,2022,Grievous Injury,Vehicle to Vehicle,One way,12.974853,77.577061,0,8954
Upparpet,2022,Grievous Injury,Hit pedestrian,One way,12.977524,77.574262,0,8955
Upparpet,2022,Damage Only,Vehicle to Vehicle,One way,12.974346,77.575068,0,8956
Upparpet,2022,Grievous Injury,Hit pedestrian,One way,12.980496,77.576518,0,8957
Upparpet,2022,Simple Injury,Vehicle to Vehicle,One way,12.975582,77.574775,0,8958
Upparpet,2022,Grievous Injury,Hit pedestrian,One way,12.980228,77.572067,0,8959
Upparpet,2022,Damage Only,Vehicle to Vehicle,One way,12.975486,77.575135,0,8960
Upparpet,2022,Damage Only,Vehicle to Vehicle,One way,12.975454,77.575584,0,8961
Upparpet,2022,Grievous Injury,Vehicle to Vehicle,One way,12.975125,77.576345,0,8962
Upparpet,2022,Simple Injury,Hit pedestrian,One way,12.975591,77.574705,0,8963
Upparpet,2022,Grievous Injury,Hit pedestrian,Not Applicable,12.976512,77.57117,0,8964
Upparpet,2022,Simple Injury,Hit pedestrian,One way,12.977701,77.573227,0,8965
Upparpet,2022,Simple Injury,Not Applicable,Others,12.975128,77.582363,0,8966
Upparpet,2022,Grievous Injury,Hit pedestrian,One way,12.976094,77.574682,0,8967
Upparpet,2023,Fatal,Hit pedestrian,Not Applicable,12.959168,77.571287,1,8968
Upparpet,2023,Damage Only,Vehicle to Vehicle,One way,12.977452,77.574249,0,8969
Upparpet,2023,Simple Injury,Hit pedestrian,One way,12.977569,77.573995,0,8970
Upparpet,2023,Fatal,Hit pedestrian,One way,12.976111,77.573915,1,8971
Upparpet,2023,Simple Injury,Vehicle to Vehicle,One way,12.974276,77.578219,0,8972
Upparpet,2023,Grievous Injury,Vehicle to Vehicle,One way,12.977021,77.577302,0,8973
Upparpet,2023,Fatal,Hit pedestrian,Others,12.978424,77.571897,1,8974
Upparpet,2023,Damage Only,Vehicle to Vehicle,One way,12.972466,77.572496,0,8975
Upparpet,2023,Grievous Injury,Hit pedestrian,One way,12.971954,77.571659,0,8976
Upparpet,2023,Damage Only,Not Applicable,One way,12.974348,77.572397,0,8977
Upparpet,2023,Grievous Injury,Hit pedestrian,One way,12.972468,77.573059,0,8978
Upparpet,2023,Grievous Injury,Vehicle to Vehicle,One way,12.977381,77.571671,0,8979
Upparpet,2023,Grievous Injury,Hit pedestrian,One way,12.979648,77.581806,0,8980
Upparpet,2023,Fatal,Hit pedestrian,One way,12.978131,77.571542,1,8981
Upparpet,2023,Fatal,Hit pedestrian,One way,12.95789,77.571677,1,8982
Upparpet,2023,Damage Only,Not Applicable,One way,12.977787,77.584323,0,8983
Upparpet,2023,Grievous Injury,Vehicle to Vehicle,One way,12.980325,77.57911,0,8984
Upparpet,2023,Grievous Injury,Hit pedestrian,One way,12.972277,77.572269,0,8985
Upparpet,2023,Grievous Injury,Hit pedestrian,Not Applicable,12.977094,77.571756,0,8986
Upparpet,2023,Grievous Injury,Not Applicable,One way,12.977977,77.571603,0,8987
Upparpet,2023,Fatal,Vehicle to Vehicle,One way,12.98032,77.579866,1,8988
Upparpet,2023,Fatal,Hit pedestrian,Not Applicable,12.964464,77.572361,1,8989
Upparpet,2023,Grievous Injury,Vehicle to Vehicle,One way,12.9807,77.57575,0,8990
Upparpet,2023,Damage Only,Vehicle to Vehicle,One way,12.978574,77.578534,0,8991
Upparpet,2023,Grievous Injury,Vehicle to Vehicle,One way,12.980677,77.576952,0,8992
Upparpet,2023,Grievous Injury,Vehicle to Vehicle,One way,12.964464,77.571583,0,8993
VV Puram,2017,Grievous Injury,Hit and Run,City or Town Road,12.959724,77.574641,0,8994
VV Puram,2017,Grievous Injury,Hit and Run,City or Town Road,12.9613532,77.5745713,0,8995
VV Puram,2017,Grievous Injury,Hit pedestrian,City or Town Road,12.96382,77.57746,0,8996
VV Puram,2017,Grievous Injury,Hit pedestrian,City or Town Road,12.9564,77.56747,0,8997
VV Puram,2018,Fatal,Head on,City or Town Road,12.95526,77.56972,1,8998
VV Puram,2018,Grievous Injury,Hit pedestrian,City or Town Road,12.963467,77.581708,0,8999
VV Puram,2018,Grievous Injury,Hit and Run,City or Town Road,12.96353,77.58136,0,9000
VV Puram,2018,Grievous Injury,Hit pedestrian,City or Town Road,12.95235,77.57227,0,9001
VV Puram,2018,Grievous Injury,Hit pedestrian,City or Town Road,12.95661,77.57741,0,9002
VV Puram,2018,Grievous Injury,Hit bicyclist,City or Town Road,12.95371,77.57809,0,9003
VV Puram,2018,Grievous Injury,Head on,City or Town Road,12.95435,77.58431,0,9004
VV Puram,2018,Grievous Injury,Head on,City or Town Road,12.95714,77.56742,0,9005
VV Puram,2018,Grievous Injury,Hit and Run,City or Town Road,12.956776,77.567292,0,9006
VV Puram,2018,Grievous Injury,Hit pedestrian,City or Town Road,12.952356,77.567476,0,9007
VV Puram,2018,Grievous Injury,Hit and Run,City or Town Road,12.95952,77.57848,0,9008
VV Puram,2018,Grievous Injury,Hit and Run,City or Town Road,12.95778,77.58214,0,9009
VV Puram,2018,Grievous Injury,Side swipe,City or Town Road,12.959232,77.57655,0,9010
VV Puram,2018,Simple Injury,Head on,City or Town Road,12.9516,77.57682,0,9011
VV Puram,2018,Grievous Injury,Others,City or Town Road,12.955875,77.578189,0,9012
VV Puram,2018,Fatal,Hit and Run,City or Town Road,12.95401,77.58403,1,9013
VV Puram,2018,Grievous Injury,Hit and Run,City or Town Road,12.960221,77.579414,0,9014
VV Puram,2018,Damage Only,Rear end,City or Town Road,12.95514,77.58016,0,9015
VV Puram,2018,Simple Injury,Others,City or Town Road,12.957265,77.573542,0,9016
VV Puram,2018,Grievous Injury,Hit and Run,City or Town Road,12.95528,77.57949,0,9017
VV Puram,2018,Grievous Injury,Head on,City or Town Road,12.95252,77.57128,0,9018
VV Puram,2018,Grievous Injury,Hit pedestrian,City or Town Road,12.96365,77.5774,0,9019
VV Puram,2018,Grievous Injury,Head on,City or Town Road,12.95302,77.58356,0,9020
VV Puram,2018,Grievous Injury,Others,City or Town Road,12.95726,77.573741,0,9021
VV Puram,2018,Grievous Injury,Skidding or Self accident,City or Town Road,12.95708,77.57461,0,9022
VV Puram,2018,Grievous Injury,Hit pedestrian,City or Town Road,12.94824,77.56769,0,9023
VV Puram,2018,Simple Injury,Hit pedestrian,City or Town Road,12.95672,77.58145,0,9024
VV Puram,2018,Grievous Injury,Hit and Run,City or Town Road,12.954902,77.57944,0,9025
VV Puram,2019,Grievous Injury,Vehicle to Vehicle,Others,12.9506071,77.5736864,0,9026
VV Puram,2019,Grievous Injury,Hit pedestrian,Others,12.961752,77.576956,0,9027
VV Puram,2019,Grievous Injury,Hit pedestrian,Others,12.957255,77.573781,0,9028
VV Puram,2019,Grievous Injury,Hit pedestrian,Others,12.959634,77.574627,0,9029
VV Puram,2019,Grievous Injury,Hit pedestrian,Others,12.962045,77.576334,0,9030
VV Puram,2019,Grievous Injury,Hit pedestrian,Others,12.95436,77.58424,0,9031
VV Puram,2019,Grievous Injury,Hit pedestrian,Others,12.963777,77.577506,0,9032
VV Puram,2019,Fatal,Hit pedestrian,Others,12.953042,77.567686,1,9033
VV Puram,2019,Grievous Injury,Vehicle to Vehicle,Others,12.952515,77.571276,0,9034
VV Puram,2019,Grievous Injury,Hit pedestrian,Others,12.959868,77.577695,0,9035
VV Puram,2019,Damage Only,Vehicle to Vehicle,Others,12.955152,77.580149,0,9036
VV Puram,2019,Simple Injury,Vehicle to Vehicle,Others,12.956452,77.576577,0,9037
VV Puram,2019,Damage Only,Vehicle to Vehicle,Others,12.960815,77.577668,0,9038
VV Puram,2019,Simple Injury,Hit pedestrian,Others,12.949561,77.567638,0,9039
VV Puram,2019,Simple Injury,Hit pedestrian,Others,12.95605,77.577302,0,9040
VV Puram,2019,Grievous Injury,Not Applicable,Others,12.957166,77.568566,0,9041
VV Puram,2019,Simple Injury,Vehicle to Vehicle,Others,12.959748,77.583194,0,9042
VV Puram,2019,Grievous Injury,Hit pedestrian,Others,12.963676,77.577515,0,9043
VV Puram,2019,Grievous Injury,Vehicle to Vehicle,Others,12.95887,77.570462,0,9044
VV Puram,2019,Fatal,Hit pedestrian,Others,12.963602,77.577338,1,9045
VV Puram,2019,Grievous Injury,Hit pedestrian,Others,12.957731,77.582081,0,9046
VV Puram,2019,Grievous Injury,Hit pedestrian,Others,12.954198,77.579934,0,9047
VV Puram,2019,Grievous Injury,Vehicle to Vehicle,Others,12.958813,77.569492,0,9048
VV Puram,2019,Fatal,Vehicle to Vehicle,Others,12.954002,77.568748,1,9049
VV Puram,2019,Simple Injury,Hit pedestrian,Others,12.949605,77.573769,0,9050
VV Puram,2019,Fatal,Hit pedestrian,Others,12.963209,77.577447,1,9051
VV Puram,2019,Grievous Injury,Vehicle to Vehicle,Others,12.963396,77.58142,0,9052
VV Puram,2019,Grievous Injury,Hit pedestrian,Others,12.949249,77.567667,0,9053
VV Puram,2019,Grievous Injury,Vehicle to Vehicle,Others,12.956029,77.585848,0,9054
VV Puram,2019,Fatal,Vehicle to Vehicle,Others,12.957504,77.582489,1,9055
VV Puram,2019,Grievous Injury,Vehicle to Vehicle,Others,12.95711,77.56736,0,9056
VV Puram,2019,Fatal,Vehicle to Vehicle,Others,12.963398,77.581827,1,9057
VV Puram,2019,Grievous Injury,Vehicle to Vehicle,Others,12.953523,77.573496,0,9058
VV Puram,2019,Simple Injury,Hit pedestrian,Others,12.9587,77.57189,0,9059
VV Puram,2020,Grievous Injury,Vehicle to Vehicle,Others,12.9498276,77.5704558,0,9060
VV Puram,2020,Grievous Injury,Vehicle to Vehicle,Others,12.9507219,77.5780863,0,9061
VV Puram,2020,Fatal,Hit pedestrian,Others,12.9539545,77.568074,1,9062
VV Puram,2020,Grievous Injury,Vehicle to Vehicle,Others,12.957251,77.573613,0,9063
VV Puram,2020,Damage Only,Vehicle to Vehicle,Others,12.9599449,77.5739312,0,9064
VV Puram,2020,Fatal,Hit pedestrian,Others,12.9615917,77.5751155,1,9065
VV Puram,2020,Simple Injury,Vehicle to Vehicle,Others,12.949196,77.57449,0,9066
VV Puram,2020,Grievous Injury,Hit pedestrian,Others,12.954174,77.579917,0,9067
VV Puram,2021,Fatal,Hit pedestrian,Others,12.958677,77.582641,1,9068
VV Puram,2021,Grievous Injury,Vehicle to Vehicle,Others,12.959793,77.58322,0,9069
VV Puram,2021,Grievous Injury,Vehicle to Vehicle,One way,12.955583,77.585586,0,9070
VV Puram,2021,Grievous Injury,Not Applicable,Others,12.95415,77.584963,0,9071
VV Puram,2021,Simple Injury,Vehicle to Vehicle,Others,12.957734,77.582163,0,9072
VV Puram,2021,Grievous Injury,Hit pedestrian,Others,12.960002,77.5718221,0,9073
VV Puram,2021,Grievous Injury,Hit pedestrian,Others,12.957159,77.569569,0,9074
VV Puram,2021,Fatal,Hit pedestrian,Others,12.95188,77.573584,1,9075
VV Puram,2021,Fatal,Hit bicyclist,Others,12.958926,77.569515,1,9076
VV Puram,2021,Damage Only,Vehicle to Vehicle,Others,12.957214,77.573724,0,9077
VV Puram,2021,Grievous Injury,Vehicle to Vehicle,Others,12.963548,77.578755,0,9078
VV Puram,2021,Fatal,Vehicle to Vehicle,Others,12.9590516,77.5828666,1,9079
VV Puram,2021,Grievous Injury,Not Applicable,Others,12.955135,77.580112,0,9080
VV Puram,2021,Grievous Injury,Vehicle to Vehicle,Others,12.952871,77.576875,0,9081
VV Puram,2021,Grievous Injury,Hit pedestrian,Others,12.952818,77.57651,0,9082
VV Puram,2021,Grievous Injury,Vehicle to Vehicle,Others,12.956366,77.577369,0,9083
VV Puram,2021,Simple Injury,Vehicle to Vehicle,Others,12.95734,77.573921,0,9084
VV Puram,2021,Fatal,Not Applicable,Others,12.9584183,77.582271,1,9085
VV Puram,2021,Grievous Injury,Vehicle to Vehicle,Others,12.9572167,77.5739925,0,9086
VV Puram,2021,Damage Only,Vehicle to Vehicle,Others,12.950869,77.582549,0,9087
VV Puram,2021,Grievous Injury,Vehicle to Vehicle,Others,12.95188,77.56997,0,9088
VV Puram,2021,Damage Only,Vehicle to Vehicle,Others,12.95358,77.570016,0,9089
VV Puram,2021,Grievous Injury,Not Applicable,Others,12.9562283,77.5820583,0,9090
VV Puram,2021,Damage Only,Vehicle to Vehicle,Others,12.957102,77.567469,0,9091
VV Puram,2021,Grievous Injury,Hit pedestrian,Others,12.950503,77.567674,0,9092
VV Puram,2021,Simple Injury,Vehicle to Vehicle,Others,12.953518,77.570008,0,9093
VV Puram,2021,Fatal,Vehicle to Vehicle,Others,12.956878,77.575265,1,9094
VV Puram,2022,Simple Injury,Vehicle to Vehicle,Others,12.954036,77.584089,0,9095
VV Puram,2022,Fatal,Hit pedestrian,Others,12.948785,77.57376,1,9096
VV Puram,2022,Simple Injury,Hit pedestrian,Others,12.957322,77.577493,0,9097
VV Puram,2022,Simple Injury,Hit pedestrian,Others,12.953036,77.575413,0,9098
VV Puram,2022,Grievous Injury,Hit pedestrian,Others,12.950486,77.567713,0,9099
VV Puram,2022,Simple Injury,Vehicle to Vehicle,Others,12.964644,77.574381,0,9100
VV Puram,2022,Fatal,Vehicle to Vehicle,Others,12.949027,77.576855,1,9101
VV Puram,2022,Grievous Injury,Hit pedestrian,Others,12.949005,77.576754,0,9102
VV Puram,2022,Simple Injury,Hit pedestrian,Others,12.963569,77.580918,0,9103
VV Puram,2022,Grievous Injury,Vehicle to Vehicle,Others,12.950469,77.570006,0,9104
VV Puram,2022,Damage Only,Vehicle to Vehicle,Others,12.957201,77.569584,0,9105
VV Puram,2022,Damage Only,Vehicle to Vehicle,Others,12.957229,77.572167,0,9106
VV Puram,2022,Fatal,Vehicle to Vehicle,Others,12.957322575066,77.57373502498,1,9107
VV Puram,2022,Simple Injury,Vehicle to Vehicle,Others,12.949926,77.575112,0,9108
VV Puram,2022,Grievous Injury,Hit pedestrian,Others,12.952799,77.577165,0,9109
VV Puram,2022,Grievous Injury,Vehicle to Vehicle,Others,12.953054,77.575326,0,9110
VV Puram,2022,Simple Injury,Hit pedestrian,Others,12.954147,77.573533,0,9111
VV Puram,2022,Grievous Injury,Vehicle to Vehicle,Others,12.951002,77.569986,0,9112
VV Puram,2022,Grievous Injury,Vehicle to Vehicle,Others,12.958907,77.577602,0,9113
VV Puram,2022,Grievous Injury,Vehicle to Vehicle,Others,12.963446,77.58191,0,9114
VV Puram,2022,Grievous Injury,Hit pedestrian,Others,12.962354,77.575191,0,9115
VV Puram,2022,Simple Injury,Vehicle to Vehicle,Others,12.964102,77.571697,0,9116
VV Puram,2023,Grievous Injury,Hit pedestrian,Others,12.958833,77.568719,0,9117
VV Puram,2023,Grievous Injury,Hit pedestrian,Others,12.949024,77.577746,0,9118
VV Puram,2023,Grievous Injury,Vehicle to Vehicle,Others,12.959066,77.574398,0,9119
VV Puram,2023,Grievous Injury,Vehicle to Vehicle,Others,12.949015,77.57688,0,9120
VV Puram,2023,Fatal,Hit pedestrian,Not Applicable,12.961895,77.569121,1,9121
Vijayanagar,2016,Simple Injury,Hit and Run,City or Town Road,12.99165,77.53745,0,9122
Vijayanagar,2018,Simple Injury,Hit pedestrian,City or Town Road,12.9742252,77.5460972,0,9123
Vijayanagar,2018,Simple Injury,Head on,City or Town Road,12.96768,77.5409406,0,9124
Vijayanagar,2018,Simple Injury,Hit pedestrian,City or Town Road,12.9788809,77.5340598,0,9125
Vijayanagar,2018,Simple Injury,Hit pedestrian,City or Town Road,12.970821,77.536922,0,9126
Vijayanagar,2018,Grievous Injury,Hit pedestrian,City or Town Road,12.986427,77.549341,0,9127
Vijayanagar,2019,Grievous Injury,Hit pedestrian,City or Town Road,12.9928918,77.5388837,0,9128
Vijayanagar,2019,Damage Only,Hit and Run,City or Town Road,12.9980202,77.5406738,0,9129
Vijayanagar,2019,Simple Injury,Hit pedestrian,Residential Street,12.9776378,77.5454887,0,9130
Vijayanagar,2022,Simple Injury,Hit pedestrian,Residential Street,12.998757,77.530603,0,9131
Vijayanagar,2022,Fatal,Hit pedestrian,Residential Street,12.958221,77.535109,1,9132
Vijayanagar,2022,Damage Only,Vehicle to Vehicle,Residential Street,12.989327,77.545504,0,9133
Vijayanagar,2022,Simple Injury,Not Applicable,Two way,12.976303,77.547152,0,9134
Vijayanagar,2022,Fatal,Not Applicable,Others,12.9623808,77.5365585,1,9135
Vijayanagar,2022,Grievous Injury,Vehicle to Vehicle,Two way,12.969424,77.545798,0,9136
Vijayanagar,2022,Fatal,Hit pedestrian,Two way,12.98178,77.533902,1,9137
Vijayanagar,2022,Simple Injury,Vehicle to Vehicle,Two way,12.9757747,77.53859,0,9138
Vijayanagar,2022,Simple Injury,Vehicle to Vehicle,Residential Street,12.995962,77.530989,0,9139
Vijayanagar,2022,Grievous Injury,Vehicle to Vehicle,Residential Street,12.9853912,77.543362,0,9140
Vijayanagar,2022,Simple Injury,Hit pedestrian,Two way,12.976303,77.547155,0,9141
Vijayanagar,2022,Grievous Injury,Vehicle to Vehicle,Two way,12.992228,77.534472,0,9142
Vijayanagar,2022,Simple Injury,Hit pedestrian,Two way,12.995321,77.539791,0,9143
Vijayanagar,2022,Grievous Injury,Vehicle to Vehicle,Two way,12.976627,77.530993,0,9144
Vijayanagar,2022,Simple Injury,Vehicle to Vehicle,Residential Street,12.988731,77.544601,0,9145
Vijayanagar,2022,Simple Injury,Vehicle to Vehicle,Residential Street,12.983967,77.538938,0,9146
Vijayanagar,2022,Simple Injury,Hit pedestrian,Residential Street,12.9925521,77.5421574,0,9147
Vijayanagar,2022,Simple Injury,Vehicle to Vehicle,Residential Street,12.9781563,77.5326949,0,9148
Vijayanagar,2022,Grievous Injury,Vehicle to Vehicle,Sub Arterial,12.994716,77.536384,0,9149
Vijayanagar,2022,Grievous Injury,Vehicle to Vehicle,Residential Street,12.967348,77.531027,0,9150
Vijayanagar,2022,Simple Injury,Vehicle to Vehicle,Others,12.9749878,77.5483643,0,9151
Vijayanagar,2022,Simple Injury,Vehicle to Vehicle,Residential Street,12.971417,77.546941,0,9152
Vijayanagar,2022,Fatal,Vehicle to Vehicle,Residential Street,12.973935,77.527845,1,9153
Vijayanagar,2022,Damage Only,Vehicle to Vehicle,Residential Street,12.957823,77.5535401,0,9154
Vijayanagar,2022,Simple Injury,Hit pedestrian,Residential Street,12.995015,77.534292,0,9155
Vijayanagar,2022,Simple Injury,Hit pedestrian,Two way,12.979554,77.539156,0,9156
Vijayanagar,2022,Grievous Injury,Vehicle to Vehicle,Two way,12.959523,77.536423,0,9157
Vijayanagar,2022,Grievous Injury,Hit pedestrian,Arterial,12.98805,77.536408,0,9158
Vijayanagar,2022,Grievous Injury,Vehicle to Vehicle,Residential Street,12.992579,77.545905,0,9159
Vijayanagar,2022,Simple Injury,Not Applicable,Residential Street,12.9960787,77.5475436,0,9160
Vijayanagar,2022,Simple Injury,Vehicle to Vehicle,Residential Street,12.974184,77.535152,0,9161
Vijayanagar,2022,Simple Injury,Hit pedestrian,Two way,12.978111,77.544582,0,9162
Vijayanagar,2022,Fatal,Not Applicable,Two way,12.979666,77.53923,1,9163
Vijayanagar,2022,Grievous Injury,Vehicle to Vehicle,Others,12.978613,77.54884,0,9164
Vijayanagar,2022,Grievous Injury,Vehicle to Vehicle,Others,12.997399,77.540499,0,9165
Vijayanagar,2022,Grievous Injury,Vehicle to Vehicle,Others,12.967689,77.535534,0,9166
Vijayanagar,2022,Grievous Injury,Hit bicyclist,Residential Street,12.993943,77.529936,0,9167
Vijayanagar,2022,Simple Injury,Hit pedestrian,Residential Street,12.9757386,77.5380791,0,9168
Vijayanagar,2022,Grievous Injury,Vehicle to Vehicle,Others,12.9912028,77.5411029,0,9169
Vijayanagar,2022,Grievous Injury,Vehicle to Vehicle,Two way,12.973005,77.538498,0,9170
Vijayanagar,2022,Simple Injury,Hit pedestrian,Residential Street,12.9762904,77.5270354,0,9171
Vijayanagar,2022,Fatal,Hit pedestrian,Others,12.9774336,77.5457136,1,9172
Vijayanagar,2022,Simple Injury,Vehicle to Vehicle,Residential Street,12.976621,77.522169,0,9173
Vijayanagar,2022,Simple Injury,Hit pedestrian,Residential Street,12.995686,77.534294,0,9174
Vijayanagar,2022,Simple Injury,Vehicle to Vehicle,Residential Street,12.977189,77.526202,0,9175
Vijayanagar,2022,Simple Injury,Hit pedestrian,Two way,12.978496,77.542966,0,9176
Vijayanagar,2022,Simple Injury,Vehicle to Vehicle,Two way,12.9985132,77.5424635,0,9177
Vijayanagar,2022,Simple Injury,Vehicle to Vehicle,Residential Street,12.973114,77.544405,0,9178
Vijayanagar,2022,Simple Injury,Vehicle to Vehicle,Residential Street,12.993493,77.539077,0,9179
Vijayanagar,2022,Grievous Injury,Vehicle to Vehicle,One way,12.967528,77.536256,0,9180
Vijayanagar,2022,Simple Injury,Hit pedestrian,Residential Street,12.9646823,77.5337248,0,9181
Vijayanagar,2022,Simple Injury,Vehicle to Vehicle,Two way,12.9782546,77.5438062,0,9182
Vijayanagar,2022,Grievous Injury,Vehicle to Vehicle,Major District Road,12.990156,77.550686,0,9183
Vijayanagar,2022,Simple Injury,Vehicle to Vehicle,Others,12.999588,77.530543,0,9184
Vijayanagar,2022,Simple Injury,Vehicle to Vehicle,Residential Street,12.9609736,77.5372342,0,9185
Vijayanagar,2022,Grievous Injury,Vehicle to Vehicle,Two way,12.958229,77.536447,0,9186
Vijayanagar,2022,Grievous Injury,Vehicle to Vehicle,Residential Street,12.976315,77.527628,0,9187
Vijayanagar,2022,Grievous Injury,Vehicle to Vehicle,Minor District Road,12.979521,77.539211,0,9188
Vijayanagar,2022,Simple Injury,Hit pedestrian,Residential Street,12.9858515,77.5487623,0,9189
Vijayanagar,2022,Grievous Injury,Vehicle to Vehicle,Two way,12.965629,77.534828,0,9190
Vijayanagar,2022,Grievous Injury,Vehicle to Vehicle,Arterial,12.974295,77.534518,0,9191
Vijayanagar,2022,Simple Injury,Hit pedestrian,Residential Street,12.979482,77.539221,0,9192
Vijayanagar,2022,Simple Injury,Hit pedestrian,Residential Street,12.999588,77.530543,0,9193
Vijayanagar,2022,Damage Only,Vehicle to Vehicle,Others,12.9910817,77.5431471,0,9194
Vijayanagar,2022,Damage Only,Vehicle to Vehicle,Residential Street,12.967825,77.541743,0,9195
Vijayanagar,2022,Grievous Injury,Hit pedestrian,Others,12.991741,77.546023,0,9196
Vijayanagar,2022,Fatal,Not Applicable,Two way,12.977527,77.545701,1,9197
Vijayanagar,2023,Grievous Injury,Vehicle to Vehicle,Two way,12.991335,77.540218,0,9198
Vijayanagar,2023,Grievous Injury,Not Applicable,Others,12.97602,77.532669,0,9199
Vijayanagar,2023,Simple Injury,Vehicle to Vehicle,Others,13.000834,77.541003,0,9200
Vijayanagar,2023,Grievous Injury,Vehicle to Vehicle,Major District Road,12.994773,77.548712,0,9201
Vijayanagar,2023,Grievous Injury,Vehicle to Vehicle,Two way,12.968298,77.545313,0,9202
Vijayanagar,2023,Grievous Injury,Vehicle to Vehicle,Major District Road,12.968815,77.536787,0,9203
Vijayanagar,2023,Fatal,Hit pedestrian,Major District Road,12.962818,77.534169,1,9204
Vijayanagar,2023,Fatal,Not Applicable,Two way,12.99593,77.531102,1,9205
Vijayanagar,2023,Grievous Injury,Vehicle to Vehicle,Others,12.979285,77.534194,0,9206
Vijayanagar,2023,Simple Injury,Vehicle to Vehicle,Others,12.996451,77.550708,0,9207
Vijayanagar,2023,Grievous Injury,Vehicle to Vehicle,Major District Road,12.974282,77.544721,0,9208
Vijayanagar,2023,Grievous Injury,Hit pedestrian,Two way,12.99658,77.528892,0,9209
Vijayanagar,2023,Fatal,Vehicle to Vehicle,Others,12.997342,77.550364,1,9210
Vijayanagar,2023,Grievous Injury,Vehicle to Vehicle,Arterial,12.972648,77.54569,0,9211
Vijayanagar,2023,Grievous Injury,Vehicle to Vehicle,Two way,12.991467,77.538935,0,9212
Vijayanagar,2023,Simple Injury,Vehicle to Vehicle,Two way,12.968757,77.536858,0,9213
Vijayanagar,2023,Grievous Injury,Vehicle to Vehicle,Two way,12.973933,77.535935,0,9214
Vijayanagar,2023,Damage Only,Vehicle to Vehicle,Two way,12.976626,77.522219,0,9215
Vijayanagar,2023,Fatal,Vehicle to Vehicle,Service Road,12.993438,77.550911,1,9216
Vijayanagar,2023,Grievous Injury,Not Applicable,Two way,12.994633,77.526853,0,9217
Vijayanagar,2023,Grievous Injury,Vehicle to Vehicle,Two way,12.968379,77.530539,0,9218
Vijayanagar,2023,Grievous Injury,Vehicle to Vehicle,Two way,12.985744,77.545325,0,9219
Vijayanagar,2023,Grievous Injury,Vehicle to Vehicle,Two way,12.994244,77.542604,0,9220
Vijayanagar,2023,Grievous Injury,Hit pedestrian,Two way,12.972913,77.529488,0,9221
Vijayanagar,2023,Grievous Injury,Vehicle to Vehicle,Two way,12.990199,77.542705,0,9222
Vijayanagar,2023,Fatal,Vehicle to Vehicle,Others,12.971157,77.540562,1,9223
Vijayanagar,2023,Grievous Injury,Vehicle to Vehicle,Major District Road,12.974319,77.52069,0,9224
Vijayanagar,2023,Grievous Injury,Vehicle to Vehicle,Major District Road,12.970885,77.537505,0,9225
Vijayanagar,2023,Grievous Injury,Hit pedestrian,Major District Road,12.970747,77.525357,0,9226
Vijayanagar,2023,Grievous Injury,Hit bicyclist,Arterial,12.990341,77.536669,0,9227
Vijayanagar,2023,Grievous Injury,Vehicle to Vehicle,One way,12.973307,77.537758,0,9228
Vijayanagar,2023,Grievous Injury,Not Applicable,Two way,12.987829,77.545489,0,9229
Vijayanagar,2023,Grievous Injury,Not Applicable,Arterial,12.97513,77.544232,0,9230
Vijayanagar,2023,Grievous Injury,Vehicle to Vehicle,Major District Road,12.975555,77.535383,0,9231
Vijayanagar,2023,Simple Injury,Hit pedestrian,Arterial,12.995161,77.545753,0,9232
Vijayanagar,2023,Grievous Injury,Vehicle to Vehicle,Two way,12.976872,77.521028,0,9233
Vijayanagar,2023,Grievous Injury,Vehicle to Vehicle,Arterial,12.97694,77.54216,0,9234
Vijayanagar,2023,Grievous Injury,Vehicle to Vehicle,Others,12.999361,77.541086,0,9235
Vijayanagar,2023,Damage Only,Vehicle to Vehicle,Arterial,12.976318,77.525756,0,9236
Vijayanagar,2023,Grievous Injury,Vehicle to Vehicle,Arterial,12.998804,77.528012,0,9237
Vijayanagar,2023,Simple Injury,Vehicle to Vehicle,Service Road,12.964683,77.535155,0,9238
Vijayanagar,2023,Grievous Injury,Hit pedestrian,Major District Road,12.972988,77.538513,0,9239
Vijayanagar,2023,Grievous Injury,Vehicle to Vehicle,Others,13.000317,77.539804,0,9240
Vijayanagar,2023,Grievous Injury,Hit pedestrian,Major District Road,12.978517,77.542588,0,9241
Vijayanagar,2023,Grievous Injury,Hit pedestrian,Others,12.975216,77.548141,0,9242
Vijayanagar,2023,Fatal,Not Applicable,Service Road,12.981078,77.535523,1,9243
Vijayanagar,2023,Grievous Injury,Hit pedestrian,Two way,12.970131,77.545041,0,9244
Vijayanagar,2023,Fatal,Hit pedestrian,Major District Road,12.98137,77.534889,1,9245
Vijayanagar,2023,Grievous Injury,Not Applicable,Major District Road,12.942635,77.543562,0,9246
Vijayanagar,2023,Grievous Injury,Hit pedestrian,Two way,12.978231,77.540045,0,9247
Whitefield,2019,Grievous Injury,Others,City or Town Road,12.985969,77.733664,0,9248
Whitefield,2019,Fatal,Not Applicable,Not Applicable,12.920809,77.723313,1,9249
Whitefield,2019,Fatal,Not Applicable,Residential Street,12.99729,77.766624,1,9250
Whitefield,2019,Grievous Injury,Vehicle to Vehicle,State Highway,12.997167,77.758359,0,9251
Whitefield,2019,Damage Only,Vehicle to Vehicle,State Highway,12.958991,77.746455,0,9252
Whitefield,2019,Grievous Injury,Vehicle to Vehicle,State Highway,13.004184,77.757029,0,9253
Whitefield,2019,Grievous Injury,Hit bicyclist,Not Applicable,12.987551,77.737029,0,9254
Whitefield,2019,Damage Only,Hit and Run,City or Town Road,12.981367,77.756871,0,9255
Whitefield,2019,Fatal,Hit pedestrian,State Highway,13.00854,77.758491,1,9256
Whitefield,2019,Grievous Injury,Hit and Run,Village Road,13.031811,77.744233,0,9257
Whitefield,2019,Damage Only,Others,City or Town Road,12.987276,77.731611,0,9258
Whitefield,2019,Grievous Injury,Not Applicable,State Highway,12.929082,77.739875,0,9259
Whitefield,2019,Grievous Injury,Vehicle to Vehicle,State Highway,12.979218,77.751435,0,9260
Whitefield,2019,Grievous Injury,Vehicle to Vehicle,Others,12.975884,77.7181,0,9261
Whitefield,2019,Grievous Injury,Vehicle to Vehicle,State Highway,12.961374,77.74762,0,9262
Whitefield,2019,Grievous Injury,Hit pedestrian,State Highway,12.97424,77.750551,0,9263
Whitefield,2019,Grievous Injury,Hit pedestrian,City or Town Road,12.983635,77.768873,0,9264
Whitefield,2019,Fatal,Hit and Run,City or Town Road,12.983848,77.728838,1,9265
Whitefield,2019,Grievous Injury,Vehicle to Vehicle,State Highway,12.971048,77.750171,0,9266
Whitefield,2019,Fatal,Vehicle to Vehicle,State Highway,12.934932,77.743541,1,9267
Whitefield,2019,Fatal,Hit and Run,State Highway,12.959182,77.746617,1,9268
Whitefield,2019,Fatal,Hit pedestrian,Others,12.906192,77.727301,1,9269
Whitefield,2019,Grievous Injury,Vehicle to Vehicle,State Highway,13.032241,77.7586,0,9270
Whitefield,2019,Grievous Injury,Hit pedestrian,Not Applicable,12.956892,77.743402,0,9271
Whitefield,2019,Fatal,Hit bicyclist,Others,12.987624,77.740183,1,9272
Whitefield,2019,Damage Only,Vehicle to Vehicle,State Highway,12.898399,77.715642,0,9273
Whitefield,2019,Grievous Injury,Hit pedestrian,Not Applicable,12.9882,77.731357,0,9274
Whitefield,2019,Grievous Injury,Vehicle to Vehicle,Others,12.983018,77.761882,0,9275
Whitefield,2019,Fatal,Hit pedestrian,State Highway,12.937867,77.7464269,1,9276
Whitefield,2019,Grievous Injury,Others,State Highway,13.024219,77.761653,0,9277
Whitefield,2019,Grievous Injury,Hit and Run,City or Town Road,12.940777,77.758243,0,9278
Whitefield,2019,Damage Only,Head on,City or Town Road,12.99105,77.751294,0,9279
Whitefield,2019,Damage Only,Hit and Run,State Highway,12.977457,77.7512099,0,9280
Whitefield,2019,Grievous Injury,Rear end,City or Town Road,12.984079,77.772588,0,9281
Whitefield,2019,Damage Only,Others,State Highway,12.959112,77.746478,0,9282
Whitefield,2019,Grievous Injury,Not Applicable,State Highway,12.961406,77.747631,0,9283
Whitefield,2019,Grievous Injury,Not Applicable,Others,12.943458,77.75116,0,9284
Whitefield,2019,Grievous Injury,Vehicle to Vehicle,Not Applicable,12.901442,77.708094,0,9285
Whitefield,2019,Fatal,Vehicle to Vehicle,State Highway,12.991815,77.756526,1,9286
Whitefield,2019,Grievous Injury,Hit bicyclist,State Highway,12.980415,77.751707,0,9287
Whitefield,2019,Grievous Injury,Hit pedestrian,State Highway,13.026622,77.761032,0,9288
Whitefield,2019,Grievous Injury,Head on,City or Town Road,12.99251,77.754158,0,9289
Whitefield,2019,Fatal,Hit and Run,State Highway,12.993045,77.757569,1,9290
Whitefield,2019,Fatal,Vehicle to Vehicle,State Highway,13.037665,77.759629,1,9291
Whitefield,2019,Simple Injury,Hit pedestrian,Others,12.95595,77.729174,0,9292
Whitefield,2019,Fatal,Hit pedestrian,State Highway,13.02448,77.761684,1,9293
Whitefield,2019,Grievous Injury,Vehicle to Vehicle,State Highway,12.935355,77.743809,0,9294
Whitefield,2019,Fatal,Vehicle to Vehicle,Others,12.956949,77.740751,1,9295
Whitefield,2019,Grievous Injury,Not Applicable,State Highway,12.9208,77.736407,0,9296
Whitefield,2019,Grievous Injury,Vehicle to Vehicle,State Highway,12.934746,77.743537,0,9297
Whitefield,2019,Damage Only,Vehicle to Vehicle,State Highway,13.018872,77.76226,0,9298
Whitefield,2019,Grievous Injury,Hit pedestrian,Residential Street,12.997948,77.76099,0,9299
Whitefield,2019,Grievous Injury,Hit pedestrian,State Highway,12.97891,77.751395,0,9300
Whitefield,2019,Simple Injury,Head on,State Highway,13.018837,77.762065,0,9301
Whitefield,2019,Grievous Injury,Vehicle to Vehicle,State Highway,12.956827,77.745411,0,9302
Whitefield,2019,Grievous Injury,Vehicle to Vehicle,Not Applicable,13.028416,77.7505539,0,9303
Whitefield,2019,Grievous Injury,Hit and Run,City or Town Road,12.938483,77.7161989,0,9304
Whitefield,2019,Grievous Injury,Not Applicable,Not Applicable,12.982655,77.728178,0,9305
Whitefield,2019,Grievous Injury,Vehicle to Vehicle,State Highway,13.009815,77.759026,0,9306
Whitefield,2019,Grievous Injury,Vehicle to Vehicle,Two way,12.939352,77.73033,0,9307
Whitefield,2019,Damage Only,Vehicle to Vehicle,Not Applicable,12.955779,77.721047,0,9308
Whitefield,2019,Fatal,Vehicle to Vehicle,Others,12.98291,77.761652,1,9309
Whitefield,2019,Simple Injury,Vehicle to Vehicle,State Highway,12.934309,77.743362,0,9310
Whitefield,2019,Simple Injury,Vehicle to Vehicle,Others,12.915529,77.7228939,0,9311
Whitefield,2019,Grievous Injury,Vehicle to Vehicle,State Highway,13.021737,77.76196,0,9312
Whitefield,2019,Damage Only,Side swipe,State Highway,12.992782,77.7571819,0,9313
Whitefield,2019,Grievous Injury,Hit pedestrian,City or Town Road,12.984095,77.773267,0,9314
Whitefield,2019,Grievous Injury,Hit pedestrian,City or Town Road,12.990522,77.766391,0,9315
Whitefield,2019,Fatal,Rear end,City or Town Road,12.927719,77.72917,1,9316
Whitefield,2019,Damage Only,Rear end,State Highway,12.984092,77.752486,0,9317
Whitefield,2019,Grievous Injury,Hit and Run,City or Town Road,12.897199,77.719081,0,9318
Whitefield,2019,Damage Only,Others,State Highway,13.024269,77.761672,0,9319
Whitefield,2019,Fatal,Not Applicable,Not Applicable,13.02518,77.769959,1,9320
Whitefield,2019,Damage Only,Vehicle to Vehicle,Others,12.955831,77.719586,0,9321
Whitefield,2019,Grievous Injury,Not Applicable,State Highway,12.959328,77.746705,0,9322
Whitefield,2019,Grievous Injury,Hit pedestrian,State Highway,12.97094,77.750135,0,9323
Whitefield,2019,Grievous Injury,Hit pedestrian,Not Applicable,12.971364,77.727774,0,9324
Whitefield,2019,Grievous Injury,Hit and Run,City or Town Road,12.939079,77.718999,0,9325
Whitefield,2019,Simple Injury,Rear end,State Highway,12.958735,77.74638,0,9326
Whitefield,2019,Damage Only,Hit and Run,City or Town Road,12.898509,77.714737,0,9327
Whitefield,2019,Damage Only,Rear end,State Highway,12.994265,77.757631,0,9328
Whitefield,2019,Fatal,Hit and Run,City or Town Road,12.959816,77.732184,1,9329
Whitefield,2019,Fatal,Hit pedestrian,Others,12.942696,77.749365,1,9330
Whitefield,2019,Grievous Injury,Vehicle to Vehicle,Others,12.971181,77.726176,0,9331
Whitefield,2019,Fatal,Vehicle to Vehicle,State Highway,13.021529,77.761982,1,9332
Whitefield,2019,Grievous Injury,Vehicle to Vehicle,State Highway,12.9499,77.745138,0,9333
Whitefield,2019,Grievous Injury,Rear end,State Highway,12.929964,77.7405099,0,9334
Whitefield,2019,Grievous Injury,Right Turn Collision,State Highway,12.96851,77.749732,0,9335
Whitefield,2019,Grievous Injury,Rear end,State Highway,12.992845,77.757235,0,9336
Whitefield,2019,Fatal,Vehicle to Vehicle,State Highway,13.021497,77.761979,1,9337
Whitefield,2019,Grievous Injury,Not Applicable,State Highway,13.012905,77.760862,0,9338
Whitefield,2019,Grievous Injury,Vehicle to Vehicle,State Highway,12.97108,77.750046,0,9339
Whitefield,2019,Grievous Injury,Vehicle to Vehicle,Others,12.939699,77.7239,0,9340
Whitefield,2019,Damage Only,Vehicle to Vehicle,Not Applicable,12.989013,77.727443,0,9341
Whitefield,2019,Damage Only,Vehicle to Vehicle,State Highway,12.983645,77.75414,0,9342
Whitefield,2019,Grievous Injury,Hit pedestrian,State Highway,12.939637,77.7473749,0,9343
Whitefield,2019,Fatal,Not Applicable,Not Applicable,12.91874,77.734168,1,9344
Whitefield,2019,Grievous Injury,Rear end,State Highway,13.035357,77.759113,0,9345
Whitefield,2019,Fatal,Vehicle to Vehicle,Others,13.005388,77.731193,1,9346
Whitefield,2019,Fatal,Hit and Run,State Highway,12.947487,77.746151,1,9347
Whitefield,2019,Fatal,Hit pedestrian,Others,12.955746,77.7220619,1,9348
Whitefield,2019,Grievous Injury,Vehicle to Vehicle,State Highway,12.952907,77.7441169,0,9349
Whitefield,2019,Grievous Injury,Hit pedestrian,State Highway,12.928396,77.739313,0,9350
Whitefield,2019,Grievous Injury,Head on,City or Town Road,13.007082,77.7454319,0,9351
Whitefield,2019,Fatal,Vehicle to Vehicle,Arterial,12.98365,77.7287599,1,9352
Whitefield,2019,Simple Injury,Hit fixed object,City or Town Road,12.987597,77.7401449,0,9353
Whitefield,2019,Fatal,Vehicle to Vehicle,Others,12.942643,77.7485809,1,9354
Whitefield,2019,Grievous Injury,Hit and Run,City or Town Road,13.001449,77.748447,0,9355
Whitefield,2019,Damage Only,Rear end,City or Town Road,12.988219,77.731102,0,9356
Whitefield,2019,Grievous Injury,Hit pedestrian,City or Town Road,13.030713,77.760828,0,9357
Whitefield,2019,Grievous Injury,Hit pedestrian,City or Town Road,12.956884,77.741166,0,9358
Whitefield,2019,Simple Injury,Others,City or Town Road,12.986576,77.743849,0,9359
Whitefield,2019,Damage Only,Others,State Highway,12.996596,77.758281,0,9360
Whitefield,2019,Grievous Injury,Vehicle to Vehicle,Not Applicable,12.938409,77.744982,0,9361
Whitefield,2019,Fatal,Hit and Run,City or Town Road,12.898985,77.713781,1,9362
Whitefield,2019,Grievous Injury,Hit pedestrian,State Highway,12.937652,77.746239,0,9363
Whitefield,2019,Simple Injury,Hit pedestrian,State Highway,12.971148,77.750233,0,9364
Whitefield,2019,Damage Only,Rear end,City or Town Road,12.983424,77.728523,0,9365
Whitefield,2019,Grievous Injury,Hit and Run,City or Town Road,12.982663,77.763161,0,9366
Whitefield,2019,Grievous Injury,Head on,City or Town Road,12.964869,77.741793,0,9367
Whitefield,2019,Grievous Injury,Hit and Run,City or Town Road,13.006457,77.75019,0,9368
Whitefield,2019,Damage Only,Vehicle to Vehicle,State Highway,13.032313,77.758622,0,9369
Whitefield,2019,Grievous Injury,Vehicle to Vehicle,State Highway,12.961188,77.7475379,0,9370
Whitefield,2019,Fatal,Vehicle to Vehicle,Others,12.986225,77.731661,1,9371
Whitefield,2019,Grievous Injury,Hit pedestrian,State Highway,12.983848,77.752549,0,9372
Whitefield,2019,Fatal,Hit pedestrian,Major District Road,12.887416,77.737757,1,9373
Whitefield,2019,Grievous Injury,Vehicle to Vehicle,State Highway,12.943015,77.747001,0,9374
Whitefield,2019,Fatal,Vehicle to Vehicle,Not Applicable,12.986707,77.743787,1,9375
Whitefield,2019,Grievous Injury,Right Turn Collision,City or Town Road,12.988616,77.729109,0,9376
Whitefield,2019,Grievous Injury,Hit and Run,State Highway,12.915892,77.738052,0,9377
Whitefield,2019,Damage Only,Rear end,City or Town Road,13.032113,77.758449,0,9378
Whitefield,2019,Damage Only,Others,City or Town Road,12.971508,77.726812,0,9379
Whitefield,2019,Simple Injury,Vehicle to Vehicle,Others,12.977248,77.719092,0,9380
Whitefield,2019,Fatal,Vehicle to Vehicle,Others,12.984319,77.77472,1,9381
Whitefield,2019,Fatal,Hit bicyclist,State Highway,12.983671,77.7524859,1,9382
Whitefield,2019,Grievous Injury,Vehicle to Vehicle,Others,12.890967,77.730232,0,9383
Whitefield,2019,Fatal,Vehicle to Vehicle,Not Applicable,12.964336,77.753911,1,9384
Whitefield,2019,Grievous Injury,Vehicle to Vehicle,Not Applicable,12.902051,77.706753,0,9385
Whitefield,2019,Grievous Injury,Head on,City or Town Road,12.942118,77.7572889,0,9386
Whitefield,2019,Fatal,Vehicle to Vehicle,Arterial,12.987522,77.740515,1,9387
Whitefield,2019,Simple Injury,Hit and Run,State Highway,12.964562,77.748567,0,9388
Whitefield,2019,Grievous Injury,Not Applicable,State Highway,12.962972,77.750355,0,9389
Whitefield,2019,Grievous Injury,Vehicle to Vehicle,State Highway,12.922843,77.736407,0,9390
Whitefield,2019,Damage Only,Vehicle to Vehicle,State Highway,12.994846,77.757925,0,9391
Whitefield,2019,Grievous Injury,Vehicle to Vehicle,Not Applicable,12.955948,77.725606,0,9392
Whitefield,2019,Fatal,Vehicle to Vehicle,Others,13.027166,77.76342,1,9393
Whitefield,2019,Grievous Injury,Vehicle to Vehicle,Not Applicable,12.97507,77.733579,0,9394
Whitefield,2019,Damage Only,Vehicle to Vehicle,Not Applicable,12.973013,77.7212479,0,9395
Whitefield,2020,Grievous Injury,Hit bicyclist,Arterial,12.984777,77.749445,0,9396
Whitefield,2020,Grievous Injury,Vehicle to Vehicle,Sub Arterial,12.898612,77.714908,0,9397
Whitefield,2021,Damage Only,Not Applicable,State Highway,12.983864,77.752399,0,9398
Whitefield,2021,Fatal,Not Applicable,State Highway,12.983789,77.752433,1,9399
Whitefield,2021,Grievous Injury,Vehicle to Vehicle,State Highway,12.975465,77.750712,0,9400
Whitefield,2021,Fatal,Not Applicable,Arterial,12.987602,77.739069,1,9401
Whitefield,2021,Grievous Injury,Vehicle to Vehicle,Others,12.942416,77.747014,0,9402
Whitefield,2021,Grievous Injury,Hit pedestrian,State Highway,12.936078,77.744242,0,9403
Whitefield,2021,Grievous Injury,Vehicle to Vehicle,State Highway,13.015066,77.761719,0,9404
Whitefield,2021,Fatal,Hit pedestrian,Arterial,12.984539,77.750361,1,9405
Whitefield,2021,Grievous Injury,Vehicle to Vehicle,Arterial,12.975352,77.763181,0,9406
Whitefield,2022,Simple Injury,Vehicle to Vehicle,Others,12.99019,77.76648,0,9407
Whitefield,2022,Grievous Injury,Vehicle to Vehicle,Others,12.9697345,77.7481906,0,9408
Whitefield,2022,Simple Injury,Hit pedestrian,Others,13.0098433,77.7591066,0,9409
Whitefield,2022,Simple Injury,Vehicle to Vehicle,Others,12.9731608,77.7269844,0,9410
Whitefield,2022,Grievous Injury,Hit pedestrian,Two way,13.0367633,77.759529,0,9411
Whitefield,2022,Fatal,Hit bicyclist,Arterial,12.9490334,77.756152,1,9412
Whitefield,2023,Grievous Injury,Vehicle to Vehicle,Others,12.896705,77.720142,0,9413
Whitefield,2023,Grievous Injury,Vehicle to Vehicle,Others,12.979852,77.749069,0,9414
Whitefield,2023,Fatal,Vehicle to Vehicle,One way,12.983679,77.753063,1,9415
Whitefield,2023,Grievous Injury,Vehicle to Vehicle,Others,12.97059,77.731114,0,9416
Whitefield,2023,Damage Only,Vehicle to Vehicle,Others,13.022651,77.761943,0,9417
Whitefield,2023,Grievous Injury,Vehicle to Vehicle,State Highway,12.915034,77.717082,0,9418
Whitefield,2023,Fatal,Not Applicable,Arterial,12.95706,77.739021,1,9419
Whitefield,2023,Grievous Injury,Vehicle to Vehicle,State Highway,12.956535,77.745246,0,9420
Whitefield,2023,Fatal,Vehicle to Vehicle,Others,12.984462,77.750293,1,9421
Whitefield,2023,Grievous Injury,Hit pedestrian,Arterial,12.999726,77.752686,0,9422
Whitefield,2023,Grievous Injury,Vehicle to Vehicle,State Highway,12.984627,77.74262,0,9423
Whitefield,2023,Grievous Injury,Vehicle to Vehicle,Others,12.890034,77.731429,0,9424
Whitefield,2023,Grievous Injury,Hit pedestrian,Others,12.942683,77.749039,0,9425
Whitefield,2023,Grievous Injury,Vehicle to Vehicle,Others,12.96192,77.748507,0,9426
Whitefield,2023,Grievous Injury,Vehicle to Vehicle,Others,12.983951,77.719523,0,9427
Whitefield,2023,Damage Only,Vehicle to Vehicle,Others,12.957414,77.734151,0,9428
Whitefield,2023,Fatal,Vehicle to Vehicle,Others,13.034084,77.757566,1,9429
Whitefield,2023,Fatal,Vehicle to Vehicle,State Highway,13.009879,77.759113,1,9430
Whitefield,2023,Grievous Injury,Not Applicable,Others,12.94981,77.722042,0,9431
Whitefield,2023,Grievous Injury,Vehicle to Vehicle,Others,12.944458,77.751907,0,9432
Whitefield,2023,Grievous Injury,Vehicle to Vehicle,Others,12.890481,77.731296,0,9433
Whitefield,2023,Simple Injury,Vehicle to Vehicle,State Highway,12.951077,77.745375,0,9434
Whitefield,2023,Grievous Injury,Hit pedestrian,One way,12.970993,77.750222,0,9435
Whitefield,2023,Grievous Injury,Hit pedestrian,One way,13.01991382,77.76202905,0,9436
Whitefield,2023,Grievous Injury,Not Applicable,Others,12.92004,77.743983,0,9437
Whitefield,2023,Fatal,Hit pedestrian,Others,12.93979,77.759812,1,9438
Whitefield,2023,Grievous Injury,Vehicle to Vehicle,Others,12.939798,77.725011,0,9439
Whitefield,2023,Grievous Injury,Vehicle to Vehicle,Others,12.985231,77.747999,0,9440
Whitefield,2023,Grievous Injury,Vehicle to Vehicle,Arterial,12.964759,77.758742,0,9441
Whitefield,2023,Grievous Injury,Not Applicable,Two way,12.969929,77.735104,0,9442
Whitefield,2023,Damage Only,Vehicle to Vehicle,Others,12.956745,77.740166,0,9443
Whitefield,2023,Grievous Injury,Vehicle to Vehicle,Others,12.992651,77.753576,0,9444
Whitefield,2023,Grievous Injury,Hit pedestrian,Others,12.932321,77.742404,0,9445
Whitefield,2023,Grievous Injury,Vehicle to Vehicle,State Highway,12.957047,77.74542,0,9446
Whitefield,2023,Grievous Injury,Vehicle to Vehicle,Others,12.93535,77.75204,0,9447
Whitefield,2023,Grievous Injury,Hit pedestrian,Others,12.964938,77.753617,0,9448
Whitefield,2023,Grievous Injury,Hit pedestrian,Others,13.03085,77.761034,0,9449
Whitefield,2023,Grievous Injury,Hit pedestrian,Others,12.978754,77.753555,0,9450
Whitefield,2023,Damage Only,Vehicle to Vehicle,Others,12.910207,77.731493,0,9451
Whitefield,2023,Grievous Injury,Vehicle to Vehicle,Others,12.958437,77.746041,0,9452
Whitefield,2023,Fatal,Vehicle to Vehicle,Arterial,13.034611,77.75093,1,9453
Whitefield,2023,Grievous Injury,Vehicle to Vehicle,State Highway,13.001585,77.756931,0,9454
Whitefield,2023,Fatal,Vehicle to Vehicle,Others,13.011864,77.760318,1,9455
Whitefield,2023,Grievous Injury,Not Applicable,State Highway,13.009278,77.758839,0,9456
Whitefield,2023,Grievous Injury,Vehicle to Vehicle,Others,12.981797,77.722707,0,9457
Whitefield,2023,Grievous Injury,Hit pedestrian,Others,13.005106,77.755285,0,9458
Whitefield,2023,Damage Only,Vehicle to Vehicle,Two way,12.965562,77.733386,0,9459
Whitefield,2023,Grievous Injury,Vehicle to Vehicle,Others,12.978754,77.753555,0,9460
Whitefield,2023,Grievous Injury,Vehicle to Vehicle,Others,12.962855,77.748082,0,9461
Whitefield,2023,Damage Only,Vehicle to Vehicle,Others,12.955715,77.715585,0,9462
Whitefield,2023,Damage Only,Vehicle to Vehicle,State Highway,13.024856,77.761528,0,9463
Whitefield,2023,Grievous Injury,Hit bicyclist,Others,12.966421,77.733591,0,9464
Whitefield,2023,Damage Only,Vehicle to Vehicle,State Highway,13.032091,77.758566,0,9465
Whitefield,2023,Fatal,Hit pedestrian,Arterial,13.00754,77.757132,1,9466
Whitefield,2023,Damage Only,Vehicle to Vehicle,State Highway,12.928942,77.739624,0,9467
Whitefield,2023,Grievous Injury,Vehicle to Vehicle,State Highway,12.956979,77.745395,0,9468
Whitefield,2023,Grievous Injury,Hit pedestrian,Others,12.995702,77.765031,0,9469
Whitefield,2023,Fatal,Vehicle to Vehicle,Others,12.93623,77.744518,1,9470
Whitefield,2023,Simple Injury,Not Applicable,Others,12.955955,77.728686,0,9471
Whitefield,2023,Grievous Injury,Vehicle to Vehicle,Others,12.938634,77.711782,0,9472
Whitefield,2023,Grievous Injury,Hit pedestrian,Others,12.977255,77.719251,0,9473
Whitefield,2023,Fatal,Vehicle to Vehicle,Arterial,13.036046,77.77878,1,9474
Whitefield,2023,Grievous Injury,Vehicle to Vehicle,Others,12.984462,77.750293,0,9475
Whitefield,2023,Grievous Injury,Vehicle to Vehicle,Others,12.914924,77.71704,0,9476
Whitefield,2023,Grievous Injury,Not Applicable,Others,12.956205,77.727724,0,9477
Whitefield,2023,Damage Only,Vehicle to Vehicle,Others,12.937685,77.756178,0,9478
Whitefield,2023,Grievous Injury,Vehicle to Vehicle,Others,12.968431,77.747915,0,9479
Whitefield,2023,Damage Only,Vehicle to Vehicle,Others,12.956934,77.735992,0,9480
Whitefield,2023,Fatal,Not Applicable,Others,12.952491,77.717483,1,9481
Whitefield,2023,Grievous Injury,Vehicle to Vehicle,Others,12.989564,77.73338,0,9482
Whitefield,2023,Fatal,Not Applicable,Others,12.910703,77.742208,1,9483
Whitefield,2023,Grievous Injury,Hit pedestrian,Others,12.939353,77.735871,0,9484
Whitefield,2023,Grievous Injury,Vehicle to Vehicle,Others,12.995819,77.72452,0,9485
Whitefield,2023,Grievous Injury,Vehicle to Vehicle,Others,12.976016,77.763986,0,9486
Whitefield,2023,Grievous Injury,Vehicle to Vehicle,One way,12.984435,77.752754,0,9487
Whitefield,2023,Grievous Injury,Vehicle to Vehicle,Residential Street,12.974982,77.750578,0,9488
Whitefield,2023,Damage Only,Vehicle to Vehicle,Others,12.955969,77.728687,0,9489
Whitefield,2023,Grievous Injury,Vehicle to Vehicle,Others,12.987616,77.737214,0,9490
Whitefield,2023,Fatal,Vehicle to Vehicle,Others,12.884995,77.716369,1,9491
Whitefield,2023,Grievous Injury,Hit pedestrian,Others,12.938498,77.744146,0,9492
Whitefield,2023,Simple Injury,Vehicle to Vehicle,Others,12.984051,77.772769,0,9493
Whitefield,2023,Grievous Injury,Vehicle to Vehicle,Others,12.979138,77.765115,0,9494
Whitefield,2023,Fatal,Vehicle to Vehicle,Two way,12.918095,77.728508,1,9495
Whitefield,2023,Fatal,Hit pedestrian,Arterial,12.976956,77.721374,1,9496
Whitefield,2023,Grievous Injury,Hit pedestrian,Others,12.938216,77.746848,0,9497
Whitefield,2023,Damage Only,Vehicle to Vehicle,State Highway,12.937967,77.746528,0,9498
Whitefield,2023,Grievous Injury,Hit pedestrian,Others,12.956083,77.730195,0,9499
Whitefield,2023,Fatal,Hit pedestrian,Others,12.976825,77.726375,1,9500
Whitefield,2023,Grievous Injury,Vehicle to Vehicle,Others,13.030491,77.761331,0,9501
Whitefield,2023,Grievous Injury,Vehicle to Vehicle,State Highway,12.986735,77.753539,0,9502
Whitefield,2023,Grievous Injury,Vehicle to Vehicle,Arterial,12.995674,77.758996,0,9503
Whitefield,2023,Damage Only,Vehicle to Vehicle,Others,12.943869,77.74697,0,9504
W.Garden,2016,Damage Only,Rear end,Two way,12.952508,77.590871,0,9505
W.Garden,2017,Grievous Injury,Rear end,One way,12.962221,77.594627,0,9506
W.Garden,2017,Fatal,Hit pedestrian,Two way,12.942949,77.597334,1,9507
W.Garden,2018,Grievous Injury,Hit pedestrian,One way,12.956039,77.592879,0,9508
W.Garden,2019,Fatal,Hit and Run,Two way,12.948649,77.601012,1,9509
W.Garden,2019,Damage Only,Others,Two way,12.949957,77.5967059,0,9510
W.Garden,2019,Not Applicable,Hit pedestrian,City or Town Road,12.961938,77.594394,0,9511
W.Garden,2019,Fatal,Vehicle to Vehicle,Two way,12.950079,77.592795,1,9512
W.Garden,2019,Grievous Injury,Hit pedestrian,City or Town Road,12.954428,77.585492,0,9513
W.Garden,2019,Grievous Injury,Vehicle to Vehicle,One way,12.967572,77.589241,0,9514
W.Garden,2019,Fatal,Hit pedestrian,One way,12.947017,77.596321,1,9515
W.Garden,2019,Grievous Injury,Hit and Run,One way,12.97048,77.592061,0,9516
W.Garden,2019,Grievous Injury,Not Applicable,Two way,12.946597,77.594839,0,9517
W.Garden,2019,Grievous Injury,Vehicle to Vehicle,One way,12.967208,77.594965,0,9518
W.Garden,2019,Grievous Injury,Hit pedestrian,City or Town Road,12.964349,77.592725,0,9519
W.Garden,2019,Grievous Injury,Vehicle to Vehicle,One way,12.959979,77.587485,0,9520
W.Garden,2019,Grievous Injury,Hit pedestrian,Two way,12.963333,77.590805,0,9521
W.Garden,2019,Grievous Injury,Hit bicyclist,Two way,12.961854,77.5945269,0,9522
W.Garden,2019,Damage Only,Vehicle to Vehicle,Two way,12.962296,77.593719,0,9523
W.Garden,2019,Fatal,Hit pedestrian,Residential Street,12.947541,77.598185,1,9524
W.Garden,2019,Damage Only,Vehicle to Vehicle,Two way,12.948588,77.593159,0,9525
W.Garden,2019,Grievous Injury,Vehicle to Vehicle,One way,12.971259,77.594087,0,9526
W.Garden,2019,Grievous Injury,Vehicle to Vehicle,One way,12.955557,77.585744,0,9527
W.Garden,2019,Simple Injury,Vehicle to Vehicle,One way,12.957596,77.586087,0,9528
W.Garden,2019,Simple Injury,Hit bicyclist,One way,12.966986,77.594675,0,9529
W.Garden,2019,Grievous Injury,Hit bicyclist,Two way,12.962382,77.589476,0,9530
W.Garden,2019,Damage Only,Vehicle to Vehicle,Two way,12.956278,77.5923739,0,9531
W.Garden,2019,Fatal,Vehicle to Vehicle,Two way,12.938177,77.598683,1,9532
W.Garden,2019,Grievous Injury,Hit bicyclist,One way,12.967546,77.593995,0,9533
W.Garden,2019,Grievous Injury,Hit pedestrian,Two way,12.951375,77.597005,0,9534
W.Garden,2019,Grievous Injury,Others,One way,12.967409,77.594178,0,9535
W.Garden,2019,Simple Injury,Rear end,Two way,12.962074,77.594457,0,9536
W.Garden,2019,Simple Injury,Hit pedestrian,Two way,12.958528,77.593129,0,9537
W.Garden,2019,Grievous Injury,Hit pedestrian,One way,12.966055,77.5953879,0,9538
W.Garden,2019,Grievous Injury,Hit pedestrian,Two way,12.962587,77.5898629,0,9539
W.Garden,2019,Fatal,Hit pedestrian,One way,12.96786,77.59305,1,9540
W.Garden,2019,Grievous Injury,Vehicle to Vehicle,One way,12.967545,77.589229,0,9541
W.Garden,2019,Grievous Injury,Vehicle to Vehicle,Others,12.947465,77.59823,0,9542
W.Garden,2019,Grievous Injury,Others,Two way,12.953418,77.592598,0,9543
W.Garden,2019,Grievous Injury,Hit and Run,Others,12.960028,77.587438,0,9544
W.Garden,2019,Fatal,Hit pedestrian,Two way,12.966349,77.595147,1,9545
W.Garden,2021,Fatal,Vehicle to Vehicle,Others,12.955536,77.585737,1,9546
W.Garden,2022,Grievous Injury,Vehicle to Vehicle,Others,12.958586,77.586499,0,9547
W.Garden,2023,Grievous Injury,Vehicle to Vehicle,Others,12.950126,77.596541,0,9548
W.Garden,2023,Simple Injury,Vehicle to Vehicle,Two way,12.943585,77.598088,0,9549
W.Garden,2023,Simple Injury,Hit pedestrian,Two way,12.952323,77.588209,0,9550
W.Garden,2023,Grievous Injury,Hit pedestrian,Arterial,12.943133,77.597356,0,9551
W.Garden,2023,Grievous Injury,Vehicle to Vehicle,Residential Street,12.932626,77.589506,0,9552
W.Garden,2023,Grievous Injury,Hit pedestrian,Others,12.950849,77.592718,0,9553
W.Garden,2023,Grievous Injury,Hit bicyclist,Others,12.946335,77.589921,0,9554
W.Garden,2023,Damage Only,Vehicle to Vehicle,Two way,12.943662,77.585272,0,9555
W.Garden,2023,Grievous Injury,Hit pedestrian,Others,12.950511,77.59231,0,9556
W.Garden,2023,Damage Only,Vehicle to Vehicle,Others,12.951547,77.590643,0,9557
W.Garden,2023,Grievous Injury,Vehicle to Vehicle,Two way,12.94663,77.588054,0,9558
W.Garden,2023,Grievous Injury,Vehicle to Vehicle,Arterial,12.949344,77.59332,0,9559
W.Garden,2023,Grievous Injury,Vehicle to Vehicle,Others,12.937257,77.601267,0,9560
W.Garden,2023,Damage Only,Vehicle to Vehicle,Others,12.949391,77.593139,0,9561
W.Garden,2023,Grievous Injury,Hit pedestrian,Others,12.958454,77.593201,0,9562
W.Garden,2023,Fatal,Hit pedestrian,Others,12.942262,77.585142,1,9563
W.Garden,2023,Grievous Injury,Vehicle to Vehicle,Arterial,12.938514,77.598399,0,9564
W.Garden,2023,Grievous Injury,Vehicle to Vehicle,Two way,12.938131,77.598861,0,9565
W.Garden,2023,Damage Only,Vehicle to Vehicle,Others,12.955806,77.592194,0,9566
W.Garden,2023,Simple Injury,Vehicle to Vehicle,Two way,12.957986,77.59683,0,9567
W.Garden,2023,Fatal,Vehicle to Vehicle,Two way,12.956103,77.592287,1,9568
W.Garden,2023,Grievous Injury,Hit pedestrian,Others,12.93847,77.598456,0,9569
W.Garden,2023,Grievous Injury,Vehicle to Vehicle,Others,12.954715,77.592679,0,9570
W.Garden,2023,Grievous Injury,Vehicle to Vehicle,Others,12.937719,77.599159,0,9571
W.Garden,2023,Damage Only,Vehicle to Vehicle,Others,12.953729,77.591678,0,9572
W.Garden,2023,Simple Injury,Vehicle to Vehicle,One way,12.945408,77.596601,0,9573
W.Garden,2023,Fatal,Not Applicable,Sub Arterial,12.956068,77.592286,1,9574
W.Garden,2023,Grievous Injury,Vehicle to Vehicle,One way,12.946274,77.597184,0,9575
W.Garden,2023,Grievous Injury,Vehicle to Vehicle,Others,12.949367,77.593286,0,9576
W.Garden,2023,Grievous Injury,Vehicle to Vehicle,Others,12.946296,77.59719,0,9577
W.Garden,2023,Grievous Injury,Vehicle to Vehicle,Others,12.953803,77.594288,0,9578
W.Garden,2023,Fatal,Vehicle to Vehicle,Two way,12.941617,77.585127,1,9579
W.Garden,2023,Damage Only,Vehicle to Vehicle,Two way,12.94903,77.597855,0,9580
Yalahanka,2019,Simple Injury,Vehicle to Vehicle,Others,13.114756,77.579028,0,9581
Yalahanka,2019,Simple Injury,Vehicle to Vehicle,Service Road,13.10141,77.599436,0,9582
Yalahanka,2019,Damage Only,Vehicle to Vehicle,State Highway,13.109402,77.58048,0,9583
Yalahanka,2019,Simple Injury,Hit pedestrian,State Highway,13.109737,77.580273,0,9584
Yalahanka,2019,Simple Injury,Not Applicable,NH,13.099713,77.599599,0,9585
Yalahanka,2019,Simple Injury,Vehicle to Vehicle,Two way,13.110422,77.565289,0,9586
Yalahanka,2019,Simple Injury,Hit pedestrian,State Highway,13.097179,77.592243,0,9587
Yalahanka,2019,Simple Injury,Hit pedestrian,State Highway,13.114195,77.579201,0,9588
Yalahanka,2019,Simple Injury,Vehicle to Vehicle,Two way,13.094618,77.533453,0,9589
Yalahanka,2019,Simple Injury,Vehicle to Vehicle,Two way,13.101177,77.583075,0,9590
Yalahanka,2019,Simple Injury,Hit pedestrian,Others,13.081556,77.548297,0,9591
Yalahanka,2019,Simple Injury,Vehicle to Vehicle,One way,13.087026,77.561803,0,9592
Yalahanka,2019,Damage Only,Vehicle to Vehicle,Others,13.08255,77.548474,0,9593
Yalahanka,2021,Simple Injury,Vehicle to Vehicle,State Highway,13.115519,77.578711,0,9594
Yalahanka,2022,Grievous Injury,Vehicle to Vehicle,NH,13.076053,77.592775,0,9595
Yalahanka,2022,Damage Only,Vehicle to Vehicle,One way,13.129644,77.571704,0,9596
Yalahanka,2022,Grievous Injury,Not Applicable,Sub Arterial,13.097169,77.595889,0,9597
Yalahanka,2022,Grievous Injury,Vehicle to Vehicle,NH,13.120087,77.609897,0,9598
Yalahanka,2022,Simple Injury,Hit pedestrian,Others,13.098646,77.581813,0,9599
Yalahanka,2022,Grievous Injury,Vehicle to Vehicle,Sub Arterial,13.106157,77.572594,0,9600
Yalahanka,2022,Fatal,Vehicle to Vehicle,NH,13.074065,77.592617,1,9601
Yalahanka,2022,Simple Injury,Vehicle to Vehicle,NH,13.081633,77.593031,0,9602
Yalahanka,2022,Grievous Injury,Not Applicable,Others,13.097973,77.598781,0,9603
Yalahanka,2022,Grievous Injury,Vehicle to Vehicle,Arterial,13.116766,77.615437,0,9604
Yalahanka,2022,Simple Injury,Vehicle to Vehicle,Others,13.114099,77.579201,0,9605
Yalahanka,2022,Grievous Injury,Vehicle to Vehicle,Sub Arterial,13.103733,77.600571,0,9606
Yalahanka,2022,Damage Only,Vehicle to Vehicle,Two way,13.104095,77.571705,0,9607
Yalahanka,2022,Damage Only,Vehicle to Vehicle,State Highway,13.113741,77.579342,0,9608
Yalahanka,2022,Grievous Injury,Vehicle to Vehicle,Others,13.101138,77.5831269,0,9609
Yalahanka,2023,Fatal,Vehicle to Vehicle,NH,13.127837,77.613527,1,9610
Yalahanka,2023,Grievous Injury,Vehicle to Vehicle,Arterial,13.255445,77.554555,0,9611
Yalahanka,2023,Fatal,Not Applicable,NH,13.101095,77.600065,1,9612
Yalahanka,2023,Simple Injury,Vehicle to Vehicle,Two way,13.068651,77.558918,0,9613
Yalahanka,2023,Fatal,Vehicle to Vehicle,Arterial,13.104324,77.600635,1,9614
Yalahanka,2023,Grievous Injury,Vehicle to Vehicle,State Highway,13.025454,77.455544,0,9615
Yalahanka,2023,Fatal,Not Applicable,Two way,13.079091,77.592562,1,9616
Yalahanka,2023,Damage Only,Vehicle to Vehicle,Two way,13.092766,77.561111,0,9617
Yalahanka,2023,Fatal,Vehicle to Vehicle,Arterial,13.075372,77.559458,1,9618
Yalahanka,2023,Fatal,Vehicle to Vehicle,Arterial,13.105045,77.600983,1,9619
Yalahanka,2023,Grievous Injury,Hit pedestrian,Sub Arterial,13.097002,77.545945,0,9620
Yalahanka,2023,Fatal,Vehicle to Vehicle,Arterial,13.097957,77.568674,1,9621
Yalahanka,2023,Fatal,Hit pedestrian,State Highway,13.078835,77.592839,1,9622
Yalahanka,2023,Simple Injury,Vehicle to Vehicle,Two way,13.103977,77.602282,0,9623
Yalahanka,2023,Fatal,Not Applicable,State Highway,13.116257,77.607843,1,9624
Yalahanka,2023,Fatal,Vehicle to Vehicle,Arterial,13.098795,77.574081,1,9625
Yalahanka,2023,Simple Injury,Not Applicable,One way,13.095004,77.597685,0,9626
Yalahanka,2023,Fatal,Vehicle to Vehicle,Arterial,13.078117,77.59292,1,9627
Yalahanka,2023,Fatal,Not Applicable,Arterial,13.136521,77.617358,1,9628
Yalahanka,2023,Fatal,Hit bicyclist,Arterial,13.121812,77.625532,1,9629
Yalahanka,2023,Fatal,Vehicle to Vehicle,Arterial,13.094858,77.597396,1,9630
Yalahanka,2023,Grievous Injury,Hit pedestrian,Arterial,13.095085,77.597465,0,9631
Yalahanka,2023,Fatal,Vehicle to Vehicle,State Highway,13.104505,77.607788,1,9632
Yalahanka,2023,Grievous Injury,Vehicle to Vehicle,Service Road,13.113029,77.606062,0,9633
Yalahanka,2023,Grievous Injury,Vehicle to Vehicle,One way,13.119369,77.557554,0,9634
Yalahanka,2023,Grievous Injury,Vehicle to Vehicle,Sub Arterial,13.255452,77.546559,0,9635
Yalahanka,2023,Grievous Injury,Not Applicable,Arterial,13.121628,77.613746,0,9636
Yalahanka,2023,Fatal,Vehicle to Vehicle,Arterial,13.079701,77.62054,1,9637
Yalahanka,2023,Fatal,Hit pedestrian,One way,13.080622,77.547952,1,9638
Yalahanka,2023,Grievous Injury,Vehicle to Vehicle,One way,13.078776,77.593022,0,9639
Yalahanka,2023,Damage Only,Vehicle to Vehicle,Sub Arterial,13.086912,77.555812,0,9640
Yalahanka,2023,Fatal,Vehicle to Vehicle,Sub Arterial,13.254554,77.558655,1,9641
Yalahanka,2023,Fatal,Vehicle to Vehicle,Sub Arterial,13.09761,77.56386,1,9642
Yalahanka,2023,Grievous Injury,Hit pedestrian,Two way,13.114778,77.578701,0,9643
Yashawanthapura,2016,Grievous Injury,Head on,City or Town Road,13.16366,77.33280398,0,9644
Yashawanthapura,2016,Grievous Injury,Not Applicable,NH,13.0236126758262,77.5346147336383,0,9645
Yashawanthapura,2016,Simple Injury,Not Applicable,City or Town Road,13.142207,77.33434802,0,9646
Yashawanthapura,2016,Fatal,Hit pedestrian,City or Town Road,13.032523,77.533655,1,9647
Yashawanthapura,2016,Damage Only,Others,City or Town Road,13.01728,77.558364,0,9648
Yashawanthapura,2016,Damage Only,Others,City or Town Road,13.023136,77.550113,0,9649
Yashawanthapura,2016,Simple Injury,Not Applicable,City or Town Road,13.028843,77.540092,0,9650
Yashawanthapura,2016,Simple Injury,Others,City or Town Road,13.023021,77.537593,0,9651
Yashawanthapura,2016,Simple Injury,Others,City or Town Road,13.07259,77.558345,0,9652
Yashawanthapura,2016,Grievous Injury,Not Applicable,City or Town Road,13.1185412,77.3359328,0,9653
Yashawanthapura,2016,Grievous Injury,Not Applicable,City or Town Road,13.1348378,77.32391734,0,9654
Yashawanthapura,2016,Simple Injury,Not Applicable,City or Town Road,13.026167,77.544416,0,9655
Yashawanthapura,2016,Damage Only,Others,City or Town Road,13.018537,77.557752,0,9656
Yashawanthapura,2016,Simple Injury,Others,City or Town Road,13.015819,77.555875,0,9657
Yashawanthapura,2016,Fatal,Not Applicable,City or Town Road,13.022164,77.5328,1,9658
Yashawanthapura,2016,Simple Injury,Others,City or Town Road,13.021759,77.551342,0,9659
Yashawanthapura,2016,Damage Only,Hit and Run,City or Town Road,13.14656,77.33329832,0,9660
Yashawanthapura,2016,Fatal,Not Applicable,City or Town Road,13.023842,77.548579,1,9661
Yashawanthapura,2016,Simple Injury,Others,City or Town Road,13.032104,77.53417,0,9662
Yashawanthapura,2016,Damage Only,Others,City or Town Road,13.030254,77.537228,0,9663
Yashawanthapura,2016,Damage Only,Others,City or Town Road,13.024432,77.547538,0,9664
Yashawanthapura,2016,Not Applicable,Not Applicable,City or Town Road,13.034655,77.557344,0,9665
Yashawanthapura,2016,Simple Injury,Others,City or Town Road,13.018079,77.558723,0,9666
Yashawanthapura,2016,Grievous Injury,Not Applicable,One way,13.0296202719543,77.56483883832631,0,9667
Yashawanthapura,2016,Fatal,Others,City or Town Road,13.147748,77.33226044,1,9668
Yashawanthapura,2016,Grievous Injury,Hit and Run,One way,13.1163482,77.33309018,0,9669
Yashawanthapura,2016,Simple Injury,Not Applicable,City or Town Road,13.157576,77.3331158,0,9670
Yashawanthapura,2016,Grievous Injury,Others,Two way,13.055587,77.33187626,0,9671
Yashawanthapura,2016,Fatal,Not Applicable,City or Town Road,13.024057,77.548437,1,9672
Yashawanthapura,2016,Simple Injury,Hit and Run,City or Town Road,13.02392,77.54271,0,9673
Yashawanthapura,2016,Simple Injury,Others,City or Town Road,13.018563,77.55772,0,9674
Yashawanthapura,2016,Grievous Injury,Not Applicable,City or Town Road,13.018589,77.557741,0,9675
Yashawanthapura,2016,Damage Only,Not Applicable,City or Town Road,13.030746,77.56007,0,9676
Yashawanthapura,2016,Grievous Injury,Others,City or Town Road,13.017366,77.553976,0,9677
Yashawanthapura,2016,Grievous Injury,Others,City or Town Road,13.02346,77.545886,0,9678
Yashawanthapura,2016,Damage Only,Others,City or Town Road,13.023847,77.533505,0,9679
Yashawanthapura,2016,Grievous Injury,Not Applicable,City or Town Road,13.155554,77.333105,0,9680
Yashawanthapura,2016,Damage Only,Not Applicable,City or Town Road,13.0556626,77.33190902,0,9681
Yashawanthapura,2016,Simple Injury,Not Applicable,City or Town Road,13.1449256,77.32110724,0,9682
Yashawanthapura,2016,Grievous Injury,Hit and Run,City or Town Road,13.172696,77.33293472,0,9683
Yashawanthapura,2016,Damage Only,Others,City or Town Road,13.0582984,77.33226794,0,9684
Yashawanthapura,2016,Damage Only,Others,City or Town Road,13.030934,77.559834,0,9685
Yashawanthapura,2016,Simple Injury,Others,City or Town Road,13.028822,77.539856,0,9686
Yashawanthapura,2016,Fatal,Not Applicable,City or Town Road,13.022927,77.532883,1,9687
Yashawanthapura,2016,Simple Injury,Others,City or Town Road,13.014126,77.565756,0,9688
Yashawanthapura,2016,Grievous Injury,Not Applicable,City or Town Road,13.024354,77.562585,0,9689
Yashawanthapura,2016,Fatal,Not Applicable,City or Town Road,13.029841,77.538311,1,9690
Yashawanthapura,2016,Simple Injury,Not Applicable,NH,13.149296,77.33122256,0,9691
Yashawanthapura,2016,Simple Injury,Not Applicable,City or Town Road,13.031645,77.554845,0,9692
Yashawanthapura,2016,Damage Only,Others,City or Town Road,13.025791,77.545623,0,9693
Yashawanthapura,2016,Damage Only,Not Applicable,City or Town Road,13.022687,77.550789,0,9694
Yashawanthapura,2016,Damage Only,Others,City or Town Road,13.017685,77.553702,0,9695
Yashawanthapura,2016,Simple Injury,Hit and Run,City or Town Road,13.1422508,77.3296678,0,9696
Yashawanthapura,2016,Damage Only,Others,City or Town Road,13.118699,77.3357162,0,9697
Yashawanthapura,2016,Simple Injury,Others,City or Town Road,13.02853,77.536144,0,9698
Yashawanthapura,2016,Simple Injury,Not Applicable,City or Town Road,13.029073,77.539309,0,9699
Yashawanthapura,2016,Simple Injury,Others,City or Town Road,13.028977,77.53994,0,9700
Yashawanthapura,2016,Grievous Injury,Others,City or Town Road,13.018537,77.557752,0,9701
Yashawanthapura,2016,Simple Injury,Others,City or Town Road,13.025749,77.545747,0,9702
Yashawanthapura,2016,Simple Injury,Others,City or Town Road,13.027103,77.55831,0,9703
Yashawanthapura,2016,Simple Injury,Not Applicable,City or Town Road,13.032449,77.533966,0,9704
Yashawanthapura,2016,Fatal,Hit and Run,City or Town Road,13.024856,77.547243,1,9705
Yashawanthapura,2016,Simple Injury,Head on,City or Town Road,13.1593466,77.33181908,0,9706
Yashawanthapura,2016,Grievous Injury,Hit pedestrian,City or Town Road,13.1505056,77.32576342,0,9707
Yashawanthapura,2016,Grievous Injury,Hit and Run,City or Town Road,13.148,77.33127614,0,9708
Yashawanthapura,2016,Damage Only,Others,City or Town Road,13.1490188,77.32143046,0,9709
Yashawanthapura,2016,Grievous Injury,Not Applicable,City or Town Road,13.174928,77.33274134,0,9710
Yashawanthapura,2016,Simple Injury,Not Applicable,City or Town Road,13.234116,77.33275436,0,9711
Yashawanthapura,2016,Damage Only,Others,City or Town Road,13.018291,77.558814,0,9712
Yashawanthapura,2016,Grievous Injury,Not Applicable,City or Town Road,13.030307,77.53696,0,9713
Yashawanthapura,2016,Simple Injury,Hit pedestrian,City or Town Road,13.032763,77.554185,0,9714
Yashawanthapura,2016,Simple Injury,Not Applicable,City or Town Road,13.015955,77.562484,0,9715
Yashawanthapura,2016,Simple Injury,Others,City or Town Road,13.02289,77.549925,0,9716
Yashawanthapura,2016,Simple Injury,Hit and Run,City or Town Road,13.026371,77.544094,0,9717
Yashawanthapura,2016,Simple Injury,Skidding or Self accident,City or Town Road,13.021652,77.553257,0,9718
Yashawanthapura,2016,Simple Injury,Others,City or Town Road,13.03223,77.558911,0,9719
Yashawanthapura,2016,Grievous Injury,Head on,Service Road,13.157864,77.3212084,0,9720
Yashawanthapura,2016,Grievous Injury,Hit pedestrian,City or Town Road,13.194908,77.3324681,0,9721
Yashawanthapura,2016,Damage Only,Others,City or Town Road,13.021808,77.559024,0,9722
Yashawanthapura,2016,Simple Injury,Not Applicable,City or Town Road,13.022486,77.556622,0,9723
Yashawanthapura,2016,Simple Injury,Others,City or Town Road,13.017094,77.560585,0,9724
Yashawanthapura,2016,Simple Injury,Overturning,City or Town Road,13.028279,77.558761,0,9725
Yashawanthapura,2016,Simple Injury,Others,City or Town Road,13.022404,77.562966,0,9726
Yashawanthapura,2016,Damage Only,Not Applicable,NH,13.027918,77.541916,0,9727
Yashawanthapura,2016,Grievous Injury,Not Applicable,City or Town Road,13.024149,77.547211,0,9728
Yashawanthapura,2016,Fatal,Others,City or Town Road,13.018286,77.557688,1,9729
Yashawanthapura,2016,Damage Only,Others,City or Town Road,13.1489534,77.32133758,0,9730
Yashawanthapura,2016,Grievous Injury,Not Applicable,City or Town Road,13.1385638,77.3273602,0,9731
Yashawanthapura,2016,Damage Only,Not Applicable,City or Town Road,13.019854,77.555799,0,9732
Yashawanthapura,2016,Damage Only,Not Applicable,City or Town Road,13.028958,77.539953,0,9733
Yashawanthapura,2016,Damage Only,Others,City or Town Road,13.018537,77.557752,0,9734
Yashawanthapura,2016,Simple Injury,Not Applicable,City or Town Road,13.028969,77.539663,0,9735
Yashawanthapura,2016,Not Applicable,Not Applicable,City or Town Road,13.023763,77.549158,0,9736
Yashawanthapura,2016,Damage Only,Others,City or Town Road,13.028707,77.540243,0,9737
Yashawanthapura,2016,Damage Only,Head on,City or Town Road,13.163582,77.3328602,0,9738
Yashawanthapura,2016,Fatal,Not Applicable,NH,13.1437694,77.32108096,1,9739
Yashawanthapura,2016,Damage Only,Overturning,City or Town Road,13.1547746,77.33331266,0,9740
Yashawanthapura,2016,Simple Injury,Not Applicable,City or Town Road,13.1590118,77.33144792,0,9741
Yashawanthapura,2016,Simple Injury,Hit and Run,Two way,13.157882,77.3211472,0,9742
Yashawanthapura,2016,Simple Injury,Not Applicable,City or Town Road,13.16888,77.33268302,0,9743
Yashawanthapura,2016,Simple Injury,Not Applicable,NH,13.1187746,77.3358104,0,9744
Yashawanthapura,2016,Grievous Injury,Others,City or Town Road,13.1117186,77.3246554,0,9745
Yashawanthapura,2016,Simple Injury,Hit and Run,City or Town Road,13.02993,77.537603,0,9746
Yashawanthapura,2016,Damage Only,Not Applicable,City or Town Road,13.032104,77.53417,0,9747
Yashawanthapura,2016,Simple Injury,Not Applicable,City or Town Road,13.024803,77.547334,0,9748
Yashawanthapura,2016,Not Applicable,Hit and Run,City or Town Road,13.028694,77.536134,0,9749
Yashawanthapura,2016,Grievous Injury,Hit and Run,City or Town Road,13.024022,77.548316,0,9750
Yashawanthapura,2016,Simple Injury,Not Applicable,City or Town Road,13.032178,77.534074,0,9751
Yashawanthapura,2016,Grievous Injury,Not Applicable,NH,13.0166846258116,77.5521611631643,0,9752
Yashawanthapura,2016,Grievous Injury,Others,City or Town Road,13.1492924,77.32135888,0,9753
Yashawanthapura,2016,Fatal,Not Applicable,City or Town Road,13.1239232,77.3314691,1,9754
Yashawanthapura,2016,Grievous Injury,Others,City or Town Road,13.215972,77.31519162,0,9755
Yashawanthapura,2016,Damage Only,Others,City or Town Road,13.029429,77.538719,0,9756
Yashawanthapura,2016,Fatal,Hit and Run,City or Town Road,13.033777,77.53108,1,9757
Yashawanthapura,2016,Simple Injury,Overturning,City or Town Road,13.023523,77.54698,0,9758
Yashawanthapura,2016,Grievous Injury,Others,City or Town Road,13.022133,77.532636,0,9759
Yashawanthapura,2016,Fatal,Hit and Run,City or Town Road,13.027631,77.533253,1,9760
Yashawanthapura,2016,Simple Injury,Not Applicable,NH,13.152818,77.3331269,0,9761
Yashawanthapura,2016,Grievous Injury,Not Applicable,City or Town Road,13.018275,77.557029,0,9762
Yashawanthapura,2016,Simple Injury,Not Applicable,City or Town Road,13.1293592,77.32502182,0,9763
Yashawanthapura,2016,Damage Only,Others,City or Town Road,13.029073,77.539309,0,9764
Yashawanthapura,2016,Simple Injury,Others,City or Town Road,13.021244,77.558997,0,9765
Yashawanthapura,2016,Simple Injury,Hit and Run,City or Town Road,13.1558732,77.3222302,0,9766
Yashawanthapura,2016,Damage Only,Not Applicable,City or Town Road,13.0583014,77.33437322,0,9767
Yashawanthapura,2016,Grievous Injury,Not Applicable,One way,13.1390282,77.33306354,0,9768
Yashawanthapura,2016,Damage Only,Not Applicable,City or Town Road,13.01538,77.55507,0,9769
Yashawanthapura,2016,Damage Only,Others,Others,13.034671,77.529551,0,9770
Yashawanthapura,2016,Damage Only,Not Applicable,City or Town Road,13.019263,77.54779,0,9771
Yashawanthapura,2016,Damage Only,Not Applicable,City or Town Road,13.026345,77.544127,0,9772
Yashawanthapura,2016,Simple Injury,Not Applicable,City or Town Road,13.026764,77.561726,0,9773
Yashawanthapura,2016,Simple Injury,Hit and Run,City or Town Road,13.022185,77.532876,0,9774
Yashawanthapura,2016,Fatal,Not Applicable,NH,13.024296,77.5572,1,9775
Yashawanthapura,2016,Simple Injury,Not Applicable,NH,13.0587088,77.33139242,0,9776
Yashawanthapura,2016,Grievous Injury,Not Applicable,City or Town Road,13.1567222,77.33317946,0,9777
Yashawanthapura,2016,Damage Only,Others,City or Town Road,13.174346,77.33275214,0,9778
Yashawanthapura,2016,Fatal,Hit pedestrian,City or Town Road,13.1207444,77.31579138,1,9779
Yashawanthapura,2016,Simple Injury,Not Applicable,City or Town Road,13.1282,77.33245268,0,9780
Yashawanthapura,2016,Damage Only,Others,City or Town Road,13.028969,77.540715,0,9781
Yashawanthapura,2017,Damage Only,Others,City or Town Road,13.032408,77.54075,0,9782
Yashawanthapura,2017,Simple Injury,Not Applicable,City or Town Road,13.018537,77.557752,0,9783
Yashawanthapura,2017,Not Applicable,Hit and Run,One way,13.029073,77.539309,0,9784
Yashawanthapura,2017,Damage Only,Others,City or Town Road,13.018537,77.557752,0,9785
Yashawanthapura,2017,Fatal,Rear end,City or Town Road,13.028969,77.561293,1,9786
Yashawanthapura,2017,Simple Injury,Hit and Run,City or Town Road,13.028969,77.561293,0,9787
Yashawanthapura,2017,Fatal,Others,City or Town Road,13.024181,77.54844,1,9788
Yashawanthapura,2017,Simple Injury,Overturning,City or Town Road,13.021772,77.551631,0,9789
Yashawanthapura,2017,Damage Only,Others,City or Town Road,13.030265,77.537051,0,9790
Yashawanthapura,2017,Fatal,Run Off Road,City or Town Road,13.018537,77.557752,1,9791
Yashawanthapura,2017,Grievous Injury,Not Applicable,City or Town Road,13.024181,77.54844,0,9792
Yashawanthapura,2017,Simple Injury,Not Applicable,City or Town Road,13.032104,77.53417,0,9793
Yashawanthapura,2017,Damage Only,Not Applicable,City or Town Road,13.030265,77.537051,0,9794
Yashawanthapura,2017,Simple Injury,Not Applicable,City or Town Road,13.024181,77.54844,0,9795
Yashawanthapura,2017,Damage Only,Hit and Run,City or Town Road,13.02416,77.5624,0,9796
Yashawanthapura,2017,Simple Injury,Hit and Run,City or Town Road,13.025624,77.530555,0,9797
Yashawanthapura,2017,Simple Injury,Others,City or Town Road,13.030265,77.537051,0,9798
Yashawanthapura,2017,Simple Injury,Rear end,Two way,13.018537,77.557752,0,9799
Yashawanthapura,2017,Simple Injury,Overturning,City or Town Road,13.028969,77.561293,0,9800
Yashawanthapura,2017,Simple Injury,Not Applicable,City or Town Road,13.021045,77.556121,0,9801
Yashawanthapura,2017,Simple Injury,Others,City or Town Road,13.030265,77.537051,0,9802
Yashawanthapura,2017,Simple Injury,Hit pedestrian,City or Town Road,13.019937,77.555671,0,9803
Yashawanthapura,2017,Fatal,Rear end,City or Town Road,13.018537,77.557752,1,9804
Yashawanthapura,2017,Grievous Injury,Others,City or Town Road,13.017046,77.560516,0,9805
Yashawanthapura,2017,Damage Only,Others,Two way,13.031284,77.56375,0,9806
Yashawanthapura,2017,Simple Injury,Others,City or Town Road,13.018537,77.557752,0,9807
Yashawanthapura,2017,Simple Injury,Others,City or Town Road,13.032146,77.559061,0,9808
Yashawanthapura,2017,Fatal,Hit and Run,City or Town Road,13.020625,77.553133,1,9809
Yashawanthapura,2017,Simple Injury,Not Applicable,City or Town Road,13.028953,77.539991,0,9810
Yashawanthapura,2017,Damage Only,Rear end,City or Town Road,13.031122,77.542667,0,9811
Yashawanthapura,2017,Damage Only,Not Applicable,Others,13.024181,77.54844,0,9812
Yashawanthapura,2017,Damage Only,Not Applicable,City or Town Road,13.029073,77.539309,0,9813
Yashawanthapura,2017,Damage Only,Overturning,City or Town Road,13.029073,77.539309,0,9814
Yashawanthapura,2017,Damage Only,Hit and Run,City or Town Road,13.029073,77.539309,0,9815
Yashawanthapura,2017,Simple Injury,Hit pedestrian,City or Town Road,13.035972,77.557623,0,9816
Yashawanthapura,2017,Simple Injury,Hit and Run,City or Town Road,13.02416,77.5624,0,9817
Yashawanthapura,2017,Not Applicable,Not Applicable,NH,13.019169,77.553133,0,9818
Yashawanthapura,2017,Simple Injury,Others,City or Town Road,13.018537,77.557752,0,9819
Yashawanthapura,2017,Damage Only,Others,City or Town Road,13.029073,77.539309,0,9820
Yashawanthapura,2017,Simple Injury,Not Applicable,City or Town Road,13.024181,77.54844,0,9821
Yashawanthapura,2017,Simple Injury,Side swipe,City or Town Road,13.024181,77.54844,0,9822
Yashawanthapura,2017,Simple Injury,Not Applicable,City or Town Road,13.018537,77.557752,0,9823
Yashawanthapura,2017,Damage Only,Hit and Run,City or Town Road,13.032334,77.561936,0,9824
Yashawanthapura,2017,Grievous Injury,Hit and Run,Two way,13.018537,77.557752,0,9825
Yashawanthapura,2017,Damage Only,Others,NH,13.021652,77.55325,0,9826
Yashawanthapura,2017,Simple Injury,Overturning,City or Town Road,13.029073,77.539309,0,9827
Yashawanthapura,2017,Simple Injury,Not Applicable,City or Town Road,13.018537,77.557752,0,9828
Yashawanthapura,2017,Simple Injury,Not Applicable,City or Town Road,13.019937,77.555671,0,9829
Yashawanthapura,2017,Damage Only,Not Applicable,City or Town Road,13.017046,77.560516,0,9830
Yashawanthapura,2017,Grievous Injury,Others,City or Town Road,13.027403,77.539707,0,9831
Yashawanthapura,2017,Fatal,Rear end,City or Town Road,13.029951,77.553627,1,9832
Yashawanthapura,2017,Damage Only,Others,City or Town Road,13.028049,77.561936,0,9833
Yashawanthapura,2017,Damage Only,Not Applicable,City or Town Road,13.030265,77.537051,0,9834
Yashawanthapura,2017,Damage Only,Others,City or Town Road,13.029073,77.539309,0,9835
Yashawanthapura,2017,Not Applicable,Hit and Run,NH,13.029073,77.539309,0,9836
Yashawanthapura,2017,Not Applicable,Not Applicable,City or Town Road,13.019509,77.558047,0,9837
Yashawanthapura,2017,Not Applicable,Hit and Run,City or Town Road,13.024181,77.54844,0,9838
Yashawanthapura,2017,Simple Injury,Rear end,NH,13.030265,77.537051,0,9839
Yashawanthapura,2017,Simple Injury,Others,City or Town Road,13.033024,77.540908,0,9840
Yashawanthapura,2017,Simple Injury,Not Applicable,City or Town Road,13.024997,77.533998,0,9841
Yashawanthapura,2017,Fatal,Not Applicable,City or Town Road,13.029146,77.540033,1,9842
Yashawanthapura,2017,Grievous Injury,Not Applicable,City or Town Road,13.024181,77.54844,0,9843
Yashawanthapura,2017,Simple Injury,Others,Arterial,13.018537,77.557752,0,9844
Yashawanthapura,2017,Simple Injury,Not Applicable,City or Town Road,13.019937,77.555671,0,9845
Yashawanthapura,2017,Damage Only,Not Applicable,City or Town Road,13.030265,77.537051,0,9846
Yashawanthapura,2017,Simple Injury,Hit and Run,City or Town Road,13.030265,77.537051,0,9847
Yashawanthapura,2017,Simple Injury,Others,City or Town Road,13.028007,77.535801,0,9848
Yashawanthapura,2017,Simple Injury,Run Off Road,City or Town Road,13.031305,77.542447,0,9849
Yashawanthapura,2017,Simple Injury,Rear end,State Highway,13.021652,77.553257,0,9850
Yashawanthapura,2017,Simple Injury,Hit and Run,NH,13.024181,77.54844,0,9851
Yashawanthapura,2017,Simple Injury,Others,City or Town Road,13.032104,77.53417,0,9852
Yashawanthapura,2017,Fatal,Hit and Run,City or Town Road,13.030265,77.537051,1,9853
Yashawanthapura,2017,Simple Injury,Not Applicable,City or Town Road,13.030265,77.537051,0,9854
Yashawanthapura,2017,Simple Injury,Hit and Run,City or Town Road,13.024479,77.54719,0,9855
Yashawanthapura,2017,Fatal,Hit and Run,City or Town Road,13.023305,77.562874,1,9856
Yashawanthapura,2017,Fatal,Hit and Run,City or Town Road,13.019169,77.553133,1,9857
Yashawanthapura,2017,Simple Injury,Others,City or Town Road,13.024181,77.54844,0,9858
Yashawanthapura,2017,Not Applicable,Hit and Run,One way,13.032063,77.533998,0,9859
Yashawanthapura,2017,Simple Injury,Others,City or Town Road,13.015986,77.553546,0,9860
Yashawanthapura,2017,Damage Only,Not Applicable,City or Town Road,13.029073,77.539309,0,9861
Yashawanthapura,2017,Simple Injury,Not Applicable,City or Town Road,13.024181,77.54844,0,9862
Yashawanthapura,2017,Simple Injury,Others,City or Town Road,13.030265,77.537051,0,9863
Yashawanthapura,2017,Damage Only,Not Applicable,City or Town Road,13.030265,77.537051,0,9864
Yashawanthapura,2017,Simple Injury,Not Applicable,City or Town Road,13.028224,77.553821,0,9865
Yashawanthapura,2017,Fatal,Hit and Run,City or Town Road,13.034572,77.54144,1,9866
Yashawanthapura,2017,Damage Only,Others,City or Town Road,13.018286,77.557688,0,9867
Yashawanthapura,2017,Damage Only,Hit and Run,City or Town Road,13.029073,77.539309,0,9868
Yashawanthapura,2017,Grievous Injury,Hit and Run,City or Town Road,13.030265,77.537051,0,9869
Yashawanthapura,2017,Damage Only,Others,City or Town Road,13.029073,77.539309,0,9870
Yashawanthapura,2017,Grievous Injury,Others,City or Town Road,13.021244,77.548257,0,9871
Yashawanthapura,2017,Simple Injury,Others,City or Town Road,13.028969,77.561293,0,9872
Yashawanthapura,2017,Not Applicable,Not Applicable,City or Town Road,13.029073,77.539309,0,9873
Yashawanthapura,2017,Simple Injury,Hit and Run,City or Town Road,13.029073,77.539309,0,9874
Yashawanthapura,2017,Simple Injury,Not Applicable,City or Town Road,13.029073,77.539309,0,9875
Yashawanthapura,2017,Grievous Injury,Rear end,City or Town Road,13.030265,77.537051,0,9876
Yashawanthapura,2017,Damage Only,Not Applicable,City or Town Road,13.030265,77.537051,0,9877
Yashawanthapura,2017,Simple Injury,Not Applicable,Not Applicable,13.030265,77.537051,0,9878
Yashawanthapura,2017,Simple Injury,Not Applicable,Arterial,13.030265,77.537051,0,9879
Yashawanthapura,2017,Damage Only,Not Applicable,NH,13.023656,77.548863,0,9880
Yashawanthapura,2017,Not Applicable,Hit and Run,City or Town Road,13.029073,77.539309,0,9881
Yashawanthapura,2017,Simple Injury,Not Applicable,City or Town Road,13.030265,77.537051,0,9882
Yashawanthapura,2017,Damage Only,Others,City or Town Road,13.029073,77.539309,0,9883
Yashawanthapura,2017,Simple Injury,Not Applicable,City or Town Road,13.028224,77.553821,0,9884
Yashawanthapura,2017,Simple Injury,Not Applicable,City or Town Road,13.019169,77.553133,0,9885
Yashawanthapura,2017,Grievous Injury,Not Applicable,City or Town Road,13.03224,77.533926,0,9886
Yashawanthapura,2017,Not Applicable,Hit and Run,City or Town Road,13.028969,77.561293,0,9887
Yashawanthapura,2017,Not Applicable,Hit and Run,Two way,13.019937,77.555671,0,9888
Yashawanthapura,2017,Damage Only,Others,City or Town Road,13.018537,77.557752,0,9889
Yashawanthapura,2017,Simple Injury,Not Applicable,City or Town Road,13.030704,77.560048,0,9890
Yashawanthapura,2017,Fatal,Not Applicable,City or Town Road,13.029052,77.535071,1,9891
Yashawanthapura,2017,Grievous Injury,Not Applicable,City or Town Road,13.033693,77.531241,0,9892
Yashawanthapura,2017,Simple Injury,Others,City or Town Road,13.019509,77.558,0,9893
Yashawanthapura,2017,Simple Injury,Hit and Run,City or Town Road,13.028969,77.561293,0,9894
Yashawanthapura,2017,Fatal,Hit and Run,City or Town Road,13.019169,77.553133,1,9895
Yashawanthapura,2017,Simple Injury,Others,City or Town Road,13.018537,77.557752,0,9896
Yashawanthapura,2017,Damage Only,Others,Others,13.022195,77.53269,0,9897
Yashawanthapura,2017,Grievous Injury,Not Applicable,City or Town Road,13.018537,77.557752,0,9898
Yashawanthapura,2017,Simple Injury,Hit and Run,City or Town Road,13.029073,77.539309,0,9899
Yashawanthapura,2017,Not Applicable,Hit and Run,One way,13.022864,77.5507714,0,9900
Yashawanthapura,2017,Damage Only,Others,City or Town Road,13.030265,77.537051,0,9901
Yashawanthapura,2017,Fatal,Hit and Run,One way,13.013009,77.562787,1,9902
Yashawanthapura,2017,Grievous Injury,Not Applicable,City or Town Road,13.019169,77.553133,0,9903
Yashawanthapura,2017,Damage Only,Rear end,City or Town Road,13.018537,77.557752,0,9904
Yashawanthapura,2017,Simple Injury,Others,City or Town Road,13.020293,77.552463,0,9905
Yashawanthapura,2017,Simple Injury,Not Applicable,City or Town Road,13.032104,77.53417,0,9906
Yashawanthapura,2017,Simple Injury,Others,City or Town Road,13.018537,77.557752,0,9907
Yashawanthapura,2017,Simple Injury,Not Applicable,City or Town Road,13.01862,77.557784,0,9908
Yashawanthapura,2017,Simple Injury,Others,City or Town Road,13.024479,77.54719,0,9909
Yashawanthapura,2017,Damage Only,Not Applicable,City or Town Road,13.030265,77.537051,0,9910
Yashawanthapura,2017,Grievous Injury,Not Applicable,City or Town Road,13.028969,77.561293,0,9911
Yashawanthapura,2017,Grievous Injury,Others,City or Town Road,13.030265,77.537051,0,9912
Yashawanthapura,2017,Simple Injury,Hit and Run,City or Town Road,13.028049,77.561936,0,9913
Yashawanthapura,2017,Simple Injury,Side swipe,NH,13.024181,77.54844,0,9914
Yashawanthapura,2017,Fatal,Others,NH,13.02634,77.544175,1,9915
Yashawanthapura,2017,Simple Injury,Others,City or Town Road,13.021772,77.551631,0,9916
Yashawanthapura,2017,Simple Injury,Not Applicable,City or Town Road,13.019169,77.553133,0,9917
Yashawanthapura,2017,Grievous Injury,Others,Arterial,13.029073,77.539309,0,9918
Yashawanthapura,2017,Damage Only,Others,City or Town Road,13.024181,77.54844,0,9919
Yashawanthapura,2017,Simple Injury,Hit and Run,NH,13.033866,77.530914,0,9920
Yashawanthapura,2017,Damage Only,Others,City or Town Road,13.029073,77.539309,0,9921
Yashawanthapura,2017,Simple Injury,Not Applicable,One way,13.029073,77.539309,0,9922
Yashawanthapura,2017,Simple Injury,Others,City or Town Road,13.029073,77.539309,0,9923
Yashawanthapura,2017,Damage Only,Not Applicable,City or Town Road,13.026303,77.544196,0,9924
Yashawanthapura,2017,Grievous Injury,Not Applicable,City or Town Road,13.028224,77.553821,0,9925
Yashawanthapura,2017,Simple Injury,Hit and Run,City or Town Road,13.024997,77.533998,0,9926
Yashawanthapura,2017,Fatal,Not Applicable,City or Town Road,13.021772,77.551631,1,9927
Yashawanthapura,2017,Damage Only,Others,City or Town Road,13.028666,77.540307,0,9928
Yashawanthapura,2017,Simple Injury,Run Off Road,One way,13.027432,77.542753,0,9929
Yashawanthapura,2017,Fatal,Side swipe,City or Town Road,13.030819,77.531933,1,9930
Yashawanthapura,2017,Simple Injury,Others,City or Town Road,13.019169,77.553133,0,9931
Yashawanthapura,2017,Simple Injury,Overturning,City or Town Road,13.021652,77.553257,0,9932
Yashawanthapura,2017,Simple Injury,Others,City or Town Road,13.024181,77.54844,0,9933
Yashawanthapura,2017,Simple Injury,Not Applicable,City or Town Road,13.02069,77.546852,0,9934
Yashawanthapura,2017,Simple Injury,Others,City or Town Road,13.019859,77.552798,0,9935
Yashawanthapura,2017,Grievous Injury,Rear end,City or Town Road,13.024181,77.54844,0,9936
Yashawanthapura,2017,Simple Injury,Not Applicable,City or Town Road,13.028049,77.561936,0,9937
Yashawanthapura,2017,Damage Only,Not Applicable,City or Town Road,13.032104,77.53417,0,9938
Yashawanthapura,2017,Fatal,Skidding or Self accident,City or Town Road,13.018537,77.557752,1,9939
Yashawanthapura,2017,Damage Only,Others,City or Town Road,13.019937,77.555671,0,9940
Yashawanthapura,2017,Fatal,Not Applicable,City or Town Road,13.024181,77.54844,1,9941
Yashawanthapura,2017,Simple Injury,Others,City or Town Road,13.024181,77.54844,0,9942
Yashawanthapura,2017,Damage Only,Not Applicable,City or Town Road,13.027004,77.528419,0,9943
Yashawanthapura,2017,Simple Injury,Not Applicable,City or Town Road,13.033116,77.557318,0,9944
Yashawanthapura,2017,Fatal,Overturning,City or Town Road,13.035916,77.542617,1,9945
Yashawanthapura,2017,Simple Injury,Hit and Run,City or Town Road,13.024479,77.54719,0,9946
Yashawanthapura,2017,Grievous Injury,Not Applicable,City or Town Road,13.018537,77.557752,0,9947
Yashawanthapura,2017,Grievous Injury,Not Applicable,City or Town Road,13.029073,77.539309,0,9948
Yashawanthapura,2017,Grievous Injury,Not Applicable,Others,13.032104,77.53417,0,9949
Yashawanthapura,2017,Simple Injury,Not Applicable,City or Town Road,13.024181,77.54844,0,9950
Yashawanthapura,2018,Simple Injury,Hit and Run,City or Town Road,13.029073,77.539309,0,9951
Yashawanthapura,2018,Simple Injury,Others,City or Town Road,13.030265,77.537051,0,9952
Yashawanthapura,2018,Grievous Injury,Hit pedestrian,City or Town Road,13.019169,77.553133,0,9953
Yashawanthapura,2018,Damage Only,Others,City or Town Road,13.030265,77.537051,0,9954
Yashawanthapura,2018,Damage Only,Not Applicable,City or Town Road,13.018537,77.557752,0,9955
Yashawanthapura,2018,Simple Injury,Hit and Run,City or Town Road,13.029073,77.539309,0,9956
Yashawanthapura,2018,Simple Injury,Not Applicable,City or Town Road,13.02416,77.562408,0,9957
Yashawanthapura,2018,Simple Injury,Hit pedestrian,City or Town Road,13.029073,77.539309,0,9958
Yashawanthapura,2018,Fatal,Hit pedestrian,City or Town Road,13.024181,77.54844,1,9959
Yashawanthapura,2018,Simple Injury,Others,City or Town Road,13.039473,77.591671,0,9960
Yashawanthapura,2018,Fatal,Not Applicable,City or Town Road,13.029073,77.539309,1,9961
Yashawanthapura,2018,Simple Injury,Hit and Run,City or Town Road,13.032104,77.53417,0,9962
Yashawanthapura,2018,Simple Injury,Not Applicable,City or Town Road,13.0250679,77.5340637,0,9963
Yashawanthapura,2018,Simple Injury,Hit and Run,City or Town Road,13.02416,77.562408,0,9964
Yashawanthapura,2018,Not Applicable,Hit and Run,City or Town Road,13.018537,77.557752,0,9965
Yashawanthapura,2018,Grievous Injury,Hit pedestrian,City or Town Road,13.0312868,77.5352134,0,9966
Yashawanthapura,2018,Simple Injury,Others,City or Town Road,13.0254684,77.516324,0,9967
Yashawanthapura,2018,Simple Injury,Not Applicable,City or Town Road,13.018537,77.557752,0,9968
Yashawanthapura,2018,Simple Injury,Not Applicable,City or Town Road,13.019169,77.553133,0,9969
Yashawanthapura,2018,Simple Injury,Not Applicable,City or Town Road,13.024181,77.54844,0,9970
Yashawanthapura,2018,Damage Only,Not Applicable,Others,13.024181,77.54844,0,9971
Yashawanthapura,2018,Simple Injury,Hit and Run,City or Town Road,13.029073,77.539309,0,9972
Yashawanthapura,2018,Fatal,Hit and Run,City or Town Road,13.024919,77.533496,1,9973
Yashawanthapura,2018,Simple Injury,Hit and Run,City or Town Road,13.0154736,77.5547564,0,9974
Yashawanthapura,2018,Fatal,Not Applicable,City or Town Road,13.0296909,77.5374282,1,9975
Yashawanthapura,2018,Simple Injury,Hit pedestrian,City or Town Road,13.026002,77.537381,0,9976
Yashawanthapura,2018,Fatal,Hit and Run,City or Town Road,13.024919,77.533496,1,9977
Yashawanthapura,2018,Simple Injury,Not Applicable,City or Town Road,13.032104,77.53417,0,9978
Yashawanthapura,2018,Simple Injury,Hit and Run,City or Town Road,13.024919,77.533496,0,9979
Yashawanthapura,2018,Simple Injury,Not Applicable,City or Town Road,13.0271024,77.5392283,0,9980
Yashawanthapura,2018,Simple Injury,Others,City or Town Road,13.0323096,77.5537927,0,9981
Yashawanthapura,2018,Grievous Injury,Hit and Run,City or Town Road,13.026844,77.5350167,0,9982
Yashawanthapura,2018,Simple Injury,Others,City or Town Road,13.019169,77.553133,0,9983
Yashawanthapura,2018,Simple Injury,Hit pedestrian,City or Town Road,13.019509,77.558047,0,9984
Yashawanthapura,2018,Simple Injury,Not Applicable,City or Town Road,13.021233,77.565781,0,9985
Yashawanthapura,2018,Simple Injury,Rear end,City or Town Road,13.024181,77.54844,0,9986
Yashawanthapura,2018,Simple Injury,Not Applicable,City or Town Road,13.029073,77.539309,0,9987
Yashawanthapura,2018,Simple Injury,Not Applicable,City or Town Road,13.0250679,77.5340637,0,9988
Yashawanthapura,2018,Simple Injury,Not Applicable,City or Town Road,13.018537,77.557752,0,9989
Yashawanthapura,2018,Simple Injury,Not Applicable,City or Town Road,13.030265,77.537051,0,9990
Yashawanthapura,2018,Simple Injury,Not Applicable,City or Town Road,13.028969,77.561293,0,9991
Yashawanthapura,2018,Simple Injury,Hit pedestrian,City or Town Road,13.026143,77.539707,0,9992
Yashawanthapura,2018,Simple Injury,Hit pedestrian,Others,13.032104,77.53417,0,9993
Yashawanthapura,2018,Simple Injury,Not Applicable,City or Town Road,13.024181,77.54844,0,9994
Yashawanthapura,2018,Grievous Injury,Rear end,City or Town Road,13.013727,77.554968,0,9995
Yashawanthapura,2018,Simple Injury,Hit and Run,City or Town Road,13.018537,77.557752,0,9996
Yashawanthapura,2018,Damage Only,Hit parked vehicle,City or Town Road,13.032453,77.533929,0,9997
Yashawanthapura,2018,Simple Injury,Not Applicable,City or Town Road,13.029073,77.539309,0,9998
Yashawanthapura,2018,Damage Only,Not Applicable,City or Town Road,13.032104,77.53417,0,9999
Yashawanthapura,2018,Simple Injury,Hit and Run,City or Town Road,13.024919,77.533496,0,10000
Yashawanthapura,2018,Simple Injury,Not Applicable,City or Town Road,13.0425794,77.5628774,0,10001
Yashawanthapura,2018,Simple Injury,Others,City or Town Road,13.0317465,77.5337818,0,10002
Yashawanthapura,2018,Simple Injury,Hit pedestrian,City or Town Road,13.220724,77.5481472,0,10003
Yashawanthapura,2018,Simple Injury,Others,City or Town Road,13.016436,77.561833,0,10004
Yashawanthapura,2018,Simple Injury,Others,City or Town Road,13.03479,77.529739,0,10005
Yashawanthapura,2018,Simple Injury,Hit and Run,City or Town Road,13.028049,77.561936,0,10006
Yashawanthapura,2018,Simple Injury,Not Applicable,City or Town Road,13.021652,77.553257,0,10007
Yashawanthapura,2018,Simple Injury,Not Applicable,City or Town Road,13.029073,77.539309,0,10008
Yashawanthapura,2018,Damage Only,Not Applicable,City or Town Road,13.030265,77.53705,0,10009
Yashawanthapura,2018,Simple Injury,Rear end,City or Town Road,13.029073,77.539309,0,10010
Yashawanthapura,2018,Simple Injury,Others,City or Town Road,13.029073,77.539309,0,10011
Yashawanthapura,2018,Fatal,Not Applicable,City or Town Road,13.024919,77.533496,1,10012
Yashawanthapura,2018,Simple Injury,Others,City or Town Road,13.024919,77.533496,0,10013
Yashawanthapura,2018,Fatal,Not Applicable,City or Town Road,13.015997,77.553568,1,10014
Yashawanthapura,2018,Simple Injury,Not Applicable,City or Town Road,13.028224,77.553821,0,10015
Yashawanthapura,2018,Simple Injury,Hit and Run,City or Town Road,13.013727,77.554968,0,10016
Yashawanthapura,2018,Not Applicable,Hit and Run,City or Town Road,13.028969,77.561293,0,10017
Yashawanthapura,2018,Fatal,Others,City or Town Road,13.0289687,77.5425957,1,10018
Yashawanthapura,2018,Simple Injury,Not Applicable,City or Town Road,13.028969,77.561293,0,10019
Yashawanthapura,2018,Damage Only,Overturning,City or Town Road,13.019169,77.553133,0,10020
Yashawanthapura,2018,Simple Injury,Hit and Run,City or Town Road,13.024919,77.533496,0,10021
Yashawanthapura,2018,Simple Injury,Hit and Run,City or Town Road,13.030265,77.537051,0,10022
Yashawanthapura,2018,Simple Injury,Not Applicable,City or Town Road,13.028969,77.561293,0,10023
Yashawanthapura,2018,Simple Injury,Not Applicable,City or Town Road,13.029073,77.539309,0,10024
Yashawanthapura,2018,Simple Injury,Not Applicable,City or Town Road,13.022694,77.55041,0,10025
Yashawanthapura,2018,Simple Injury,Hit and Run,City or Town Road,13.030265,77.537051,0,10026
Yashawanthapura,2018,Simple Injury,Not Applicable,City or Town Road,13.024181,77.54844,0,10027
Yashawanthapura,2018,Simple Injury,Hit and Run,City or Town Road,13.028969,77.561293,0,10028
Yashawanthapura,2018,Simple Injury,Hit and Run,City or Town Road,13.018537,77.557752,0,10029
Yashawanthapura,2018,Fatal,Not Applicable,City or Town Road,13.029073,77.539309,1,10030
Yashawanthapura,2018,Damage Only,Not Applicable,City or Town Road,13.021652,77.553257,0,10031
Yashawanthapura,2018,Simple Injury,Not Applicable,City or Town Road,13.030265,77.537051,0,10032
Yashawanthapura,2018,Fatal,Hit and Run,City or Town Road,13.035979,77.54262,1,10033
Yashawanthapura,2018,Simple Injury,Not Applicable,City or Town Road,13.029073,77.539309,0,10034
Yashawanthapura,2018,Simple Injury,Hit and Run,City or Town Road,13.02416,77.5624,0,10035
Yashawanthapura,2018,Simple Injury,Others,City or Town Road,13.035979,77.323343,0,10036
Yashawanthapura,2018,Simple Injury,Not Applicable,City or Town Road,13.028049,77.561936,0,10037
Yashawanthapura,2018,Simple Injury,Right Turn Collision,City or Town Road,13.030265,77.537051,0,10038
Yashawanthapura,2018,Simple Injury,Hit and Run,City or Town Road,13.029073,77.539309,0,10039
Yashawanthapura,2018,Damage Only,Others,City or Town Road,13.029073,77.539309,0,10040
Yashawanthapura,2018,Simple Injury,Hit and Run,City or Town Road,13.021825,77.557849,0,10041
Yashawanthapura,2018,Simple Injury,Not Applicable,City or Town Road,13.029073,77.539309,0,10042
Yashawanthapura,2018,Fatal,Others,City or Town Road,13.0244325,77.547007,1,10043
Yashawanthapura,2018,Simple Injury,Not Applicable,NH,13.029073,77.539309,0,10044
Yashawanthapura,2018,Simple Injury,Not Applicable,City or Town Road,13.029073,77.539309,0,10045
Yashawanthapura,2018,Simple Injury,Others,City or Town Road,13.018537,77.557752,0,10046
Yashawanthapura,2018,Fatal,Not Applicable,City or Town Road,13.022377,77.532505,1,10047
Yashawanthapura,2018,Simple Injury,Rear end,City or Town Road,13.028969,77.561293,0,10048
Yashawanthapura,2018,Simple Injury,Hit and Run,City or Town Road,13.019169,77.553133,0,10049
Yashawanthapura,2018,Simple Injury,Hit and Run,City or Town Road,13.015997,77.553568,0,10050
Yashawanthapura,2018,Fatal,Hit and Run,City or Town Road,13.0250679,77.5340637,1,10051
Yashawanthapura,2018,Damage Only,Others,City or Town Road,13.028969,77.561293,0,10052
Yashawanthapura,2018,Grievous Injury,Others,City or Town Road,13.029073,77.539309,0,10053
Yashawanthapura,2018,Simple Injury,Not Applicable,City or Town Road,13.018537,77.557752,0,10054
Yashawanthapura,2018,Simple Injury,Not Applicable,City or Town Road,13.018804,77.553166,0,10055
Yashawanthapura,2018,Simple Injury,Right Turn Collision,City or Town Road,13.015997,77.553568,0,10056
Yashawanthapura,2018,Grievous Injury,Hit pedestrian,City or Town Road,13.029073,77.539309,0,10057
Yashawanthapura,2018,Simple Injury,Not Applicable,City or Town Road,13.030265,77.537051,0,10058
Yashawanthapura,2018,Grievous Injury,Hit and Run,City or Town Road,13.030265,77.537051,0,10059
Yashawanthapura,2018,Simple Injury,Not Applicable,City or Town Road,13.030265,77.537051,0,10060
Yashawanthapura,2018,Damage Only,Not Applicable,City or Town Road,13.030265,77.537051,0,10061
Yashawanthapura,2018,Fatal,Not Applicable,City or Town Road,13.035979,77.54262,1,10062
Yashawanthapura,2018,Damage Only,Hit and Run,City or Town Road,13.019169,77.553133,0,10063
Yashawanthapura,2018,Simple Injury,Not Applicable,City or Town Road,13.024181,77.54844,0,10064
Yashawanthapura,2018,Fatal,Rear end,City or Town Road,13.035979,77.323343,1,10065
Yashawanthapura,2018,Grievous Injury,Hit pedestrian,City or Town Road,13.028224,77.553821,0,10066
Yashawanthapura,2018,Simple Injury,Not Applicable,City or Town Road,13.030265,77.537051,0,10067
Yashawanthapura,2018,Grievous Injury,Others,City or Town Road,13.019169,77.553133,0,10068
Yashawanthapura,2018,Fatal,Not Applicable,City or Town Road,13.0296893,77.5382688,1,10069
Yashawanthapura,2018,Damage Only,Hit and Run,City or Town Road,13.0314065,77.5305069,0,10070
Yashawanthapura,2018,Simple Injury,Not Applicable,City or Town Road,13.019169,77.553133,0,10071
Yashawanthapura,2018,Fatal,Others,City or Town Road,13.0352424,77.5408827,1,10072
Yashawanthapura,2019,Fatal,Hit pedestrian,City or Town Road,13.028049,77.561936,1,10073
Yashawanthapura,2019,Simple Injury,Hit pedestrian,City or Town Road,13.032453,77.533929,0,10074
Yashawanthapura,2019,Simple Injury,Others,City or Town Road,13.029577,77.540109,0,10075
Yashawanthapura,2019,Simple Injury,Hit pedestrian,City or Town Road,13.01873,77.55759,0,10076
Yashawanthapura,2019,Damage Only,Vehicle to Vehicle,Not Applicable,13.030513,77.537208,0,10077
Yashawanthapura,2019,Grievous Injury,Vehicle to Vehicle,Others,13.028686,77.557183,0,10078
Yashawanthapura,2019,Simple Injury,Vehicle to Vehicle,NH,13.02947,77.540233,0,10079
Yashawanthapura,2019,Simple Injury,Not Applicable,City or Town Road,13.016049,77.562489,0,10080
Yashawanthapura,2019,Simple Injury,Not Applicable,City or Town Road,13.018033,77.558888,0,10081
Yashawanthapura,2019,Grievous Injury,Not Applicable,NH,13.024196,77.548488,0,10082
Yashawanthapura,2019,Fatal,Vehicle to Vehicle,Not Applicable,13.0163115,77.5542141,1,10083
Yashawanthapura,2019,Simple Injury,Vehicle to Vehicle,NH,13.031366,77.535359,0,10084
Yashawanthapura,2019,Simple Injury,Not Applicable,City or Town Road,13.01799,77.558814,0,10085
Yashawanthapura,2019,Simple Injury,Hit pedestrian,City or Town Road,13.024181,77.54844,0,10086
Yashawanthapura,2019,Fatal,Not Applicable,Others,13.022433,77.528462,1,10087
Yashawanthapura,2019,Simple Injury,Others,City or Town Road,13.034672,77.553739,0,10088
Yashawanthapura,2019,Damage Only,Others,City or Town Road,13.015987,77.562419,0,10089
Yashawanthapura,2019,Simple Injury,Vehicle to Vehicle,Others,13.027555,77.55734,0,10090
Yashawanthapura,2019,Simple Injury,Hit pedestrian,City or Town Road,13.032104,77.53417,0,10091
Yashawanthapura,2019,Simple Injury,Hit pedestrian,City or Town Road,13.0425794,77.5628774,0,10092
Yashawanthapura,2019,Fatal,Others,City or Town Road,13.031192,77.536066,1,10093
Yashawanthapura,2019,Grievous Injury,Vehicle to Vehicle,NH,13.028915,77.540078,0,10094
Yashawanthapura,2019,Simple Injury,Vehicle to Vehicle,NH,13.017074,77.560692,0,10095
Yashawanthapura,2019,Grievous Injury,Hit pedestrian,Others,13.028874,77.540027,0,10096
Yashawanthapura,2019,Simple Injury,Not Applicable,City or Town Road,13.02778,77.555613,0,10097
Yashawanthapura,2019,Simple Injury,Hit pedestrian,Two way,13.028224,77.553821,0,10098
Yashawanthapura,2019,Fatal,Right Turn Collision,City or Town Road,13.018734,77.558026,1,10099
Yashawanthapura,2019,Grievous Injury,Vehicle to Vehicle,NH,13.017078,77.560674,0,10100
Yashawanthapura,2019,Fatal,Hit pedestrian,NH,13.030557,77.536584,1,10101
Yashawanthapura,2019,Damage Only,Vehicle to Vehicle,NH,13.033604,77.531489,0,10102
Yashawanthapura,2019,Simple Injury,Hit pedestrian,Not Applicable,13.016508,77.556499,0,10103
Yashawanthapura,2019,Simple Injury,Vehicle to Vehicle,Major District Road,13.018225,77.558844,0,10104
Yashawanthapura,2019,Simple Injury,Hit pedestrian,City or Town Road,13.032453,77.533929,0,10105
Yashawanthapura,2019,Simple Injury,Hit pedestrian,City or Town Road,13.028842,77.536395,0,10106
Yashawanthapura,2019,Simple Injury,Others,Service Road,13.024975,77.546602,0,10107
Yashawanthapura,2019,Damage Only,Not Applicable,City or Town Road,13.018483,77.558238,0,10108
Yashawanthapura,2019,Not Applicable,Others,City or Town Road,13.014525,77.554106,0,10109
Yashawanthapura,2019,Simple Injury,Vehicle to Vehicle,Not Applicable,13.028316,77.543137,0,10110
Yashawanthapura,2019,Grievous Injury,Not Applicable,Not Applicable,13.026193,77.557879,0,10111
Yashawanthapura,2019,Simple Injury,Not Applicable,Others,13.03177,77.549204,0,10112
Yashawanthapura,2019,Simple Injury,Vehicle to Vehicle,NH,13.029162,77.5393,0,10113
Yashawanthapura,2019,Simple Injury,Hit pedestrian,Two way,13.036162,77.557645,0,10114
Yashawanthapura,2019,Simple Injury,Hit and Run,City or Town Road,13.024388,77.530009,0,10115
Yashawanthapura,2019,Simple Injury,Run Off Road,City or Town Road,13.019509,77.558047,0,10116
Yashawanthapura,2019,Damage Only,Others,City or Town Road,13.030045,77.536953,0,10117
Yashawanthapura,2019,Damage Only,Rear end,City or Town Road,13.031555,77.535336,0,10118
Yashawanthapura,2019,Fatal,Hit pedestrian,City or Town Road,13.023944,77.548219,1,10119
Yashawanthapura,2019,Simple Injury,Not Applicable,City or Town Road,13.021063,77.528413,0,10120
Yashawanthapura,2019,Simple Injury,Not Applicable,Others,13.019819,77.55624,0,10121
Yashawanthapura,2019,Simple Injury,Not Applicable,City or Town Road,13.017119,77.56061,0,10122
Yashawanthapura,2019,Simple Injury,Hit pedestrian,Service Road,13.023669,77.548712,0,10123
Yashawanthapura,2019,Grievous Injury,Vehicle to Vehicle,NH,13.01541,77.554837,0,10124
Yashawanthapura,2019,Grievous Injury,Vehicle to Vehicle,NH,13.034367,77.530576,0,10125
Yashawanthapura,2019,Grievous Injury,Vehicle to Vehicle,NH,13.015735,77.554364,0,10126
Yashawanthapura,2019,Simple Injury,Vehicle to Vehicle,Others,13.017179,77.553764,0,10127
Yashawanthapura,2019,Simple Injury,Others,City or Town Road,13.030265,77.53705,0,10128
Yashawanthapura,2019,Simple Injury,Not Applicable,City or Town Road,13.032144,77.533895,0,10129
Yashawanthapura,2019,Grievous Injury,Hit pedestrian,NH,13.028846,77.539856,0,10130
Yashawanthapura,2019,Simple Injury,Others,City or Town Road,13.0280717,77.5578303,0,10131
Yashawanthapura,2019,Damage Only,Others,City or Town Road,13.030265,77.537051,0,10132
Yashawanthapura,2019,Simple Injury,Not Applicable,City or Town Road,13.032182,77.533868,0,10133
Yashawanthapura,2019,Simple Injury,Hit pedestrian,City or Town Road,13.018537,77.557752,0,10134
Yashawanthapura,2019,Simple Injury,Hit pedestrian,City or Town Road,13.024181,77.54844,0,10135
Yashawanthapura,2019,Fatal,Hit and Run,City or Town Road,13.0322221,77.5337031,1,10136
Yashawanthapura,2019,Simple Injury,Hit and Run,City or Town Road,13.015901,77.555967,0,10137
Yashawanthapura,2019,Simple Injury,Others,City or Town Road,13.033733,77.525273,0,10138
Yashawanthapura,2019,Simple Injury,Hit pedestrian,City or Town Road,13.018152,77.548877,0,10139
Yashawanthapura,2019,Simple Injury,Vehicle to Vehicle,Arterial,13.026251,77.544407,0,10140
Yashawanthapura,2019,Simple Injury,Not Applicable,Others,13.019169,77.551631,0,10141
Yashawanthapura,2019,Simple Injury,Vehicle to Vehicle,Two way,13.021652,77.553257,0,10142
Yashawanthapura,2019,Fatal,Not Applicable,City or Town Road,13.024561,77.547176,1,10143
Yashawanthapura,2019,Grievous Injury,Hit pedestrian,NH,13.027408,77.542872,0,10144
Yashawanthapura,2019,Simple Injury,Not Applicable,City or Town Road,13.030265,77.537051,0,10145
Yashawanthapura,2019,Simple Injury,Not Applicable,City or Town Road,13.029073,77.539309,0,10146
Yashawanthapura,2019,Simple Injury,Others,City or Town Road,13.036591,77.54183,0,10147
Yashawanthapura,2019,Simple Injury,Others,City or Town Road,13.021076,77.553553,0,10148
Yashawanthapura,2019,Not Applicable,Not Applicable,City or Town Road,13.015384,77.554469,0,10149
Yashawanthapura,2019,Fatal,Vehicle to Vehicle,NH,13.028316,77.540076,1,10150
Yashawanthapura,2019,Fatal,Vehicle to Vehicle,NH,13.034712,77.529991,1,10151
Yashawanthapura,2019,Fatal,Vehicle to Vehicle,Others,13.032693,77.554144,1,10152
Yashawanthapura,2019,Grievous Injury,Hit pedestrian,NH,13.029388,77.540081,0,10153
Yashawanthapura,2019,Damage Only,Hit and Run,City or Town Road,13.019733,77.55604,0,10154
Yashawanthapura,2019,Simple Injury,Hit fixed object,City or Town Road,13.018537,77.557752,0,10155
Yashawanthapura,2019,Simple Injury,Hit and Run,City or Town Road,13.032251,77.560125,0,10156
Yashawanthapura,2019,Simple Injury,Hit pedestrian,City or Town Road,13.030265,77.538076,0,10157
Yashawanthapura,2019,Damage Only,Vehicle to Vehicle,Others,13.030404,77.537223,0,10158
Yashawanthapura,2019,Grievous Injury,Not Applicable,Minor District Road,13.029344,77.540221,0,10159
Yashawanthapura,2019,Damage Only,Vehicle to Vehicle,NH,13.030813,77.536201,0,10160
Yashawanthapura,2019,Simple Injury,Hit pedestrian,One way,13.029341,77.554815,0,10161
Yashawanthapura,2019,Simple Injury,Vehicle to Vehicle,Minor District Road,13.028969,77.561293,0,10162
Yashawanthapura,2019,Simple Injury,Hit and Run,City or Town Road,13.03467,77.564319,0,10163
Yashawanthapura,2019,Simple Injury,Hit pedestrian,City or Town Road,13.021233,77.553457,0,10164
Yashawanthapura,2019,Damage Only,Others,City or Town Road,13.029027,77.529655,0,10165
Yashawanthapura,2019,Simple Injury,Others,City or Town Road,13.016869,77.556514,0,10166
Yashawanthapura,2019,Fatal,Hit pedestrian,NH,13.018437,77.557832,1,10167
Yashawanthapura,2019,Simple Injury,Not Applicable,City or Town Road,13.028931,77.539711,0,10168
Yashawanthapura,2019,Fatal,Hit bicyclist,NH,13.033411,77.532475,1,10169
Yashawanthapura,2019,Simple Injury,Not Applicable,City or Town Road,13.028596,77.540152,0,10170
Yashawanthapura,2019,Simple Injury,Others,Arterial,13.026272,77.561359,0,10171
Yashawanthapura,2019,Damage Only,Hit and Run,City or Town Road,13.02279,77.541983,0,10172
Yashawanthapura,2019,Fatal,Hit pedestrian,NH,13.033701,77.531607,1,10173
Yashawanthapura,2019,Grievous Injury,Vehicle to Vehicle,Others,13.026065,77.55962,0,10174
Yashawanthapura,2019,Grievous Injury,Vehicle to Vehicle,NH,13.018334,77.553221,0,10175
Yashawanthapura,2019,Simple Injury,Hit pedestrian,Two way,13.028003,77.538088,0,10176
Yashawanthapura,2019,Fatal,Hit pedestrian,City or Town Road,13.027025,77.543563,1,10177
Yashawanthapura,2019,Simple Injury,Hit pedestrian,City or Town Road,13.024919,77.533496,0,10178
Yashawanthapura,2019,Simple Injury,Others,City or Town Road,13.023841,77.562754,0,10179
Yashawanthapura,2019,Damage Only,Vehicle to Vehicle,Not Applicable,13.035954,77.533547,0,10180
Yashawanthapura,2019,Grievous Injury,Hit pedestrian,Others,13.026703,77.558147,0,10181
Yashawanthapura,2019,Grievous Injury,Hit pedestrian,NH,13.028915,77.540078,0,10182
Yashawanthapura,2019,Simple Injury,Hit pedestrian,Others,13.027068,77.561777,0,10183
Yashawanthapura,2019,Grievous Injury,Hit pedestrian,NH,13.024451,77.548001,0,10184
Yashawanthapura,2019,Grievous Injury,Vehicle to Vehicle,NH,13.027758,77.542273,0,10185
Yashawanthapura,2019,Simple Injury,Vehicle to Vehicle,One way,13.018537,77.557752,0,10186
Yashawanthapura,2019,Simple Injury,Hit pedestrian,City or Town Road,13.030265,77.537051,0,10187
Yashawanthapura,2019,Simple Injury,Others,City or Town Road,13.018537,77.557752,0,10188
Yashawanthapura,2019,Simple Injury,Others,City or Town Road,13.027812,77.555342,0,10189
Yashawanthapura,2019,Damage Only,Not Applicable,City or Town Road,13.029831,77.540192,0,10190
Yashawanthapura,2019,Grievous Injury,Vehicle to Vehicle,Others,13.030678,77.536961,0,10191
Yashawanthapura,2019,Grievous Injury,Hit pedestrian,NH,13.0291,77.539983,0,10192
Yashawanthapura,2019,Simple Injury,Vehicle to Vehicle,Not Applicable,13.034269,77.530897,0,10193
Yashawanthapura,2020,Damage Only,Vehicle to Vehicle,NH,13.035456,77.53005,0,10194
Yashawanthapura,2020,Damage Only,Vehicle to Vehicle,One way,13.014447,77.570995,0,10195
Yashawanthapura,2020,Simple Injury,Hit pedestrian,Others,13.029096,77.539256,0,10196
Yashawanthapura,2020,Fatal,Hit pedestrian,Major District Road,13.02866,77.540173,1,10197
Yashawanthapura,2020,Grievous Injury,Vehicle to Vehicle,NH,13.032104,77.53417,0,10198
Yashawanthapura,2020,Simple Injury,Hit pedestrian,Two way,13.0251295,77.5334092,0,10199
Yashawanthapura,2020,Simple Injury,Vehicle to Vehicle,Two way,13.019509,77.558047,0,10200
Yashawanthapura,2020,Not Applicable,Vehicle to Vehicle,Two way,13.018817,77.5516,0,10201
Yashawanthapura,2020,Grievous Injury,Vehicle to Vehicle,Others,13.030074,77.558457,0,10202
Yashawanthapura,2020,Simple Injury,Hit pedestrian,NH,13.031625,77.534899,0,10203
Yashawanthapura,2020,Simple Injury,Hit pedestrian,NH,13.031681,77.534953,0,10204
Yashawanthapura,2020,Simple Injury,Not Applicable,Two way,13.023261,77.559383,0,10205
Yashawanthapura,2020,Simple Injury,Vehicle to Vehicle,NH,13.0323388,77.5343726,0,10206
Yashawanthapura,2020,Simple Injury,Hit pedestrian,One way,13.025065,77.534254,0,10207
Yashawanthapura,2020,Simple Injury,Hit pedestrian,Two way,13.0200391,77.5542541,0,10208
Yashawanthapura,2020,Grievous Injury,Vehicle to Vehicle,Others,13.021652,77.553257,0,10209
Yashawanthapura,2020,Fatal,Not Applicable,Not Applicable,13.026143,77.545023,1,10210
Yashawanthapura,2020,Fatal,Hit pedestrian,One way,13.019944,77.555631,1,10211
Yashawanthapura,2020,Simple Injury,Vehicle to Vehicle,Mixed,13.021612,77.551812,0,10212
Yashawanthapura,2020,Simple Injury,Vehicle to Vehicle,One way,13.022864,77.550714,0,10213
Yashawanthapura,2020,Simple Injury,Vehicle to Vehicle,State Highway,13.027477,77.542777,0,10214
Yashawanthapura,2020,Simple Injury,Vehicle to Vehicle,Two way,13.038069,77.557409,0,10215
Yashawanthapura,2020,Damage Only,Vehicle to Vehicle,NH,13.030265,77.537051,0,10216
Yashawanthapura,2020,Simple Injury,Hit bicyclist,State Highway,13.028729,77.540187,0,10217
Yashawanthapura,2020,Fatal,Not Applicable,Others,13.0145358,77.5687394,1,10218
Yashawanthapura,2020,Simple Injury,Vehicle to Vehicle,NH,13.034676,77.529823,0,10219
Yashawanthapura,2020,Damage Only,Vehicle to Vehicle,Not Applicable,13.035979,77.323343,0,10220
Yashawanthapura,2020,Simple Injury,Vehicle to Vehicle,NH,13.030265,77.537051,0,10221
Yashawanthapura,2020,Simple Injury,Vehicle to Vehicle,State Highway,13.017576,77.553778,0,10222
Yashawanthapura,2020,Simple Injury,Vehicle to Vehicle,State Highway,13.2976,77.538727,0,10223
Yashawanthapura,2020,Fatal,Vehicle to Vehicle,Others,13.032986,77.533825,1,10224
Yashawanthapura,2020,Fatal,Vehicle to Vehicle,Others,13.033729,77.534132,1,10225
Yashawanthapura,2020,Simple Injury,Vehicle to Vehicle,Others,13.02283,77.56301,0,10226
Yashawanthapura,2020,Simple Injury,Hit pedestrian,Two way,13.0321317,77.5602948,0,10227
Yashawanthapura,2020,Damage Only,Vehicle to Vehicle,NH,13.030291,77.537271,0,10228
Yashawanthapura,2020,Simple Injury,Vehicle to Vehicle,Service Road,13.018406,77.553208,0,10229
Yashawanthapura,2020,Damage Only,Not Applicable,Not Applicable,13.025433,77.54369,0,10230
Yashawanthapura,2020,Simple Injury,Hit pedestrian,Others,13.019509,77.558047,0,10231
Yashawanthapura,2020,Damage Only,Vehicle to Vehicle,Others,13.017685,77.553693,0,10232
Yashawanthapura,2020,Simple Injury,Vehicle to Vehicle,Two way,13.037475,77.55756,0,10233
Yashawanthapura,2020,Simple Injury,Vehicle to Vehicle,Service Road,13.027656,77.541324,0,10234
Yashawanthapura,2020,Simple Injury,Vehicle to Vehicle,One way,13.022885,77.549981,0,10235
Yashawanthapura,2020,Simple Injury,Vehicle to Vehicle,One way,13.017064,77.556597,0,10236
Yashawanthapura,2020,Fatal,Vehicle to Vehicle,Two way,13.024767,77.562486,1,10237
Yashawanthapura,2020,Simple Injury,Vehicle to Vehicle,One way,13.019828,77.554595,0,10238
Yashawanthapura,2020,Fatal,Not Applicable,Two way,13.04296,77.54911,1,10239
Yashawanthapura,2020,Simple Injury,Vehicle to Vehicle,State Highway,13.029813,77.540198,0,10240
Yashawanthapura,2020,Simple Injury,Vehicle to Vehicle,State Highway,13.030007,77.540332,0,10241
Yashawanthapura,2020,Not Applicable,Vehicle to Vehicle,Not Applicable,13.023832,77.542735,0,10242
Yashawanthapura,2020,Simple Injury,Vehicle to Vehicle,Not Applicable,13.024243,77.548367,0,10243
Yashawanthapura,2020,Grievous Injury,Vehicle to Vehicle,Not Applicable,13.018304,77.553526,0,10244
Yashawanthapura,2020,Simple Injury,Vehicle to Vehicle,NH,13.030265,77.537051,0,10245
Yashawanthapura,2020,Grievous Injury,Not Applicable,Others,13.032104,77.53417,0,10246
Yashawanthapura,2020,Not Applicable,Not Applicable,Others,13.032205,77.540662,0,10247
Yashawanthapura,2020,Grievous Injury,Hit pedestrian,One way,13.016627,77.5609437,0,10248
Yashawanthapura,2020,Damage Only,Vehicle to Vehicle,Not Applicable,13.02323,77.559372,0,10249
Yashawanthapura,2020,Simple Injury,Vehicle to Vehicle,Others,13.018537,77.557752,0,10250
Yashawanthapura,2020,Grievous Injury,Vehicle to Vehicle,Others,13.019169,77.553133,0,10251
Yashawanthapura,2020,Grievous Injury,Vehicle to Vehicle,Two way,13.019937,77.555671,0,10252
Yashawanthapura,2020,Simple Injury,Vehicle to Vehicle,Mixed,13.013727,77.554968,0,10253
Yashawanthapura,2020,Simple Injury,Vehicle to Vehicle,One way,13.017008,77.5542997,0,10254
Yashawanthapura,2020,Simple Injury,Vehicle to Vehicle,Two way,13.018537,77.557752,0,10255
Yashawanthapura,2020,Fatal,Vehicle to Vehicle,Others,13.0208736,77.547077,1,10256
Yashawanthapura,2020,Simple Injury,Vehicle to Vehicle,Others,13.02382092,77.56077621,0,10257
Yashawanthapura,2020,Damage Only,Not Applicable,Mixed,13.024181,77.54844,0,10258
Yashawanthapura,2020,Grievous Injury,Hit pedestrian,Not Applicable,13.020816,77.548916,0,10259
Yashawanthapura,2020,Simple Injury,Vehicle to Vehicle,One way,13.040402,77.547929,0,10260
Yashawanthapura,2020,Grievous Injury,Hit animal,Two way,13.03201,77.553243,0,10261
Yashawanthapura,2020,Fatal,Vehicle to Vehicle,Major District Road,13.036556,77.541659,1,10262
Yashawanthapura,2020,Simple Injury,Vehicle to Vehicle,Others,13.02316,77.556881,0,10263
Yashawanthapura,2020,Simple Injury,Vehicle to Vehicle,Not Applicable,13.0224844,77.555504,0,10264
Yashawanthapura,2020,Simple Injury,Not Applicable,Mixed,13.029073,77.539309,0,10265
Yashawanthapura,2020,Simple Injury,Vehicle to Vehicle,Service Road,13.019169,77.553133,0,10266
Yashawanthapura,2020,Fatal,Vehicle to Vehicle,NH,13.0290111,77.5373963,1,10267
Yashawanthapura,2020,Grievous Injury,Hit pedestrian,Others,13.021772,77.551631,0,10268
Yashawanthapura,2020,Damage Only,Vehicle to Vehicle,Two way,13.0291,77.539984,0,10269
Yashawanthapura,2020,Simple Injury,Hit pedestrian,Two way,13.032896,77.554745,0,10270
Yashawanthapura,2020,Simple Injury,Vehicle to Vehicle,Two way,13.0263595,77.542036,0,10271
Yashawanthapura,2020,Fatal,Vehicle to Vehicle,State Highway,13.023457,77.53327,1,10272
Yashawanthapura,2020,Simple Injury,Hit pedestrian,Not Applicable,13.019005,77.550832,0,10273
Yashawanthapura,2020,Damage Only,Not Applicable,NH,13.030107,77.537635,0,10274
Yashawanthapura,2020,Simple Injury,Hit pedestrian,One way,13.021379,77.553327,0,10275
Yashawanthapura,2020,Damage Only,Vehicle to Vehicle,Not Applicable,13.028832,77.540265,0,10276
Yashawanthapura,2020,Simple Injury,Vehicle to Vehicle,State Highway,13.021334,77.546253,0,10277
Yashawanthapura,2020,Simple Injury,Vehicle to Vehicle,NH,13.019587,77.553103,0,10278
Yashawanthapura,2020,Simple Injury,Vehicle to Vehicle,Service Road,13.032205,77.540662,0,10279
Yashawanthapura,2020,Simple Injury,Vehicle to Vehicle,NH,13.032735,77.532955,0,10280
Yashawanthapura,2020,Damage Only,Vehicle to Vehicle,State Highway,13.02919,77.539631,0,10281
Yashawanthapura,2020,Damage Only,Vehicle to Vehicle,Not Applicable,13.13503,77.323822,0,10282
Yashawanthapura,2020,Simple Injury,Vehicle to Vehicle,Service Road,13.019287,77.539963,0,10283
Yashawanthapura,2020,Simple Injury,Vehicle to Vehicle,Not Applicable,13.022852,77.550005,0,10284
Yashawanthapura,2020,Fatal,Not Applicable,NH,13.032753,77.533103,1,10285
Yashawanthapura,2020,Simple Injury,Hit pedestrian,Not Applicable,13.0177698,77.5565854,0,10286
Yashawanthapura,2020,Simple Injury,Vehicle to Vehicle,Others,13.026536,77.544402,0,10287
Yashawanthapura,2020,Simple Injury,Hit pedestrian,Two way,13.028969,77.561293,0,10288
Yashawanthapura,2020,Simple Injury,Vehicle to Vehicle,NH,13.031027,77.535943,0,10289
Yashawanthapura,2020,Simple Injury,Vehicle to Vehicle,Others,13.024368,77.548063,0,10290
Yashawanthapura,2020,Simple Injury,Vehicle to Vehicle,Others,13.017445,77.559984,0,10291
Yashawanthapura,2021,Simple Injury,Vehicle to Vehicle,Major District Road,13.0182975,77.5589342,0,10292
Yashawanthapura,2021,Simple Injury,Vehicle to Vehicle,State Highway,13.029106,77.53992,0,10293
Yashawanthapura,2021,Grievous Injury,Vehicle to Vehicle,One way,13.02938277,77.53436231,0,10294
Yashawanthapura,2021,Simple Injury,Vehicle to Vehicle,NH,13.033916,77.530913,0,10295
Yashawanthapura,2021,Damage Only,Vehicle to Vehicle,Mixed,13.017793,77.553595,0,10296
Yashawanthapura,2021,Simple Injury,Hit pedestrian,Not Applicable,13.019429,77.558075,0,10297
Yashawanthapura,2021,Simple Injury,Vehicle to Vehicle,NH,13.018227,77.558846,0,10298
Yashawanthapura,2021,Simple Injury,Vehicle to Vehicle,NH,13.031804,77.534994,0,10299
Yashawanthapura,2021,Damage Only,Not Applicable,Minor District Road,13.015848,77.554042,0,10300
Yashawanthapura,2021,Simple Injury,Hit pedestrian,Two way,13.026303,77.561877,0,10301
Yashawanthapura,2021,Simple Injury,Vehicle to Vehicle,One way,13.031478,77.535143,0,10302
Yashawanthapura,2021,Fatal,Vehicle to Vehicle,Others,13.036085,77.534904,1,10303
Yashawanthapura,2021,Fatal,Not Applicable,Two way,13.037938,77.557449,1,10304
Yashawanthapura,2021,Grievous Injury,Not Applicable,Others,13.01800644,77.54504859,0,10305
Yashawanthapura,2021,Grievous Injury,Vehicle to Vehicle,Arterial,13.029486,77.534295,0,10306
Yashawanthapura,2021,Damage Only,Vehicle to Vehicle,NH,13.030265,77.537051,0,10307
Yashawanthapura,2021,Simple Injury,Vehicle to Vehicle,Mixed,13.026374,77.544203,0,10308
Yashawanthapura,2021,Damage Only,Vehicle to Vehicle,Mixed,13.03153,77.543036,0,10309
Yashawanthapura,2021,Simple Injury,Vehicle to Vehicle,Two way,13.03639,77.561871,0,10310
Yashawanthapura,2021,Damage Only,Vehicle to Vehicle,Others,13.031772,77.557862,0,10311
Yashawanthapura,2021,Damage Only,Vehicle to Vehicle,State Highway,13.030528,77.537189,0,10312
Yashawanthapura,2021,Damage Only,Vehicle to Vehicle,State Highway,13.033161,77.53254,0,10313
Yashawanthapura,2021,Grievous Injury,Vehicle to Vehicle,Arterial,13.021083,77.541048,0,10314
Yashawanthapura,2021,Simple Injury,Vehicle to Vehicle,NH,13.030265,77.537051,0,10315
Yashawanthapura,2021,Damage Only,Vehicle to Vehicle,NH,13.031627,77.534906,0,10316
Yashawanthapura,2021,Simple Injury,Vehicle to Vehicle,Two way,13.032515,77.558903,0,10317
Yashawanthapura,2021,Simple Injury,Hit pedestrian,Mixed,13.02984748,77.56077315,0,10318
Yashawanthapura,2021,Damage Only,Vehicle to Vehicle,One way,13.03052502,77.56027588,0,10319
Yashawanthapura,2021,Simple Injury,Vehicle to Vehicle,NH,13.031736,77.535136,0,10320
Yashawanthapura,2021,Fatal,Vehicle to Vehicle,One way,13.018642,77.558038,1,10321
Yashawanthapura,2021,Simple Injury,Vehicle to Vehicle,NH,13.036591,77.54183,0,10322
Yashawanthapura,2021,Grievous Injury,Hit pedestrian,Arterial,13.019169,77.553133,0,10323
Yashawanthapura,2021,Simple Injury,Vehicle to Vehicle,NH,13.030265,77.537051,0,10324
Yashawanthapura,2021,Fatal,Not Applicable,Two way,13.037067,77.549402,1,10325
Yashawanthapura,2021,Simple Injury,Not Applicable,One way,13.015365,77.554876,0,10326
Yashawanthapura,2021,Simple Injury,Vehicle to Vehicle,Others,13.019924,77.552888,0,10327
Yashawanthapura,2021,Damage Only,Vehicle to Vehicle,Two way,13.028019,77.5572147,0,10328
Yashawanthapura,2021,Simple Injury,Vehicle to Vehicle,Mixed,13.024732,77.543237,0,10329
Yashawanthapura,2021,Simple Injury,Hit pedestrian,One way,13.017219,77.558422,0,10330
Yashawanthapura,2021,Simple Injury,Vehicle to Vehicle,One way,13.022352,77.532851,0,10331
Yashawanthapura,2021,Damage Only,Not Applicable,Not Applicable,13.035814,77.541699,0,10332
Yashawanthapura,2021,Damage Only,Vehicle to Vehicle,NH,13.00232,77.537137,0,10333
Yashawanthapura,2021,Not Applicable,Vehicle to Vehicle,Two way,13.018674,77.557914,0,10334
Yashawanthapura,2021,Grievous Injury,Hit pedestrian,Others,13.022653,77.544887,0,10335
Yashawanthapura,2021,Fatal,Not Applicable,Mixed,13.03655126,77.55749751,1,10336
Yashawanthapura,2021,Simple Injury,Hit pedestrian,Mixed,13.019049,77.5575311,0,10337
Yashawanthapura,2021,Simple Injury,Vehicle to Vehicle,NH,13.030364,77.53711,0,10338
Yashawanthapura,2021,Simple Injury,Vehicle to Vehicle,NH,13.032579,77.533175,0,10339
Yashawanthapura,2021,Simple Injury,Hit pedestrian,State Highway,13.017842,77.553798,0,10340
Yashawanthapura,2021,Simple Injury,Hit bicyclist,Service Road,13.032668,77.53354,0,10341
Yashawanthapura,2021,Simple Injury,Vehicle to Vehicle,Major District Road,13.022864,77.550714,0,10342
Yashawanthapura,2021,Damage Only,Vehicle to Vehicle,NH,13.030138,77.53708,0,10343
Yashawanthapura,2021,Simple Injury,Vehicle to Vehicle,One way,13.017588,77.559775,0,10344
Yashawanthapura,2021,Fatal,Not Applicable,Mixed,13.027309,77.542587,1,10345
Yashawanthapura,2021,Not Applicable,Not Applicable,Two way,13.026303,77.561877,0,10346
Yashawanthapura,2021,Simple Injury,Hit pedestrian,One way,13.018612,77.557656,0,10347
Yashawanthapura,2021,Simple Injury,Vehicle to Vehicle,State Highway,13.027438,77.542831,0,10348
Yashawanthapura,2021,Simple Injury,Not Applicable,One way,13.018602,77.557952,0,10349
Yashawanthapura,2021,Simple Injury,Vehicle to Vehicle,Others,13.02648,77.54422,0,10350
Yashawanthapura,2021,Fatal,Vehicle to Vehicle,Others,13.014272,77.554264,1,10351
Yashawanthapura,2021,Simple Injury,Hit pedestrian,State Highway,13.026469,77.544451,0,10352
Yashawanthapura,2021,Simple Injury,Hit pedestrian,One way,13.029892,77.536972,0,10353
Yashawanthapura,2021,Simple Injury,Hit pedestrian,Mixed,13.017017,77.560566,0,10354
Yashawanthapura,2021,Simple Injury,Vehicle to Vehicle,Service Road,13.018629,77.558862,0,10355
Yashawanthapura,2021,Simple Injury,Hit pedestrian,Mixed,13.03273669,77.55402217,0,10356
Yashawanthapura,2021,Simple Injury,Vehicle to Vehicle,NH,13.03274,77.5333,0,10357
Yashawanthapura,2021,Damage Only,Vehicle to Vehicle,Others,13.028749,77.540089,0,10358
Yashawanthapura,2021,Simple Injury,Vehicle to Vehicle,One way,13.033113,77.554851,0,10359
Yashawanthapura,2021,Simple Injury,Vehicle to Vehicle,NH,13.031792,77.534987,0,10360
Yashawanthapura,2021,Simple Injury,Hit pedestrian,NH,13.030333,77.53695,0,10361
Yashawanthapura,2021,Fatal,Not Applicable,Two way,13.01339,77.551504,1,10362
Yashawanthapura,2021,Simple Injury,Vehicle to Vehicle,One way,13.02068,77.540838,0,10363
Yashawanthapura,2022,Fatal,Vehicle to Vehicle,NH,13.034555,77.529847,1,10364
Yashawanthapura,2022,Grievous Injury,Hit pedestrian,Others,13.02645,77.534837,0,10365
Yashawanthapura,2022,Fatal,Hit pedestrian,Others,13.018727,77.558109,1,10366
Yashawanthapura,2022,Simple Injury,Vehicle to Vehicle,Residential Street,13.028795,77.561541,0,10367
Yashawanthapura,2022,Damage Only,Vehicle to Vehicle,NH,13.031122,77.536294,0,10368
Yashawanthapura,2022,Simple Injury,Vehicle to Vehicle,Two way,13.023309,77.559403,0,10369
Yashawanthapura,2022,Grievous Injury,Vehicle to Vehicle,Residential Street,13.022558,77.54188,0,10370
Yashawanthapura,2022,Not Applicable,Vehicle to Vehicle,Not Applicable,13.029175,77.539756,0,10371
Yashawanthapura,2022,Simple Injury,Hit pedestrian,Others,13.025605,77.545693,0,10372
Yashawanthapura,2022,Simple Injury,Hit pedestrian,Others,13.026247,77.532424,0,10373
Yashawanthapura,2022,Damage Only,Vehicle to Vehicle,Others,13.034334,77.530642,0,10374
Yashawanthapura,2022,Simple Injury,Vehicle to Vehicle,Not Applicable,13.027851,77.542066,0,10375
Yashawanthapura,2022,Simple Injury,Vehicle to Vehicle,Two way,13.027819,77.558616,0,10376
Yashawanthapura,2022,Simple Injury,Vehicle to Vehicle,Two way,13.030142,77.536974,0,10377
Yashawanthapura,2022,Grievous Injury,Vehicle to Vehicle,Others,13.026123,77.544698,0,10378
Yashawanthapura,2022,Grievous Injury,Not Applicable,Others,13.032027,77.533898,0,10379
Yashawanthapura,2022,Fatal,Hit pedestrian,Others,13.019051,77.552702,1,10380
Yashawanthapura,2022,Simple Injury,Vehicle to Vehicle,Two way,13.02948,77.534289,0,10381
Yashawanthapura,2022,Simple Injury,Vehicle to Vehicle,Two way,13.029162,77.536523,0,10382
Yashawanthapura,2022,Simple Injury,Not Applicable,Service Road,13.015931,77.562694,0,10383
Yashawanthapura,2022,Grievous Injury,Hit pedestrian,Others,13.029686,77.559396,0,10384
Yashawanthapura,2022,Damage Only,Vehicle to Vehicle,NH,13.031297,77.535385,0,10385
Yashawanthapura,2022,Simple Injury,Vehicle to Vehicle,Residential Street,13.018786,77.561488,0,10386
Yashawanthapura,2022,Grievous Injury,Vehicle to Vehicle,Others,13.03169,77.535282,0,10387
Yashawanthapura,2022,Fatal,Hit pedestrian,One way,13.021225,77.553491,1,10388
Yashawanthapura,2022,Fatal,Vehicle to Vehicle,NH,13.031338,77.535403,1,10389
Yashawanthapura,2022,Damage Only,Vehicle to Vehicle,State Highway,13.029131,77.540021,0,10390
Yashawanthapura,2022,Simple Injury,Vehicle to Vehicle,Two way,13.02555,77.557649,0,10391
Yashawanthapura,2022,Not Applicable,Vehicle to Vehicle,Others,13.029995,77.537809,0,10392
Yashawanthapura,2022,Grievous Injury,Vehicle to Vehicle,Two way,13.025773,77.545449,0,10393
Yashawanthapura,2022,Grievous Injury,Vehicle to Vehicle,Others,13.030403,77.537191,0,10394
Yashawanthapura,2022,Simple Injury,Vehicle to Vehicle,State Highway,13.029125,77.539915,0,10395
Yashawanthapura,2022,Simple Injury,Vehicle to Vehicle,Two way,13.032253,77.553573,0,10396
Yashawanthapura,2022,Simple Injury,Not Applicable,Mixed,13.019102,77.553257,0,10397
Yashawanthapura,2022,Fatal,Vehicle to Vehicle,Major District Road,13.027526,77.535491,1,10398
Yashawanthapura,2022,Simple Injury,Vehicle to Vehicle,One way,13.02927,77.558733,0,10399
Yashawanthapura,2022,Simple Injury,Vehicle to Vehicle,State Highway,13.031828,77.540538,0,10400
Yashawanthapura,2022,Fatal,Vehicle to Vehicle,Two way,13.029484,77.534297,1,10401
Yashawanthapura,2022,Fatal,Vehicle to Vehicle,NH,13.033039,77.532451,1,10402
Yashawanthapura,2022,Damage Only,Vehicle to Vehicle,Others,13.017301,77.56017,0,10403
Yashawanthapura,2022,Fatal,Vehicle to Vehicle,Service Road,13.027144,77.543445,1,10404
Yashawanthapura,2022,Simple Injury,Vehicle to Vehicle,Two way,13.029209,77.538931,0,10405
Yashawanthapura,2022,Damage Only,Vehicle to Vehicle,NH,13.03022,77.637008,0,10406
Yashawanthapura,2022,Grievous Injury,Hit pedestrian,Not Applicable,13.028074,77.53578,0,10407
Yashawanthapura,2022,Simple Injury,Not Applicable,Others,13.024276,77.562707,0,10408
Yashawanthapura,2022,Simple Injury,Vehicle to Vehicle,State Highway,13.028936,77.539638,0,10409
Yashawanthapura,2022,Fatal,Vehicle to Vehicle,One way,13.016395,77.561649,1,10410
Yashawanthapura,2022,Grievous Injury,Vehicle to Vehicle,Two way,13.24888,77.562469,0,10411
Yashawanthapura,2022,Simple Injury,Hit pedestrian,State Highway,13.029167,77.539248,0,10412
Yashawanthapura,2022,Grievous Injury,Hit pedestrian,Arterial,13.024416,77.547875,0,10413
Yashawanthapura,2022,Grievous Injury,Not Applicable,Others,13.0273609,77.538282,0,10414
Yashawanthapura,2022,Fatal,Vehicle to Vehicle,Service Road,13.021202,77.551908,1,10415
Yashawanthapura,2022,Simple Injury,Vehicle to Vehicle,Two way,13.024952,77.560075,0,10416
Yashawanthapura,2022,Simple Injury,Vehicle to Vehicle,Two way,13.026829,77.558168,0,10417
Yashawanthapura,2022,Fatal,Hit pedestrian,Not Applicable,13.021502,77.55332,1,10418
Yashawanthapura,2022,Simple Injury,Hit bicyclist,Others,13.031781,77.563808,0,10419
Yashawanthapura,2022,Grievous Injury,Not Applicable,Others,13.021053,77.556219,0,10420
Yashawanthapura,2022,Grievous Injury,Hit pedestrian,Others,13.023778,77.533123,0,10421
Yashawanthapura,2022,Not Applicable,Not Applicable,Others,13.015052,77.554335,0,10422
Yashawanthapura,2022,Simple Injury,Hit pedestrian,Sub Arterial,13.026272,77.53165,0,10423
Yashawanthapura,2022,Simple Injury,Vehicle to Vehicle,Others,13.016818,77.556687,0,10424
Yashawanthapura,2022,Simple Injury,Hit pedestrian,Others,13.024087,77.54806,0,10425
Yashawanthapura,2022,Simple Injury,Hit pedestrian,Two way,13.018424,77.55769,0,10426
Yashawanthapura,2022,Fatal,Hit pedestrian,State Highway,13.028759,77.540027,1,10427
Yashawanthapura,2022,Damage Only,Not Applicable,NH,13.032286,77.53395,0,10428
Yashawanthapura,2022,Simple Injury,Not Applicable,Two way,13.032593,77.540746,0,10429
Yashawanthapura,2022,Grievous Injury,Vehicle to Vehicle,NH,13.031776,77.535064,0,10430
Yashawanthapura,2022,Simple Injury,Vehicle to Vehicle,Service Road,13.029125,77.539293,0,10431
Yashawanthapura,2022,Damage Only,Vehicle to Vehicle,One way,13.016971,77.558551,0,10432
Yashawanthapura,2022,Damage Only,Vehicle to Vehicle,Others,13.04096,77.530563,0,10433
Yashawanthapura,2022,Simple Injury,Vehicle to Vehicle,One way,13.018614,77.557903,0,10434
Yashawanthapura,2022,Simple Injury,Vehicle to Vehicle,Others,13.018552,77.557586,0,10435
Yashawanthapura,2023,Fatal,Hit pedestrian,Arterial,13.020549,77.546126,1,10436
Yashawanthapura,2023,Fatal,Hit pedestrian,Arterial,13.016969,77.556928,1,10437
Yashawanthapura,2023,Simple Injury,Vehicle to Vehicle,Others,13.015918,77.555879,0,10438
Yashawanthapura,2023,Simple Injury,Vehicle to Vehicle,Sub Arterial,13.026523,77.544473,0,10439
Yashawanthapura,2023,Grievous Injury,Vehicle to Vehicle,Others,13.016671,77.556463,0,10440
Yashawanthapura,2023,Grievous Injury,Vehicle to Vehicle,Service Road,13.033268,77.531283,0,10441
Yashawanthapura,2023,Simple Injury,Hit pedestrian,Arterial,13.021415,77.563115,0,10442
Yashawanthapura,2023,Fatal,Hit pedestrian,Sub Arterial,13.026316,77.561856,1,10443
Yashawanthapura,2023,Damage Only,Vehicle to Vehicle,Service Road,13.029144,77.539757,0,10444
Yashawanthapura,2023,Fatal,Vehicle to Vehicle,Sub Arterial,13.024651,77.534197,1,10445
Yashawanthapura,2023,Grievous Injury,Vehicle to Vehicle,Not Applicable,13.030288,77.537638,0,10446
Yashawanthapura,2023,Simple Injury,Hit pedestrian,Two way,13.017185,77.560566,0,10447
Yashawanthapura,2023,Simple Injury,Vehicle to Vehicle,Two way,13.015533,77.554184,0,10448
Yashawanthapura,2023,Simple Injury,Vehicle to Vehicle,Arterial,13.029577,77.538994,0,10449
Yashawanthapura,2023,Simple Injury,Hit pedestrian,Arterial,13.027643,77.53563,0,10450
Yashawanthapura,2023,Damage Only,Vehicle to Vehicle,Sub Arterial,13.020134,77.552561,0,10451
Yashawanthapura,2023,Fatal,Hit pedestrian,Arterial,13.029639,77.539637,1,10452
Yashawanthapura,2023,Simple Injury,Vehicle to Vehicle,Sub Arterial,13.020367,77.561253,0,10453
Yashawanthapura,2023,Simple Injury,Hit pedestrian,Arterial,13.028921,77.561705,0,10454
Yashawanthapura,2023,Grievous Injury,Vehicle to Vehicle,Others,13.014285,77.560145,0,10455
Yashawanthapura,2023,Grievous Injury,Vehicle to Vehicle,Others,13.017621,77.553876,0,10456
Yashawanthapura,2023,Simple Injury,Vehicle to Vehicle,Arterial,13.030281,77.537053,0,10457
Yashawanthapura,2023,Fatal,Hit pedestrian,Sub Arterial,13.02441,77.548798,1,10458
Yashawanthapura,2023,Simple Injury,Vehicle to Vehicle,Sub Arterial,13.024498,77.548752,0,10459
Yashawanthapura,2023,Damage Only,Vehicle to Vehicle,Sub Arterial,13.028159,77.561934,0,10460
Yashawanthapura,2023,Grievous Injury,Vehicle to Vehicle,Sub Arterial,13.030617,77.535167,0,10461
Yashawanthapura,2023,Damage Only,Vehicle to Vehicle,Two way,13.024949,77.534001,0,10462
Yashawanthapura,2023,Damage Only,Vehicle to Vehicle,Arterial,13.020806,77.552211,0,10463
Yashawanthapura,2023,Simple Injury,Vehicle to Vehicle,Arterial,13.028958,77.539475,0,10464
Yashawanthapura,2023,Simple Injury,Vehicle to Vehicle,Service Road,13.032697,77.532942,0,10465
Yashawanthapura,2023,Simple Injury,Hit pedestrian,Sub Arterial,13.036286,77.557597,0,10466
Yashawanthapura,2023,Simple Injury,Hit pedestrian,Arterial,13.034831,77.557435,0,10467
Yashawanthapura,2023,Fatal,Vehicle to Vehicle,Sub Arterial,13.018098,77.553535,1,10468
Yashawanthapura,2023,Damage Only,Vehicle to Vehicle,Arterial,13.030215,77.537139,0,10469
Yashawanthapura,2023,Grievous Injury,Hit pedestrian,Two way,13.024974,77.534009,0,10470
Yashawanthapura,2023,Simple Injury,Vehicle to Vehicle,Two way,13.016069,77.556159,0,10471
Yashawanthapura,2023,Simple Injury,Hit pedestrian,Others,13.018397,77.557324,0,10472
Yashawanthapura,2023,Grievous Injury,Vehicle to Vehicle,Sub Arterial,13.028713,77.5362,0,10473
Yashawanthapura,2023,Simple Injury,Vehicle to Vehicle,Arterial,13.02602,77.543944,0,10474
Yashawanthapura,2023,Damage Only,Vehicle to Vehicle,Arterial,13.030376,77.535046,0,10475
Yashawanthapura,2023,Simple Injury,Vehicle to Vehicle,Arterial,13.34194,77.530644,0,10476
Yashawanthapura,2023,Simple Injury,Vehicle to Vehicle,Sub Arterial,13.028291,77.561404,0,10477
Yashawanthapura,2023,Fatal,Not Applicable,Others,13.033941,77.556294,1,10478
Yashawanthapura,2023,Simple Injury,Hit pedestrian,One way,13.024873,77.534131,0,10479
Yashawanthapura,2023,Grievous Injury,Hit pedestrian,Arterial,13.018491,77.553248,0,10480
Yashawanthapura,2023,Grievous Injury,Vehicle to Vehicle,Others,13.025057,77.534081,0,10481
Yashawanthapura,2023,Simple Injury,Hit bicyclist,Two way,13.016483,77.556467,0,10482
Yashawanthapura,2023,Grievous Injury,Vehicle to Vehicle,Others,13.030809,77.536756,0,10483
Yashawanthapura,2023,Damage Only,Vehicle to Vehicle,Two way,13.036836,77.541655,0,10484
Yashawanthapura,2023,Damage Only,Vehicle to Vehicle,Others,13.030199,77.537997,0,10485
Yashawanthapura,2023,Simple Injury,Vehicle to Vehicle,Others,13.032777,77.533252,0,10486
Yashawanthapura,2023,Simple Injury,Vehicle to Vehicle,Arterial,13.030175,77.537088,0,10487
Yashawanthapura,2023,Fatal,Vehicle to Vehicle,Arterial,13.019791,77.562289,1,10488
Yashawanthapura,2023,Fatal,Hit pedestrian,Arterial,13.025147,77.560146,1,10489
Yashawanthapura,2023,Grievous Injury,Vehicle to Vehicle,Arterial,13.025137,77.560153,0,10490
Yashawanthapura,2023,Simple Injury,Vehicle to Vehicle,Arterial,13.017135,77.560462,0,10491
Yashawanthapura,2023,Fatal,Not Applicable,Minor District Road,13.024498,77.548752,1,10492
Yashawanthapura,2023,Grievous Injury,Hit pedestrian,Service Road,13.040197,77.549821,0,10493
Yashawanthapura,2023,Grievous Injury,Vehicle to Vehicle,Service Road,13.022343,77.547134,0,10494
Yashawanthapura,2023,Fatal,Vehicle to Vehicle,Arterial,13.03118,77.535262,1,10495
Yashawanthapura,2023,Grievous Injury,Vehicle to Vehicle,Sub Arterial,13.015299,77.563829,0,10496
Yashawanthapura,2023,Simple Injury,Vehicle to Vehicle,Arterial,13.034165,77.560553,0,10497
Yashawanthapura,2023,Grievous Injury,Hit pedestrian,Service Road,13.020042,77.555493,0,10498
Yashawanthapura,2023,Simple Injury,Vehicle to Vehicle,Two way,13.029589,77.54026,0,10499
Yashawanthapura,2023,Grievous Injury,Vehicle to Vehicle,Others,13.027037,77.543582,0,10500
Yashawanthapura,2023,Grievous Injury,Hit pedestrian,Residential Street,13.015362,77.547828,0,10501
Yashawanthapura,2023,Simple Injury,Vehicle to Vehicle,Arterial,13.037339,77.541697,0,10502
Yashawanthapura,2023,Fatal,Not Applicable,Two way,13.017218,77.560591,1,10503
Yashawanthapura,2023,Damage Only,Vehicle to Vehicle,Sub Arterial,13.028744,77.540097,0,10504
Yashawanthapura,2023,Fatal,Vehicle to Vehicle,Arterial,13.023385,77.533254,1,10505
Yashawanthapura,2023,Simple Injury,Hit pedestrian,Others,13.025057,77.534081,0,10506
Yashawanthapura,2023,Fatal,Vehicle to Vehicle,Two way,13.024887,77.54686,1,10507
Yashawanthapura,2023,Damage Only,Vehicle to Vehicle,Others,13.032243,77.533898,0,10508
Yashawanthapura,2023,Damage Only,Vehicle to Vehicle,Others,13.032139,77.534112,0,10509
Yashawanthapura,2023,Damage Only,Vehicle to Vehicle,Arterial,13.030245,77.537135,0,10510
Yashawanthapura,2023,Fatal,Vehicle to Vehicle,Arterial,13.019087,77.561726,1,10511
Yashawanthapura,2023,Fatal,Vehicle to Vehicle,Arterial,13.029016,77.526907,1,10512
Yashawanthapura,2023,Simple Injury,Vehicle to Vehicle,Arterial,13.024195,77.533616,0,10513
Yashawanthapura,2023,Simple Injury,Hit pedestrian,Sub Arterial,13.035149,77.557485,0,10514
Yashawanthapura,2023,Grievous Injury,Hit pedestrian,Sub Arterial,13.021033,77.541049,0,10515
Yashawanthapura,2023,Simple Injury,Vehicle to Vehicle,Others,13.033035,77.554654,0,10516
Yashawanthapura,2023,Fatal,Vehicle to Vehicle,Others,13.03022,77.537941,1,10517
Yashawanthapura,2023,Grievous Injury,Vehicle to Vehicle,Others,13.03471,77.529754,0,10518
Yashawanthapura,2023,Grievous Injury,Hit pedestrian,Others,13.015989,77.562523,0,10519
Yashawanthapura,2023,Grievous Injury,Hit pedestrian,Others,13.021062,77.547559,0,10520
Yashawanthapura,2023,Grievous Injury,Vehicle to Vehicle,Others,13.022408,77.52906,0,10521
Yashawanthapura,2023,Grievous Injury,Hit pedestrian,Others,13.028934,77.540064,0,10522
Yashawanthapura,2023,Damage Only,Vehicle to Vehicle,Arterial,13.027014,77.543562,0,10523
Yashawanthapura,2023,Grievous Injury,Hit pedestrian,Sub Arterial,13.02443,77.548792,0,10524
Yashawanthapura,2023,Grievous Injury,Not Applicable,Two way,13.031629,77.535826,0,10525
Yashawanthapura,2023,Damage Only,Vehicle to Vehicle,Two way,13.028932,77.540057,0,10526
Yashawanthapura,2023,Grievous Injury,Not Applicable,Others,13.023846,77.546513,0,10527
Yashawanthapura,2023,Grievous Injury,Vehicle to Vehicle,Others,13.032775,77.533353,0,10528
Yashawanthapura,2023,Grievous Injury,Vehicle to Vehicle,Others,13.032535,77.554055,0,10529
Yashawanthapura,2023,Fatal,Hit pedestrian,Arterial,13.030067,77.5600608,1,10530
Yashawanthapura,2023,Simple Injury,Vehicle to Vehicle,Arterial,13.03197,77.534801,0,10531
Yashawanthapura,2023,Grievous Injury,Vehicle to Vehicle,Sub Arterial,13.030543,77.537132,0,10532
Yashawanthapura,2023,Fatal,Hit pedestrian,Service Road,13.028587,77.536184,1,10533
Yashawanthapura,2023,Grievous Injury,Hit pedestrian,Arterial,13.019025,77.553293,0,10534
